mfg_number,quantity,price,mfg_name,description
EEV106M035A9BAA,1,3.47,KEMET,CAP ALUM 10UF 20% 35V SMD
EDK107M025A9LAA,1,5.21,KEMET,CAP ALUM 100UF 20% 25V SMD
ESH107M450AN2AA,1,28.2,KEMET,CAP ALUM 100UF 20% 450V RADIAL
PEG225KF4120ME4,1,78.39,KEMET,CAP ALUM 1200UF 20% 40V AXIAL TH
PEH534YDC3220M2,1,96.59,KEMET,CAP ALUM 220UF 20% 450V SNAP TH
ALC80A471DG450,1,119.82,KEMET,CAP ALUM 470UF 20% 450V SNAP TH
PEG124YL2470QE4,1,123.13,KEMET,CAP ALUM 47UF 450V AXIAL TH
ALA7DA391DF550,1,156.13,KEMET,CAP ALUM 390UF 20% 550V SNAP TH
ALC70A102EH450,1,157.12,KEMET,CAP ALUM 1000UF 20% 450V SNAP TH
ALC40A471DH450,1,162.33,KEMET,CAP ALUM 470UF 20% 450V SNAP TH
ALC80E471EF500,1,173.91,KEMET,CAP ALUM 470UF 20% 500V SNAP TH
ALC10C102EL400,1,209.96,KEMET,CAP ALUM 1000UF 20% 400V SNAP TH
ALC10C102EP500,1,283.31,KEMET,CAP ALUM 1000UF 20% 500V SNAP TH
ALC70C102FP600,1,443.24,KEMET,CAP ALUM 1000UF 20% 600V SNAP TH
ALS70A182LM630,1,590.6,KEMET,CAP ALUM 1800UF 20% 630V SCREW
ALS30A332NP450,1,629.31,KEMET,CAP ALUM 3300UF 20% 450V SCREW
ALS70A622NF450,1,631.21,KEMET,CAP ALUM 6200UF 20% 450V SCREW
ALS70A622NJ450,1,638.07,KEMET,CAP ALUM 6200UF 20% 450V SCREW
PEH169MT5220QB2,1,669.99,KEMET,CAP ALUM 22000UF 63V SCREW CHAS
ALS31C472NP400,1,706.54,KEMET,CAP ALUM SCREW TERM 85C
ALS70A244NS063,1,720.93,KEMET,CAP ALUM 240000UF 20% 63V SCREW
ALS70A822QM450,1,837.78,KEMET,CAP ALUM 8200UF 20% 450V SCREW
ALS30A682NP400,1,883.51,KEMET,CAP ALUM 6800UF 20% 400V SCREW
ALS70A332NP630,1,893.93,KEMET,CAP ALUM 3300UF 20% 630V SCREW
ALS70A105QW025,1,920.14,KEMET,CAP ALUM 1F 20% 25V SCREW CHAS M
ALS70A472QP630,1,1053.28,KEMET,CAP ALUM 4700UF 20% 630V SCREW
ALS70A473QS200,1,1196.67,KEMET,CAP ALUM 47000UF 20% 200V SCREW
ALS70A163QS450,1,1328.57,KEMET,CAP ALUM 16000UF 20% 450V SCREW
ALS70A243QT350,1,1333.2,KEMET,CAP ALUM 24000UF 20% 350V SCREW
ALS70A133QT500,1,1499.09,KEMET,CAP ALUM 13000UF 20% 500V SCREW
ALS70A113QT550,1,1715.17,KEMET,CAP ALUM 11000UF 20% 550V SCREW
ESK105M050AC3AA,1,1.24,KEMET,CAP ALUM 1UF 20% 50V RADIAL TH
ESH106M035AC3AA,1,1.24,KEMET,CAP ALUM 10UF 20% 35V RADIAL TH
ESK226M025AC3AA,1,1.32,KEMET,CAP ALUM 22UF 20% 25V RADIAL TH
ESK106M035AC3AA,1,1.32,KEMET,CAP ALUM 10UF 20% 35V RADIAL TH
ESK106M063AC3AA,1,1.32,KEMET,CAP ALUM 10UF 20% 63V RADIAL TH
ESK105M100AC3AA,1,1.32,KEMET,CAP ALUM RAD 85C
ESK106M063AC3FA,1,1.32,KEMET,CAP ALUM 10UF 20% 63V RADIAL TH
ESK336M035AC3AA,1,1.32,KEMET,CAP ALUM 33UF 20% 35V RADIAL TH
ESK106M050AC3AA,1,1.32,KEMET,CAP ALUM 10UF 20% 50V RADIAL TH
ESK475M035AC3AA,1,1.32,KEMET,CAP ALUM 4.7UF 20% 35V RADIAL TH
ESK225M100AC3AA,1,1.41,KEMET,CAP ALUM 2.2UF 20% 100V RADIAL
ESH107M010AC3AA,1,1.41,KEMET,CAP ALUM 100UF 20% 10V RADIAL TH
ESK107M010AC3AA,1,1.41,KEMET,CAP ALUM 100UF 20% 10V RADIAL TH
ESK226M050AC3AA,1,1.41,KEMET,CAP ALUM 22UF 20% 50V RADIAL TH
ESE225M100AC3AA,1,1.41,KEMET,CAP ALUM 2.2UF 20% 100V RADIAL
ESE105M100AC3EA,1,1.41,KEMET,CAP ALUM 1UF 20% 100V RADIAL TH
ESH226M025AC3AA,1,1.41,KEMET,CAP ALUM 22UF 20% 25V RADIAL TH
ESK476M035AC3EA,1,1.41,KEMET,CAP ALUM 47UF 20% 35V RADIAL TH
ESS106M025AB2AA,1,1.41,KEMET,CAP ALUM 10UF 20% 25V RADIAL TH
ESH476M025AC3AA,1,1.41,KEMET,CAP ALUM 47UF 20% 25V RADIAL TH
ESH475M050AC3AA,1,1.41,KEMET,CAP ALUM 4.7UF 20% 50V RADIAL TH
ESK226M016AC3AA,1,1.41,KEMET,CAP ALUM 22UF 20% 16V RADIAL TH
ESK476M035AC3AA,1,1.41,KEMET,CAP ALUM 47UF 20% 35V RADIAL TH
ESK107M6R3AC3AA,1,1.41,KEMET,CAP ALUM 100UF 20% 6.3V RADIAL
ESL105M100AC3AA,1,1.41,KEMET,CAP ALUM 1UF 20% 100V RADIAL TH
ESK476M6R3AC3AA,1,1.41,KEMET,CAP ALUM 47UF 20% 6.3V RADIAL TH
ESK107M016AC3AA,1,1.41,KEMET,CAP ALUM 100UF 20% 16V RADIAL TH
ESH476M010AC3AA,1,1.41,KEMET,CAP ALUM 47UF 20% 10V RADIAL TH
ESH107M6R3AC3AA,1,1.49,KEMET,CAP ALUM 100UF 20% 6.3V RADIAL
ESH225M050AC3AA,1,1.49,KEMET,CAP ALUM 2.2UF 20% 50V RADIAL TH
ESK106M016AC3KA,1,1.49,KEMET,CAP ALUM 10UF 20% 16V RADIAL TH
ESH336M035AC3AA,1,1.49,KEMET,CAP ALUM 33UF 20% 35V RADIAL TH
ESH226M035AC3AA,1,1.49,KEMET,CAP ALUM 22UF 20% 35V RADIAL TH
ESK225M050AC3KA,1,1.49,KEMET,CAP ALUM 2.2UF 20% 50V RADIAL TH
ESL106M050AC3AA,1,1.49,KEMET,CAP ALUM 10UF 20% 50V RADIAL TH
ESH685M063AC3AA,1,1.49,KEMET,CAP ALUM 6.8UF 20% 63V RADIAL TH
ESS105M050AB2EA,1,1.49,KEMET,CAP ALUM 1UF 20% 50V RADIAL TH
ESH106M050AC3AA,1,1.49,KEMET,CAP ALUM 10UF 20% 50V RADIAL TH
ESH336M025AC3AA,1,1.49,KEMET,CAP ALUM 33UF 20% 25V RADIAL TH
ESK106M050AC3DA,1,1.49,KEMET,CAP ALUM 10UF 20% 50V RADIAL TH
ESK475M100AC3AA,1,1.49,KEMET,CAP ALUM 4.7UF 20% 100V RADIAL
ESY156M035AC2AA,1,1.49,KEMET,CAP ALUM 15UF 20% 35V RADIAL TH
ESK106M016AC3AA,1,1.49,KEMET,CAP ALUM 10UF 20% 16V RADIAL TH
ESL474M063AC3AA,1,1.49,KEMET,CAP ALUM 0.47UF 20% 63V RADIAL
ESK476M016AC3KA,1,1.49,KEMET,CAP ALUM 47UF 20% 16V RADIAL TH
ESK105M100AC3FA,1,1.57,KEMET,CAP ALUM 1UF 20% 100V RADIAL TH
ESS106M035AC2AA,1,1.57,KEMET,CAP ALUM RAD 105C
ESS476M016AC2AA,1,1.57,KEMET,CAP ALUM RAD 105C
ESK106M025AC3AA,1,1.57,KEMET,CAP ALUM RAD 85C
ESH106M063AC3AA,1,1.57,KEMET,CAP ALUM 10UF 20% 63V RADIAL TH
ESS105M050AB2AA,1,1.57,KEMET,CAP ALUM RAD 105C
ESK107M025AC3AA,1,1.57,KEMET,CAP ALUM 100UF 20% 25V RADIAL TH
ESS476M025AE2EA,1,1.57,KEMET,CAP ALUM 47UF 20% 25V RADIAL TH
ESH105M100AC3AA,1,1.57,KEMET,CAP ALUM 1UF 20% 100V RADIAL TH
ESH226M050AC3AA,1,1.57,KEMET,CAP ALUM 22UF 20% 50V RADIAL TH
ESK227M6R3AC3AA,1,1.57,KEMET,CAP ALUM 220UF 20% 6.3V RADIAL
ESK225M050AC3AA,1,1.57,KEMET,CAP ALUM 2.2UF 20% 50V RADIAL TH
ESY476M016AC3AA,1,1.57,KEMET,CAP ALUM 47UF 20% 16V RADIAL TH
ESK475M016AC3AA,1,1.57,KEMET,CAP ALUM 4.7UF 20% 16V RADIAL TH
ESK107M025AE3EA,1,1.65,KEMET,CAP ALUM 100UF 20% 25V RADIAL TH
ESK476M025AC3FA,1,1.65,KEMET,CAP ALUM 47UF 20% 25V RADIAL TH
ESK107M025AE3AA,1,1.65,KEMET,CAP ALUM 100UF 20% 25V RADIAL TH
ESK226M6R3AC3AA,1,1.65,KEMET,CAP ALUM RAD 85C
ESS106M035AC2EA,1,1.65,KEMET,CAP ALUM 10UF 20% 35V RADIAL TH
ESW226M010AC3AA,1,1.65,KEMET,CAP ALUM 22UF 20% 10V RADIAL TH
ESK337M6R3AE3AA,1,1.65,KEMET,CAP ALUM 330UF 20% 6.3V RADIAL
ESS107M016AE2EA,1,1.65,KEMET,CAP ALUM 100UF 20% 16V RADIAL TH
ESY106M035AB2AA,1,1.65,KEMET,CAP ALUM 10UF 20% 35V RADIAL TH
ESK226M050AC3FA,1,1.65,KEMET,CAP ALUM 22UF 20% 50V RADIAL TH
ESW106M025AC3AA,1,1.65,KEMET,CAP ALUM 10UF 20% 25V RADIAL TH
ESS106M050AE2AA,1,1.65,KEMET,CAP ALUM 10UF 20% 50V RADIAL TH
ESK106M010AC3AA,1,1.74,KEMET,CAP ALUM 10UF 20% 10V RADIAL TH
ESS226M035AE2EA,1,1.74,KEMET,CAP ALUM 22UF 20% 35V RADIAL TH
ESH227M010AE3AA,1,1.74,KEMET,CAP ALUM 220UF 20% 10V RADIAL TH
ESK227M010AC3AA,1,1.74,KEMET,CAP ALUM 220UF 20% 10V RADIAL TH
ESS106M063AE2EA,1,1.74,KEMET,CAP ALUM 10UF 20% 63V RADIAL TH
ESK226M063AE3AA,1,1.74,KEMET,CAP ALUM 22UF 20% 63V RADIAL TH
ESH107M016AE3AA,1,1.74,KEMET,CAP ALUM 100UF 20% 16V RADIAL TH
ESK475M050AC3AA,1,1.74,KEMET,CAP ALUM 4.7UF 20% 50V RADIAL TH
ESK107M025AE3KA,1,1.74,KEMET,CAP ALUM 100UF 20% 25V RADIAL TH
ESH476M035AE3AA,1,1.74,KEMET,CAP ALUM 47UF 20% 35V RADIAL TH
ESK107M016AE3KA,1,1.74,KEMET,CAP ALUM 100UF 20% 16V RADIAL TH
ESS476M016AE2EA,1,1.82,KEMET,CAP ALUM 47UF 20% 16V RADIAL TH
ESK105M250AE3AA,1,1.82,KEMET,CAP ALUM RAD 85C
ESH107M025AE3DA,1,1.82,KEMET,CAP ALUM RAD 105C
ESW106M016AC3FA,1,1.82,KEMET,CAP ALUM 10UF 20% 16V RADIAL TH
ESK107M035AE3AA,1,1.82,KEMET,CAP ALUM 100UF 20% 35V RADIAL TH
ESH107M025AE3AA,1,1.82,KEMET,CAP ALUM 100UF 20% 25V RADIAL TH
ESC475M063AC3AA,1,1.82,KEMET,CAP ALUM 4.7UF 20% 63V RADIAL TH
ESH476M016AC3AA,1,1.82,KEMET,CAP ALUM 47UF 20% 16V RADIAL TH
ESW475M025AC3AA,1,1.82,KEMET,CAP ALUM 4.7UF 20% 25V RADIAL TH
ESH106M100AE3AA,1,1.9,KEMET,CAP ALUM 10UF 20% 100V RADIAL TH
ESH336M050AC3AA,1,1.9,KEMET,CAP ALUM 33UF 20% 50V RADIAL TH
ESS107M025AE2AA,1,1.9,KEMET,CAP ALUM RAD 105C
ESK476M050AE3EA,1,1.9,KEMET,CAP ALUM 47UF 20% 50V RADIAL TH
ESK106M100AE3EA,1,1.9,KEMET,CAP ALUM 10UF 20% 100V RADIAL TH
ESH476M050AE3AA,1,1.9,KEMET,CAP ALUM 47UF 20% 50V RADIAL TH
ESH226M016AC3AA,1,1.9,KEMET,CAP ALUM 22UF 20% 16V RADIAL TH
ESK477M6R3AE3AA,1,1.9,KEMET,CAP ALUM 470UF 20% 6.3V RADIAL
ESK476M050AE3AA,1,1.9,KEMET,CAP ALUM 47UF 20% 50V RADIAL TH
ESC475M035AC3AA,1,1.98,KEMET,CAP ALUM RAD 105C
ESY476M035AE3AA,1,1.98,KEMET,CAP ALUM 47UF 20% 35V RADIAL TH
EDH106M016A9BAA,1,2.07,KEMET,CAP ALUM 10UF 20% 16V SMD
EDK106M035A9BAA,1,2.07,KEMET,CAP ALUM 10UF 20% 35V SMD
ESL106M100AE3AA,1,2.07,KEMET,CAP ALUM 10UF 20% 100V RADIAL TH
ESC227M010AE3AA,1,2.07,KEMET,CAP ALUM 220UF 20% 10V RADIAL TH
ESL107M035AE3AA,1,2.07,KEMET,CAP ALUM 100UF 20% 35V RADIAL TH
ESK226M100AE3AA,1,2.15,KEMET,CAP ALUM 22UF 20% 100V RADIAL TH
ESE476M050AE3DA,1,2.15,KEMET,CAP ALUM 47UF 20% 50V RADIAL TH
ESY476M025AC3EA,1,2.15,KEMET,CAP ALUM 47UF 20% 25V RADIAL TH
ESH227M016AE3AA,1,2.15,KEMET,CAP ALUM 220UF 20% 16V RADIAL TH
ESS107M016AC2KA,1,2.15,KEMET,CAP ALUM RAD 105C
ESK337M016AE3AA,1,2.15,KEMET,CAP ALUM 330UF 20% 16V RADIAL TH
ESC107M016AC3AA,1,2.15,KEMET,CAP ALUM 100UF 20% 16V RADIAL TH
ESW107M016AE3EA,1,2.32,KEMET,CAP ALUM 100UF 20% 16V RADIAL TH
ESY106M100AE3AA,1,2.32,KEMET,CAP ALUM 10UF 20% 100V RADIAL TH
EDK475M016A9BAA,1,2.32,KEMET,CAP ALUM 4.7UF 20% 16V SMD
ESC226M035AC3AA,1,2.32,KEMET,CAP ALUM 22UF 20% 35V RADIAL TH
ESY476M050AE3AA,1,2.32,KEMET,CAP ALUM 47UF 20% 50V RADIAL TH
EDK476M016A9DAA,1,2.32,KEMET,CAP ALUM 47UF 20% 16V SMD
EDH106M025A9BAA,1,2.4,KEMET,CAP ALUM 10UF 20% 25V SMD
ESC107M035AE3AA,1,2.4,KEMET,CAP ALUM RAD 105C
ESH476M063AE3AA,1,2.48,KEMET,CAP ALUM 47UF 20% 63V RADIAL TH
ESK227M016AG3DA,1,2.48,KEMET,CAP ALUM 220UF 20% 16V RADIAL TH
ESC686M035AE3AA,1,2.56,KEMET,CAP ALUM 68UF 20% 35V RADIAL TH
EDK106M025A9BAA,1,2.56,KEMET,CAP ALUM 10UF 20% 25V SMD
EDK226M016A9BAA,1,2.56,KEMET,CAP ALUM 22UF 20% 16V SMD
EDK106M016A9BAA,1,2.56,KEMET,CAP ALUM 10UF 20% 16V SMD
EDK107M6R3A9DAA,1,2.56,KEMET,CAP ALUM 100UF 20% 6.3V SMD
ESH477M010AG3AA,1,2.56,KEMET,CAP ALUM 470UF 20% 10V RADIAL TH
EEV106M035S9BAA,1,2.56,KEMET,CAP ALUM 10UF 20% 35V SMD
EDK475M035A9BAA,1,2.56,KEMET,CAP ALUM 4.7UF 20% 35V SMD
ESK227M025AG3EA,1,2.65,KEMET,CAP ALUM 220UF 20% 25V RADIAL TH
EDH475M035A9BAA,1,2.65,KEMET,CAP ALUM 4.7UF 20% 35V SMD
ESY226M050AE2KA,1,2.65,KEMET,CAP ALUM 22UF 20% 50V RADIAL TH
EDK106M050A9DAA,1,2.73,KEMET,CAP ALUM 10UF 20% 50V SMD
EST107M025AE3AA,1,2.73,KEMET,CAP ALUM 100UF 20% 25V RADIAL TH
ESH107M035AG3AA,1,2.73,KEMET,CAP ALUM 100UF 20% 35V RADIAL TH
ESH107M035AE3AA,1,2.73,KEMET,CAP ALUM 100UF 20% 35V RADIAL TH
ESH336M063AG3AA,1,2.73,KEMET,CAP ALUM 33UF 20% 63V RADIAL TH
ESK105M350AE3AA,1,2.81,KEMET,CAP ALUM 1UF 20% 350V RADIAL TH
ESL475M400AGMAA,1,2.81,KEMET,CAP ALUM RAD 105C
ESL107M050AGMAA,1,2.81,KEMET,CAP ALUM 100UF 20% 50V RADIAL TH
ESE477M016AG3AA,1,2.81,KEMET,CAP ALUM 470UF 20% 16V RADIAL TH
ESK107M050AG3EA,1,2.81,KEMET,CAP ALUM 100UF 20% 50V RADIAL TH
ESK107M050AG3AA,1,2.81,KEMET,CAP ALUM 100UF 20% 50V RADIAL TH
EDK107M010A9GAA,1,2.81,KEMET,CAP ALUM 100UF 20% 10V SMD
ESK477M016AG3AA,1,2.81,KEMET,CAP ALUM 470UF 20% 16V RADIAL TH
EDK226M035A9DAA,1,2.89,KEMET,CAP ALUM 22UF 20% 35V SMD
ESC107M035AG3AA,1,2.89,KEMET,CAP ALUM 100UF 20% 35V RADIAL TH
EDK107M004A9DAA,1,2.89,KEMET,CAP ALUM 100UF 20% 4V SMD
EDK226M016A9DAA,1,2.89,KEMET,CAP ALUM 22UF 20% 16V SMD
EEV226M025S9DAA,1,2.98,KEMET,CAP ALUM 22UF 20% 25V SMD
ESK227M035AG3AA,1,2.98,KEMET,CAP ALUM 220UF 20% 35V RADIAL TH
EXV226M035S9DAA,1,2.98,KEMET,CAP ALUM 22UF 20% 35V SMD
EEV107M6R3S9DAA,1,3.06,KEMET,CAP ALUM 100UF 20% 6.3V SMD
ESW477M016AG4AA,1,3.06,KEMET,CAP ALUM 470UF 20% 16V RADIAL TH
ESH477M025AG4AA,1,3.06,KEMET,CAP ALUM 470UF 20% 25V RADIAL TH
ESK108M6R3AG3AA,1,3.06,KEMET,CAP ALUM 1000UF 20% 6.3V RADIAL
EDH226M050A9GAA,1,3.14,KEMET,CAP ALUM 22UF 20% 50V SMD
EDH107M016A9GAA,1,3.14,KEMET,CAP ALUM 100UF 20% 16V SMD
ESW226M100AG3AA,1,3.14,KEMET,CAP ALUM 22UF 20% 100V RADIAL TH
EEV226M050A9GAA,1,3.14,KEMET,CAP ALUM 22UF 20% 50V SMD
EDK476M016A9GAA,1,3.23,KEMET,CAP ALUM 47UF 20% 16V SMD
ESK107M063AG3AA,1,3.23,KEMET,CAP ALUM RAD 85C
EDK476M025A9GAA,1,3.23,KEMET,CAP ALUM 47UF 20% 25V SMD
EDK227M010A9HAA,1,3.23,KEMET,CAP ALUM 220UF 20% 10V SMD
EDK106M063A9GAA,1,3.31,KEMET,CAP ALUM 10UF 20% 63V SMD
EEV226M050S9GAA,1,3.31,KEMET,CAP ALUM 22UF 20% 50V SMD
ESW227M035AH9AA,1,3.31,KEMET,CAP ALUM 220UF 20% 35V RADIAL TH
ESY107M035AG3AA,1,3.39,KEMET,CAP ALUM 100UF 20% 35V RADIAL TH
EDK106M100A9HAA,1,3.39,KEMET,CAP ALUM 10UF 20% 100V SMD
EEV476M035S9GAA,1,3.39,KEMET,CAP ALUM 47UF 20% 35V SMD
EEV107M016S9GAA,1,3.39,KEMET,CAP ALUM 100UF 20% 16V SMD
EEV476M025A9GAA,1,3.47,KEMET,CAP ALUM 47UF 20% 25V SMD
EXV105M050A9BAA,1,3.47,KEMET,CAP ALUM 1UF 20% 50V SMD
EXV106M025A9BAA,1,3.47,KEMET,CAP ALUM 10UF 20% 25V SMD
EEV226M035A9DAA,1,3.47,KEMET,CAP ALUM 22UF 20% 35V SMD
ESH107M063AH9AA,1,3.47,KEMET,CAP ALUM 100UF 20% 63V RADIAL TH
ESY477M016AG8AA,1,3.47,KEMET,CAP ALUM 470UF 20% 16V RADIAL TH
EXV475M035A9BAA,1,3.47,KEMET,CAP ALUM 4.7UF 20% 35V SMD
ESH476M100AH9AA,1,3.47,KEMET,CAP ALUM 47UF 20% 100V RADIAL TH
ESL227M035AG8AA,1,3.47,KEMET,CAP ALUM 220UF 20% 35V RADIAL TH
ESY107M050AG3AA,1,3.47,KEMET,CAP ALUM 100UF 20% 50V RADIAL TH
ESK107M050AH1AA,1,3.56,KEMET,CAP ALUM 100UF 20% 50V RADIAL TH
ESH337M035AH1AA,1,3.56,KEMET,CAP ALUM 330UF 20% 35V RADIAL TH
ESY337M025AG8AA,1,3.56,KEMET,CAP ALUM 330UF 20% 25V RADIAL TH
EDH476M050A9HAA,1,3.64,KEMET,CAP ALUM 47UF 20% 50V SMD
ESK107M063AH1EA,1,3.64,KEMET,CAP ALUM 100UF 20% 63V RADIAL TH
EDH107M025S9HAA,1,3.64,KEMET,CAP ALUM 100UF 20% 25V SMD
ESC227M035AH1AA,1,3.64,KEMET,CAP ALUM 220UF 20% 35V RADIAL TH
ESL337M025AGMAA,1,3.64,KEMET,CAP ALUM 330UF 20% 25V RADIAL TH
ESK477M025AH1EA,1,3.64,KEMET,CAP ALUM 470UF 20% 25V RADIAL TH
ESW227M025AG3AA,1,3.64,KEMET,CAP ALUM 220UF 20% 25V RADIAL TH
ESC227M035AH1EA,1,3.64,KEMET,CAP ALUM 220UF 20% 35V RADIAL TH
ESK477M025AH1AA,1,3.64,KEMET,CAP ALUM 470UF 20% 25V RADIAL TH
ESL476M100AH9AA,1,3.72,KEMET,CAP ALUM 47UF 20% 100V RADIAL TH
EDH107M025A9HAA,1,3.72,KEMET,CAP ALUM 100UF 20% 25V SMD
ESC127M050AG6AA,1,3.72,KEMET,CAP ALUM 120UF 20% 50V RADIAL TH
ESK108M010AH2AA,1,3.72,KEMET,CAP ALUM 1000UF 20% 10V RADIAL
ESC477M016AH1AA,1,3.8,KEMET,CAP ALUM 470UF 20% 16V RADIAL TH
EDK107M035S9HAA,1,3.8,KEMET,CAP ALUM 100UF 20% 35V SMD
EEV107M016A9GAA,1,3.89,KEMET,CAP ALUM 100UF 20% 16V SMD
EDH476M050S9HAA,1,3.97,KEMET,CAP ALUM 47UF 20% 50V SMD
EDT476M016S9HAA,1,3.97,KEMET,CAP ALUM 47UF 20% 16V SMD
ESW107M050AG3AA,1,3.97,KEMET,CAP ALUM 100UF 20% 50V RADIAL TH
ESE227M050AH2EA,1,3.97,KEMET,CAP ALUM 220UF 20% 50V RADIAL TH
EEV106M035A9DAA,1,4.05,KEMET,CAP ALUM 10UF 20% 35V SMD
ESW476M100AH2AA,1,4.13,KEMET,CAP ALUM 47UF 20% 100V RADIAL TH
EEV227M016S9HAA,1,4.13,KEMET,CAP ALUM 220UF 20% 16V SMD
EDK227M016A9HAA,1,4.22,KEMET,CAP ALUM 220UF 20% 16V SMD
ESK227M050AH1EA,1,4.22,KEMET,CAP ALUM 220UF 20% 50V RADIAL TH
EST227M025AG3AA,1,4.22,KEMET,CAP ALUM RAD 105C
EDK107M025A9HAA,1,4.22,KEMET,CAP ALUM 100UF 20% 25V SMD
EEV476M050A9LAA,1,4.22,KEMET,CAP ALUM 47UF 20% 50V SMD
ESH477M035AH2AA,1,4.22,KEMET,CAP ALUM 470UF 20% 35V RADIAL TH
EDK107M035A9HAA,1,4.3,KEMET,CAP ALUM 100UF 20% 35V SMD
ESW337M035AG6AA,1,4.3,KEMET,CAP ALUM 330UF 20% 35V RADIAL TH
ESK108M016AH2AA,1,4.3,KEMET,CAP ALUM 1000UF 20% 16V RADIAL
ESH477M025AH1AA,1,4.3,KEMET,CAP ALUM 470UF 20% 25V RADIAL TH
EXV107M016A9GAA,1,4.47,KEMET,CAP ALUM 100UF 20% 16V SMD
EXV106M050A9GAA,1,4.47,KEMET,CAP ALUM 10UF 20% 50V SMD
ESH108M016AH2AA,1,4.55,KEMET,CAP ALUM 1000UF 20% 16V RADIAL
ESW108M6R3AH1AA,1,4.55,KEMET,CAP ALUM 1000UF 20% 6.3V RADIAL
ESL107M063AG8AA,1,4.63,KEMET,CAP ALUM 100UF 20% 63V RADIAL TH
ESH227M050AH1AA,1,4.63,KEMET,CAP ALUM 220UF 20% 50V RADIAL TH
ESC108M016AH4AA,1,4.71,KEMET,CAP ALUM 1000UF 20% 16V RADIAL
ESH106M350AH2AA,1,4.71,KEMET,CAP ALUM 10UF 20% 350V RADIAL TH
EDT226M050S9LAA,1,4.8,KEMET,CAP ALUM 22UF 20% 50V SMD
ESY477M025AH2AA,1,4.96,KEMET,CAP ALUM 470UF 20% 25V RADIAL TH
ESY476M100AH1AA,1,4.96,KEMET,CAP ALUM 47UF 20% 100V RADIAL TH
ESH477M035AH3AA,1,5.04,KEMET,CAP ALUM 470UF 20% 35V RADIAL TH
ESK108M025AH4AA,1,5.04,KEMET,CAP ALUM 1000UF 20% 25V RADIAL
ESK108M025AH4EA,1,5.04,KEMET,CAP ALUM 1000UF 20% 25V RADIAL
ESH475M400AH2AA,1,5.13,KEMET,CAP ALUM 4.7UF 20% 400V RADIAL
ESH107M100AH4AA,1,5.13,KEMET,CAP ALUM 100UF 20% 100V RADIAL
ESH227M050AH2AA,1,5.13,KEMET,CAP ALUM 220UF 20% 50V RADIAL TH
EEV686M035A9HAA,1,5.21,KEMET,CAP ALUM 68UF 20% 35V SMD
ESC477M035AH4EA,1,5.21,KEMET,CAP ALUM 470UF 20% 35V RADIAL TH
EEV227M025A9MAA,1,5.21,KEMET,CAP ALUM 220UF 20% 25V SMD
ESK106M400AH2EA,1,5.21,KEMET,CAP ALUM 10UF 20% 400V RADIAL TH
EEV107M035S9HAA,1,5.21,KEMET,CAP ALUM 100UF 20% 35V SMD
ESK227M063AH2AA,1,5.29,KEMET,CAP ALUM 220UF 20% 63V RADIAL TH
ESH108M025AH4AA,1,5.29,KEMET,CAP ALUM 1000UF 20% 25V RADIAL
ESY108M010AH2EA,1,5.38,KEMET,CAP ALUM 1000UF 20% 10V RADIAL
ESY277M050AH4AA,1,5.46,KEMET,CAP ALUM 270UF 20% 50V RADIAL TH
ESH106M450AH4AA,1,5.54,KEMET,CAP ALUM 10UF 20% 450V RADIAL TH
EDH477M016A9MAA,1,5.54,KEMET,CAP ALUM 470UF 20% 16V SMD
ESH337M050AH4AA,1,5.62,KEMET,CAP ALUM 330UF 20% 50V RADIAL TH
ESY227M050AH2AA,1,5.79,KEMET,CAP ALUM 220UF 20% 50V RADIAL TH
EDH336M100A9MAA,1,5.95,KEMET,CAP ALUM 33UF 20% 100V SMD
EXV476M035A9HAA,1,6.04,KEMET,CAP ALUM 47UF 20% 35V SMD
EXV226M050A9HAA,1,6.04,KEMET,CAP ALUM 22UF 20% 50V SMD
EXV227M016A9HAA,1,6.04,KEMET,CAP ALUM 220UF 20% 16V SMD
EXV107M025A9HAA,1,6.04,KEMET,CAP ALUM 100UF 20% 25V SMD
EDH336M100S9MAA,1,6.04,KEMET,CAP ALUM 33UF 20% 100V SMD
ESK477M050AH4EA,1,6.12,KEMET,CAP ALUM 470UF 20% 50V RADIAL TH
EEV227M035A9MAA,1,6.28,KEMET,CAP ALUM 220UF 20% 35V SMD
EDH107M050A9MAA,1,6.37,KEMET,CAP ALUM 100UF 20% 50V SMD
EDK227M025A9MAA,1,6.37,KEMET,CAP ALUM 220UF 20% 25V SMD
EDT476M050S9MAA,1,6.45,KEMET,CAP ALUM 47UF 20% 50V SMD
EEV227M035S9MAA,1,6.45,KEMET,CAP ALUM 220UF 20% 35V SMD
ESW227M050AH2AA,1,6.53,KEMET,CAP ALUM 220UF 20% 50V RADIAL TH
ESH108M035AL3AA,1,6.86,KEMET,CAP ALUM 1000UF 20% 35V RADIAL
EDK227M035A9MAA,1,6.95,KEMET,CAP ALUM 220UF 20% 35V SMD
ESU106M400AH4AA,1,7.03,KEMET,CAP ALUM 10UF 20% 400V RADIAL TH
EDH476M100A9PAA,1,7.19,KEMET,CAP ALUM 47UF 20% 100V SMD
ESY108M016AH4AA,1,7.44,KEMET,CAP ALUM 1000UF 20% 16V RADIAL
EDH157M063A9PAA,1,7.44,KEMET,CAP ALUM 150UF 20% 63V SMD
ESK228M016AL3AA,1,7.44,KEMET,CAP ALUM 2200UF 20% 16V RADIAL
EDH227M050A9PAA,1,7.53,KEMET,CAP ALUM 220UF 20% 50V SMD
EDH107M063A9PAA,1,7.53,KEMET,CAP ALUM 100UF 20% 63V SMD
EDK107M063A9PAA,1,7.61,KEMET,CAP ALUM 100UF 20% 63V SMD
ESY337M035AH2AA,1,7.61,KEMET,CAP ALUM 330UF 20% 35V RADIAL TH
EDK477M025A9PAA,1,7.69,KEMET,CAP ALUM 470UF 20% 25V SMD
EDT227M035A9PAA,1,7.77,KEMET,CAP ALUM 220UF 20% 35V SMD
EXV337M035A9PAA,1,7.77,KEMET,CAP ALUM 330UF 20% 35V SMD
ESK108M035AL3AA,1,7.86,KEMET,CAP ALUM 1000UF 20% 35V RADIAL
ESG106M400AH4AA,1,8.02,KEMET,CAP ALUM 10UF 20% 400V RADIAL TH
EDK227M050A9PAA,1,8.19,KEMET,CAP ALUM 220UF 20% 50V SMD
EEV107M063A9PAA,1,8.27,KEMET,CAP ALUM 100UF 20% 63V SMD
ESK477M063AL4EA,1,8.27,KEMET,CAP ALUM 470UF 20% 63V RADIAL TH
EEV337M035S9PAA,1,8.43,KEMET,CAP ALUM 330UF 20% 35V SMD
ESK107M160AL4AA,1,8.43,KEMET,CAP ALUM 100UF 20% 160V RADIAL
EXV107M035A9MAA,1,8.85,KEMET,CAP ALUM 100UF 20% 35V SMD
ESK228M025AL4EA,1,8.85,KEMET,CAP ALUM 2200UF 20% 25V RADIAL
ESW337M050AH4EA,1,8.85,KEMET,CAP ALUM 330UF 20% 50V RADIAL TH
ESH338M016AM7AA,1,8.85,KEMET,CAP ALUM 3300UF 20% 16V RADIAL
EEV477M025A9PAA,1,8.93,KEMET,CAP ALUM 470UF 20% 25V SMD
ESK226M400AL4AA,1,9.18,KEMET,CAP ALUM 22UF 20% 400V RADIAL TH
ESC108M035AL4AA,1,9.26,KEMET,CAP ALUM 1000UF 20% 35V RADIAL
EDT107M050S9PAA,1,9.34,KEMET,CAP ALUM 100UF 20% 50V SMD
EEV108M6R3A9MAA,1,9.43,KEMET,CAP ALUM 1000UF 20% 6.3V SMD
EEV107M050A9MAA,1,9.43,KEMET,CAP ALUM 100UF 20% 50V SMD
ESH107M160AL4AA,1,9.43,KEMET,CAP ALUM 100UF 20% 160V RADIAL
EXV227M050A9PAA,1,9.51,KEMET,CAP ALUM 220UF 20% 50V SMD
EXV157M050A9PAA,1,9.51,KEMET,CAP ALUM 150UF 20% 50V SMD
EXV107M050A9PAA,1,9.51,KEMET,CAP ALUM 100UF 20% 50V SMD
ESY108M035AL4AA,1,9.51,KEMET,CAP ALUM 1000UF 20% 35V RADIAL
EXV476M050A9PAA,1,9.51,KEMET,CAP ALUM 47UF 20% 50V SMD
ESL108M035AK5AA,1,9.68,KEMET,CAP ALUM 1000UF 20% 35V RADIAL
ESX108M035AK2AA,1,9.76,KEMET,CAP ALUM 1000UF 20% 35V RADIAL
EXV477M025A9PAA,1,9.84,KEMET,CAP ALUM 470UF 20% 25V SMD
EST108M025AL3EA,1,10.34,KEMET,CAP ALUM 1000UF 20% 25V RADIAL
ESH107M200AM7AA,1,11.49,KEMET,CAP ALUM 100UF 20% 200V RADIAL
ESH478M016AM7AA,1,11.66,KEMET,CAP ALUM 4700UF 20% 16V RADIAL
ESE228M035AM7AA,1,11.83,KEMET,CAP ALUM 2200UF 20% 35V RADIAL
ESH108M050AM7AA,1,11.91,KEMET,CAP ALUM 1000UF 20% 50V RADIAL
ESK228M035AM7AA,1,11.99,KEMET,CAP ALUM 2200UF 20% 35V RADIAL
ESK108M063AM7AA,1,12.4,KEMET,CAP ALUM 1000UF 20% 63V RADIAL
ESH108M050AL4AA,1,12.65,KEMET,CAP ALUM 1000UF 20% 50V RADIAL
ESX228M025AK4AA,1,12.73,KEMET,CAP ALUM 2200UF 20% 25V RADIAL
ESL687M063AK3AA,1,12.9,KEMET,CAP ALUM RAD 105C
ESH228M035AM7AA,1,12.98,KEMET,CAP ALUM 2200UF 20% 35V RADIAL
ESG226M400AM5AA,1,13.15,KEMET,CAP ALUM 22UF 20% 400V RADIAL TH
ESY477M050AL3AA,1,13.56,KEMET,CAP ALUM 470UF 20% 50V RADIAL TH
ESK478M025AM2AA,1,13.64,KEMET,CAP ALUM 4700UF 20% 25V RADIAL
ESK478M025AN2AA,1,14.97,KEMET,CAP ALUM 4700UF 20% 25V RADIAL
ESH477M100AM2AA,1,15.38,KEMET,CAP ALUM 470UF 20% 100V RADIAL
ESY338M010AL4AA,1,15.38,KEMET,CAP ALUM 3300UF 20% 10V RADIAL
ESH228M050AM3AA,1,15.46,KEMET,CAP ALUM 2200UF 20% 50V RADIAL
ESH226M500AL4AA,1,16.21,KEMET,CAP ALUM 22UF 20% 500V RADIAL TH
ESG336M450AM2AA,1,19.27,KEMET,CAP ALUM 33UF 20% 450V RADIAL TH
ESK478M035AN2AA,1,20.09,KEMET,CAP ALUM 4700UF 20% 35V RADIAL
EDH476M250A9TAA,1,20.18,KEMET,CAP ALUM 47UF 20% 250V SMD
ESW108M050AM7AA,1,21.58,KEMET,CAP ALUM 1000UF 20% 50V RADIAL
ESH478M035AN2AA,1,21.83,KEMET,CAP ALUM 4700UF 20% 35V RADIAL
ESL107M250AKBAA,1,22.16,KEMET,CAP ALUM 100UF 20% 250V RADIAL
EDH336M400A9TAA,1,23.4,KEMET,CAP ALUM 33UF 20% 400V SMD
ESL108M063AM9AA,1,23.9,KEMET,CAP ALUM 1000UF 20% 63V RADIAL
ESY108M063AM3AA,1,25.22,KEMET,CAP ALUM 1000UF 20% 63V RADIAL
ELH107M400AQ2AA,1,26.63,KEMET,CAP ALUM 100UF 20% 400V SNAP TH
ESK688M035AQ4AA,1,28.7,KEMET,CAP ALUM RAD 85C
ELH478M063AR4AV,1,31.67,KEMET,CAP ALUM 4700UF 20% 63V SNAP TH
ELH688M050AS2AA,1,33.74,KEMET,CAP ALUM 6800UF 20% 50V SNAP TH
EST228M050AN2AA,1,41.6,KEMET,CAP ALUM 2200UF 20% 50V RADIAL
PEG130KH4200QE4,1,51.44,KEMET,CAP ALUM 2000UF 40V AXIAL TH
PEG124PF310VQL1,1,56.98,KEMET,CAP ALUM AXL GEN PUR 105C
ELH687M400AT4AA,1,67.48,KEMET,CAP ALUM 680UF 20% 400V SNAP TH
PEG228MKL3520QE4,1,67.64,KEMET,CAP ALUM 520UF 63V AXIAL TH
ESG157M500AQ5AA,1,71.2,KEMET,CAP ALUM 150UF 20% 500V RADIAL
PEH526KCB4330M3,1,71.86,KEMET,CAP ALUM SNAP-IN HIGH RIPPLE
ELH477M400AT4AA,1,74.84,KEMET,CAP ALUM 470UF 20% 400V SNAP TH
ALP22A472DD100,1,76,KEMET,CAP ALUM 4700UF 20% 100V SLD LUG
PEG124RL3150QE4,1,76.24,KEMET,CAP ALUM 150UF 200V AXIAL TH
ALC70A472CB063,1,80.13,KEMET,CAP ALUM 4700UF 20% 63V SNAP TH
ALH82A121CD600,1,80.88,KEMET,CAP ALUM 120UF 20% 600V SNAP TH
PEG226KG4120QE4,1,83.77,KEMET,CAP ALUM 1200UF 40V AXIAL TH
ALC70A101CC630,1,91.05,KEMET,CAP ALUM 100UF 20% 630V SNAP TH
ALF70C471DF450,1,91.05,KEMET,CAP ALUM 470UF 20% 450V PRESS
ALC10A103DC040,1,91.63,KEMET,CAP ALUM 10000UF 20% 40V SNAP TH
PEG124YJ2330QE4,1,92.2,KEMET,CAP ALUM 33UF 450V AXIAL TH
ALC70A103DD063,1,92.7,KEMET,CAP ALUM 10000UF 20% 63V SNAP TH
ALP20A682DD063,1,94.44,KEMET,CAP ALUM 6800UF 63V SOLDER LUG
ALC70A103CF063,1,95.51,KEMET,CAP ALUM 10000UF 20% 63V SNAP TH
ALC70A151DC630,1,100.64,KEMET,CAP ALUM 150UF 20% 630V SNAP TH
ALF80C123DF063,1,101.96,KEMET,CAP ALUM 12000UF 20% 63V PRESS
ALP22A153DE063,1,105.44,KEMET,CAP ALUM 15000UF 20% 63V SNAP TH
ALC80A123DF063,1,105.44,KEMET,CAP ALUM 12000UF 20% 63V SNAP TH
ALA7DA471DD450,1,107.67,KEMET,CAP ALUM 470UF 20% 450V SNAP TH
ALA7DA301CF550,1,113.54,KEMET,CAP ALUM 300UF 20% 550V SNAP TH
ALA8DA301CF500,1,114.78,KEMET,CAP ALUM 300UF 20% 500V SNAP TH
ALC70A221DE630,1,114.86,KEMET,CAP ALUM 220UF 20% 630V SNAP TH
ALT22A472DD100,1,122.06,KEMET,CAP ALUM 4700UF 20% 100V SNAP TH
ALF70G102EH450,1,125.12,KEMET,CAP ALUM 1000UF 20% 450V PRESS
ALT22A153DE063,1,125.61,KEMET,CAP ALUM 15000UF 20% 63V SNAP TH
ALP22A103DF100,1,128.34,KEMET,CAP ALUM 10000UF 20% 100V SLD LU
ELG687M450AT8AA,1,132.31,KEMET,CAP ALUM 680UF 20% 450V SNAP TH
ALS30A472DA063,1,134.63,KEMET,CAP ALUM 4700UF 20% 63V SCREW CH
ALC10A471DF450,1,137.27,KEMET,CAP ALUM 470UF 20% 450V SNAP TH
ALC10C331ED450,1,138.1,KEMET,CAP ALUM 330UF 20% 450V SNAP TH
ALH82A391DL600,1,139.34,KEMET,CAP ALUM 390UF 20% 600V SNAP TH
ALA8DD471EE500,1,139.67,KEMET,CAP ALUM 470UF 20% 500V SNAP TH
ALF80G682EF100,1,139.92,KEMET,CAP ALUM 6800UF 20% 100V PRESS
ALA7DA681DF450,1,141.32,KEMET,CAP ALUM 680UF 20% 450V SNAP TH
ALS30A223DB025,1,142.07,KEMET,CAP ALUM SCRW TERM 85C
ALC10C221EB450,1,143.64,KEMET,CAP ALUM 220UF 20% 450V SNAP TH
ALC80C122EL400,1,145.71,KEMET,CAP ALUM 400V POLAR
ALF70C102EH400,1,149.35,KEMET,CAP ALUM 1000UF 20% 400V PRESS
ALA7DA221CF600,1,153.15,KEMET,CAP ALUM 220UF 20% 600V SNAP TH
ALA7DA331EE600,1,155.38,KEMET,CAP ALUM 330UF 20% 600V SNAP TH
ALC70C102EH450,1,157.12,KEMET,CAP ALUM 1000UF 20% 450V SNAP TH
ALC10A821DJ450,1,165.22,KEMET,CAP ALUM 820UF 20% 450V SNAP TH
ALS30A103DE063,1,167.37,KEMET,CAP ALUM 10000UF 20% 63V SCREW
ALC70C153EL100,1,167.54,KEMET,CAP ALUM 15000UF 20% 100V SNAP
ALC70A331EF600,1,169.19,KEMET,CAP ALUM 330UF 20% 600V SNAP TH
ALC80C561EH500,1,175.15,KEMET,CAP ALUM 560UF 20% 500V SNAP TH
ALA7DA391EF600,1,176.88,KEMET,CAP ALUM 390UF 20% 600V SNAP TH
ALC10C102EL450,1,185.07,KEMET,CAP ALUM 1000UF 20% 450V SNAP TH
ALF70G471EJ600,1,196.56,KEMET,CAP ALUM 470UF 20% 600V PRESS
ALS70A122DF450,1,204.26,KEMET,CAP ALUM 1200UF 20% 450V SCREW
ALC70A102EL500,1,209.22,KEMET,CAP ALUM 1000UF 20% 500V SNAP TH
ALC70C752FP200,1,216.08,KEMET,CAP ALUM 7500UF 20% 200V SNAP TH
ALC70C332FP350,1,224.43,KEMET,CAP ALUM 3300UF 20% 350V SNAP TH
ALC80C222FP400,1,238.08,KEMET,CAP ALUM 2200UF 20% 400V SNAP TH
ALS30A333KE040,1,238.82,KEMET,CAP ALUM 33000UF 20% 40V SCREW
ALC10A102EP550,1,419.84,KEMET,CAP ALUM 1000UF 20% 550V SNAP TH
ALS70A913MF063,1,426.21,KEMET,CAP ALUM 91000UF 20% 63V SCREW
ALS30A223MF100,1,474.25,KEMET,CAP ALUM 22000UF 20% 100V SCREW
ALS31A222NF450,1,487.48,KEMET,CAP ALUM 2200UF 20% 450V SCREW
ALS80A433NF100,1,530.73,KEMET,CAP ALUM 43000UF 20% 100V SCREW
ALS71A183NF200,1,531.64,KEMET,CAP ALUM 18000UF 20% 200V SCREW
ALS30A103NF200,1,534.7,KEMET,CAP ALUM 10000UF 20% 200V SCREW
ALS31A103NF200,1,539.75,KEMET,CAP ALUM 10000UF 20% 200V SCREW
ALS30A332NF400,1,547.69,KEMET,CAP ALUM 3300UF 20% 400V SCREW
ALS31A332NF400,1,552.9,KEMET,CAP ALUM 3300UF 20% 400V SCREW
PEH200YK4100MB2,1,580.27,KEMET,CAP ALUM SCRW TERM 85C
ALS70A623NP100,1,583.24,KEMET,CAP ALUM 62000UF 20% 100V SCREW
ALS70A472NF500,1,648.9,KEMET,CAP ALUM 4700UF 20% 500V SCREW
ALS30A103NP250,1,651.3,KEMET,CAP ALUM SCRW TERM 85C
ALS31A472NP400,1,701.83,KEMET,CAP ALUM 4700UF 20% 400V SCREW
ALS70A392NF550,1,732.43,KEMET,CAP ALUM 3900UF 20% 550V SCREW
ALS70A562NP500,1,750.04,KEMET,CAP ALUM 5600UF 20% 500V SCREW
ALS30A104NP063,1,766.16,KEMET,CAP ALUM SCRW TERM 85C
ALS30A472NJ450,1,799.9,KEMET,CAP ALUM 4700UF 20% 450V SCREW
ALS70A104NS100,1,806.85,KEMET,CAP ALUM 100000UF 20% 100V SCREW
ALS70A273NT250,1,969.84,KEMET,CAP ALUM 27000UF 20% 250V SCREW
PEH169UV4330QB2,1,1079.58,KEMET,CAP ALUM SCRW TERM 105C
ALS30A682NT450,1,1115.22,KEMET,CAP ALUM 6800UF 20% 450V SCREW
ALS70A183QS400,1,1248.44,KEMET,CAP ALUM 18000UF 20% 400V SCREW
ALS80A303QT250,1,1259.52,KEMET,CAP ALUM 30000UF 20% 250V SCREW
ESK476M016AC3AA,1,1.41,KEMET,CAP ALUM RAD 85C
ESE227M6R3AC3AA,1,1.49,KEMET,CAP ALUM RAD 105C
ESE226M016AC3FA,1,1.65,KEMET,CAP ALUM 22UF 20% 16V RADIAL TH
ESK226M050AC3EA,1,1.74,KEMET,CAP ALUM 22UF 20% 50V RADIAL TH
ESY276M025AC2AA,1,1.74,KEMET,CAP ALUM 27UF 20% 25V RADIAL TH
ESS226M016AC2AA,1,1.74,KEMET,CAP ALUM 22UF 20% 16V RADIAL TH
ESK227M016AE3AA,1,1.82,KEMET,CAP ALUM RAD 85C
ESK107M016AE3AA,1,1.9,KEMET,CAP ALUM 100UF 20% 16V RADIAL TH
EDK475M025A9BAA,1,2.07,KEMET,CAP ALUM 4.7UF 20% 25V SMD
EST476M025AC3AA,1,2.15,KEMET,CAP ALUM 47UF 20% 25V RADIAL TH
ESW107M010AC3AA,1,2.15,KEMET,CAP ALUM 100UF 20% 10V RADIAL TH
EDH105M050A9BAA,1,2.23,KEMET,CAP ALUM 1UF 20% 50V SMD
ESY226M063AE3AA,1,2.4,KEMET,CAP ALUM 22UF 20% 63V RADIAL TH
EDK226M025A9DAA,1,2.4,KEMET,CAP ALUM 22UF 20% 25V SMD
ESH227M025AG3AA,1,2.65,KEMET,CAP ALUM 220UF 20% 25V RADIAL TH
ESE227M025AG3AA,1,2.65,KEMET,CAP ALUM 220UF 20% 25V RADIAL TH
EEV226M6R3A9BAA,1,2.73,KEMET,CAP ALUM 22UF 20% 6.3V SMD
ESE476M063AG3AA,1,2.73,KEMET,CAP ALUM 47UF 20% 63V RADIAL TH
ESH227M016AG3AA,1,2.81,KEMET,CAP ALUM RAD 105C
EEV226M025A9DAA,1,2.89,KEMET,CAP ALUM 22UF 20% 25V SMD
EDK106M035A9DAA,1,2.89,KEMET,CAP ALUM 10UF 20% 35V SMD
EDK106M025A9DAA,1,2.89,KEMET,CAP ALUM 10UF 20% 25V SMD
ESH337M016AG3AA,1,2.89,KEMET,CAP ALUM 330UF 20% 16V RADIAL TH
EEV226M035S9DAA,1,2.98,KEMET,CAP ALUM 22UF 20% 35V SMD
EEV336M035A9GAA,1,3.06,KEMET,CAP ALUM 33UF 20% 35V SMD
EDH106M035A9DAA,1,3.06,KEMET,CAP ALUM 10UF 20% 35V SMD
ESH476M063AG3AA,1,3.14,KEMET,CAP ALUM RAD 105C
ESE227M035AG3AA,1,3.14,KEMET,CAP ALUM RAD 105C
ESH107M050AG3AA,1,3.14,KEMET,CAP ALUM 100UF 20% 50V RADIAL TH
ESE225M400AG3AA,1,3.14,KEMET,CAP ALUM RAD 105C
EDK336M025A9GAA,1,3.23,KEMET,CAP ALUM 33UF 20% 25V SMD
EDK226M025A9GAA,1,3.23,KEMET,CAP ALUM 22UF 20% 25V SMD
EDK106M050A9GAA,1,3.31,KEMET,CAP ALUM 10UF 20% 50V SMD
ESH225M400AG3AA,1,3.31,KEMET,CAP ALUM 2.2UF 20% 400V RADIAL
ESE475M400AH9AA,1,3.31,KEMET,CAP ALUM 4.7UF 20% 400V RADIAL
ESK477M016AH1EA,1,3.39,KEMET,CAP ALUM 470UF 20% 16V RADIAL TH
EXV335M050A9BAA,1,3.47,KEMET,CAP ALUM 3.3UF 20% 50V SMD
EXV225M050A9BAA,1,3.47,KEMET,CAP ALUM 2.2UF 20% 50V SMD
EEV106M025A9BAA,1,3.47,KEMET,CAP ALUM 10UF 20% 25V SMD
EDH227M010A9HAA,1,3.47,KEMET,CAP ALUM 220UF 20% 10V SMD
ESK227M035AH1AA,1,3.47,KEMET,CAP ALUM 220UF 20% 35V RADIAL TH
ESH108M6R3AH1AA,1,3.47,KEMET,CAP ALUM 1000UF 20% 6.3V RADIAL
ESH337M025AG3AA,1,3.56,KEMET,CAP ALUM 330UF 20% 25V RADIAL TH
ESW337M016AG3AA,1,3.56,KEMET,CAP ALUM 330UF 20% 16V RADIAL TH
ESY827M6R3AG8AA,1,3.72,KEMET,CAP ALUM 820UF 20% 6.3V RADIAL
ESH227M035AH1AA,1,3.72,KEMET,CAP ALUM 220UF 20% 35V RADIAL TH
ESY337M010AG3AA,1,3.89,KEMET,CAP ALUM 330UF 20% 10V RADIAL TH
EXV226M035A9DAA,1,3.97,KEMET,CAP ALUM 22UF 20% 35V SMD
EDT336M035S9HAA,1,4.05,KEMET,CAP ALUM 33UF 20% 35V SMD
EDT476M025S9HAA,1,4.13,KEMET,CAP ALUM 47UF 20% 25V SMD
ESK227M050AH1AA,1,4.22,KEMET,CAP ALUM 220UF 20% 50V RADIAL TH
ESH107M063AH1AA,1,4.3,KEMET,CAP ALUM 100UF 20% 63V RADIAL TH
EXV476M025A9GAA,1,4.47,KEMET,CAP ALUM 47UF 20% 25V SMD
EXV336M035A9GAA,1,4.47,KEMET,CAP ALUM 33UF 20% 35V SMD
ESH476M100AH2AA,1,4.47,KEMET,CAP ALUM 47UF 20% 100V RADIAL TH
EEV476M035A9GAA,1,4.55,KEMET,CAP ALUM 47UF 20% 35V SMD
EEV107M6R3A9GAA,1,4.71,KEMET,CAP ALUM 100UF 20% 6.3V SMD
ESH477M025AH2AA,1,4.71,KEMET,CAP ALUM 470UF 20% 25V RADIAL TH
ESW227M035AG4AA,1,4.71,KEMET,CAP ALUM 220UF 20% 35V RADIAL TH
ESK477M035AH2AA,1,4.71,KEMET,CAP ALUM 470UF 20% 35V RADIAL TH
EDK106M100A9MAA,1,4.8,KEMET,CAP ALUM 10UF 20% 100V SMD
ESK106M350AH2EA,1,4.96,KEMET,CAP ALUM RAD 85C
ESC227M050AH2EA,1,4.96,KEMET,CAP ALUM RAD 105C
ESK106M350AH2AA,1,4.96,KEMET,CAP ALUM 10UF 20% 350V RADIAL TH
ESE226M160AH2AA,1,4.96,KEMET,CAP ALUM 22UF 20% 160V RADIAL TH
EST227M035AG4AA,1,5.04,KEMET,CAP ALUM 220UF 20% 35V RADIAL TH
EDT107M010S9LAA,1,5.13,KEMET,CAP ALUM 100UF 20% 10V SMD
ESC477M035AH4AA,1,5.13,KEMET,CAP ALUM 470UF 20% 35V RADIAL TH
EEV107M025A9HAA,1,5.21,KEMET,CAP ALUM 100UF 20% 25V SMD
EEV337M6R3A9HAA,1,5.21,KEMET,CAP ALUM 330UF 20% 6.3V SMD
EEV227M016A9HAA,1,5.21,KEMET,CAP ALUM 220UF 20% 16V SMD
ESY227M035AH1AA,1,5.38,KEMET,CAP ALUM 220UF 20% 35V RADIAL TH
ESH475M450AH2AA,1,5.54,KEMET,CAP ALUM 4.7UF 20% 450V RADIAL
ESL825M400AH8AA,1,5.71,KEMET,CAP ALUM 8.2UF 20% 400V RADIAL
ESE106M400AH4AA,1,5.71,KEMET,CAP ALUM 10UF 20% 400V RADIAL TH
EDH227M035A9MAA,1,5.71,KEMET,CAP ALUM 220UF 20% 35V SMD
EDT227M010A9MAA,1,5.79,KEMET,CAP ALUM 220UF 20% 10V SMD
EDH226M100S9MAA,1,5.87,KEMET,CAP ALUM 22UF 20% 100V SMD
EXV686M035A9HAA,1,6.04,KEMET,CAP ALUM 68UF 20% 35V SMD
ESW397M035AH4AA,1,6.04,KEMET,CAP ALUM 390UF 20% 35V RADIAL TH
EEV477M010A9MAA,1,6.04,KEMET,CAP ALUM 470UF 20% 10V SMD
ESK338M010AL3AA,1,6.2,KEMET,CAP ALUM 3300UF 20% 10V RADIAL
ESY687M025AH4AA,1,6.2,KEMET,CAP ALUM 680UF 20% 25V RADIAL TH
EDT336M050S9MAA,1,6.28,KEMET,CAP ALUM 33UF 20% 50V SMD
ESK107M100AH4AA,1,6.28,KEMET,CAP ALUM 100UF 20% 100V RADIAL
ESH477M035AL3AA,1,6.28,KEMET,CAP ALUM 470UF 20% 35V RADIAL TH
EDT107M035S9MAA,1,6.62,KEMET,CAP ALUM 100UF 20% 35V SMD
EDT107M025A9MAA,1,6.62,KEMET,CAP ALUM 100UF 20% 25V SMD
EDT337M016S9MAA,1,6.86,KEMET,CAP ALUM 330UF 20% 16V SMD
ESG226M250AL3AA,1,7.19,KEMET,CAP ALUM 22UF 20% 250V RADIAL TH
ESH477M050AL3AA,1,7.28,KEMET,CAP ALUM 470UF 20% 50V RADIAL TH
ESW227M063AH4AA,1,7.61,KEMET,CAP ALUM 220UF 20% 63V RADIAL TH
ESE108M035AL3AA,1,7.86,KEMET,CAP ALUM RAD 105C
ESH108M035AL4AA,1,7.94,KEMET,CAP ALUM 1000UF 20% 35V RADIAL
ESC228M010AL3AA,1,8.1,KEMET,CAP ALUM 2200UF 20% 10V RADIAL
ESK477M063AL4AA,1,8.27,KEMET,CAP ALUM RAD 85C
EDT107M050A9PAA,1,8.35,KEMET,CAP ALUM 100UF 20% 50V SMD
ESW687M035AL3AA,1,8.35,KEMET,CAP ALUM 680UF 20% 35V RADIAL TH
EEV107M035A9MAA,1,8.43,KEMET,CAP ALUM 100UF 20% 35V SMD
EDT227M025S9PAA,1,8.43,KEMET,CAP ALUM 220UF 20% 25V SMD
ESK478M010AL4AA,1,8.52,KEMET,CAP ALUM 4700UF 20% 10V RADIAL
EXV227M050S9PAA,1,8.6,KEMET,CAP ALUM 220UF 20% 50V SMD
EDT477M016S9PAA,1,8.68,KEMET,CAP ALUM 470UF 20% 16V SMD
EDT227M035S9PAA,1,8.77,KEMET,CAP ALUM 220UF 20% 35V SMD
EXV477M016A9MAA,1,8.85,KEMET,CAP ALUM 470UF 20% 16V SMD
EXV227M025A9MAA,1,8.85,KEMET,CAP ALUM 220UF 20% 25V SMD
EDT108M010S9PAA,1,8.93,KEMET,CAP ALUM 1000UF 20% 10V SMD
EEV477M025S9PAA,1,9.01,KEMET,CAP ALUM 470UF 20% 25V SMD
EEV337M035A9PAA,1,9.18,KEMET,CAP ALUM 330UF 20% 35V SMD
ESG106M450AL3AA,1,9.26,KEMET,CAP ALUM 10UF 20% 450V RADIAL TH
EEV227M050A9PAA,1,9.43,KEMET,CAP ALUM 220UF 20% 50V SMD
ESH158M035AM7AA,1,9.68,KEMET,CAP ALUM 1500UF 20% 35V RADIAL
ESK108M050AL4AA,1,10.17,KEMET,CAP ALUM RAD 85C
EXV227M035A9PAA,1,10.5,KEMET,CAP ALUM 220UF 20% 35V SMD
ESK688M010AM2AA,1,10.92,KEMET,CAP ALUM 6800UF 20% 10V RADIAL
ESG226M400AL4AA,1,12.49,KEMET,CAP ALUM 22UF 20% 400V RADIAL TH
ESG476M250AM5AA,1,13.4,KEMET,CAP ALUM 47UF 20% 250V RADIAL TH
ESH108M063AM2AA,1,13.81,KEMET,CAP ALUM 1000UF 20% 63V RADIAL
EST477M050AL3AA,1,14.89,KEMET,CAP ALUM 470UF 20% 50V RADIAL TH
EST108M035AL4AA,1,15.13,KEMET,CAP ALUM 1000UF 20% 35V RADIAL
EDH477M035A9RAA,1,15.22,KEMET,CAP ALUM 470UF 20% 35V SMD
ESU107M200AM7AA,1,15.55,KEMET,CAP ALUM 100UF 20% 200V RADIAL
ESZ107M200AM7AA,1,15.79,KEMET,CAP ALUM RAD 105C
ESY228M016AL4AA,1,16.62,KEMET,CAP ALUM 2200UF 20% 16V RADIAL
ESU336M450AM7AA,1,18.03,KEMET,CAP ALUM 33UF 20% 450V RADIAL TH
EDH108M025A9RAA,1,18.77,KEMET,CAP ALUM 1000UF 20% 25V SMD
EDH477M035S9RAA,1,18.77,KEMET,CAP ALUM 470UF 20% 35V SMD
ELG687M100AQ1AA,1,21,KEMET,CAP ALUM 680UF 20% 100V SNAP TH
ESW108M063AM3AA,1,22.16,KEMET,CAP ALUM 1000UF 20% 63V RADIAL
ELH478M035AQ2AA,1,22.99,KEMET,CAP ALUM 4700UF 20% 35V SNAP TH
EDH226M450A9TAA,1,23.57,KEMET,CAP ALUM 22UF 20% 450V SMD
EXV337M050S9RAA,1,24.15,KEMET,CAP ALUM 330UF 20% 50V SMD
ESU476M450AM3AA,1,24.15,KEMET,CAP ALUM 47UF 20% 450V RADIAL TH
EST477M100AN5AA,1,25.22,KEMET,CAP ALUM 470UF 20% 100V RADIAL
ELH109M025AR2AA,1,25.22,KEMET,CAP ALUM 10000UF 20% 25V SNAP TH
ELG109M025AR3AA,1,27.45,KEMET,CAP ALUM SNAP-IN 105C
ELG108M100AR2AA,1,28.03,KEMET,CAP ALUM 1000UF 20% 100V SNAP TH
ELH107M450AQ2AV,1,28.12,KEMET,CAP ALUM SNAP-IN 85C
ELG228M063AR2AJ,1,28.2,KEMET,CAP ALUM 2200UF 20% 63V SNAP TH
ESY108M050AM2AA,1,30.1,KEMET,CAP ALUM 1000UF 20% 50V RADIAL
ELH478M050AR3AA,1,30.27,KEMET,CAP ALUM 4700UF 20% 50V SNAP TH
ELG107M400AQ3AA,1,30.6,KEMET,CAP ALUM 100UF 20% 400V SNAP TH
EDH108M050A9TAA,1,31.01,KEMET,CAP ALUM 1000UF 20% 50V SMD
ELH107M400AR1AA,1,33.99,KEMET,CAP ALUM 100UF 20% 400V SNAP TH
ELG107M450AR2AA,1,35.81,KEMET,CAP ALUM 100UF 20% 450V SNAP TH
ELH476M450AQ1AA,1,35.89,KEMET,CAP ALUM 47UF 20% 450V SNAP TH
ELH478M063AR4AA,1,36.8,KEMET,CAP ALUM 4700UF 20% 63V SNAP TH
ELD107M500AQ5AA,1,36.8,KEMET,CAP ALUM SNAP-IN 105C
ELG478M050AS2AA,1,36.8,KEMET,CAP ALUM SNAP-IN 105C
ELH228M100AS2AV,1,37.63,KEMET,CAP ALUM 2200UF 20% 100V SNAP TH
ELG478M063AR6AA,1,43.66,KEMET,CAP ALUM SNAP-IN 105C
ELG688M050AR6AV,1,44.08,KEMET,CAP ALUM SNAP-IN 105C
ESH157M450AN7AA,1,45.15,KEMET,CAP ALUM 150UF 20% 450V RADIAL
PEG124KC322AQE4,1,46.89,KEMET,CAP ALUM 220UF 40V AXIAL TH
ELH228M100AR4AA,1,47.38,KEMET,CAP ALUM SNAP-IN 85C
ELH109M050AS5AA,1,49.53,KEMET,CAP ALUM 10000UF 20% 50V SNAP TH
PEG124MA2100QT1,1,51.27,KEMET,CAP ALUM 10UF 20% 63V AXIAL TH
PEG127KA3110QE4,1,51.93,KEMET,CAP ALUM 110UF 40V AXIAL TH
ELG687M200AR4AA,1,53.17,KEMET,CAP ALUM SNAP-IN 105C
ELH108M250AS5AA,1,56.07,KEMET,CAP ALUM 1000UF 20% 250V SNAP TH
PEG124MC310AQT1,1,56.31,KEMET,CAP ALUM 100UF 63V AXIAL TH
ALT22A472BB063,1,57.39,KEMET,CAP ALUM 4700UF 20% 63V SNAP TH
ALP22A472AB040,1,57.47,KEMET,CAP ALUM 4700UF 20% 40V SLD LUG
PEG227KKL4150ME4,1,57.8,KEMET,CAP ALUM 1500UF 20% 40V AXIAL TH
PEG227KLP4300QE4,1,58.13,KEMET,CAP ALUM 3000UF 40V AXIAL TH
PEG130KJ4300QE4,1,58.71,KEMET,CAP ALUM 3000UF 40V AXIAL TH
ELG688M063AS5AA,1,59.87,KEMET,CAP ALUM 6800UF 20% 63V SNAP TH
ALP20A222BB063,1,60.12,KEMET,CAP ALUM 2200UF 63V SOLDER LUG
ALC80A103BB025,1,61.36,KEMET,CAP ALUM 10000UF 20% 25V SNAP TH
ALC80A102BB100,1,61.36,KEMET,CAP ALUM 1000UF 20% 100V SNAP TH
ELH109M063AT4AA,1,63.51,KEMET,CAP ALUM SNAP-IN 85C
PEG227MLQ4190QE4,1,64.09,KEMET,CAP ALUM 1900UF 63V AXIAL TH
PEG227MKP4110QE4,1,64.92,KEMET,CAP ALUM 1100UF 63V AXIAL TH
PEG227MKL3780QE4,1,65.33,KEMET,CAP ALUM 780UF 63V AXIAL TH
PEG227KKP4220ME4,1,71.78,KEMET,CAP ALUM 2200UF 20% 40V AXIAL TH
PEG227MLP4160QE4,1,72.03,KEMET,CAP ALUM 1600UF 63V AXIAL TH
ELG108M250AT4AA,1,72.85,KEMET,CAP ALUM 1000UF 20% 250V SNAP TH
ALH82A750CB600,1,73.02,KEMET,CAP ALUM 75UF 20% 600V SNAP TH
PEG227KLQ4350QE4,1,73.76,KEMET,CAP ALUM 3500UF 40V AXIAL TH
PEG228HLQ4470QE4,1,73.76,KEMET,CAP ALUM 4700UF 25V AXIAL TH
ELH689M016AT6AA,1,74.59,KEMET,CAP ALUM SNAP-IN 85C
ALP20A472CB040,1,75,KEMET,CAP ALUM 4700UF 40V SOLDER LUG
PEH534VCD3220M2,1,76.91,KEMET,CAP ALUM 220UF 20% 400V SNAP TH
PEH534YDB3150M2,1,77.15,KEMET,CAP ALUM 150UF 20% 450V SNAP TH
ALF80C122DD200,1,77.73,KEMET,CAP ALUM 1200UF 20% 200V PRESS
PEG226HJ4330QE4,1,78.15,KEMET,CAP ALUM 3300UF 25V AXIAL TH
PEG227HMS5100QE4,1,80.63,KEMET,CAP ALUM 10500UF 25V AXIAL TH
ALA8DA361DC450,1,80.63,KEMET,CAP ALUM 360UF 20% 450V SNAP TH
ELH477M450AT6AA,1,81.7,KEMET,CAP ALUM 470UF 20% 450V SNAP TH
PEG227KMS4520QE4,1,82.53,KEMET,CAP ALUM 5200UF 40V AXIAL TH
PEG226HJ4330QE1,1,83.19,KEMET,CAP ALUM 3300UF 25V AXIAL TH
ALH82A151DC550,1,83.27,KEMET,CAP ALUM 150UF 20% 550V SNAP TH
ALC80A103CD040,1,84.35,KEMET,CAP ALUM 10000UF 20% 40V SNAP TH
ALC70A332DC100,1,84.68,KEMET,CAP ALUM 3300UF 20% 100V SNAP TH
PEG226KL4270QE4,1,85.09,KEMET,CAP ALUM 2700UF 40V AXIAL TH
ALA7DA331CE500,1,86,KEMET,CAP ALUM 330UF 20% 500V SNAP TH
ALC70A331DC450,1,86.91,KEMET,CAP ALUM 330UF 20% 450V SNAP TH
ALC70A153CD040,1,88.81,KEMET,CAP ALUM 15000UF 20% 40V SNAP TH
ALH82A161CF600,1,92.29,KEMET,CAP ALUM 160UF 20% 600V SNAP TH
ALA7DA131CC600,1,95.1,KEMET,CAP ALUM 130UF 20% 600V SNAP TH
ALA7DA471DC400,1,99.89,KEMET,CAP ALUM 470UF 20% 400V SNAP TH
ALC70A471DF450,1,101.22,KEMET,CAP ALUM SNAP-IN 85C
ALH82A331DH550,1,102.46,KEMET,CAP ALUM 330UF 20% 550V SNAP TH
ALH82A221DF600,1,102.71,KEMET,CAP ALUM 220UF 20% 600V SNAP TH
ALT22A103CB040,1,102.87,KEMET,CAP ALUM 10000UF 20% 40V SNAP TH
ALC10C153EB035,1,103.29,KEMET,CAP ALUM 15000UF 20% 35V SNAP TH
ALA7DA471CF450,1,105.93,KEMET,CAP ALUM 470UF 20% 450V SNAP TH
ALC70A681DF400,1,107.01,KEMET,CAP ALUM 680UF 20% 400V SNAP TH
ALC70A561DF450,1,107.67,KEMET,CAP ALUM 560UF 20% 450V SNAP TH
ALC80A473DF025,1,108,KEMET,CAP ALUM 47000UF 20% 25V SNAP TH
ALC70A181DD630,1,108,KEMET,CAP ALUM 180UF 20% 630V SNAP TH
ALF80C471DG450,1,108.25,KEMET,CAP ALUM 470UF 20% 450V PRESS
ALC40A331CF400,1,110.73,KEMET,CAP ALUM 330UF 20% 400V SNAP TH
ALH82A271DH600,1,110.98,KEMET,CAP ALUM 270UF 20% 600V SNAP TH
ALF70C681DF400,1,112.3,KEMET,CAP ALUM 680UF 20% 400V PRESS
ALA7DA561DE450,1,114.37,KEMET,CAP ALUM 560UF 20% 450V SNAP TH
ALC10C223ED035,1,114.95,KEMET,CAP ALUM 22000UF 20% 35V SNAP TH
ALA7DA391CF500,1,116.02,KEMET,CAP ALUM 390UF 20% 500V SNAP TH
ALA7DA561EE500,1,117.26,KEMET,CAP ALUM 560UF 20% 500V SNAP TH
ALA8DF431CF450,1,118.58,KEMET,CAP ALUM 430UF 20% 450V SNAP TH
ALA7DA471DE500,1,127.27,KEMET,CAP ALUM 470UF 20% 500V SNAP TH
ALH82A471DL550,1,128.51,KEMET,CAP ALUM 470UF 20% 550V SNAP TH
ALF80G823EH025,1,132.39,KEMET,CAP ALUM 82000UF 20% 25V PRESS
ALA7DA221DD600,1,133.72,KEMET,CAP ALUM 220UF 20% 600V SNAP TH
ALF80C561EF450,1,134.13,KEMET,CAP ALUM 560UF 20% 450V PRESS
ALP22A223DD040,1,135.95,KEMET,CAP ALUM 22000UF 20% 40V SNAP TH
ALC40A331DF450,1,136.69,KEMET,CAP ALUM 330UF 20% 450V SNAP TH
ALS31A103DA040,1,136.86,KEMET,CAP ALUM 10000UF 20% 40V SCREW
ALC70A473EH040,1,142.4,KEMET,CAP ALUM 47000UF 20% 40V SNAP TH
ALT22A223DD040,1,143.06,KEMET,CAP ALUM 22000UF 20% 40V SNAP TH
ALC80C102EJ400,1,143.72,KEMET,CAP ALUM 1000UF 20% 400V SNAP TH
ALS80A393DB025,1,149.02,KEMET,CAP ALUM 39000UF 20% 25V SCREW
ALC10A681DL450,1,150.75,KEMET,CAP ALUM 680UF 20% 450V SNAP TH
ALS70A243DB040,1,151.33,KEMET,CAP ALUM 24000UF 20% 40V SCREW
ALA8DA471EE500,1,151.74,KEMET,CAP ALUM 470UF 20% 500V SNAP TH
ALC80A473EL040,1,154.31,KEMET,CAP ALUM 47000UF 20% 40V SNAP TH
ALA7DA471EE550,1,155.22,KEMET,CAP ALUM 470UF 20% 550V SNAP TH
ALC10A561DF450,1,156.79,KEMET,CAP ALUM 560UF 20% 450V SNAP TH
ALA7DA681EF500,1,157.7,KEMET,CAP ALUM 680UF 20% 500V SNAP TH
ALF20G223EH063,1,163.16,KEMET,CAP ALUM 22000UF 20% 63V PRESS
ALF80C303EL063,1,170.02,KEMET,CAP ALUM 30000UF 20% 63V PRESS
ALS31A223DE040,1,172.09,KEMET,CAP ALUM SCREW TERM 85C
ALA8DA561EF500,1,173.58,KEMET,CAP ALUM 560UF 20% 500V SNAP TH
ALC80C751EH450,1,175.64,KEMET,CAP ALUM 750UF 20% 450V SNAP TH
ALC10C333EF035,1,178.62,KEMET,CAP ALUM 33000UF 20% 35V SNAP TH
ALS70A681DE500,1,183.33,KEMET,CAP ALUM 680UF 20% 500V SCREW CH
PEH169KA4330QB2,1,185.48,KEMET,CAP ALUM 3300UF 40V SCREW CHAS M
ALS40A473DF025,1,186.89,KEMET,CAP ALUM 47000UF 20% 25V SCREW
ALC10A102EL450,1,211.62,KEMET,CAP ALUM 1000UF 20% 450V SNAP TH
ALS80A124KE025,1,257.35,KEMET,CAP ALUM 120000UF 20% 25V SCREW
ALC80C202KP450,1,310.62,KEMET,CAP ALUM 2000UF 20% 450V SNAP TH
ALS70A302KF400,1,316.97,KEMET,CAP ALUM 3000UF 20% 400V SCREW
ALS30A152KF400,1,323.42,KEMET,CAP ALUM 1500UF 20% 400V SCREW
ALS40A333MF063,1,387.09,KEMET,CAP ALUM 33000UF 20% 63V SCREW
ALS31A682MF200,1,415.95,KEMET,CAP ALUM 6800UF 20% 200V SCREW
ALS71A123MF200,1,418.35,KEMET,CAP ALUM 12000UF 20% 200V SCREW
ALS31A222MF400,1,423.64,KEMET,CAP ALUM 2200UF 20% 400V SCREW
ALS80A823MF063,1,429.68,KEMET,CAP ALUM 82000UF 20% 63V SCREW
ALS31A473MF063,1,432.91,KEMET,CAP ALUM 47000UF 20% 63V SCREW
ALS30A104MF040,1,437.78,KEMET,CAP ALUM 100000UF 20% 40V SCREW
ALS70A912MF250,1,444.07,KEMET,CAP ALUM 9100UF 20% 250V SCREW
ALS80A243QC100,1,453.99,KEMET,CAP ALUM 24000UF 20% 100V SCREW
ALS80A683QC063,1,470.37,KEMET,CAP ALUM 68000UF 20% 63V SCREW
ALS31A223MF100,1,478.06,KEMET,CAP ALUM 22000UF 20% 100V SCREW
ALS70A332MF500,1,508.16,KEMET,CAP ALUM 3300UF 20% 500V SCREW
PEH200PJ5100MB2,1,510.8,KEMET,CAP ALUM 10000UF 20% 100V SCREW
ALS70A164NP063,1,626.66,KEMET,CAP ALUM 160000UF 20% 63V SCREW
ALS70A752NF400,1,627.4,KEMET,CAP ALUM 7500UF 20% 400V SCREW
ALS70A752NJ400,1,635.18,KEMET,CAP ALUM 7500UF 20% 400V SCREW
ALS31A332NP450,1,636.33,KEMET,CAP ALUM 3300UF 20% 450V SCREW
ALS70A163NP250,1,653.45,KEMET,CAP ALUM 16000UF 20% 250V SCREW
ALS70A912NP400,1,721.92,KEMET,CAP ALUM 9100UF 20% 400V SCREW
ALS70A334QS063,1,1084.46,KEMET,CAP ALUM 330000UF 20% 63V SCREW
ALS30A103NT400,1,1248.27,KEMET,CAP ALUM 10000UF 20% 400V SCREW
ESK475M100AC3FA,1,1.65,KEMET,CAP ALUM RAD 85C
ESE105M450AG3AA,1,3.06,KEMET,CAP ALUM RAD 105C
EDK107M6R3A9GAA,1,3.23,KEMET,CAP ALUM 100UF 20% 6.3V SMD
ESK337M025AH1AA,1,3.39,KEMET,CAP ALUM 330UF 20% 25V RADIAL TH
ESK477M025AG7AA,1,3.47,KEMET,CAP ALUM RAD 85C
ESE477M025AG6AA,1,3.64,KEMET,CAP ALUM 470UF 20% 25V RADIAL TH
EDT226M035S9HAA,1,4.22,KEMET,CAP ALUM 22UF 20% 35V SMD
ESE475M400AH1AA,1,4.22,KEMET,CAP ALUM 4.7UF 20% 400V RADIAL
EDK227M6R3A9HAA,1,4.47,KEMET,CAP ALUM 220UF 20% 6.3V SMD
EEV686M025A9GAA,1,4.71,KEMET,CAP ALUM 68UF 20% 25V SMD
ESK227M063AH4AA,1,5.13,KEMET,CAP ALUM RAD 85C
ESX477M025AH2EA,1,5.79,KEMET,CAP ALUM RAD 105C
ESW337M035AH2AA,1,5.95,KEMET,CAP ALUM 330UF 20% 35V RADIAL TH
EDK477M6R3A9MAA,1,6.28,KEMET,CAP ALUM 470UF 20% 6.3V SMD
EDT476M035S9MAA,1,6.37,KEMET,CAP ALUM 47UF 20% 35V SMD
EDT227M010S9MAA,1,6.37,KEMET,CAP ALUM 220UF 20% 10V SMD
EDT227M016S9MAA,1,6.62,KEMET,CAP ALUM 220UF 20% 16V SMD
EDH158M6R3A9PAA,1,6.86,KEMET,CAP ALUM 1500UF 20% 6.3V SMD
ESX106M400AH4AA,1,7.19,KEMET,CAP ALUM 10UF 20% 400V RADIAL TH
EDK687M016A9PAA,1,7.36,KEMET,CAP ALUM 680UF 20% 16V SMD
EDK337M025A9PAA,1,7.69,KEMET,CAP ALUM 330UF 20% 25V SMD
EDK108M6R3A9PAA,1,8.02,KEMET,CAP ALUM 1000UF 20% 6.3V SMD
EDK337M035A9PAA,1,8.02,KEMET,CAP ALUM 330UF 20% 35V SMD
ESG336M250AL3AA,1,8.27,KEMET,CAP ALUM RAD 105C
ESH338M010AL3AA,1,8.27,KEMET,CAP ALUM 3300UF 20% 10V RADIAL
EDT687M010S9PAA,1,8.43,KEMET,CAP ALUM 680UF 20% 10V SMD
ESY158M010AH5AA,1,8.77,KEMET,CAP ALUM 1500UF 20% 10V RADIAL
EDT337M025S9PAA,1,8.85,KEMET,CAP ALUM 330UF 20% 25V SMD
EDH336M100A9PAA,1,9.26,KEMET,CAP ALUM 33UF 20% 100V SMD
EEV337M025A9MAA,1,9.43,KEMET,CAP ALUM 330UF 20% 25V SMD
EEV337M016A9MAA,1,9.43,KEMET,CAP ALUM 330UF 20% 16V SMD
EEV477M6R3A9MAA,1,9.43,KEMET,CAP ALUM 470UF 20% 6.3V SMD
EST158M016AH5AA,1,10.01,KEMET,CAP ALUM 1500UF 20% 16V RADIAL
ESC158M035AM7AA,1,10.34,KEMET,CAP ALUM 1500UF 20% 35V RADIAL
EXV108M6R3A9PAA,1,10.34,KEMET,CAP ALUM 1000UF 20% 6.3V SMD
ESH226M400AL4AA,1,10.67,KEMET,CAP ALUM RAD 105C
EEV108M010A9PAA,1,10.92,KEMET,CAP ALUM 1000UF 20% 10V SMD
EEV687M016A9PAA,1,10.92,KEMET,CAP ALUM 680UF 20% 16V SMD
ESW477M050AL3AA,1,11.58,KEMET,CAP ALUM 470UF 20% 50V RADIAL TH
ESW158M035AL6AA,1,13.07,KEMET,CAP ALUM 1500UF 20% 35V RADIAL
ESW108M035AL4AR,1,13.23,KEMET,CAP ALUM 1000UF 20% 35V RADIAL
ESH338M025AM2AA,1,13.4,KEMET,CAP ALUM RAD 105C
ESE336M400AM7AA,1,13.48,KEMET,CAP ALUM 33UF 20% 400V RADIAL TH
ESH336M400AM7AA,1,13.64,KEMET,CAP ALUM RAD 105C
EDH475M450A9RAA,1,16.04,KEMET,CAP ALUM 4.7UF 20% 450V SMD
ESE228M050AN2AA,1,17.7,KEMET,CAP ALUM 2200UF 20% 50V RADIAL
ESH228M050AN2AA,1,19.85,KEMET,CAP ALUM 2200UF 20% 50V RADIAL
ELG338M035AQ1AA,1,21.09,KEMET,CAP ALUM SNAP-IN 105C
ESZ476M400AM2AA,1,21.25,KEMET,CAP ALUM 47UF 20% 400V RADIAL TH
ELH338M050AQ2AA,1,23.9,KEMET,CAP ALUM 3300UF 20% 50V SNAP TH
EDH228M025A9TAA,1,24.06,KEMET,CAP ALUM 2200UF 20% 25V SMD
ELG476M400AQ7AA,1,26.38,KEMET,CAP ALUM SNAP-IN 105C
EDH108M035S9TAA,1,27.21,KEMET,CAP ALUM 1000UF 20% 35V SMD
ELG227M200AR7AA,1,27.45,KEMET,CAP ALUM SNAP-IN 105C
ELG688M035AQ4AA,1,29.44,KEMET,CAP ALUM SNAP-IN 105C
ELG228M063AQ3AA,1,29.69,KEMET,CAP ALUM SNAP-IN 105C
ELH477M200AQ3AA,1,31.01,KEMET,CAP ALUM SNAP-IN 85C
ELG108M100AQ3AA,1,32.5,KEMET,CAP ALUM SNAP-IN 105C
ELH109M035AR4AA,1,32.75,KEMET,CAP ALUM 10000UF 20% 35V SNAP TH
ELH688M035AR2AA,1,33.57,KEMET,CAP ALUM SNAP-IN 85C
ELG338M063AR4AA,1,35.06,KEMET,CAP ALUM SNAP-IN 105C
ELH157M400AR2AA,1,35.23,KEMET,CAP ALUM SNAP-IN 85C
ELG109M035AR5AA,1,36.96,KEMET,CAP ALUM 10000UF 20% 35V SNAP TH
ELG477M200AR2AA,1,40.35,KEMET,CAP ALUM SNAP-IN 105C
ELH107M450AR2AA,1,41.35,KEMET,CAP ALUM SNAP-IN 85C
ELG477M250AR3AA,1,42.67,KEMET,CAP ALUM SNAP-IN 105C
ALT22A472AB040,1,46.39,KEMET,CAP ALUM 4700UF 20% 40V SNAP TH
ELG159M025AS3AV,1,48.46,KEMET,CAP ALUM SNAP-IN 105C
ELH108M200AR6AA,1,50.11,KEMET,CAP ALUM 1000UF 20% 200V SNAP TH
ELH227M400AS2AV,1,50.28,KEMET,CAP ALUM SNAP-IN 85C
ELH478M080AS3AA,1,50.53,KEMET,CAP ALUM 4700UF 20% 80V SNAP TH
ELG157M400AR2AA,1,51.77,KEMET,CAP ALUM SNAP-IN 105C
ELH479M016AS6AA,1,51.77,KEMET,CAP ALUM SNAP-IN 85C
ELG227M400AR5AA,1,51.85,KEMET,CAP ALUM SNAP-IN 105C
ALC70A562BB040,1,52.18,KEMET,CAP ALUM 5600UF 20% 40V SNAP TH
ELG227M400AS3AA,1,54.25,KEMET,CAP ALUM SNAP-IN 105C
PEG227HKL4320ME4,1,54.74,KEMET,CAP ALUM 3200UF 20% 25V AXIAL TH
ELG108M200AT2AA,1,55.16,KEMET,CAP ALUM 1000UF 20% 200V SNAP TH
PEH506VAC3100M2,1,56.73,KEMET,CAP ALUM SNAP-IN 85C
PEH532VAC3100M2,1,58.8,KEMET,CAP ALUM SNAP-IN 105C
ELG277M450AS5AA,1,61.11,KEMET,CAP ALUM SNAP-IN 105C
PEG227KML4270QE4,1,63.01,KEMET,CAP ALUM 2700UF 40V AXIAL TH
ELG277M450AT3AA,1,64.09,KEMET,CAP ALUM SNAP-IN 105C
PEG228HKL4210ME4,1,64.25,KEMET,CAP ALUM 2100UF 20% 25V AXIAL TH
ALC70A181BD450,1,65.91,KEMET,CAP ALUM 180UF 20% 450V SNAP TH
ALC70A221CB400,1,66.16,KEMET,CAP ALUM 220UF 20% 400V SNAP TH
PEG228KKL4110QE4,1,67.07,KEMET,CAP ALUM 1100UF 40V AXIAL TH
ELG397M400AS4AA,1,67.31,KEMET,CAP ALUM SNAP-IN 105C
PEG130HL4630QE4,1,68.06,KEMET,CAP ALUM 6300UF 25V AXIAL TH
ELH158M200AT4AA,1,68.06,KEMET,CAP ALUM SNAP-IN 85C
ELH229M035AS6AA,1,68.88,KEMET,CAP ALUM SNAP-IN 85C
ELG337M400AT3AA,1,70.62,KEMET,CAP ALUM 330UF 20% 400V SNAP TH
PEG227HLQ4710QE4,1,71.61,KEMET,CAP ALUM 7100UF 25V AXIAL TH
ALC70A471DC350,1,73.02,KEMET,CAP ALUM 470UF 20% 350V SNAP TH
ALH82A820CB550,1,73.27,KEMET,CAP ALUM 82UF 20% 550V SNAP TH
PEG227HML4560QE4,1,73.35,KEMET,CAP ALUM 5600UF 25V AXIAL TH
PEG228HLP4410QE4,1,74.26,KEMET,CAP ALUM 4100UF 25V AXIAL TH
ALH82A101CC550,1,76.08,KEMET,CAP ALUM 100UF 20% 550V SNAP TH
PEH227HKL4320ME4,1,76.82,KEMET,CAP ALUM 3200UF 20% 25V SLD LUG
PEV228KLL4170QE4,1,77.15,KEMET,CAP ALUM 1700UF 40V SMD
ALC70A121BB450,1,77.48,KEMET,CAP ALUM 120UF 20% 450V SNAP TH
ALC70A151BB400,1,77.65,KEMET,CAP ALUM 150UF 20% 400V SNAP TH
ALC70A391DC400,1,77.82,KEMET,CAP ALUM 390UF 20% 400V SNAP TH
PEH227KKL4150ME4,1,80.21,KEMET,CAP ALUM 1500UF 20% 40V SLD LUG
PEH227MKL3780QE4,1,80.38,KEMET,CAP ALUM 780UF 63V SOLDER LUG TH
ELG158M250AT6AA,1,82.45,KEMET,CAP ALUM 1500UF 20% 250V SNAP TH
ELG337M450AS6AA,1,82.78,KEMET,CAP ALUM SNAP-IN 105C
ELH129M063AT5AA,1,83.93,KEMET,CAP ALUM 12000UF 20% 63V SNAP TH
PEV227HKP4460ME4,1,84.6,KEMET,CAP ALUM 4600UF 20% 25V SMD
PEV227KLP4300QE4,1,84.84,KEMET,CAP ALUM 3000UF 40V SMD
PEV227MKL3780QE4,1,84.93,KEMET,CAP ALUM 780UF 63V SMD
PES227MKP4110QE4,1,85.18,KEMET,CAP ALUM 1100UF 63V SMD
ELG398M100AT5AA,1,85.75,KEMET,CAP ALUM SNAP-IN 105C
PEH227KML4270QE4,1,86.09,KEMET,CAP ALUM 2700UF 40V SOLDER LUG
ALC70A331CD400,1,86.17,KEMET,CAP ALUM SNAP-IN 85C
PEV227MKP4110QE4,1,86.99,KEMET,CAP ALUM 1100UF 63V SMD
PEV227KKP4220ME4,1,87.9,KEMET,CAP ALUM 2200UF 20% 40V SMD
PEV228MLL3750QE4,1,87.99,KEMET,CAP ALUM 750UF 63V SMD
ALA7DA181CC550,1,88.73,KEMET,CAP ALUM 180UF 20% 550V SNAP TH
ELG477M400AS6AA,1,88.9,KEMET,CAP ALUM SNAP-IN 105C
ALH82A241DF550,1,88.98,KEMET,CAP ALUM 240UF 20% 550V SNAP TH
PEH227MLL4110QE4,1,90.14,KEMET,CAP ALUM 1100UF 63V SOLDER LUG
PEV227HLP4620QE4,1,90.22,KEMET,CAP ALUM 6200UF 25V SMD
PEH227HKP4460ME4,1,90.88,KEMET,CAP ALUM 4600UF 20% 25V SLD LUG
ALF80C102DF250,1,91.38,KEMET,CAP ALUM 1000UF 20% 250V PRESS
ALC40A221EC500,1,92.29,KEMET,CAP ALUM 220UF 20% 500V SNAP TH
ALH82A181CF550,1,94.11,KEMET,CAP ALUM 180UF 20% 550V SNAP TH
PEH532VCE3330M2,1,94.35,KEMET,CAP ALUM SNAP-IN 105C
ELH687M400AT3AA,1,95.51,KEMET,CAP ALUM 680UF 20% 400V SNAP TH
PEH228MMP4140QE4,1,95.51,KEMET,CAP ALUM 1400UF 63V SOLDER LUG
ALC80A331EB400,1,96.17,KEMET,CAP ALUM 330UF 20% 400V SNAP TH
ALC70A102DD250,1,96.67,KEMET,CAP ALUM 1000UF 20% 250V SNAP TH
ALC80A221CD450,1,97.41,KEMET,CAP ALUM 220UF 20% 450V SNAP TH
ALA7DA681DE400,1,97.41,KEMET,CAP ALUM 680UF 20% 400V SNAP TH
PEH227KLL4210QE4,1,98.74,KEMET,CAP ALUM 2100UF 40V SOLDER LUG
ALC80A391DD400,1,99.81,KEMET,CAP ALUM 390UF 20% 400V SNAP TH
ALC70A471CF400,1,100.31,KEMET,CAP ALUM 470UF 20% 400V SNAP TH
ALC80A102DF250,1,102.95,KEMET,CAP ALUM 1000UF 20% 250V SNAP TH
ALC10A331DC400,1,103.29,KEMET,CAP ALUM 330UF 20% 400V SNAP TH
PEH536YDG3330M3,1,103.95,KEMET,CAP ALUM 330UF 20% 450V SNAP TH
PEH227MLP4160QE4,1,105.93,KEMET,CAP ALUM 1600UF 63V SOLDER LUG
ALA7DA561DD400,1,106.01,KEMET,CAP ALUM 560UF 20% 400V SNAP TH
ALA8DF301DD500,1,108,KEMET,CAP ALUM 300UF 20% 500V SNAP TH
ALA7DA161CD600,1,109.9,KEMET,CAP ALUM 160UF 20% 600V SNAP TH
PEH227KMP4420QE4,1,110.56,KEMET,CAP ALUM 4200UF 40V SOLDER LUG
ALA7DA821DF400,1,112.13,KEMET,CAP ALUM 820UF 20% 400V SNAP TH
ALA7DA331DC500,1,112.71,KEMET,CAP ALUM 330UF 20% 500V SNAP TH
ALC40A331DD400,1,114.28,KEMET,CAP ALUM 330UF 20% 400V SNAP TH
ALC10A102DF250,1,114.28,KEMET,CAP ALUM 1000UF 20% 250V SNAP TH
ALC10A331DD450,1,114.28,KEMET,CAP ALUM 330UF 20% 450V SNAP TH
ALA7DA241DC550,1,116.93,KEMET,CAP ALUM 240UF 20% 550V SNAP TH
ELG687M400AT8AA,1,118.58,KEMET,CAP ALUM SNAP-IN 105C
ALC40A471DF400,1,121.15,KEMET,CAP ALUM 470UF 20% 400V SNAP TH
ALA8DA361DE500,1,121.23,KEMET,CAP ALUM 360UF 20% 500V SNAP TH
PEH228KMS4420QE4,1,124.12,KEMET,CAP ALUM 4200UF 40V SOLDER LUG
ALA7DA271CE550,1,124.79,KEMET,CAP ALUM 270UF 20% 550V SNAP TH
ALF80C112EH350,1,127.02,KEMET,CAP ALUM 1100UF 20% 350V PRESS
PEH227HMS5100QE4,1,127.18,KEMET,CAP ALUM 10500UF 25V SOLDER LUG
ALC10A121CC550,1,127.68,KEMET,CAP ALUM 120UF 20% 550V SNAP TH
PEH227MMS4280QE4,1,129.33,KEMET,CAP ALUM 2800UF 63V SOLDER LUG
ALC70A561EF500,1,130.33,KEMET,CAP ALUM 560UF 20% 500V SNAP TH
ALA8DA431DF500,1,130.99,KEMET,CAP ALUM 430UF 20% 500V SNAP TH
ALC40A471DE400,1,134.46,KEMET,CAP ALUM 470UF 20% 400V SNAP TH
ALA7DA241DE600,1,135.54,KEMET,CAP ALUM 240UF 20% 600V SNAP TH
ALA7DA181DC600,1,135.62,KEMET,CAP ALUM 180UF 20% 600V SNAP TH
ALA7DA181CE600,1,136.2,KEMET,CAP ALUM 180UF 20% 600V SNAP TH
ALC10C471EF450,1,137.44,KEMET,CAP ALUM 470UF 20% 450V SNAP TH
PEH532YDG3470M2,1,138.27,KEMET,CAP ALUM SNAP-IN 105C
ALS80A431DA400,1,143.23,KEMET,CAP ALUM 430UF 20% 400V SCREW CH
ALS31A223DB025,1,143.72,KEMET,CAP ALUM SCREW TERM 85C
ALF70C432EL200,1,144.96,KEMET,CAP ALUM 4300UF 20% 200V PRESS
ALF70C821EH450,1,149.84,KEMET,CAP ALUM 820UF 20% 450V PRESS
ALS31A152DF200,1,150.26,KEMET,CAP ALUM 1500UF 20% 200V SCREW
ALA7DA361DE550,1,150.59,KEMET,CAP ALUM 360UF 20% 550V SNAP TH
ALC10A271DF550,1,155.3,KEMET,CAP ALUM 270UF 20% 550V SNAP TH
ALF80C132EL400,1,163.9,KEMET,CAP ALUM 1300UF 20% 400V PRESS
ALC10A102DL400,1,165.22,KEMET,CAP ALUM 1000UF 20% 400V SNAP TH
ALC10A561DL500,1,168.04,KEMET,CAP ALUM 560UF 20% 500V SNAP TH
ALF70G162EL400,1,186.23,KEMET,CAP ALUM 1600UF 20% 400V PRESS
ALA7DA301DF600,1,187.63,KEMET,CAP ALUM 300UF 20% 600V SNAP TH
ALC40G471EG500,1,190.36,KEMET,CAP ALUM 470UF 20% 500V SNAP TH
ALC10A471EH550,1,264.95,KEMET,CAP ALUM 470UF 20% 550V SNAP TH
ALS31A102KF450,1,291,KEMET,CAP ALUM 1000UF 20% 450V SCREW
ALC70C132FP550,1,314.4,KEMET,CAP ALUM 1300UF 20% 550V SNAP TH
ALS31A472MF200,1,349.14,KEMET,CAP ALUM SCREW TERM 85C
PEH200MJ5220MU2,1,452.75,KEMET,CAP ALUM 22000UF 20% 63V SCREW
PEH169RK433VMU2,1,463.34,KEMET,CAP ALUM 3300UF 20% 200V SCREW
ALS30A222MF450,1,470.12,KEMET,CAP ALUM SCRW TERM 85C
ALS70A512MF400,1,491.21,KEMET,CAP ALUM 5100UF 20% 400V SCREW
ALS80A113NF250,1,568.77,KEMET,CAP ALUM 11000UF 20% 250V SCREW
PEH200XO4220MU2,1,607.39,KEMET,CAP ALUM 2200UF 20% 385V SCREW
ALS31A222NP500,1,618.14,KEMET,CAP ALUM SCREW TERM 85C
ALS30A222NP500,1,618.31,KEMET,CAP ALUM 2200UF 20% 500V SCREW
ALS31A103NP250,1,651.14,KEMET,CAP ALUM SCREW TERM 85C
PEH169QT468VMU2,1,662.22,KEMET,CAP ALUM SCREW TERM 105C
PEH169QU4680QU2,1,685.04,KEMET,CAP ALUM SCREW TERM 105C
PEH200MO5470MU2,1,716.13,KEMET,CAP ALUM SCRW TERM 85C
ALS70A274NT063,1,806.11,KEMET,CAP ALUM 270000UF 20% 63V SCREW
ALS30A472NP450,1,807.68,KEMET,CAP ALUM SCRW TERM 85C
PEH200HT6220MU2,1,838.03,KEMET,CAP ALUM SCRW TERM 85C
PEH200ZV4220MU2,1,989.19,KEMET,CAP ALUM SCRW TERM 85C
PEH200YT4220MU2,1,1005.98,KEMET,CAP ALUM 2200UF 20% 450V SCREW
ALS31C682NT450,1,1107.45,KEMET,CAP ALUM 6800UF 20% 450V SCREW
PEH200XV4470MB2,1,1154.08,KEMET,CAP ALUM SCRW TERM 85C
PEH200YU433CMB2,1,1223.47,KEMET,CAP ALUM 3300UF 20% 450V SCREW
PEH200UV4680MB2,1,1275.4,KEMET,CAP ALUM SCRW TERM 85C
ALS30A682NT500,1,1293.01,KEMET,CAP ALUM 6800UF 20% 500V SCREW
PEH200YV4330MB2,1,1322.45,KEMET,CAP ALUM SCRW TERM 85C
PEH200PV5470MB2,1,1415.9,KEMET,CAP ALUM SCRW TERM 85C
PEH169VY447VMB2,1,1456.75,KEMET,CAP ALUM SCRW TERM 85C
PEH200YY4470MB2,1,1673.49,KEMET,CAP ALUM 4700UF 20% 450V SCREW
ESK227M016AE3EA,1,1.82,KEMET,CAP ALUM RAD 85C
ESW476M035AE3AA,1,2.07,KEMET,CAP ALUM RAD 105C
EDH476M6R3A9BAA,1,2.4,KEMET,CAP ALUM 47UF 20% 6.3V SMD
EDH475M025S9BAA,1,2.48,KEMET,CAP ALUM 4.7UF 20% 25V SMD
EDH226M016S9BAA,1,2.48,KEMET,CAP ALUM 22UF 20% 16V SMD
EDK106M035S9BAA,1,2.48,KEMET,CAP ALUM 10UF 20% 35V SMD
EDH106M025S9BAA,1,2.65,KEMET,CAP ALUM 10UF 20% 25V SMD
EXV106M025S9BAA,1,2.65,KEMET,CAP ALUM 10UF 20% 25V SMD
ESK227M025AG3AA,1,2.65,KEMET,CAP ALUM RAD 85C
EST226M050AC3JA,1,2.65,KEMET,CAP ALUM RAD 105C
EDH476M010A9DAA,1,2.65,KEMET,CAP ALUM 47UF 20% 10V SMD
EDH106M050A9DAA,1,2.73,KEMET,CAP ALUM 10UF 20% 50V SMD
EXV226M025A9DAA,1,2.81,KEMET,CAP ALUM 22UF 20% 25V SMD
EDH476M6R3S9DAA,1,2.81,KEMET,CAP ALUM 47UF 20% 6.3V SMD
EDK106M025S9DAA,1,2.81,KEMET,CAP ALUM 10UF 20% 25V SMD
EDH226M016S9DAA,1,2.81,KEMET,CAP ALUM 22UF 20% 16V SMD
EDH226M025S9DAA,1,2.81,KEMET,CAP ALUM 22UF 20% 25V SMD
EDH106M050A9GAA,1,2.81,KEMET,CAP ALUM 10UF 20% 50V SMD
EDK106M063S9GAA,1,3.06,KEMET,CAP ALUM 10UF 20% 63V SMD
EDK106M050S9GAA,1,3.23,KEMET,CAP ALUM 10UF 20% 50V SMD
EDH226M035S9GAA,1,3.23,KEMET,CAP ALUM 22UF 20% 35V SMD
EEV107M010S9GAA,1,3.31,KEMET,CAP ALUM 100UF 20% 10V SMD
EDH226M035A9GAA,1,3.31,KEMET,CAP ALUM 22UF 20% 35V SMD
EDH226M050S9GAA,1,3.31,KEMET,CAP ALUM 22UF 20% 50V SMD
EDK475M100A9HAA,1,3.39,KEMET,CAP ALUM 4.7UF 20% 100V SMD
EEV336M025S9GAA,1,3.39,KEMET,CAP ALUM 33UF 20% 25V SMD
ESH227M035AH9AA,1,3.39,KEMET,CAP ALUM 220UF 20% 35V RADIAL TH
EXV336M035S9GAA,1,3.47,KEMET,CAP ALUM 33UF 20% 35V SMD
ESE475M400AH9EA,1,3.47,KEMET,CAP ALUM RAD 105C
EDK226M063A9HAA,1,3.72,KEMET,CAP ALUM 22UF 20% 63V SMD
EDK226M063S9HAA,1,3.72,KEMET,CAP ALUM 22UF 20% 63V SMD
EXV107M016A9HAA,1,3.8,KEMET,CAP ALUM 100UF 20% 16V SMD
EDK476M050S9HAA,1,3.97,KEMET,CAP ALUM 47UF 20% 50V SMD
EEV107M025S9HAA,1,4.13,KEMET,CAP ALUM 100UF 20% 25V SMD
ESH475M350AH2AA,1,4.38,KEMET,CAP ALUM 4.7UF 20% 350V RADIAL
ESC337M025AG6AA,1,4.47,KEMET,CAP ALUM 330UF 20% 25V RADIAL TH
EXV476M016A9GAA,1,4.47,KEMET,CAP ALUM 47UF 20% 16V SMD
ESY128M6R3AH8AA,1,4.47,KEMET,CAP ALUM 1200UF 20% 6.3V RADIAL
ESH108M016AH4AA,1,4.63,KEMET,CAP ALUM 1000UF 20% 16V RADIAL
EDH107M035A9MAA,1,4.96,KEMET,CAP ALUM 100UF 20% 35V SMD
EDH477M6R3A9MAA,1,5.04,KEMET,CAP ALUM 470UF 20% 6.3V SMD
ESE156M250AH2AA,1,5.29,KEMET,CAP ALUM RAD 105C
EDH477M016S9MAA,1,5.54,KEMET,CAP ALUM 470UF 20% 16V SMD
EDT476M050A9MAA,1,5.79,KEMET,CAP ALUM 47UF 20% 50V SMD
EEV477M010S9MAA,1,6.04,KEMET,CAP ALUM 470UF 20% 10V SMD
EEV227M016S9MAA,1,6.12,KEMET,CAP ALUM 220UF 20% 16V SMD
EEV107M035S9MAA,1,6.12,KEMET,CAP ALUM 100UF 20% 35V SMD
ESU685M400AH8KA,1,6.28,KEMET,CAP ALUM RAD 105C
EDT107M025S9MAA,1,6.53,KEMET,CAP ALUM 100UF 20% 25V SMD
EDH477M025S9PAA,1,7.44,KEMET,CAP ALUM 470UF 20% 25V SMD
ESU106M350AH4AA,1,7.53,KEMET,CAP ALUM 10UF 20% 350V RADIAL TH
ESK228M016AL4AA,1,7.61,KEMET,CAP ALUM 2200UF 20% 16V RADIAL
ESZ336M200AH4EA,1,7.77,KEMET,CAP ALUM RAD 105C
EXV687M016S9PAA,1,8.52,KEMET,CAP ALUM 680UF 20% 16V SMD
EEV227M050S9PAA,1,8.77,KEMET,CAP ALUM 220UF 20% 50V SMD
EXV337M016A9MAA,1,8.85,KEMET,CAP ALUM 330UF 20% 16V SMD
EXV337M035S9PAA,1,8.85,KEMET,CAP ALUM 330UF 20% 35V SMD
EST687M035AH6AA,1,13.48,KEMET,CAP ALUM 680UF 20% 35V RADIAL TH
ESY687M035AL3AA,1,13.48,KEMET,CAP ALUM 680UF 20% 35V RADIAL TH
EDH227M063S9SAA,1,21.67,KEMET,CAP ALUM 220UF 20% 63V SMD
EST108M063AM3AA,1,23.65,KEMET,CAP ALUM 1000UF 20% 63V RADIAL
EDH477M063S9TAA,1,31.34,KEMET,CAP ALUM 470UF 20% 63V SMD
ELH686M400AQ1AA,1,31.84,KEMET,CAP ALUM 68UF 20% 400V SNAP TH
ELH229M025AS4AA,1,44.24,KEMET,CAP ALUM 22000UF 20% 25V SNAP TH
PEG124HB3100QT1,1,50.61,KEMET,CAP ALUM 100UF 25V AXIAL TH
ELH337M400AS4AA,1,57.06,KEMET,CAP ALUM 330UF 20% 400V SNAP TH
PEG124PF310VQE4,1,59.46,KEMET,CAP ALUM 100V POLAR
ALA8AA181BC400,1,60.04,KEMET,CAP ALUM 400V POLAR
ALC80F392BB040,1,61.77,KEMET,CAP ALUM 3900UF 20% 40V SNAP TH
PEG228HML4370QE4,1,63.51,KEMET,CAP ALUM 3700UF 25V AXIAL TH
ALA8AA181BC450,1,63.84,KEMET,CAP ALUM 450V POLAR
ALA8AA121BC500,1,64.01,KEMET,CAP ALUM 500V POLAR
PEG227HLP4620QE4,1,66.82,KEMET,CAP ALUM 6200UF 25V AXIAL TH
ALA8AA221BD400,1,68.06,KEMET,CAP ALUM 400V POLAR
ALC80F221CC400,1,68.47,KEMET,CAP ALUM 400V POLAR
ALA8AA271BE400,1,69.55,KEMET,CAP ALUM 400V POLAR
ALA8AA271CC400,1,71.94,KEMET,CAP ALUM 400V POLAR
ALA8AA221BD450,1,72.61,KEMET,CAP ALUM 450V POLAR
ALA8AA151BD500,1,73.35,KEMET,CAP ALUM 500V POLAR
ALA8AA331CD400,1,74.43,KEMET,CAP ALUM 400V POLAR
ALA8AA271BE450,1,75.09,KEMET,CAP ALUM 450V POLAR
ALA8AA181BE500,1,75.25,KEMET,CAP ALUM 500V POLAR
ALA8AA271CC450,1,77.48,KEMET,CAP ALUM 450V POLAR
ALA8AA181CC500,1,77.73,KEMET,CAP ALUM 500V POLAR
ALO8AA331CB400,1,77.82,KEMET,CAP ALUM 105C 330UF 400VDC
ALO8AA271CB450,1,78.15,KEMET,CAP ALUM 105C 270UF 450VDC
ALA8AA331BF400,1,79.22,KEMET,CAP ALUM 400V POLAR
ALA8AA391CE400,1,80.3,KEMET,CAP ALUM 400V POLAR
ALA8AA331CD450,1,81.12,KEMET,CAP ALUM SNAP-IN 105C
ALA8AA221CD500,1,81.29,KEMET,CAP ALUM 500V POLAR
ALO8AA391CC400,1,83.19,KEMET,CAP ALUM 105C 390UF 400VDC
ALP20A101BB400,1,84.51,KEMET,CAP ALUM 100UF 400V SOLDER LUG
ALO8AA331CC450,1,84.68,KEMET,CAP ALUM 105C 330UF 450VDC
ALF70C331DC450,1,85.01,KEMET,CAP ALUM 330UF 20% 450V PRESS
ALO8AA471DC400,1,85.67,KEMET,CAP ALUM 105C 470UF 400VDC
ALA8AA221BF500,1,85.92,KEMET,CAP ALUM 500V POLAR
ALC70F331CD400,1,86.17,KEMET,CAP ALUM 400V POLAR
ALA8AA391DC400,1,87.49,KEMET,CAP ALUM 400V POLAR
ALA8AA391CE450,1,87.99,KEMET,CAP ALUM SNAP-IN 105C
ALA8AA271CE500,1,89.81,KEMET,CAP ALUM 500V POLAR
ALA8AA471CF400,1,91.13,KEMET,CAP ALUM 400V POLAR
ALO8AA441DC450,1,91.38,KEMET,CAP ALUM 105C 440UF 450VDC
ALA7DA271CD500,1,93.03,KEMET,CAP ALUM 270UF 20% 500V SNAP TH
ALA8AA471DD400,1,94.93,KEMET,CAP ALUM 400V POLAR
ALA8AA391DD450,1,95.35,KEMET,CAP ALUM 450V POLAR
ALA8AA271DC500,1,97,KEMET,CAP ALUM 500V POLAR
ALF80C912DD063,1,97.99,KEMET,CAP ALUM 9100UF 20% 63V PRESS
ALA8AA561DE400,1,98.08,KEMET,CAP ALUM 400V POLAR
ALA8AA471DE450,1,99.15,KEMET,CAP ALUM 450V POLAR
ALC70F471CF400,1,100.31,KEMET,CAP ALUM 470UF 20% 400V SNAP TH
PEH227MML4150QE4,1,102.62,KEMET,CAP ALUM 1500UF 63V SOLDER LUG
ALA8AA331CF500,1,102.95,KEMET,CAP ALUM SNAP-IN 105C
ALA8AA331DD500,1,106.76,KEMET,CAP ALUM 500V POLAR
ALA8AA681DF400,1,112.71,KEMET,CAP ALUM 400V POLAR
ALC40A822DD063,1,120.07,KEMET,CAP ALUM SNAP-IN 105C
ALC40C221DF450,1,130.99,KEMET,CAP ALUM SNAP-IN 105C
PEH200YC3220MU2,1,275.87,KEMET,CAP ALUM 220UF 20% 450V SCREW CH
ALF80G222FP400,1,291.99,KEMET,CAP ALUM 2200UF 20% 400V PRESS
PEH169QU4680QB2,1,696.87,KEMET,CAP ALUM SCRW TERM 105C
PEH200YX460BQU2,1,1594.68,KEMET,CAP ALUM 6000UF 450V SCREW CHAS
ESH105M063AC3AA,40000,0.23031,KEMET,CAP ALUM RAD 105C
ESK226M063AE3DA,40000,0.28508,KEMET,CAP ALUM RAD 85C
ESH106M100AE3EA,40000,0.35594,KEMET,CAP ALUM RAD 105C
ESY477M010AG3AA,12000,0.66185,KEMET,CAP ALUM 470UF 20% 10V RADIAL TH
EXV336M010A9DAA,40000,0.80083,KEMET,CAP ALUM 33UF 20% 10V SMD
ESL108M025AK5AA,1,,KEMET,CAP ALUM RAD 105C
EDK336M050A9MAA,7000,1.18039,KEMET,CAP ALUM 33UF 20% 50V SMD
ESH226M016AC3DA,1,1.57,KEMET,CAP ALUM 22UF 20% 16V RADIAL TH
EDK335M035A9BAA,1,2.65,KEMET,CAP ALUM 3.3UF 20% 35V SMD
ESL226M350AK5AA,1,,KEMET,CAP ALUM RAD 105C
ESW108M035AL4AA,4000,2.40757,KEMET,CAP ALUM RAD 105C
EST477M016AG4EA,1,3.97,KEMET,CAP ALUM RAD 105C
EDK476M035S9GAA,1,4.13,KEMET,CAP ALUM 47UF 20% 35V SMD
ESX475M400AH2EA,1,4.88,KEMET,CAP ALUM 4.7UF 20% 400V RADIAL
ESC338M025AM3AA,6000,5.67738,KEMET,CAP ALUM RAD 105C
ESZ227M160AN5AA,1,,KEMET,CAP ALUM RAD 105C
ELH228M063AR1AA,1000,9.68427,KEMET,CAP ALUM SNAP-IN 85C
ELH159M016AS1AA,1000,11.67374,KEMET,CAP ALUM SNAP-IN 85C
PEG124MA2150QT1,1000,22.71296,KEMET,CAP ALUM 15UF 63V AXIAL TH
PEG124VB1220QL1,1,,KEMET,CAP ALUM 2.2UF 400V AXIAL TH
PEG124YB1330QL1,1,,KEMET,CAP ALUM 3.3UF 450V AXIAL TH
PEH506VCC3180M2,1200,26.08138,KEMET,CAP ALUM SNAP-IN 85C
PEG127KC3270QL1,1,,KEMET,CAP ALUM 270UF 40V AXIAL TH
PEH536MCC4220M2,1000,31.82028,KEMET,CAP ALUM SNAP-IN 105C
PEG130KJ4300QL1,1,,KEMET,CAP ALUM 3000UF 40V AXIAL TH
ELG827M250AS4AA,1000,31.01161,KEMET,CAP ALUM SNAP-IN 105C
PEG226MH3470QE1,1,,KEMET,CAP ALUM 470UF 63V AXIAL TH
ELD107M450AR2AA,1,36.14,KEMET,CAP ALUM 100UF 20% 450V SNAP TH
PEG124HA2470QT1,1,39.53,KEMET,CAP ALUM 47UF 20% 25V AXIAL TH
PEH534YDB3150M4,1000,37.2548,KEMET,CAP ALUM SNAP-IN HIGH RIPPLE
PEG124PL347VQL1,1,,KEMET,CAP ALUM 470UF 20% 100V AXIAL TH
ALC40A152CC100,1120,43.52058,KEMET,CAP ALUM SNAP-IN 105C
ALC80A271CD400,1120,44.59731,KEMET,CAP ALUM 270UF 20% 400V SNAP TH
PEG130ML4180QL1,1,59.29,KEMET,CAP ALUM 1800UF 63V AXIAL TH
ELG688M063AT4AA,1000,32.00237,KEMET,CAP ALUM 6800UF 20% 63V SNAP TH
ALC70A361DF550,1000,66.80189,KEMET,CAP ALUM 360UF 20% 550V SNAP TH
ALC70A821EF400,1008,69.25676,KEMET,CAP ALUM SNAP-IN 85C
PEG226MG3370QE1,1,79.72,KEMET,CAP ALUM 370UF 63V AXIAL TH
PEV227HLL4430QE4,1,81.04,KEMET,CAP ALUM 4300UF 25V SMD
PEG228HLL4280QE4,1,81.12,KEMET,CAP ALUM 2800UF 25V AXIAL TH
ALC70D103CF063,1120,47.82092,KEMET,CAP ALUM 10000UF 20% 63V SNAP TH
ALC80C301DC400,1,83.69,KEMET,CAP ALUM 300UF 20% 400V SNAP TH
PEG124VG2220QL1,1,86,KEMET,CAP ALUM 22UF 20% 400V AXIAL TH
ALA8DA271CE500,1120,51.9321,KEMET,CAP ALUM 270UF 20% 500V SNAP TH
PEH534VDF3470M2,1200,66.88438,KEMET,CAP ALUM SNAP-IN HIGH RIPPLE
ALC10A472CC063,1,91.21,KEMET,CAP ALUM 4700UF 20% 63V SNAP TH
ALA7DC681DE400,1000,68.83113,KEMET,CAP ALUM 680UF 20% 400V SNAP TH
ALC40E1004EL,1,,KEMET,4 PIN TERMINATION STYLE CAPACITA
ALA8DA431DD450,1000,60.11487,KEMET,CAP ALUM 430UF 20% 450V SNAP TH
ALC80C152EN400,1008,121.54078,KEMET,CAP ALUM 1500UF 20% 400V SNAP TH
ALA8DA561DF450,1000,80.02855,KEMET,CAP ALUM 560UF 20% 450V SNAP TH
ALP20A682DF100,1,,KEMET,CAP ALUM 6800UF 100V SOLDER LUG
ALC40C821EL450,1,196.4,KEMET,CAP ALUM 820UF 20% 450V SNAP TH
ALC80H244KP025,1008,186.09355,KEMET,CAP ALUM 240000UF 20% 25V SNAP
ALF20C102EL400,1,211.62,KEMET,CAP ALUM 1000UF 20% 400V PRESS
ALC70C682KP250,1,300.84,KEMET,CAP ALUM 6800UF 20% 250V SNAP TH
PEH200PJ5100MU2,1,509.23,KEMET,CAP ALUM 10000UF 20% 100V SCREW
ALS31B1003NX,1,,KEMET,THREADED MOUNTING STUD.
A331TW682M500A,1,,KEMET,CAP ALUM 6800UF 20% 500V SCREW
PEH200SX5150MU2,96,1368.74188,KEMET,CAP ALUM SCRW TERM 85C
EV227M035A9PAAKPLP,1,,KEMET,CAP ALUM 220UF 20% 35V
PEG226MG337RQE4,1,,KEMET,CAP ALUM 370UF AXIAL TH
A231ML471Q063A,1,,KEMET,CAP ALUM 470UF 63V AXIAL TH
LG688M063AT4AAKPLP,1,,KEMET,CAP ALUM 6800UF 20% 63V SNAP TH
A431TS472M400A,1,,KEMET,4700UFVV
A451QM473M063A,1,,KEMET,CAP ALUM 47000UF 20% 63V SCREW
EDK477M016A9MAA,1,6.28,KEMET,CAP ALUM 470UF 20% 16V SMD
ALC10C471EE400,1,99.81,KEMET,CAP ALUM 470UF 20% 400V SNAP TH
ALF70G303KP100,1,267.76,KEMET,CAP ALUM 30000UF 20% 100V PRESS
ALF20G302KP400,1,275.46,KEMET,CAP ALUM 3000UF 20% 400V PRESS
ALS30A103KE100,1,286.37,KEMET,CAP ALUM 10000UF 20% 100V SCREW
ALS80A184KF025,1,310.52,KEMET,CAP ALUM 180000UF 20% 25V SCREW
ALS70A102KF630,1,377.42,KEMET,CAP ALUM 1000UF 20% 630V SCREW
ALS30A332LF400,1,529.49,KEMET,CAP ALUM 3300UF 20% 400V SCREW
ALS31A472NF400,1,684.63,KEMET,CAP ALUM 4700UF 20% 400V SCREW
ALS30A472NJ400,1,688.27,KEMET,CAP ALUM 4700UF 20% 400V SCREW
ALS30A472NP400,1,692.48,KEMET,CAP ALUM 4700UF 20% 400V SCREW
ALS70A752NP450,1,722.17,KEMET,CAP ALUM 7500UF 20% 450V SCREW
ALS70A103NT500,1,1185.34,KEMET,CAP ALUM 10000UF 20% 500V SCREW
ESK335M050AC3AA,1,1.32,KEMET,CAP ALUM 3.3UF 20% 50V RADIAL TH
ESK476M025AC3AA,1,1.57,KEMET,CAP ALUM 47UF 20% 25V RADIAL TH
ESL107M016AC3AA,1,1.57,KEMET,CAP ALUM 100UF 20% 16V RADIAL TH
ES5107M016AE1EA,1,2.23,KEMET,CAP ALUM 100UF 20% 16V RADIAL TH
ESH107M050AG3KA,1,2.48,KEMET,CAP ALUM RAD 105C
ES5226M050AE1EA,1,2.48,KEMET,CAP ALUM 22UF 20% 50V RADIAL TH
EDK105M050A9BAA,1,2.56,KEMET,CAP ALUM 1UF 20% 50V SMD
ESC107M035AG3EA,1,2.89,KEMET,CAP ALUM 100UF 20% 35V RADIAL TH
EDK476M035A9GAA,1,3.23,KEMET,CAP ALUM 47UF 20% 35V SMD
ESE227M050AH9EA,1,3.56,KEMET,CAP ALUM 220UF 20% 50V RADIAL TH
EXV106M035A9DAA,1,3.97,KEMET,CAP ALUM 10UF 20% 35V SMD
ESC477M025AH2EA,1,4.22,KEMET,CAP ALUM 470UF 20% 25V RADIAL TH
EDK476M050A9HAA,1,4.47,KEMET,CAP ALUM 47UF 20% 50V SMD
ESL187M063AH8EA,1,4.55,KEMET,CAP ALUM RAD 105C
ESX107M050AH2AA,1,4.63,KEMET,CAP ALUM 100UF 20% 50V RADIAL TH
EDK337M010A9MAA,1,4.8,KEMET,CAP ALUM 330UF 20% 10V SMD
ESH106M400AH2AA,1,5.21,KEMET,CAP ALUM 10UF 20% 400V RADIAL TH
ESK477M050AH4KA,1,5.46,KEMET,CAP ALUM 470UF 20% 50V RADIAL TH
ESY477M035AH4AA,1,6.04,KEMET,CAP ALUM 470UF 20% 35V RADIAL TH
EDK107M050A9MAA,1,6.37,KEMET,CAP ALUM 100UF 20% 50V SMD
ESK478M6R3AL3AA,1,6.78,KEMET,CAP ALUM 4700UF 20% 6.3V RADIAL
EDK475M050A9DAA,1,6.95,KEMET,CAP ALUM 4.7UF 20% 50V SMD
ESH476M450AM7AA,1,16.37,KEMET,CAP ALUM 47UF 20% 450V RADIAL TH
EDH476M200A9TAA,1,23.57,KEMET,CAP ALUM 47UF 20% 200V SMD
ELH478M050AS1AA,1,32.91,KEMET,CAP ALUM 4700UF 20% 50V SNAP TH
ALF70C133DF063,1,100.39,KEMET,CAP ALUM 13000UF 20% 63V PRESS
ALS80A303DA025,1,123.55,KEMET,CAP ALUM 30000UF 20% 25V SCREW
ALS30A101DA500,1,128.51,KEMET,CAP ALUM 100UF 20% 500V SCREW CH
ALS30A471DA250,1,130.99,KEMET,CAP ALUM 470UF 20% 250V SCREW CH
ALS30A153DA025,1,131.57,KEMET,CAP ALUM 15000UF 20% 25V SCREW
ALC80A331DF500,1,133.55,KEMET,CAP ALUM 330UF 20% 500V SNAP TH
ALS30A103DA040,1,135.45,KEMET,CAP ALUM 10000UF 20% 40V SCREW
ALS70A822DA063,1,136.2,KEMET,CAP ALUM 8200UF 20% 63V SCREW CH
ALC80A223EH063,1,141.49,KEMET,CAP ALUM 22000UF 20% 63V SNAP TH
ALS80A103DB063,1,146.78,KEMET,CAP ALUM 10000UF 20% 63V SCREW
ALS30A682DB063,1,147.53,KEMET,CAP ALUM 6800UF 20% 63V SCREW CH
PEH532RDH4220M2,1,148.6,KEMET,CAP ALUM 2200UF 20% 200V SNAP TH
ALS31A682DB063,1,149.1,KEMET,CAP ALUM SCREW TERM 85C
ALS30A153DB040,1,149.68,KEMET,CAP ALUM 15000UF 20% 40V SCREW
ALS40A222DB100,1,150.09,KEMET,CAP ALUM 2200UF 20% 100V SCREW
ALS70A682DE100,1,161.17,KEMET,CAP ALUM 6800UF 20% 100V SCREW
ALS31A103DE063,1,167.95,KEMET,CAP ALUM 10000UF 20% 63V SCREW
ALS70A102DE400,1,171.76,KEMET,CAP ALUM 1000UF 20% 400V SCREW
ALS30A472DE100,1,178.21,KEMET,CAP ALUM 4700UF 20% 100V SCREW
ALS30A473DF025,1,185.15,KEMET,CAP ALUM 47000UF 20% 25V SCREW
ALC10C102EJ450,1,203.76,KEMET,CAP ALUM 1000UF 20% 450V SNAP TH
PEH169PA4100QB2,1,226.09,KEMET,CAP ALUM 1000UF 100V SCREW CHAS
PEH169MA4220QB2,1,228.9,KEMET,CAP ALUM 2200UF 63V SCREW CHAS M
ALS30A153KE063,1,232.79,KEMET,CAP ALUM 15000UF 20% 63V SCREW
ALS30A222KE250,1,254.95,KEMET,CAP ALUM 2200UF 20% 250V SCREW
ALS30A102KE400,1,264.54,KEMET,CAP ALUM 1000UF 20% 400V SCREW
ALS30A223KE063,1,267.19,KEMET,CAP ALUM 22000UF 20% 63V SCREW
ALS30A102KE415,1,269.01,KEMET,CAP ALUM 1000UF 20% 415V SCREW
ALS31A223KE063,1,269.34,KEMET,CAP ALUM 22000UF 20% 63V SCREW
ALS70A132KE500,1,277.03,KEMET,CAP ALUM 1300UF 20% 500V SCREW
ALS30A102KF450,1,289.76,KEMET,CAP ALUM 1000UF 20% 450V SCREW
ALS41A102KF400,1,292.08,KEMET,CAP ALUM 1000UF 20% 400V SCREW
PEH169MD4470QB2,1,298.86,KEMET,CAP ALUM 4700UF 63V SCREW CHAS M
ALS70A513KF063,1,299.02,KEMET,CAP ALUM 51000UF 20% 63V SCREW
PEH200KD5220MB2,1,305.23,KEMET,CAP ALUM 22000UF 20% 40V SCREW
ALS70A332KF350,1,308.45,KEMET,CAP ALUM 3300UF 20% 350V SCREW
ALS30A153KF100,1,353.68,KEMET,CAP ALUM SCRW TERM 85C
ALS30A152KF450,1,355.75,KEMET,CAP ALUM 1500UF 20% 450V SCREW
ALS30A102MF500,1,389.16,KEMET,CAP ALUM SCRW TERM 85C
ALS30A222KF400,1,396.27,KEMET,CAP ALUM 2200UF 20% 400V SCREW
ALS70A513NF100,1,503.36,KEMET,CAP ALUM 51000UF 20% 100V SCREW
ALS70A474NF025,1,504.19,KEMET,CAP ALUM 470000UF 20% 25V SCREW
ALS70A274NF040,1,563.07,KEMET,CAP ALUM 270000UF 20% 40V SCREW
ALS80A822QP450,1,988.2,KEMET,CAP ALUM 8200UF 20% 450V SCREW
PEH200PV5470MU2,1,1406.3,KEMET,CAP ALUM SCRW TERM 85C
ESK225M100AC3FA,1,1.49,KEMET,CAP ALUM 2.2UF 20% 100V RADIAL
ESK226M063AE3KA,1,1.9,KEMET,CAP ALUM 22UF 20% 63V RADIAL TH
ESK227M050AH9KA,1,3.97,KEMET,CAP ALUM 220UF 20% 50V RADIAL TH
ESE108M010AG4KA,1,4.05,KEMET,CAP ALUM RAD 105C
EDK226M050A9HAA,1,4.47,KEMET,CAP ALUM 22UF 20% 50V SMD
ESW128M016AH5AA,1,5.13,KEMET,CAP ALUM 1200UF 20% 16V RADIAL
ESK337M050AH4AA,1,5.38,KEMET,CAP ALUM 330UF 20% 50V RADIAL TH
ESK226M250AH4AA,1,6.04,KEMET,CAP ALUM 22UF 20% 250V RADIAL TH
EDK475M100A9MAA,1,6.28,KEMET,CAP ALUM SMD GEN PUR 85C
EEV337M025S9MAA,1,6.37,KEMET,CAP ALUM 330UF 20% 25V SMD
ESH108M025AL3AA,1,6.7,KEMET,CAP ALUM 1000UF 20% 25V RADIAL
ESH107M100AL3AA,1,7.86,KEMET,CAP ALUM 100UF 20% 100V RADIAL
ELH477M200AQ3AV,1,24.56,KEMET,CAP ALUM 470UF 20% 200V SNAP TH
PEH534VDC3220M2,1,76.91,KEMET,CAP ALUM 220UF 20% 400V SNAP TH
ALC70A221DC550,1,96.75,KEMET,CAP ALUM 220UF 20% 550V SNAP TH
ALF70C562DF100,1,101.38,KEMET,CAP ALUM 5600UF 20% 100V PRESS
ALA7DA221CD550,1,113.21,KEMET,CAP ALUM 220UF 20% 550V SNAP TH
ALS30A471DA200,1,123.79,KEMET,CAP ALUM 470UF 20% 200V SCREW CH
ALS30A221DA400,1,134.63,KEMET,CAP ALUM 220UF 20% 400V SCREW CH
ALS80A133DA040,1,137.27,KEMET,CAP ALUM 13000UF 20% 40V SCREW
ALS70A183DA040,1,140.42,KEMET,CAP ALUM 18000UF 20% 40V SCREW
ALS70A511DA400,1,141.08,KEMET,CAP ALUM 510UF 20% 400V SCREW CH
ALS30A151DB500,1,141.32,KEMET,CAP ALUM 150UF 20% 500V SCREW CH
ALS30A221DB450,1,142.07,KEMET,CAP ALUM 220UF 20% 450V SCREW CH
ALS70A393DB025,1,142.48,KEMET,CAP ALUM 39000UF 20% 25V SCREW
ALS40A223DB025,1,142.9,KEMET,CAP ALUM SCRW TERM 105C
PEH200ZC3220MB2,1,143.06,KEMET,CAP ALUM SCRW TERM 85C
PEH205GA5180QU0,1,149.68,KEMET,CAP ALUM 18000UF 16V SCREW CHAS
PEH205HA5100QU0,1,149.68,KEMET,CAP ALUM 10000UF 25V SCREW CHAS
ALS70A511DB450,1,150.17,KEMET,CAP ALUM 510UF 20% 450V SCREW CH
ALC10C103EC063,1,150.83,KEMET,CAP ALUM 10000UF 20% 63V SNAP TH
ALS30A471DE350,1,151.66,KEMET,CAP ALUM SCRW TERM 85C
ALS30A473DE016,1,157.04,KEMET,CAP ALUM 47000UF 20% 16V SCREW
PEH205KA4470QU0,1,157.62,KEMET,CAP ALUM 4700UF 40V SCREW CHAS M
ALS31A472DE100,1,158.19,KEMET,CAP ALUM 4700UF 20% 100V SCREW
ALS80A471DB450,1,158.44,KEMET,CAP ALUM 470UF 20% 450V SCREW CH
ALS30A102DE250,1,160.34,KEMET,CAP ALUM 1000UF 20% 250V SCREW
ALS80A153DE063,1,164.73,KEMET,CAP ALUM 15000UF 20% 63V SCREW
ALS30A471DE400,1,166.63,KEMET,CAP ALUM 470UF 20% 400V SCREW CH
ALS70A112DE350,1,166.79,KEMET,CAP ALUM 1100UF 20% 350V SCREW
ALS36H103D3C050,1,172.09,KEMET,CAP ALUM 10000UF 50V SCREW CHAS
ALS31A471DF450,1,181.35,KEMET,CAP ALUM 470UF 20% 450V SCREW
ALS30A331DF500,1,187.8,KEMET,CAP ALUM 330UF 20% 500V SCREW CH
ALS70A243DF063,1,187.88,KEMET,CAP ALUM 24000UF 20% 63V SCREW
ALS80A822DF100,1,189.87,KEMET,CAP ALUM 8200UF 20% 100V SCREW
ALS80A223DF063,1,190.2,KEMET,CAP ALUM 22000UF 20% 63V SCREW
ALS40A472DF100,1,198.88,KEMET,CAP ALUM 4700UF 20% 100V SCREW
ALS80A122DF400,1,203.26,KEMET,CAP ALUM 1200UF 20% 400V SCREW
ALS30A682DF100,1,209.8,KEMET,CAP ALUM 6800UF 20% 100V SCREW
PEH169HA4470QU2,1,211.45,KEMET,CAP ALUM 4700UF 25V SCREW CHAS M
PEH200KA4680MU2,1,226.17,KEMET,CAP ALUM 6800UF 20% 40V SCREW CH
ALS70A362KE250,1,234.85,KEMET,CAP ALUM 3600UF 20% 250V SCREW
ALS70A133KE100,1,237.09,KEMET,CAP ALUM 13000UF 20% 100V SCREW
PEH200MA4470MB2,1,240.39,KEMET,CAP ALUM 4700UF 20% 63V SCREW CH
PEH200MA4470MU2,1,240.89,KEMET,CAP ALUM 4700UF 20% 63V SCREW CH
PEH169VH368VMU2,1,244.03,KEMET,CAP ALUM 680UF 20% 400V SCREW CH
ALS31A681KE450,1,246.18,KEMET,CAP ALUM 680UF 20% 450V SCREW
PEH200KB5100MB2,1,246.43,KEMET,CAP ALUM 10000UF 20% 40V SCREW
ALS70A202KE400,1,261.15,KEMET,CAP ALUM 2000UF 20% 400V SCREW
ALS70A162KE450,1,264.21,KEMET,CAP ALUM 1600UF 20% 450V SCREW
ALS70A753KE040,1,265.45,KEMET,CAP ALUM 75000UF 20% 40V SCREW
ALS30A102KE450,1,287.12,KEMET,CAP ALUM 1000UF 20% 450V SCREW
ALS40A104KF025,1,301.42,KEMET,CAP ALUM 100000UF 20% 25V SCREW
ALS80A242KF400,1,318.95,KEMET,CAP ALUM 2400UF 20% 400V SCREW
ALS30A333KF063,1,323.09,KEMET,CAP ALUM 33000UF 20% 63V SCREW
ALS40A103KF100,1,324.49,KEMET,CAP ALUM 10000UF 20% 100V SCREW
ALS31A103MF100,1,324.49,KEMET,CAP ALUM 10000UF 20% 100V SCREW
ALS80A162KF500,1,359.56,KEMET,CAP ALUM 1600UF 20% 500V SCREW
PEH169VH3470QB2,1,391.06,KEMET,CAP ALUM 470UF 400V SCREW CHAS M
ALS30A472MF250,1,398.34,KEMET,CAP ALUM SCRW TERM 85C
ALS70A363MF100,1,407.52,KEMET,CAP ALUM 36000UF 20% 100V SCREW
ALS30A473MF063,1,419.92,KEMET,CAP ALUM 47000UF 20% 63V SCREW
ALS70A362QC450,1,503.2,KEMET,CAP ALUM 3600UF 20% 450V SCREW
ALS31C153NT250,1,617.89,KEMET,CAP ALUM SCREW TERM 85C
ALS70A134QS100,1,869.78,KEMET,CAP ALUM 130000UF 20% 100V SCREW
PEH200MV6100MU2,1,1154.33,KEMET,CAP ALUM 100000UF 20% 63V SCREW
ESY108M010AG6AA,1,5.54,KEMET,CAP ALUM 1000UF 20% 10V RADIAL
ESY827M025AH5AA,1,11.49,KEMET,CAP ALUM 820UF 20% 25V RADIAL TH
ELH687M200AR3AA,1,36.55,KEMET,CAP ALUM 680UF 20% 200V SNAP TH
ALC80A331CB250,1,61.69,KEMET,CAP ALUM 330UF 20% 250V SNAP TH
ELG227M450AR6AA,1,63.01,KEMET,CAP ALUM SNAP-IN 105C
ALC80A331CD350,1,73.27,KEMET,CAP ALUM 330UF 20% 350V SNAP TH
ALC70A181CB450,1,77.24,KEMET,CAP ALUM 180UF 20% 450V SNAP TH
PEV227HKL4320ME4,1,83.77,KEMET,CAP ALUM 3200UF 20% 25V SMD
PEV227KLL4210QE4,1,85.92,KEMET,CAP ALUM 2100UF 40V SMD
PEV227MLL4110QE4,1,87.49,KEMET,CAP ALUM 1100UF 63V SMD
ALF70C182DF200,1,88.32,KEMET,CAP ALUM 1800UF 20% 200V PRESS
ALC70A471EB350,1,89.39,KEMET,CAP ALUM 470UF 20% 350V SNAP TH
PES227KKP4220ME4,1,89.64,KEMET,CAP ALUM 2200UF 20% 40V SMD
PES228MKP3750QE4,1,89.64,KEMET,CAP ALUM 750UF 63V SMD
ELG477M450AT6AAK,1,106.1,KEMET,CAP ALUM 470UF 20% 450V SNAP TH
ALC80A681EF400,1,108.08,KEMET,CAP ALUM 680UF 20% 400V SNAP TH
ALS70A911DA250,1,141.08,KEMET,CAP ALUM 910UF 20% 250V SCREW CH
ALS30A681DB250,1,142.9,KEMET,CAP ALUM SCRW TERM 85C
ALP22A472BB063,1,144.55,KEMET,CAP ALUM 4700UF 20% 63V SNAP TH
ALS70A113DB063,1,145.96,KEMET,CAP ALUM 11000UF 20% 63V SCREW
ALC80A561EF450,1,149.02,KEMET,CAP ALUM 560UF 20% 450V SNAP TH
PEH536YDI3470M3,1,155.88,KEMET,CAP ALUM SNAP-IN 105C
ALS70A471DB500,1,161.34,KEMET,CAP ALUM 470UF 20% 500V SCREW CH
ALS31A471DE400,1,167.37,KEMET,CAP ALUM SCREW TERM 85C
ALS70A182DE250,1,172.17,KEMET,CAP ALUM 1800UF 20% 250V SCREW
ALS80A821DE400,1,173.99,KEMET,CAP ALUM 820UF 20% 400V SCREW CH
ALC10A471EH500,1,179.61,KEMET,CAP ALUM 470UF 20% 500V SNAP TH
ALS30A471DF450,1,179.94,KEMET,CAP ALUM 470UF 20% 450V SCREW CH
ALF20C103EC063,1,182.92,KEMET,CAP ALUM 10000UF 20% 63V PRESS
ALS80A821DF500,1,194.66,KEMET,CAP ALUM 820UF 20% 500V SCREW CH
PEH169GA5100QB2,1,220.38,KEMET,CAP ALUM SCRW TERM 105C
PEH169GA5100QU2,1,220.88,KEMET,CAP ALUM 10000UF 16V SCREW CHAS
ALS80A513KE040,1,248,KEMET,CAP ALUM 51000UF 20% 40V SCREW
PEH200HC5220MB2,1,261.31,KEMET,CAP ALUM 22000UF 20% 25V SCREW
PEH200HC5220MU2,1,262.39,KEMET,CAP ALUM SCRW TERM 85C
ALS31A473KE040,1,272.56,KEMET,CAP ALUM 47000UF 20% 40V SCREW
ALS30A152KF350,1,280.83,KEMET,CAP ALUM SCRW TERM 85C
PEH200XD3470MU2,1,295.88,KEMET,CAP ALUM SCRW TERM 85C
PEH200MD5100MU2,1,297.37,KEMET,CAP ALUM 10000UF 20% 63V SCREW
PEH200YD3330MU2,1,314.4,KEMET,CAP ALUM SCRW TERM 85C
PEH200PD4470MU2,1,327.72,KEMET,CAP ALUM 4700UF 20% 100V SCREW
ALS30A102KF500,1,362.78,KEMET,CAP ALUM 1000UF 20% 500V SCREW
PEH200HH5470MB2,1,374.03,KEMET,CAP ALUM SCRW TERM 85C
ALS80A114QC040,1,382.05,KEMET,CAP ALUM 110000UF 20% 40V SCREW
PEH169MJ5100QU2,1,406.94,KEMET,CAP ALUM SCREW TERM 105C
PEH169MJ5100QB2,1,408.51,KEMET,CAP ALUM 10000UF 63V SCREW CHAS
ALS30A682MF200,1,413.39,KEMET,CAP ALUM SCRW TERM 85C
ALS70A753QC063,1,466.23,KEMET,CAP ALUM 75000UF 20% 63V SCREW
ALS70A134NF063,1,531.4,KEMET,CAP ALUM 130000UF 20% 63V SCREW
ALS80A752NF350,1,583.49,KEMET,CAP ALUM 7500UF 20% 350V SCREW
PEH200ZO4100MU2,1,591.43,KEMET,CAP ALUM 1000UF 20% 500V SCREW
ALS41A154NP040,1,687.11,KEMET,CAP ALUM 150000UF 20% 40V SCREW
PEH200MO5470MB2,1,719.28,KEMET,CAP ALUM 47000UF 20% 63V SCREW
ALS30A332NP500,1,836.12,KEMET,CAP ALUM 3300UF 20% 500V SCREW
PEH200YT4220MB2,1,1011.35,KEMET,CAP ALUM SCRW TERM 85C
PEH200XV4470MU2,1,1144.24,KEMET,CAP ALUM SCRW TERM 85C
PEH200SV5100MU2,1,1148.96,KEMET,CAP ALUM 10000UF 20% 250V SCREW
A720V687M002APE003,1,19.02,KEMET,680.UF 2.0V
PEB227HKL4320ME4,1,44.15,KEMET,CAP ALU 125C 25V 3200F
PEG227MML4150QE4,1,68.22,KEMET,CAP ALUM 1500UF 63V AXIAL TH
ALS71A822DA063,1,119.74,KEMET,CAP ALUM 8200UF 20% 63V SCREW CH
ALS30A151DA450,1,128.34,KEMET,CAP ALUM SCRW TERM 85C
ALS71A152DB200,1,133.8,KEMET,CAP ALUM 1500UF 20% 200V SCREW
ALS70H332DA100,1,133.97,KEMET,CAP ALUM 3300UF 20% 100V SCREW
ALV70A151DF700,1,135.37,KEMET,CAP ALUM 85C 150UF 700VDC
ALS40A152DA100,1,135.87,KEMET,CAP ALUM SCRW TERM 105C
ALS80A751DA250,1,139.84,KEMET,CAP ALUM 750UF 20% 250V SCREW CH
ALS70A122DB250,1,151.74,KEMET,CAP ALUM 1200UF 20% 250V SCREW
ALS71A363DE040,1,158.11,KEMET,CAP ALUM 36000UF 20% 40V SCREW
ALS71A912DF100,1,167.95,KEMET,CAP ALUM 9100UF 20% 100V SCREW
PEH169UA3100QU2,1,216.25,KEMET,CAP ALUM SCREW TERM 105C
PEH169VB3150QU2,1,244.11,KEMET,CAP ALUM SCREW TERM 105C
PEH169MC447VMB2,1,265.28,KEMET,CAP ALUM SCRW TERM 105C
PEH169PD4220QB2,1,279.67,KEMET,CAP ALUM SCRW TERM 105C
ALS31A332KF250,1,309.19,KEMET,CAP ALUM SCREW TERM 85C
ALS71H363LM100,1,411.57,KEMET,CAP ALUM 36000UF 20% 100V SCREW
ESL158M035AM5AA,1,,KEMET,CAP ALUM RAD 105C
ESU107M160AL4AA,12000,3.02086,KEMET,CAP ALUM 100UF 20% 160V RADIAL
PEG124HF3470QL1,1,,KEMET,CAP ALUM 470UF 20% 25V AXIAL TH
PEH506UAB2820M2,1000,24.3518,KEMET,CAP ALUM SNAP-IN 85C
ELG339M025AT6AA,1000,36.58497,KEMET,CAP ALUM SNAP-IN 105C
PEG225KF4120ME1,1,75.09,KEMET,CAP ALUM 1200UF 20% 40V AXIAL TH
ALC70A102EH400,1008,78.02796,KEMET,CAP ALUM SNAP-IN 85C
PEG220KL4270QE1,1,85.34,KEMET,CAP ALUM 2700UF 40V AXIAL TH
PEG226KJ4220QE1,1,89.56,KEMET,CAP ALUM 2200UF 40V AXIAL TH
ALA7DA511DF500,1000,82.40089,KEMET,CAP ALUM 510UF 20% 500V SNAP TH
ELG128M250AT5AA,1000,52.1719,KEMET,CAP ALUM SNAP-IN 105C
ALC40A562CD063,1120,49.83364,KEMET,CAP ALUM SNAP-IN 105C
PEH536VCG3330M3,1000,49.88862,KEMET,CAP ALUM SNAP-IN 105C
ALF80C241DC450,1,95.43,KEMET,CAP ALUM 240UF 20% 450V PRESS
ALC80A271EB450,1008,52.10806,KEMET,CAP ALUM 270UF 20% 450V SNAP TH
ALF70C391DD450,1,102.87,KEMET,CAP ALUM 390UF 20% 450V PRESS
ALP22A103CB040,1,103.29,KEMET,CAP ALUM 10000UF 20% 40V SLD LUG
PEH534MDG5100M2,1200,97.00455,KEMET,CAP ALUM SNAP-IN HIGH RIPPLE
ALF70C511DD400,1,105.52,KEMET,CAP ALUM 510UF 20% 400V PRESS
ALC80A112EL450,1008,130.42864,KEMET,CAP ALUM 1100UF 20% 450V SNAP TH
ALF80C823EH025,1,149.68,KEMET,CAP ALUM 82000UF 20% 25V PRESS
ALF80C751EH450,1,156.71,KEMET,CAP ALUM 750UF 20% 450V PRESS
ALC10A681DH400,1000,82.74299,KEMET,CAP ALUM 680UF 20% 400V SNAP TH
ALF80G911EH400,1,160.51,KEMET,CAP ALUM 910UF 20% 400V PRESS
PEH169KC4680QU2,100,159.7923,KEMET,CAP ALUM SCREW TERM 105C
ALF80G751EH450,1,184.49,KEMET,CAP ALUM 750UF 20% 450V PRESS
PEH200YC3220MB2,100,176.5082,KEMET,CAP ALUM SCRW TERM 85C
ALC40C102ED200,1008,104.34705,KEMET,CAP ALUM 1000UF 20% 200V SNAP TH
ALF20C102EL450,1,208.97,KEMET,CAP ALUM 1000UF 20% 450V PRESS
ALS31A152KF400,96,211.61792,KEMET,CAP ALUM SCREW TERM 85C
ALC10A471DL550,1,243.2,KEMET,CAP ALUM 470UF 20% 550V SNAP TH
PEH200MC4680MU2,1,265.86,KEMET,CAP ALUM 6800UF 20% 63V SCREW CH
ALC70C272FP400,1,269.83,KEMET,CAP ALUM 2700UF 20% 400V SNAP TH
ALC10A273EL063,1,,KEMET,CAP ALUM 27000UF 20% 63V SNAP TH
ALF70G912KP200,1,300.84,KEMET,CAP ALUM 9100UF 20% 200V PRESS
ALC10G222KP450,1,,KEMET,CAP ALUM
PEH200KJ5470MU2,96,322.83,KEMET,CAP ALUM SCRW TERM 85C
ALC40C392FP250,1020,208.87228,KEMET,CAP ALUM SNAP-IN 105C
PEH169PH4330QB2,96,240.59198,KEMET,CAP ALUM SCRW TERM 105C
PEH200KJ5470MB2,1,468.38,KEMET,CAP ALUM 47000UF 20% 40V SCREW
ALS30G103NT350,96,464.80448,KEMET,CAP ALUM SCRW TERM 85C
PEH200VO415AQB2,96,480.59135,KEMET,CAP ALUM 1500UF 400V SCREW CHAS
PEH200SO4470MU2,1,715.64,KEMET,CAP ALUM 4700UF 20% 250V SCREW
PEH200ZY4330MU2,96,575.3601,KEMET,CAP ALUM SCRW TERM 85C
PEH200HT6220MB2,96,640.73188,KEMET,CAP ALUM SCRW TERM 85C
ALS30A474NT025,96,654.01646,KEMET,CAP ALUM SCRW TERM 85C
PEH200VY4680MU2,96,1420.0426,KEMET,CAP ALUM SCRW TERM 85C
SU107M160AL4AAKPLP,1,,KEMET,CAP ALUM 100UF 20% 160V RADIAL
A390FH182M250A,1,,KEMET,CAP ALUM 1800UF 20% 250V SCREW
A372GC472Q025A,1,,KEMET,4700UF 5VV
ESK478M050AQ3AA,1,33.41,KEMET,CAP ALUM RAD 85C
ALF70C822DC063,1,83.69,KEMET,CAP ALUM 8200UF 20% 63V PRESS
ALA7DA391DC450,1,100.89,KEMET,CAP ALUM 390UF 20% 450V SNAP TH
ALC70A103EH100,1,138.93,KEMET,CAP ALUM 10000UF 20% 100V SNAP
ALA7DA561EF550,1,177.46,KEMET,CAP ALUM 560UF 20% 550V SNAP TH
ALC10C153EF063,1,185.57,KEMET,CAP ALUM 15000UF 20% 63V SNAP TH
ALS70A203KF100,1,286.04,KEMET,CAP ALUM 20000UF 20% 100V SCREW
ALS30A332NF450,1,615.41,KEMET,CAP ALUM 3300UF 20% 450V SCREW
ALS70A103NP350,1,656.02,KEMET,CAP ALUM 10000UF 20% 350V SCREW
ALS31A104NP063,1,700.51,KEMET,CAP ALUM 100000UF 20% 63V SCREW
ALS31A472NP450,1,811.81,KEMET,CAP ALUM SCREW TERM 85C
PEH200ZO418HMB2,1,842.99,KEMET,CAP ALUM 1800UF 20% 500V SCREW
PEH200OO427AMB2,1,891.61,KEMET,CAP ALUM 2700UF 20% 420V SCREW
ALS70A754QT040,1,1267.96,KEMET,CAP ALUM 750000UF 20% 40V SCREW
ALS70A562QW630,1,1393.32,KEMET,CAP ALUM 5600UF 20% 630V SCREW
ESH105M050AC3AA,1,1.41,KEMET,CAP ALUM 1UF 20% 50V RADIAL TH
ESH335M050AC3AA,1,1.57,KEMET,CAP ALUM 3.3UF 20% 50V RADIAL TH
ESC105M050AC3AA,1,1.65,KEMET,CAP ALUM 1UF 20% 50V RADIAL TH
ESW226M025AC3AA,1,1.65,KEMET,CAP ALUM 22UF 20% 25V RADIAL TH
ESL225M250AE3AA,1,1.9,KEMET,CAP ALUM RAD 105C
ESH336M050AE3AA,1,1.9,KEMET,CAP ALUM 33UF 20% 50V RADIAL TH
ESY107M025AE3AA,1,1.98,KEMET,CAP ALUM 100UF 20% 25V RADIAL TH
ESK476M063AE3AA,1,1.98,KEMET,CAP ALUM 47UF 20% 63V RADIAL TH
ESC106M035AC3AA,1,2.52,KEMET,CAP ALUM 10UF 20% 35V RADIAL TH
ESH477M010AE3AA,1,2.32,KEMET,CAP ALUM 470UF 20% 10V RADIAL TH
EDH225M050A9BAA,1,2.65,KEMET,CAP ALUM 2.2UF 20% 50V SMD
EDK226M050S9GAA,1,3.23,KEMET,CAP ALUM 22UF 20% 50V SMD
EDK107M016A9GAA,1,3.23,KEMET,CAP ALUM 100UF 20% 16V SMD
ESY227M025AG3AA,1,3.23,KEMET,CAP ALUM 220UF 20% 25V RADIAL TH
ESH106M200AH9AA,1,3.31,KEMET,CAP ALUM 10UF 20% 200V RADIAL TH
ESL106M200AG9AA,1,3.39,KEMET,CAP ALUM 10UF 20% 200V RADIAL TH
EXV226M016A9BAA,1,3.47,KEMET,CAP ALUM 22UF 20% 16V SMD
ESH225M450AH1AA,1,4.05,KEMET,CAP ALUM 2.2UF 20% 450V RADIAL
EDT107M025S9HAA,1,4.22,KEMET,CAP ALUM 100UF 20% 25V SMD
ESH108M010AH1AA,1,4.3,KEMET,CAP ALUM 1000UF 20% 10V RADIAL
ESL477M025AH9AA,1,4.38,KEMET,CAP ALUM 470UF 20% 25V RADIAL TH
ESK477M035AH2EA,1,4.71,KEMET,CAP ALUM 470UF 20% 35V RADIAL TH
ESH227M063AH4AA,1,4.71,KEMET,CAP ALUM 220UF 20% 63V RADIAL TH
EEV107M035A9HAA,1,5.21,KEMET,CAP ALUM 100UF 20% 35V SMD
EDH476M063S9MAA,1,5.46,KEMET,CAP ALUM 47UF 20% 63V SMD
ESH477M050AH4AA,1,5.62,KEMET,CAP ALUM 470UF 20% 50V RADIAL TH
EDT476M035S9LAA,1,5.71,KEMET,CAP ALUM 47UF 20% 35V SMD
EDH476M063A9MAA,1,5.95,KEMET,CAP ALUM 47UF 20% 63V SMD
EEV107M050S9MAA,1,6.2,KEMET,CAP ALUM 100UF 20% 50V SMD
ESG475M400AH2AA,1,6.45,KEMET,CAP ALUM 4.7UF 20% 400V RADIAL
ESY477M025AG6AA,1,6.53,KEMET,CAP ALUM 470UF 20% 25V RADIAL TH
ESW477M025AH2AA,1,6.7,KEMET,CAP ALUM 470UF 20% 25V RADIAL TH
EDH476M100S9PAA,1,8.19,KEMET,CAP ALUM 47UF 20% 100V SMD
ESK228M025AL4AA,1,8.43,KEMET,CAP ALUM 2200UF 20% 25V RADIAL
ESH228M025AM7AA,1,10.58,KEMET,CAP ALUM 2200UF 20% 25V RADIAL
EDH107M100A9RAA,1,16.13,KEMET,CAP ALUM 100UF 20% 100V SMD
ELG109M025AQ4AA,1,23.24,KEMET,CAP ALUM 10000UF 20% 25V SNAP TH
ESY397M100AN5AA,1,23.65,KEMET,CAP ALUM 390UF 20% 100V RADIAL
ELG686M400AQ1AA,1,25.8,KEMET,CAP ALUM 68UF 20% 400V SNAP TH
PEG130KL4390QE4,1,56.89,KEMET,CAP ALUM 3900UF 40V AXIAL TH
ELG228M160AT5AA,1,84.35,KEMET,CAP ALUM SNAP-IN 105C
PEV227MLP4160QE4,1,88.15,KEMET,CAP ALUM 1600UF 63V SMD
ALF70C103DD063,1,97.25,KEMET,CAP ALUM 10000UF 20% 63V PRESS
PEH534YDG3470M2,1,131.73,KEMET,CAP ALUM 470UF 20% 450V SNAP TH
ALA7DA301DD550,1,135.37,KEMET,CAP ALUM 300UF 20% 550V SNAP TH
ALS30A222DA100,1,140.25,KEMET,CAP ALUM 2200UF 20% 100V SCREW
ALS31A222DA100,1,140.91,KEMET,CAP ALUM 2200UF 20% 100V SCREW
ALS30A221DE500,1,157.62,KEMET,CAP ALUM 220UF 20% 500V SCREW CH
ALS70A163DE063,1,162,KEMET,CAP ALUM 16000UF 20% 63V SCREW
ALS30A223DE040,1,171.09,KEMET,CAP ALUM 22000UF 20% 40V SCREW
ALS36H103K2C063,1,219.31,KEMET,CAP ALUM 10000UF 63V SCREW CHAS
ALS70A333KE063,1,246.68,KEMET,CAP ALUM 33000UF 20% 63V SCREW
ALS80A123KE100,1,254.53,KEMET,CAP ALUM 12000UF 20% 100V SCREW
PEH200ZH3470MU2,1,258.42,KEMET,CAP ALUM SCRW TERM 85C
ALS71A242KE350,1,261.56,KEMET,CAP ALUM 2400UF 20% 350V SCREW
ALS80A163KF100,1,289.68,KEMET,CAP ALUM 16000UF 20% 100V SCREW
ALS30A472MF200,1,345.17,KEMET,CAP ALUM SCRW TERM 85C
ALS30A222MF400,1,419.76,KEMET,CAP ALUM 2200UF 20% 400V SCREW
ALS71A184MF040,1,429.68,KEMET,CAP ALUM 180000UF 20% 40V SCREW
ALS30A222NF450,1,482.52,KEMET,CAP ALUM 2200UF 20% 450V SCREW
ALS31A682NF250,1,506.09,KEMET,CAP ALUM SCREW TERM 85C
ALS80A432MF400,1,508.08,KEMET,CAP ALUM 4300UF 20% 400V SCREW
ALS80A124NF063,1,544.21,KEMET,CAP ALUM 120000UF 20% 63V SCREW
ALS31A332NF450,1,577.21,KEMET,CAP ALUM 3300UF 20% 450V SCREW
PEH169UV447BQB2,1,680.91,KEMET,CAP ALUM 4700UF 350V SCREW CHAS
A958AL112M800S,1,714.89,KEMET,"CAP MODULE 1,100UF 800VDC"
ALS70A135QT025,1,1115.3,KEMET,CAP ALUM 1.3F 20% 25V SCREW CHAS
ESK335M100AC3AA,1,1.41,KEMET,CAP ALUM 3.3UF 20% 100V RADIAL
EDK225M050A9BAA,1,2.56,KEMET,CAP ALUM 2.2UF 20% 50V SMD
ESU476M400AM5AA,1,19.85,KEMET,CAP ALUM RAD 105C
ESK227M350AQ4AA,1,32.75,KEMET,CAP ALUM 220UF 20% 350V RADIAL
ELH688M063AS4AA,1,49.2,KEMET,CAP ALUM SNAP-IN 85C
PEG124MA2220QE4,1,49.29,KEMET,CAP ALUM 22UF 63V AXIAL TH
ELG108M200AS4AA,1,54.41,KEMET,CAP ALUM 1000UF 20% 200V SNAP TH
ALA7DA301CC450,1,91.21,KEMET,CAP ALUM 300UF 20% 450V SNAP TH
PEG227MMS4280QE4,1,104.44,KEMET,CAP ALUM 2800UF 63V AXIAL TH
ALS71A332DA100,1,122.31,KEMET,CAP ALUM 3300UF 20% 100V SCREW
ALS31A472DA063,1,136.03,KEMET,CAP ALUM SCREW TERM 85C
ALF80C682EF100,1,139.92,KEMET,CAP ALUM 6800UF 20% 100V PRESS
ALS40A472DB063,1,140.08,KEMET,CAP ALUM 4700UF 20% 63V SCREW CH
ALS31A153DB040,1,151.25,KEMET,CAP ALUM 15000UF 20% 40V SCREW
ALS40A221DE450,1,159.93,KEMET,CAP ALUM 220UF 20% 450V SCREW CH
ALS70A623DE025,1,161.09,KEMET,CAP ALUM 62000UF 20% 25V SCREW
ALS70A823DF025,1,178.21,KEMET,CAP ALUM 82000UF 20% 25V SCREW
ALS30A471KE500,1,251.8,KEMET,CAP ALUM 470UF 20% 500V SCREW CH
ALS31A102KE400,1,266.69,KEMET,CAP ALUM 1000UF 20% 400V SCREW
ALS30A473KE040,1,270.41,KEMET,CAP ALUM 47000UF 20% 40V SCREW
ALS31A103KE100,1,288.52,KEMET,CAP ALUM 10000UF 20% 100V SCREW
ALS40A223KF063,1,292.99,KEMET,CAP ALUM SCRW TERM 105C
ALS80A473KF063,1,304.32,KEMET,CAP ALUM 47000UF 20% 63V SCREW
ALS70A114KF040,1,318.54,KEMET,CAP ALUM 110000UF 20% 40V SCREW
ALS70A242KF450,1,327.47,KEMET,CAP ALUM 2400UF 20% 450V SCREW
ALS31A332MF350,1,460.28,KEMET,CAP ALUM SCREW TERM 85C
ALS31G682NP350,1,462.76,KEMET,CAP ALUM SCREW TERM 85C
ESC687M010AH1AA,1,3.97,KEMET,CAP ALUM 680UF 20% 10V RADIAL TH
EXV476M6R3A9DAA,1,3.97,KEMET,CAP ALUM 47UF 20% 6.3V SMD
EDT337M010S9MAA,1,6.45,KEMET,CAP ALUM 330UF 20% 10V SMD
ESY687M016AG6AA,1,7.19,KEMET,CAP ALUM 680UF 20% 16V RADIAL TH
EXV337M025A9PAA,1,9.51,KEMET,CAP ALUM 330UF 20% 25V SMD
ESX108M050AM7AA,1,15.38,KEMET,CAP ALUM 1000UF 20% 50V RADIAL
ELG227M200AQ1AA,1,22.99,KEMET,CAP ALUM SNAP-IN 105C
ELG337M200AQ2AA,1,33.74,KEMET,CAP ALUM SNAP-IN 105C
ELG108M200AT3AA,1,62.43,KEMET,CAP ALUM 1000UF 20% 200V SNAP TH
ALC80A392BD063,1,76.49,KEMET,CAP ALUM 3900UF 20% 63V SNAP TH
PEV227KKL4150ME4,1,84.51,KEMET,CAP ALUM 1500UF 20% 40V SMD
ALA8DA271CC400,1,88.48,KEMET,CAP ALUM 270UF 20% 400V SNAP TH
ALC80A122DD200,1,97.5,KEMET,CAP ALUM 1200UF 20% 200V SNAP TH
ALA8DA391DC400,1,100.89,KEMET,CAP ALUM 390UF 20% 400V SNAP TH
ALC70A182DF200,1,105.93,KEMET,CAP ALUM 1800UF 20% 200V SNAP TH
ALF70C561DF450,1,112.96,KEMET,CAP ALUM 560UF 20% 450V PRESS
ELH687M450AT6AA,1,117.18,KEMET,CAP ALUM 680UF 20% 450V SNAP TH
ALC10A331DF500,1,130.16,KEMET,CAP ALUM 330UF 20% 500V SNAP TH
ALS30A152DF200,1,168.78,KEMET,CAP ALUM SCRW TERM 85C
ALS70A363DE040,1,171.34,KEMET,CAP ALUM 36000UF 20% 40V SCREW
ALF80C272EL250,1,189.04,KEMET,CAP ALUM 2700UF 20% 250V PRESS
PEH169HA460AQU2,1,235.6,KEMET,CAP ALUM 6000UF 20% 25V SCREW CH
PEH169KD5100QB2,1,274.96,KEMET,CAP ALUM 10000UF 40V SCREW CHAS
ALF80G243KP100,1,319.37,KEMET,CAP ALUM 24000UF 20% 100V PRESS
PEH200YH3470MU2,1,408.68,KEMET,CAP ALUM 470UF 20% 450V SCREW CH
PEH200MJ5220MB2,1,454.24,KEMET,CAP ALUM 22000UF 20% 63V SCREW
ALS80A362QC400,1,511.55,KEMET,CAP ALUM 3600UF 20% 400V SCREW
ALS80A272MF500,1,573.4,KEMET,CAP ALUM 2700UF 20% 500V SCREW
PEH200KO6100MB2,1,715.56,KEMET,CAP ALUM 100000UF 20% 40V SCREW
ALS31C682NP350,1,761.78,KEMET,CAP ALUM SCREW TERM 85C
ALS30A473NP100,1,797.92,KEMET,CAP ALUM SCRW TERM 85C
PEH200PO5220MU2,1,827.44,KEMET,CAP ALUM 22000UF 20% 100V SCREW
ALS80A103QP400,1,969.43,KEMET,CAP ALUM 10000UF 20% 400V SCREW
ESK106M050AC3FA,1,1.49,KEMET,CAP ALUM RAD 85C
ESK476M035AC3FA,1,1.57,KEMET,CAP ALUM RAD 85C
ESH107M025AE3EA,1,1.9,KEMET,CAP ALUM RAD 105C
ESK227M035AG3EA,1,2.73,KEMET,CAP ALUM RAD 85C
ESK338M063AQ4AA,2000,10.77837,KEMET,CAP ALUM RAD 85C
PEB227KLP4300QE4,1,47.48,KEMET,CAP ALU 125C 40V 3000F
PEB227MLL4110QE4,1,52.36,KEMET,CAP ALU 125C 63V 1100F
ALP20A222AB040,1,59.81,KEMET,CAP ALUM 2200UF 40V SOLDER PIN
PEG124MJ410AQE4,1,75.42,KEMET,CAP ALUM AXL 125C
ALC10S1103DH,1,90.09,KEMET,CAP ALUM 10000UF 63V SNAP TH
ALA8AA331DC450,1,88.48,KEMET,CAP ALUM SNAP-IN 105C
ALA8DA241CD500,1,97.66,KEMET,CAP ALUM 240UF 20% 500V SNAP TH
ALC10S1104DL,1,112.94,KEMET,CAP ALUM 10000UF 80V SNAP TH
ALA8AA391DE500,1,111.47,KEMET,CAP ALUM SNAP-IN 105C
ALA8AA561DF450,1,112.88,KEMET,CAP ALUM SNAP-IN 105C
ALV70A101DD750,1,118.09,KEMET,CAP ALUM 85C 100UF 750VDC
ALS70A303DA025,1,134.3,KEMET,CAP ALUM 30000UF 20% 25V SCREW
ALS80A302DA100,1,138.51,KEMET,CAP ALUM 3000UF 20% 100V SCREW
ALS30A333DB016,1,144.51,KEMET,CAP ALUM 33000UF 16V SCREW TRML
ALS30A683DF016,1,184.81,KEMET,CAP ALUM 68000UF 16V SCREW TRML
ALV70A271DL700,1,189.12,KEMET,CAP ALUM 85C 270UF 750VDC
ALV70A241DL750,1,196.07,KEMET,CAP ALUM 85C 240UF 750VDC
ALS71A333KE063,1,217.24,KEMET,CAP ALUM 33000UF 20% 63V SCREW
PEH169MA433VMU2,1,233.12,KEMET,CAP ALUM SCREW TERM 105C
PEH200PB4220MU2,1,256.85,KEMET,CAP ALUM SCRW TERM 85C
ALS31A332KF200,1,270.25,KEMET,CAP ALUM SCREW TERM 85C
ALS31A104KF025,1,292.99,KEMET,CAP ALUM SCREW TERM 85C
PEH200SD4100MU2,1,298.2,KEMET,CAP ALUM SCRW TERM 85C
ALS32A222L3L450,1,376.46,KEMET,CAP ALUM 2200UF 450V SCREW TRML
PEH169QO447VMB2,1,567.07,KEMET,CAP ALUM 4700UF 20% 160V SCREW
ESK474M050AC3AA,40000,0.18752,KEMET,CAP ALUM RAD 85C
ESK474M050AC3DA,20000,0.20138,KEMET,CAP ALUM RAD 85C
ESK476M016AC3DA,40000,0.20308,KEMET,CAP ALUM RAD 85C
ESK225M100AC3DA,40000,0.20308,KEMET,CAP ALUM RAD 85C
ESK476M016AC3EA,40000,0.20308,KEMET,CAP ALUM RAD 85C
ESK476M025AC3EA,40000,0.20784,KEMET,CAP ALUM RAD 85C
ESK226M035AC3AA,40000,0.21021,KEMET,CAP ALUM RAD 85C
ESK105M100AC3DA,20000,0.21277,KEMET,CAP ALUM RAD 85C
ESK106M016AC3FA,20000,0.21277,KEMET,CAP ALUM RAD 85C
ESK105M063AC3AA,20000,0.21277,KEMET,CAP ALUM RAD 85C
ESK105M063AC3FA,20000,0.21277,KEMET,CAP ALUM RAD 85C
ESK105M050AC3DA,20000,0.21277,KEMET,CAP ALUM RAD 85C
ESK106M063AC3EA,40000,0.21496,KEMET,CAP ALUM RAD 85C
ESK225M100AC3EA,20000,0.21781,KEMET,CAP ALUM RAD 85C
ESE475M063AC3DA,40000,0.21851,KEMET,CAP ALUM RAD 105C
ESE105M100AC3FA,40000,0.21851,KEMET,CAP ALUM RAD 105C
ESE106M035AC3AA,40000,0.21851,KEMET,CAP ALUM RAD 105C
ESE476M025AC3DA,40000,0.21851,KEMET,CAP ALUM RAD 105C
ESK106M025AC3FA,20000,0.22032,KEMET,CAP ALUM RAD 85C
ESK475M050AC3FA,20000,0.22032,KEMET,CAP ALUM RAD 85C
ESK475M050AC3DA,20000,0.22032,KEMET,CAP ALUM RAD 85C
ESE106M063AC3EA,40000,0.22206,KEMET,CAP ALUM RAD 105C
ESK226M050AC3DA,40000,0.22206,KEMET,CAP ALUM RAD 85C
ESK476M010AC3AA,40000,0.22324,KEMET,CAP ALUM RAD 85C
ESK476M010AC3DA,8000,0.2241,KEMET,CAP ALUM RAD 85C
ESK476M010AC3EA,8000,0.2241,KEMET,CAP ALUM RAD 85C
ESK107M016AC3DA,40000,0.22913,KEMET,CAP ALUM RAD 85C
ESE107M016AC3AA,40000,0.23031,KEMET,CAP ALUM RAD 105C
ESE107M016AC3FA,40000,0.23031,KEMET,CAP ALUM RAD 105C
ESK106M063AC3DA,20000,0.23035,KEMET,CAP ALUM RAD 85C
ESE476M010AC3AA,20000,0.23035,KEMET,CAP ALUM RAD 105C
ESS225M063AB2AA,40000,0.23267,KEMET,CAP ALUM RAD 105C
ESS226M025AC2AA,40000,0.23267,KEMET,CAP ALUM RAD 105C
ESE476M035AC3AA,40000,0.23267,KEMET,CAP ALUM RAD 105C
ESK226M063AC3AA,40000,0.23267,KEMET,CAP ALUM RAD 85C
ESS106M025AB2FA,20000,0.23285,KEMET,CAP ALUM RAD 105C
ESK107M016AC3EA,40000,0.23384,KEMET,CAP ALUM RAD 85C
ESK107M016AC3FA,40000,0.23384,KEMET,CAP ALUM RAD 85C
ESS105M063AB2AA,40000,0.23619,KEMET,CAP ALUM RAD 105C
ESK476M025AC3DA,40000,0.23619,KEMET,CAP ALUM RAD 85C
ESK105M100AC3EA,8000,0.2365,KEMET,CAP ALUM RAD 85C
ESK105M050AC3FA,8000,0.2365,KEMET,CAP ALUM RAD 85C
ESK105M063AC3DA,8000,0.2365,KEMET,CAP ALUM RAD 85C
ESK106M035AC3DA,8000,0.2365,KEMET,CAP ALUM RAD 85C
ESK475M035AC3DA,8000,0.2365,KEMET,CAP ALUM RAD 85C
ESK226M016AC3DA,8000,0.2365,KEMET,CAP ALUM RAD 85C
ESE225M100AC3EA,20000,0.23784,KEMET,CAP ALUM RAD 105C
ESE106M063AC3FA,20000,0.23784,KEMET,CAP ALUM RAD 105C
ESE106M063AC3DA,20000,0.23784,KEMET,CAP ALUM RAD 105C
ESS105M050AB2DA,50000,0.23842,KEMET,CAP ALUM RAD 105C
ESK336M010AC3AA,20000,0.23908,KEMET,CAP ALUM RAD 85C
ESS475M025AB2AA,40000,0.24323,KEMET,CAP ALUM RAD 105C
ESS225M050AB2AA,40000,0.24323,KEMET,CAP ALUM RAD 105C
ESK475M063AC3AA,10000,0.24354,KEMET,CAP ALUM RAD 85C
ESK107M010AC3DA,8000,0.2447,KEMET,CAP ALUM RAD 85C
ESK225M050AC3DA,8000,0.2447,KEMET,CAP ALUM RAD 85C
ESK107M6R3AC3DA,8000,0.2447,KEMET,CAP ALUM RAD 85C
ESK107M010AC3FA,8000,0.2447,KEMET,CAP ALUM RAD 85C
ESK336M025AC3DA,8000,0.2447,KEMET,CAP ALUM RAD 85C
ESK475M050AC3EA,8000,0.2447,KEMET,CAP ALUM RAD 85C
ESK225M050AC3FA,8000,0.2447,KEMET,CAP ALUM RAD 85C
ESK226M025AC3FA,8000,0.2447,KEMET,CAP ALUM RAD 85C
ESK226M025AC3DA,8000,0.2447,KEMET,CAP ALUM RAD 85C
ESK225M063AC3DA,8000,0.24607,KEMET,CAP ALUM RAD 85C
ESS226M016AB2EA,25000,0.24707,KEMET,CAP ALUM RAD 105C
ESK106M016AC3EA,8000,0.24743,KEMET,CAP ALUM RAD 85C
ESK475M025AC3AA,10000,0.24754,KEMET,CAP ALUM RAD 85C
ESE107M6R3AC3AA,10000,0.24887,KEMET,CAP ALUM RAD 105C
ESE107M010AC3AA,10000,0.24887,KEMET,CAP ALUM RAD 105C
ESE105M063AC3AA,10000,0.24887,KEMET,CAP ALUM RAD 105C
ESE226M025AC3AA,10000,0.24887,KEMET,CAP ALUM RAD 105C
ESE225M050AC3AA,10000,0.24887,KEMET,CAP ALUM RAD 105C
ESE475M050AC3AA,10000,0.24887,KEMET,CAP ALUM RAD 105C
ESE106M025AC3AA,10000,0.24887,KEMET,CAP ALUM RAD 105C
ESK106M050AC3EA,40000,0.24908,KEMET,CAP ALUM RAD 85C
ESK475M063AC3DA,8000,0.25016,KEMET,CAP ALUM RAD 85C
ESK475M063AC3EA,8000,0.25016,KEMET,CAP ALUM RAD 85C
ESK226M035AC3DA,8000,0.25016,KEMET,CAP ALUM RAD 85C
ESE475M063AC3AA,10000,0.25285,KEMET,CAP ALUM RAD 105C
ESE476M016AC3AA,10000,0.25285,KEMET,CAP ALUM RAD 105C
ESE225M063AC3AA,10000,0.25285,KEMET,CAP ALUM RAD 105C
ESK226M010AC3AA,10000,0.25285,KEMET,CAP ALUM RAD 85C
ESH106M050AC3DA,40000,0.25375,KEMET,CAP ALUM RAD 105C
ESE105M063AC3DA,20000,0.25397,KEMET,CAP ALUM RAD 105C
ESH106M050AC3EA,20000,0.25397,KEMET,CAP ALUM RAD 105C
ESS106M016AB2EA,25000,0.25436,KEMET,CAP ALUM RAD 105C
ESE105M063AC3FA,8000,0.2556,KEMET,CAP ALUM RAD 105C
ESE226M025AC3FA,8000,0.2556,KEMET,CAP ALUM RAD 105C
ESE105M050AC3DA,8000,0.2556,KEMET,CAP ALUM RAD 105C
ESE475M050AC3FA,8000,0.2556,KEMET,CAP ALUM RAD 105C
ESE226M025AC3DA,8000,0.2556,KEMET,CAP ALUM RAD 105C
ESK475M010AC3AA,10000,0.25682,KEMET,CAP ALUM RAD 85C
ESE106M063AC3AA,10000,0.25682,KEMET,CAP ALUM RAD 105C
ESK335M063AC3AA,10000,0.25682,KEMET,CAP ALUM RAD 85C
ESK336M016AC3AA,10000,0.25815,KEMET,CAP ALUM RAD 85C
ESK336M6R3AC3AA,10000,0.25815,KEMET,CAP ALUM RAD 85C
ESY107M010AC3AA,40000,0.25841,KEMET,CAP ALUM 100UF 20% 10V RADIAL TH
ESE225M063AC3DA,8000,0.25966,KEMET,CAP ALUM RAD 105C
ESE476M025AC3EA,8000,0.25966,KEMET,CAP ALUM RAD 105C
ESE476M025AC3FA,8000,0.25966,KEMET,CAP ALUM RAD 105C
ESE105M100AC3DA,8000,0.25966,KEMET,CAP ALUM RAD 105C
ESE106M035AC3FA,8000,0.25966,KEMET,CAP ALUM RAD 105C
ESS105M050AB2FA,20000,0.26015,KEMET,CAP ALUM RAD 105C
ESS106M035AB2AA,20000,0.26015,KEMET,CAP ALUM RAD 105C
ESS106M025AB2DA,7500,0.26034,KEMET,CAP ALUM RAD 105C
ESK106M016AC3DA,8000,0.26102,KEMET,CAP ALUM RAD 85C
ESE106M050AC3AA,40000,0.2619,KEMET,CAP ALUM RAD 105C
ESS336M016AC2AA,40000,0.2619,KEMET,CAP ALUM RAD 105C
ESH686M010AC3AA,10000,0.26343,KEMET,CAP ALUM RAD 105C
ESE475M100AC3AA,10000,0.26606,KEMET,CAP ALUM RAD 105C
ESE336M035AC3AA,10000,0.26606,KEMET,CAP ALUM RAD 105C
ESE156M050AC3AA,10000,0.26606,KEMET,CAP ALUM RAD 105C
ESH225M063AC3AA,10000,0.26606,KEMET,CAP ALUM RAD 105C
ESH475M063AC3AA,10000,0.26606,KEMET,CAP ALUM RAD 105C
ESS105M063AB2DA,7500,0.26715,KEMET,CAP ALUM RAD 105C
ESK105M050AC3EA,40000,0.26772,KEMET,CAP ALUM RAD 85C
ESS106M025AB2EA,25000,0.26765,KEMET,CAP ALUM RAD 105C
ESH157M6R3AC3AA,10000,0.2687,KEMET,CAP ALUM RAD 105C
ESH105M100AC3EA,40000,0.27119,KEMET,CAP ALUM RAD 105C
ESH156M035AC3AA,10000,0.27133,KEMET,CAP ALUM RAD 105C
ESE105M100AC3AA,40000,0.27236,KEMET,CAP ALUM RAD 105C
ESE105M200AC3AA,10000,0.27264,KEMET,CAP ALUM RAD 105C
ESH475M100AC3AA,10000,0.27264,KEMET,CAP ALUM RAD 105C
ESE225M100AC3FA,6000,0.27324,KEMET,CAP ALUM RAD 105C
ESK105M063AC3EA,20000,0.27368,KEMET,CAP ALUM RAD 85C
ESE106M050AC3FA,6000,0.27463,KEMET,CAP ALUM RAD 105C
ESS475M035AB2AA,40000,0.27467,KEMET,CAP ALUM RAD 105C
ESH106M063AC3FA,40000,0.27467,KEMET,CAP ALUM RAD 105C
ESS107M010AC2AA,24000,0.27477,KEMET,CAP ALUM RAD 105C
ESK106M025AC3DA,6000,0.27602,KEMET,CAP ALUM RAD 85C
ESH336M016AC3AA,10000,0.27789,KEMET,CAP ALUM RAD 105C
ESS106M035AC2FA,20000,0.27981,KEMET,CAP ALUM RAD 105C
ESY186M035AC2AA,20000,0.27981,KEMET,CAP ALUM 18UF 20% 35V RADIAL TH
ESK106M050AC3JA,20800,0.27992,KEMET,CAP ALUM RAD 85C
ESK105M200AC3AA,10000,0.28051,KEMET,CAP ALUM RAD 85C
ESH686M016AC3AA,10000,0.28051,KEMET,CAP ALUM RAD 105C
ESS106M016AB2AA,10000,0.28051,KEMET,CAP ALUM RAD 105C
ESS226M016AB2AA,10000,0.28051,KEMET,CAP ALUM RAD 105C
ESS475M050AB2AA,10000,0.28051,KEMET,CAP ALUM RAD 105C
ESH156M063AC3AA,10000,0.28051,KEMET,CAP ALUM RAD 105C
ESK105M160AC3AA,20000,0.28103,KEMET,CAP ALUM RAD 85C
ESK227M010AE3DA,40000,0.28161,KEMET,CAP ALUM RAD 85C
ESK476M035AC3DA,6000,0.28156,KEMET,CAP ALUM RAD 85C
ESS475M025AB2DA,7500,0.28204,KEMET,CAP ALUM RAD 105C
ESE107M016AC3EA,6000,0.28294,KEMET,CAP ALUM RAD 105C
ESE226M050AC3FA,6000,0.28294,KEMET,CAP ALUM RAD 105C
ESE106M050AC3DA,6000,0.28294,KEMET,CAP ALUM RAD 105C
ESK105M160AC3DA,6000,0.28294,KEMET,CAP ALUM RAD 85C
ESH226M025AC3FA,6000,0.28294,KEMET,CAP ALUM RAD 105C
ESH105M050AC3DA,6000,0.28294,KEMET,CAP ALUM RAD 105C
ESH476M016AC3DA,6000,0.28294,KEMET,CAP ALUM RAD 105C
ESY156M025AB2AA,20000,0.28347,KEMET,CAP ALUM 15UF 20% 25V RADIAL TH
ESK107M025AE3DA,40000,0.28392,KEMET,CAP ALUM RAD 85C
ESH105M063AC3EA,6000,0.28433,KEMET,CAP ALUM RAD 105C
ESE106M100AC3FA,20000,0.2847,KEMET,CAP ALUM RAD 105C
ESH105M050AC3EA,40000,0.28508,KEMET,CAP ALUM RAD 105C
ESK226M063AE3EA,40000,0.28508,KEMET,CAP ALUM RAD 85C
ESK227M010AC3FA,6000,0.28571,KEMET,CAP ALUM RAD 85C
ESH106M035AC3EA,6000,0.28571,KEMET,CAP ALUM RAD 105C
ESK227M010AC3DA,6000,0.28571,KEMET,CAP ALUM RAD 85C
ESS476M010AC2AA,10000,0.28704,KEMET,CAP ALUM RAD 105C
ESK474M250AC3AA,10000,0.28704,KEMET,CAP ALUM RAD 85C
ESS226M050AE2DA,20000,0.28714,KEMET,CAP ALUM RAD 105C
ESH476M025AC3FA,20000,0.28714,KEMET,CAP ALUM RAD 105C
ESK226M050AC3JA,20800,0.28723,KEMET,CAP ALUM RAD 85C
ESH225M100AC3AA,40000,0.28969,KEMET,CAP ALUM RAD 105C
ESS225M050AB2DA,7500,0.29013,KEMET,CAP ALUM RAD 105C
ESS475M025AB2EA,7500,0.29013,KEMET,CAP ALUM RAD 105C
ESS335M050AB2DA,7500,0.29013,KEMET,CAP ALUM RAD 105C
ESS475M050AB2FA,7500,0.29013,KEMET,CAP ALUM RAD 105C
ESS106M035AC2DA,20000,0.2908,KEMET,CAP ALUM RAD 105C
ESH476M025AC3DA,20000,0.2908,KEMET,CAP ALUM RAD 105C
ESS106M025AC2EA,6000,0.29122,KEMET,CAP ALUM RAD 105C
ESE107M025AE3DA,40000,0.29315,KEMET,CAP ALUM RAD 105C
ESE107M025AE3AA,40000,0.29315,KEMET,CAP ALUM RAD 105C
ESK336M025AC3AA,20000,0.29324,KEMET,CAP ALUM RAD 85C
ESK475M100AC3EA,6000,0.29536,KEMET,CAP ALUM RAD 85C
ESH336M016AC3EA,40000,0.2966,KEMET,CAP ALUM RAD 105C
ESE226M050AC3AA,10000,0.29745,KEMET,CAP ALUM RAD 105C
ESC685M035AC3AA,40000,0.29775,KEMET,CAP ALUM RAD 105C
ESH106M063AC3DA,40000,0.30005,KEMET,CAP ALUM RAD 105C
ESK227M016AE3DA,40000,0.30005,KEMET,CAP ALUM RAD 85C
ESS475M050AC2AA,10000,0.30135,KEMET,CAP ALUM RAD 105C
ESS105M063AB2FA,7500,0.30219,KEMET,CAP ALUM RAD 105C
ESS475M035AB2FA,7500,0.30219,KEMET,CAP ALUM RAD 105C
ESK475M025AC3DA,6000,0.30222,KEMET,CAP ALUM RAD 85C
ESH156M050AC3AA,10000,0.30265,KEMET,CAP ALUM RAD 105C
ESH335M100AC3EA,20000,0.30296,KEMET,CAP ALUM RAD 105C
ESH225M050AC3EA,20000,0.30296,KEMET,CAP ALUM RAD 105C
ESE225M050AC3FA,6000,0.3036,KEMET,CAP ALUM RAD 105C
ESE106M035AC3DA,6000,0.3036,KEMET,CAP ALUM RAD 105C
ESE227M6R3AC3DA,6000,0.30496,KEMET,CAP ALUM RAD 105C
ESS476M010AC2EA,6000,0.30496,KEMET,CAP ALUM RAD 105C
ESE227M016AE3AA,40000,0.30579,KEMET,CAP ALUM RAD 105C
ESW476M025AC3AA,40000,0.30579,KEMET,CAP ALUM RAD 105C
ESH475M100AC3FA,40000,0.30579,KEMET,CAP ALUM RAD 105C
ESY476M010AC2EA,6000,0.30633,KEMET,CAP ALUM 47UF 20% 10V RADIAL TH
ESS107M010AE2AA,10000,0.30911,KEMET,CAP ALUM RAD 105C
ESS476M035AE2AA,40000,0.30923,KEMET,CAP ALUM RAD 105C
ESC106M025AC3AA,10000,0.31041,KEMET,CAP ALUM RAD 105C
ESK107M035AE3EA,40000,0.31152,KEMET,CAP ALUM RAD 85C
ESH686M025AE3AA,10000,0.3117,KEMET,CAP ALUM RAD 105C
ESE106M050AC3EA,20000,0.32348,KEMET,CAP ALUMINUM
ESE226M050AC3EA,6000,0.31317,KEMET,CAP ALUM RAD 105C
ESE336M016AC3EA,6000,0.31453,KEMET,CAP ALUM RAD 105C
ESH335M100AC3AA,10000,0.31557,KEMET,CAP ALUM RAD 105C
ESY336M016AC2LA,5200,0.31599,KEMET,CAP ALUM 33UF 20% 16V RADIAL TH
ESC107M016AC3EA,20000,0.31628,KEMET,CAP ALUM RAD 105C
ESS476M016AE2AA,10000,0.31686,KEMET,CAP ALUM RAD 105C
ESE337M6R3AE3AA,10000,0.31686,KEMET,CAP ALUM RAD 105C
ESS476M025AE2AA,10000,0.31686,KEMET,CAP ALUM RAD 105C
ESS107M016AE2AA,10000,0.31686,KEMET,CAP ALUM RAD 105C
ESH107M010AC3DA,6000,0.31724,KEMET,CAP ALUM RAD 105C
ESK475M025AC3LA,20800,0.31748,KEMET,CAP ALUM RAD 85C
ESC105M050AC3FA,20000,0.31749,KEMET,CAP ALUM RAD 105C
ESS107M025AE2EA,40000,0.31839,KEMET,CAP ALUM RAD 105C
ESS476M016AC2FA,6000,0.31997,KEMET,CAP ALUM RAD 105C
ESK107M025AC3DA,6000,0.31997,KEMET,CAP ALUM RAD 85C
ESW226M050AC3AA,40000,0.32068,KEMET,CAP ALUM RAD 105C
ESK476M025AC3JA,20800,0.32109,KEMET,CAP ALUM RAD 85C
ESH105M100AC3DA,6000,0.32134,KEMET,CAP ALUM RAD 105C
ESH106M035AC3DA,6000,0.32134,KEMET,CAP ALUM RAD 105C
ESH105M050AC3FA,6000,0.32134,KEMET,CAP ALUM RAD 105C
ESH105M063AC3FA,6000,0.32134,KEMET,CAP ALUM RAD 105C
ESK225M160AE3AA,10000,0.32329,KEMET,CAP ALUM RAD 85C
ESY336M010AC2AA,10000,0.32458,KEMET,CAP ALUM 33UF 20% 10V RADIAL TH
ESK227M016AE3KA,20900,0.32454,KEMET,CAP ALUM RAD 85C
ESY336M016AC2AA,20000,0.32473,KEMET,CAP ALUM 33UF 20% 16V RADIAL TH
ESH226M050AC3DA,6000,0.3254,KEMET,CAP ALUM RAD 105C
ESH336M025AC3FA,6000,0.3254,KEMET,CAP ALUM RAD 105C
ESY106M050AC2FA,6000,0.3254,KEMET,CAP ALUM 10UF 20% 50V RADIAL TH
ESE476M025AC3AA,10000,0.32587,KEMET,CAP ALUM RAD 105C
ESH336M035AC3KA,5200,0.32704,KEMET,CAP ALUM RAD 105C
ESC157M6R3AC3AA,10000,0.32715,KEMET,CAP ALUM RAD 105C
ESY106M050AC2AA,10000,0.32715,KEMET,CAP ALUM 10UF 20% 50V RADIAL TH
ESS106M050AE2DA,6000,0.32812,KEMET,CAP ALUM RAD 105C
ESC106M063AC3AA,20000,0.32834,KEMET,CAP ALUM RAD 105C
ESK227M010AE3AA,20000,0.33075,KEMET,CAP ALUM RAD 85C
ESY476M010AC2AA,10000,0.331,KEMET,CAP ALUM 47UF 20% 10V RADIAL TH
ESY685M050AC2AA,20000,0.33195,KEMET,CAP ALUM 6.8UF 20% 50V RADIAL TH
ESK107M6R3AC3KA,5200,0.33393,KEMET,CAP ALUM RAD 85C
ESY156M050AC3AA,20000,0.33435,KEMET,CAP ALUM 15UF 20% 50V RADIAL TH
ESH335M100AC3DA,6000,0.33489,KEMET,CAP ALUM RAD 105C
ESH106M063AC3EA,6000,0.33489,KEMET,CAP ALUM RAD 105C
ESY106M035AB2DA,5000,0.33556,KEMET,CAP ALUM 10UF 20% 35V RADIAL TH
ESS106M063AE2AA,10000,0.33612,KEMET,CAP ALUM RAD 105C
ESE686M025AE3AA,10000,0.33612,KEMET,CAP ALUM RAD 105C
ESS107M016AE2DA,6000,0.33624,KEMET,CAP ALUM RAD 105C
ESS476M016AE2DA,6000,0.33624,KEMET,CAP ALUM RAD 105C
ESS475M063AE2AA,40000,0.33664,KEMET,CAP ALUM RAD 105C
ESH107M016AE3KA,22000,0.33726,KEMET,CAP ALUM RAD 105C
ESH225M050AC3KA,20800,0.33788,KEMET,CAP ALUM RAD 105C
ESH476M035AC3AA,40000,0.34119,KEMET,CAP ALUM RAD 105C
ESH226M063AE3AA,20000,0.34155,KEMET,CAP ALUM RAD 105C
ESW476M016AC3AA,10000,0.34251,KEMET,CAP ALUM RAD 105C
ESH157M010AE3AA,10000,0.34251,KEMET,CAP ALUM RAD 105C
ESK227M010AE3EA,6000,0.34298,KEMET,CAP ALUM RAD 85C
ESK476M050AE3DA,40000,0.34346,KEMET,CAP ALUM RAD 85C
ESS227M6R3AE2AA,10000,0.34379,KEMET,CAP ALUM RAD 105C
ESX106M050AC3AA,10000,0.34379,KEMET,CAP ALUM RAD 105C
ESK106M100AE3AA,20000,0.34515,KEMET,CAP ALUM RAD 85C
ESE226M063AE3EA,20000,0.34515,KEMET,CAP ALUM RAD 105C
ESE476M035AC3EA,6000,0.34568,KEMET,CAP ALUM RAD 105C
ESE105M050AC3EA,6000,0.34703,KEMET,CAP ALUM RAD 105C
ESH226M035AC3DA,6000,0.34703,KEMET,CAP ALUM RAD 105C
ESK477M010AE3DA,20000,0.34993,KEMET,CAP ALUM RAD 85C
ESE476M050AE3AA,10000,0.35017,KEMET,CAP ALUM RAD 105C
ESH107M016AE3DA,6000,0.35105,KEMET,CAP ALUM RAD 105C
ESY566M025AE2EA,20000,0.35233,KEMET,CAP ALUM 56UF 20% 25V RADIAL TH
ESC105M050AC3LA,5200,0.35309,KEMET,CAP ALUM RAD 105C
ESK226M016AC3EA,6000,0.35374,KEMET,CAP ALUM RAD 85C
ESK476M063AE3EA,20000,0.35472,KEMET,CAP ALUM RAD 85C
ESW685M100AC3AA,40000,0.3548,KEMET,CAP ALUM RAD 105C
ESY107M025AE3EA,40000,0.3548,KEMET,CAP ALUM 100UF 20% 25V RADIAL TH
ESC476M025AC3DA,6000,0.35508,KEMET,CAP ALUM RAD 105C
ESK475M100AC3LA,5200,0.35581,KEMET,CAP ALUM RAD 85C
ESH105M250AE3AA,20000,0.35591,KEMET,CAP ALUM RAD 105C
ESC227M6R3AE3AA,20000,0.35591,KEMET,CAP ALUM RAD 105C
ESE107M025AE3EA,6000,0.35643,KEMET,CAP ALUM RAD 105C
ESS106M063AE2DA,6000,0.35643,KEMET,CAP ALUM RAD 105C
ESS226M035AE2DA,6000,0.35643,KEMET,CAP ALUM RAD 105C
ESK336M063AE3EA,6000,0.35643,KEMET,CAP ALUM RAD 85C
ESK336M016AC3EA,6000,0.35643,KEMET,CAP ALUM RAD 85C
ESX106M063AC3AA,10000,0.35653,KEMET,CAP ALUM RAD 105C
EDK475M050A9BAA,40000,0.35707,KEMET,CAP ALUM 4.7UF 20% 50V SMD
EDK476M6R3A9BAA,40000,0.35707,KEMET,CAP ALUM 47UF 20% 6.3V SMD
ESC107M025AE3DA,40000,0.35707,KEMET,CAP ALUM RAD 105C
ESK336M050AE3AA,10000,0.35907,KEMET,CAP ALUM RAD 85C
ESK475M160AE3AA,10000,0.35907,KEMET,CAP ALUM RAD 85C
ESH227M6R3AE3AA,10000,0.35907,KEMET,CAP ALUM RAD 105C
ETA107M025AE3JA,20900,0.35918,KEMET,CAP ALUM RAD 105C
ESH106M063AC3JA,5200,0.3599,KEMET,CAP ALUM RAD 105C
ESY106M050AC2LA,5200,0.3599,KEMET,CAP ALUM 10UF 20% 50V RADIAL TH
EDK336M010A9BAA,40000,0.36159,KEMET,CAP ALUM 33UF 20% 10V SMD
ESH226M050AC3JA,5200,0.36262,KEMET,CAP ALUM RAD 105C
ESK106M100AE3DA,20000,0.36307,KEMET,CAP ALUM RAD 85C
ESS227M010AE2AA,10000,0.36415,KEMET,CAP ALUM RAD 105C
ESY686M010AC3AA,10000,0.36415,KEMET,CAP ALUM 68UF 20% 10V RADIAL TH
ESE476M050AE3EA,20000,0.36426,KEMET,CAP ALUM RAD 105C
ESH107M025AE3KA,20900,0.36511,KEMET,CAP ALUM RAD 105C
ESE225M250AE3AA,20000,0.36545,KEMET,CAP ALUM RAD 105C
ESY476M025AC3AA,40000,0.36838,KEMET,CAP ALUM 47UF 20% 25V RADIAL TH
ESL105M450AE3DA,6000,0.3698,KEMET,CAP ALUM RAD 105C
ESY276M035AC3AA,20000,0.37021,KEMET,CAP ALUM 27UF 20% 35V RADIAL TH
ESY336M025AC3AA,20000,0.37021,KEMET,CAP ALUM 33UF 20% 25V RADIAL TH
ESX107M016AE3AA,20000,0.37021,KEMET,CAP ALUM RAD 105C
ESK336M063AE3AA,10000,0.37048,KEMET,CAP ALUM RAD 85C
ESH337M6R3AE3AA,10000,0.37048,KEMET,CAP ALUM RAD 105C
ESH475M100AC3EA,6000,0.37113,KEMET,CAP ALUM RAD 105C
ESE105M400AE3AA,40000,0.37176,KEMET,CAP ALUM RAD 105C
ESS475M016AB2JA,6000,0.37246,KEMET,CAP ALUM RAD 105C
ESY685M100AC3AA,10000,0.37301,KEMET,CAP ALUM 6.8UF 20% 100V RADIAL
ESC336M035AC3DA,6000,0.37379,KEMET,CAP ALUM RAD 105C
ESC475M100AC3DA,6000,0.37379,KEMET,CAP ALUM RAD 105C
ESC106M050AC3DA,6000,0.37379,KEMET,CAP ALUM RAD 105C
ESC106M050AC3FA,6000,0.37379,KEMET,CAP ALUM RAD 105C
ESK225M250AE3AA,10000,0.37554,KEMET,CAP ALUM RAD 85C
ESX475M100AC3AA,10000,0.37554,KEMET,CAP ALUM RAD 105C
ESH106M050AC3LA,20800,0.3795,KEMET,CAP ALUM RAD 105C
EST107M010AC3AA,40000,0.37965,KEMET,CAP ALUM RAD 105C
EST106M050AC3AA,40000,0.37965,KEMET,CAP ALUM RAD 105C
ESC226M063AE3AA,20000,0.37971,KEMET,CAP ALUM RAD 105C
ESH107M035AE3EA,6000,0.38045,KEMET,CAP ALUM RAD 105C
EST106M050AC3JA,20800,0.38068,KEMET,CAP ALUM RAD 105C
ESE227M010AE3AA,10000,0.38184,KEMET,CAP ALUM RAD 105C
ESK107M025AC3EA,40000,0.38191,KEMET,CAP ALUM RAD 85C
ESH106M050AC3KA,5200,0.38294,KEMET,CAP ALUM RAD 105C
ESX336M025AC3AA,10000,0.38436,KEMET,CAP ALUM RAD 105C
ESH105M100AC3KA,5200,0.38698,KEMET,CAP ALUM RAD 105C
ESY226M050AC3AA,20000,0.38919,KEMET,CAP ALUM 22UF 20% 50V RADIAL TH
EDK335M050A9BAA,40000,0.38978,KEMET,CAP ALUM 3.3UF 20% 50V SMD
ESK225M200AE3AA,10000,0.39067,KEMET,CAP ALUM RAD 85C
ESH225M200AE3AA,10000,0.39067,KEMET,CAP ALUM RAD 105C
EDK336M004A9BAA,40000,0.39315,KEMET,CAP ALUM 33UF 20% 4V SMD
ESY336M035AC3AA,20000,0.39392,KEMET,CAP ALUM 33UF 20% 35V RADIAL TH
ESW227M6R3AE3AA,10000,0.3982,KEMET,CAP ALUM RAD 105C
ESC336M050AE3AA,10000,0.39945,KEMET,CAP ALUM RAD 105C
ESS227M010AE2EA,4000,0.40514,KEMET,CAP ALUM RAD 105C
ESS227M010AE2DA,4000,0.40514,KEMET,CAP ALUM RAD 105C
EDK225M035A9BAA,40000,0.40661,KEMET,CAP ALUM 2.2UF 20% 35V SMD
ESC107M025AE3EA,20000,0.40691,KEMET,CAP ALUM RAD 105C
ESC127M016AE3AA,10000,0.40697,KEMET,CAP ALUM RAD 105C
ESH227M010AE3EA,4000,0.40789,KEMET,CAP ALUM RAD 105C
ESY227M010AE3AA,20000,0.40809,KEMET,CAP ALUM 220UF 20% 10V RADIAL TH
ESH335M100AC3KA,5200,0.40978,KEMET,CAP ALUM RAD 105C
EST226M050AC3AA,40000,0.40997,KEMET,CAP ALUM RAD 105C
ESH107M016AE3EA,40000,0.40997,KEMET,CAP ALUM RAD 105C
ESC475M050AC3AA,40000,0.40997,KEMET,CAP ALUM RAD 105C
ESC107M010AC3AA,40000,0.40997,KEMET,CAP ALUM RAD 105C
ESC106M050AC3AA,40000,0.40997,KEMET,CAP ALUM RAD 105C
ESC226M035AC3EA,40000,0.40997,KEMET,CAP ALUM RAD 105C
ESK105M400AE3AA,10000,0.41073,KEMET,CAP ALUM RAD 85C
ESY156M063AC3AA,10000,0.41073,KEMET,CAP ALUM 15UF 20% 63V RADIAL TH
ESY156M050AE2AA,10000,0.41073,KEMET,CAP ALUM 15UF 20% 50V RADIAL TH
ESH337M6R3AE3EA,4000,0.41203,KEMET,CAP ALUM RAD 105C
ESS107M025AG1EA,20000,0.41633,KEMET,CAP ALUM RAD 105C
ESC226M035AC3DA,20000,0.41633,KEMET,CAP ALUM RAD 105C
ESK225M250AE3DA,4000,0.41753,KEMET,CAP ALUM RAD 85C
EDK226M010A9BAA,40000,0.4178,KEMET,CAP ALUM 22UF 20% 10V SMD
ESK477M010AE3AA,40000,0.4178,KEMET,CAP ALUM RAD 85C
EDH336M6R3A9BAA,40000,0.41892,KEMET,CAP ALUM 33UF 20% 6.3V SMD
EDH685M035A9BAA,40000,0.41892,KEMET,CAP ALUM 6.8UF 20% 35V SMD
EDK336M6R3A9BAA,40000,0.41892,KEMET,CAP ALUM 33UF 20% 6.3V SMD
EDH685M025A9BAA,40000,0.42116,KEMET,CAP ALUM 6.8UF 20% 25V SMD
ESC226M050AC3AA,20000,0.4222,KEMET,CAP ALUM RAD 105C
ESC476M050AE3EA,20000,0.4222,KEMET,CAP ALUM RAD 105C
ESH225M160AE3AA,10000,0.42321,KEMET,CAP ALUM RAD 105C
EDH475M025A9BAA,40000,0.4245,KEMET,CAP ALUM 4.7UF 20% 25V SMD
ESX107M025AE3EA,4000,0.42712,KEMET,CAP ALUM RAD 105C
EDH226M010A9BAA,40000,0.42785,KEMET,CAP ALUM 22UF 20% 10V SMD
EDH226M016A9BAA,40000,0.42785,KEMET,CAP ALUM 22UF 20% 16V SMD
EDH226M6R3A9BAA,40000,0.42785,KEMET,CAP ALUM 22UF 20% 6.3V SMD
EST566M016AC3AA,10000,0.43192,KEMET,CAP ALUM RAD 105C
EST157M6R3AC3AA,10000,0.43192,KEMET,CAP ALUM RAD 105C
ESK105M350AE3DA,4000,0.4326,KEMET,CAP ALUM RAD 85C
ESY107M6R3AE2EA,4000,0.4326,KEMET,CAP ALUM 100UF 20% 6.3V RADIAL
ESK475M100AC3DA,4000,0.4326,KEMET,CAP ALUM RAD 85C
ESH476M035AE3KA,20900,0.43336,KEMET,CAP ALUM RAD 105C
ESC226M050AC3FA,20000,0.4351,KEMET,CAP ALUM RAD 105C
ESC476M025AC3AA,20000,0.4351,KEMET,CAP ALUM RAD 105C
ESX107M025AE3AA,10000,0.43689,KEMET,CAP ALUM RAD 105C
ESX336M035AE3AA,10000,0.43689,KEMET,CAP ALUM RAD 105C
EDH226M016A9DAA,40000,0.44011,KEMET,CAP ALUM 22UF 20% 16V SMD
ESC107M025AE3AA,40000,0.44123,KEMET,CAP ALUM RAD 105C
ESY686M016AE2AA,10000,0.44185,KEMET,CAP ALUM 68UF 20% 16V RADIAL TH
ESC476M035AE3EA,4000,0.44215,KEMET,CAP ALUM RAD 105C
EDK475M025S9BAA,40000,0.44234,KEMET,CAP ALUM 4.7UF 20% 25V SMD
ESK475M035AC3EA,4000,0.44488,KEMET,CAP ALUM RAD 85C
EEV336M6R3A9BAA,40000,0.44567,KEMET,CAP ALUM 33UF 20% 6.3V SMD
ESC476M050AE3AA,40000,0.44567,KEMET,CAP ALUM RAD 105C
ESW566M035AE3AA,10000,0.4493,KEMET,CAP ALUM RAD 105C
ESX106M063AC3DA,4000,0.45031,KEMET,CAP ALUM RAD 105C
EDK475M016S9BAA,40000,0.45234,KEMET,CAP ALUM 4.7UF 20% 16V SMD
EDK476M6R3A9DAA,40000,0.45457,KEMET,CAP ALUM 47UF 20% 6.3V SMD
EDH106M016S9BAA,40000,0.45457,KEMET,CAP ALUM 10UF 20% 16V SMD
EDH226M010S9BAA,40000,0.45457,KEMET,CAP ALUM 22UF 20% 10V SMD
EDH226M6R3S9BAA,40000,0.45457,KEMET,CAP ALUM 22UF 20% 6.3V SMD
EDH336M6R3S9BAA,40000,0.45457,KEMET,CAP ALUM 33UF 20% 6.3V SMD
EDH685M035S9BAA,40000,0.45457,KEMET,CAP ALUM 6.8UF 20% 35V SMD
EDK106M016S9BAA,40000,0.45457,KEMET,CAP ALUM 10UF 20% 16V SMD
EDK106M025S9BAA,40000,0.45457,KEMET,CAP ALUM 10UF 20% 25V SMD
EDK226M010S9BAA,40000,0.45457,KEMET,CAP ALUM 22UF 20% 10V SMD
EDK226M016S9BAA,40000,0.45457,KEMET,CAP ALUM 22UF 20% 16V SMD
EDK226M6R3S9BAA,40000,0.45457,KEMET,CAP ALUM 22UF 20% 6.3V SMD
EDK336M004S9BAA,40000,0.45457,KEMET,CAP ALUM 33UF 20% 4V SMD
EDK336M010S9BAA,40000,0.45457,KEMET,CAP ALUM 33UF 20% 10V SMD
EDK336M6R3S9BAA,40000,0.45457,KEMET,CAP ALUM 33UF 20% 6.3V SMD
EDK476M004S9BAA,40000,0.45457,KEMET,CAP ALUM 47UF 20% 4V SMD
ESY107M016AE3AA,20000,0.45497,KEMET,CAP ALUM 100UF 20% 16V RADIAL TH
EXV106M016A9BAA,40000,0.45567,KEMET,CAP ALUM 10UF 20% 16V SMD
EXV226M010A9BAA,40000,0.45567,KEMET,CAP ALUM 22UF 20% 10V SMD
EXV226M6R3A9BAA,40000,0.45567,KEMET,CAP ALUM 22UF 20% 6.3V SMD
EDH476M6R3S9BAA,40000,0.45567,KEMET,CAP ALUM 47UF 20% 6.3V SMD
EDH685M025S9BAA,40000,0.45567,KEMET,CAP ALUM 6.8UF 20% 25V SMD
EDK476M6R3S9BAA,40000,0.45567,KEMET,CAP ALUM 47UF 20% 6.3V SMD
ESK105M400AE3EA,4000,0.45575,KEMET,CAP ALUM RAD 85C
EEV226M010A9BAA,40000,0.45789,KEMET,CAP ALUM 22UF 20% 10V SMD
EEV336M010A9BAA,40000,0.45789,KEMET,CAP ALUM 33UF 20% 10V SMD
ESY566M035AE3AA,20000,0.45847,KEMET,CAP ALUM 56UF 20% 35V RADIAL TH
ESC476M050AE3DA,4000,0.45982,KEMET,CAP ALUM RAD 105C
ESK226M050AC3KA,5200,0.46416,KEMET,CAP ALUM RAD 85C
ESH335M050AC3KA,5200,0.46416,KEMET,CAP ALUM RAD 105C
EST336M035AC3AA,10000,0.46536,KEMET,CAP ALUM RAD 105C
EST106M063AC3AA,10000,0.46536,KEMET,CAP ALUM RAD 105C
ESC475M100AC3AA,10000,0.46536,KEMET,CAP ALUM RAD 105C
ESC336M035AC3AA,10000,0.46536,KEMET,CAP ALUM RAD 105C
ESX107M010AE3AA,10000,0.46536,KEMET,CAP ALUM RAD 105C
EDH475M035S9BAA,40000,0.46788,KEMET,CAP ALUM 4.7UF 20% 35V SMD
EDK475M035S9BAA,40000,0.46788,KEMET,CAP ALUM 4.7UF 20% 35V SMD
EEV106M025S9BAA,40000,0.46788,KEMET,CAP ALUM 10UF 20% 25V SMD
ESC106M100AE3KA,4400,0.46933,KEMET,CAP ALUM RAD 105C
ESS107M016AC2JA,5200,0.47072,KEMET,CAP ALUM RAD 105C
ESY337M6R3AE3AA,10000,0.47398,KEMET,CAP ALUM 330UF 20% 6.3V RADIAL
EEV226M010S9BAA,40000,0.47673,KEMET,CAP ALUM 22UF 20% 10V SMD
EEV226M016S9BAA,40000,0.47673,KEMET,CAP ALUM 22UF 20% 16V SMD
EEV226M6R3S9BAA,40000,0.47673,KEMET,CAP ALUM 22UF 20% 6.3V SMD
EEV336M010S9BAA,40000,0.47673,KEMET,CAP ALUM 33UF 20% 10V SMD
EEV336M6R3S9BAA,40000,0.47673,KEMET,CAP ALUM 33UF 20% 6.3V SMD
EXV226M010S9BAA,40000,0.47673,KEMET,CAP ALUM 22UF 20% 10V SMD
EXV226M6R3S9BAA,40000,0.47673,KEMET,CAP ALUM 22UF 20% 6.3V SMD
EXV336M6R3S9BAA,40000,0.47673,KEMET,CAP ALUM 33UF 20% 6.3V SMD
ESH337M016AG3EA,10000,0.47767,KEMET,CAP ALUM RAD 105C
ESW227M010AE3EA,4000,0.47876,KEMET,CAP ALUM RAD 105C
EEV336M025A9DAA,40000,0.47894,KEMET,CAP ALUM 33UF 20% 25V SMD
EEV476M6R3S9BAA,40000,0.47894,KEMET,CAP ALUM 47UF 20% 6.3V SMD
EXV106M016S9BAA,40000,0.47894,KEMET,CAP ALUM 10UF 20% 16V SMD
ESH157M016AG3AA,6000,0.48121,KEMET,CAP ALUM RAD 105C
ESH157M025AG3AA,6000,0.48121,KEMET,CAP ALUM RAD 105C
ESH337M010AG3AA,6000,0.48121,KEMET,CAP ALUM RAD 105C
ESK106M100AE3KA,4400,0.48134,KEMET,CAP ALUM RAD 85C
EEV475M035S9BAA,40000,0.48226,KEMET,CAP ALUM 4.7UF 20% 35V SMD
EXV475M035S9BAA,40000,0.48226,KEMET,CAP ALUM 4.7UF 20% 35V SMD
EEV476M016A9DAA,40000,0.48558,KEMET,CAP ALUM 47UF 20% 16V SMD
EDH336M010A9DAA,40000,0.48558,KEMET,CAP ALUM 33UF 20% 10V SMD
EDK225M050S9BAA,20000,0.48803,KEMET,CAP ALUM 2.2UF 20% 50V SMD
EDK336M010A9DAA,20000,0.48868,KEMET,CAP ALUM 33UF 20% 10V SMD
EDK336M016A9DAA,20000,0.48868,KEMET,CAP ALUM 33UF 20% 16V SMD
EDH226M025A9DAA,40000,0.4911,KEMET,CAP ALUM 22UF 20% 25V SMD
ESX227M010AE3AA,10000,0.49117,KEMET,CAP ALUM RAD 105C
ESC107M025AE3JA,4400,0.492,KEMET,CAP ALUM RAD 105C
EDK335M035S9BAA,40000,0.49311,KEMET,CAP ALUM 3.3UF 20% 35V SMD
ESH227M025AG3JA,10500,0.49365,KEMET,CAP ALUM RAD 105C
EDH476M6R3A9DAA,40000,0.49441,KEMET,CAP ALUM 47UF 20% 6.3V SMD
EDK225M035S9BAA,40000,0.49578,KEMET,CAP ALUM 2.2UF 20% 35V SMD
ESE225M160AE3AA,20000,0.49678,KEMET,CAP ALUM RAD 105C
EDH336M016A9DAA,40000,0.49772,KEMET,CAP ALUM 33UF 20% 16V SMD
EDK226M035A9GAA,20000,0.49794,KEMET,CAP ALUM 22UF 20% 35V SMD
EDK227M004A9GAA,20000,0.49794,KEMET,CAP ALUM 220UF 20% 4V SMD
ESK337M016AG3EA,20000,0.50025,KEMET,CAP ALUM RAD 85C
EEV226M016A9BAA,40000,0.50213,KEMET,CAP ALUM 22UF 20% 16V SMD
EEV475M035A9BAA,40000,0.50213,KEMET,CAP ALUM 4.7UF 20% 35V SMD
EEV476M6R3A9BAA,40000,0.50213,KEMET,CAP ALUM 47UF 20% 6.3V SMD
EDK475M063A9GAA,20000,0.50256,KEMET,CAP ALUM 4.7UF 20% 63V SMD
ESC157M016AE3AA,20000,0.50488,KEMET,CAP ALUM RAD 105C
ESY476M050AE3DA,20000,0.50603,KEMET,CAP ALUM 47UF 20% 50V RADIAL TH
ESL475M250AGMAA,12000,0.50643,KEMET,CAP ALUM RAD 105C
ESY566M050AE3EA,4000,0.50696,KEMET,CAP ALUM 56UF 20% 50V RADIAL TH
EEV107M6R3A9DAA,40000,0.50874,KEMET,CAP ALUM 100UF 20% 6.3V SMD
EDH335M050A9BAA,40000,0.50874,KEMET,CAP ALUM 3.3UF 20% 50V SMD
EDK226M050A9GAA,20000,0.51065,KEMET,CAP ALUM 22UF 20% 50V SMD
ESC477M6R3AG3AA,24000,0.51064,KEMET,CAP ALUM RAD 105C
ESE227M025AG3EA,20000,0.5118,KEMET,CAP ALUM RAD 105C
ESH477M6R3AG3AA,6000,0.51334,KEMET,CAP ALUM RAD 105C
ESC475M050AC3EA,4000,0.51498,KEMET,CAP ALUM RAD 105C
ESC105M050AC3DA,4000,0.51498,KEMET,CAP ALUM RAD 105C
ESH225M250AG3AA,6000,0.5159,KEMET,CAP ALUM RAD 105C
ESH156M100AG3AA,6000,0.51719,KEMET,CAP ALUM RAD 105C
ESW127M025AE4AA,24000,0.51747,KEMET,CAP ALUM RAD 105C
EDH106M025A9DAA,20000,0.51757,KEMET,CAP ALUM 10UF 20% 25V SMD
EDK475M050S9BAA,40000,0.51864,KEMET,CAP ALUM 4.7UF 20% 50V SMD
ESW826M035AE4EA,20000,0.52333,KEMET,CAP ALUM RAD 105C
ESK337M016AG3AA,12000,0.52444,KEMET,CAP ALUM RAD 85C
EDH685M050A9DAA,40000,0.52523,KEMET,CAP ALUM 6.8UF 20% 50V SMD
ESY156M100AE3AA,20000,0.52563,KEMET,CAP ALUM 15UF 20% 100V RADIAL TH
ESC106M100AE3AA,10000,0.5266,KEMET,CAP ALUM RAD 105C
ESW226M063AE3KA,4400,0.52772,KEMET,CAP ALUM RAD 105C
ESX226M050AE3AA,10000,0.53025,KEMET,CAP ALUM RAD 105C
EEV336M016A9DAA,40000,0.53182,KEMET,CAP ALUM 33UF 20% 16V SMD
EST476M035AE3AA,40000,0.53291,KEMET,CAP ALUM RAD 105C
EDK225M025A9BAA,10000,0.5339,KEMET,CAP ALUM SMD GEN PUR 85C
EDK156M010A9BAA,10000,0.5339,KEMET,CAP ALUM SMD GEN PUR 85C
EDH225M050S9BAA,40000,0.53496,KEMET,CAP ALUM 2.2UF 20% 50V SMD
ESK106M160AG3AA,12000,0.53641,KEMET,CAP ALUM RAD 85C
EST106M100AE3AA,20000,0.53713,KEMET,CAP ALUM RAD 105C
EDH105M050S9BAA,40000,0.53746,KEMET,CAP ALUM 1UF 20% 50V SMD
EDH335M050S9BAA,40000,0.53746,KEMET,CAP ALUM 3.3UF 20% 50V SMD
EDK105M050S9BAA,40000,0.53746,KEMET,CAP ALUM 1UF 20% 50V SMD
EDK335M050S9BAA,40000,0.53746,KEMET,CAP ALUM 3.3UF 20% 50V SMD
EXV105M050S9BAA,40000,0.53746,KEMET,CAP ALUM 1UF 20% 50V SMD
ESY157M010AG2AA,18000,0.53749,KEMET,CAP ALUM 150UF 20% 10V RADIAL TH
EDK336M016A9GAA,20000,0.53828,KEMET,CAP ALUM 33UF 20% 16V SMD
ESC476M035AE3AA,10000,0.53876,KEMET,CAP ALUM RAD 105C
ESE476M063AG3EA,20000,0.53943,KEMET,CAP ALUM RAD 105C
ESK225M350AG3AA,6000,0.54015,KEMET,CAP ALUM RAD 85C
ESK335M200AG3AA,6000,0.54015,KEMET,CAP ALUM RAD 85C
EEV106M050A9GAA,20000,0.54058,KEMET,CAP ALUM 10UF 20% 50V SMD
EDK227M6R3A9GAA,20000,0.54058,KEMET,CAP ALUM 220UF 20% 6.3V SMD
ESE106M160AG3AA,12000,0.54358,KEMET,CAP ALUM RAD 105C
EXV225M050S9BAA,40000,0.54498,KEMET,CAP ALUM 2.2UF 20% 50V SMD
ESC477M016AG4AA,20000,0.54517,KEMET,CAP ALUM RAD 105C
EST107M016AE3AA,10000,0.54604,KEMET,CAP ALUM RAD 105C
ESE227M025AG3DA,10000,0.54604,KEMET,CAP ALUM RAD 105C
ESK227M025AG3DA,10000,0.54604,KEMET,CAP ALUM RAD 85C
ESH686M050AG3AA,6000,0.54652,KEMET,CAP ALUM RAD 105C
ESK477M016AG3DA,20000,0.54747,KEMET,CAP ALUM RAD 85C
EDK336M025A9DAA,20000,0.54861,KEMET,CAP ALUM 33UF 20% 25V SMD
ESX227M010AG3AA,6000,0.54905,KEMET,CAP ALUM RAD 105C
ESC227M025AG4DA,10000,0.54968,KEMET,CAP ALUM RAD 105C
EDH336M010S9DAA,20000,0.55205,KEMET,CAP ALUM 33UF 20% 10V SMD
EDH476M010S9DAA,20000,0.55205,KEMET,CAP ALUM 47UF 20% 10V SMD
EDK106M035S9DAA,20000,0.55205,KEMET,CAP ALUM 10UF 20% 35V SMD
EDK336M010S9DAA,20000,0.55205,KEMET,CAP ALUM 33UF 20% 10V SMD
EDK476M010S9DAA,20000,0.55205,KEMET,CAP ALUM 47UF 20% 10V SMD
ESE477M010AG3AA,6000,0.5554,KEMET,CAP ALUM RAD 105C
ESH686M035AG3AA,6000,0.5554,KEMET,CAP ALUM RAD 105C
ESK476M050AG3AA,6000,0.5554,KEMET,CAP ALUM RAD 85C
EDK226M016S9DAA,20000,0.55549,KEMET,CAP ALUM 22UF 20% 16V SMD
EDK226M025S9DAA,20000,0.55549,KEMET,CAP ALUM 22UF 20% 25V SMD
EDH476M016A9DAA,40000,0.55592,KEMET,CAP ALUM 47UF 20% 16V SMD
ESC476M050AE3KA,4400,0.55661,KEMET,CAP ALUM RAD 105C
ESK335M160AG3AA,6000,0.55794,KEMET,CAP ALUM RAD 85C
EDK105M063A9BAA,10000,0.55816,KEMET,CAP ALUM SMD GEN PUR 85C
EDH106M025S9DAA,20000,0.56007,KEMET,CAP ALUM 10UF 20% 25V SMD
EDH476M016A9GAA,20000,0.56007,KEMET,CAP ALUM 47UF 20% 16V SMD
EDK226M035S9DAA,20000,0.56007,KEMET,CAP ALUM 22UF 20% 35V SMD
EDK336M025S9DAA,20000,0.56007,KEMET,CAP ALUM 33UF 20% 25V SMD
EDK476M6R3S9DAA,20000,0.56007,KEMET,CAP ALUM 47UF 20% 6.3V SMD
ESK335M250AG3AA,6000,0.56048,KEMET,CAP ALUM RAD 85C
EDH336M016S9DAA,20000,0.56236,KEMET,CAP ALUM 33UF 20% 16V SMD
EDH476M016S9DAA,20000,0.56236,KEMET,CAP ALUM 47UF 20% 16V SMD
EDK336M016S9DAA,20000,0.56236,KEMET,CAP ALUM 33UF 20% 16V SMD
EDK476M016S9DAA,20000,0.56236,KEMET,CAP ALUM 47UF 20% 16V SMD
ESH476M050AG3AA,6000,0.56301,KEMET,CAP ALUM RAD 105C
EDK107M004S9DAA,20000,0.56465,KEMET,CAP ALUM 100UF 20% 4V SMD
EDK107M6R3S9DAA,20000,0.56465,KEMET,CAP ALUM 100UF 20% 6.3V SMD
ESH475M160AG3AA,6000,0.56807,KEMET,CAP ALUM RAD 105C
ESW476M063AG3AA,24000,0.56846,KEMET,CAP ALUM RAD 105C
ESY336M063AE3AA,20000,0.56922,KEMET,CAP ALUM 33UF 20% 63V RADIAL TH
EDH685M050S9DAA,20000,0.57037,KEMET,CAP ALUM 6.8UF 20% 50V SMD
EDK336M6R3A9DAA,20000,0.57151,KEMET,CAP ALUM SMD GEN PUR 85C
EDH476M025A9GAA,20000,0.57265,KEMET,CAP ALUM 47UF 20% 25V SMD
EDH475M050S9DAA,20000,0.57494,KEMET,CAP ALUM 4.7UF 20% 50V SMD
ESY107M016AG1JA,3000,0.57558,KEMET,CAP ALUM 100UF 20% 16V RADIAL TH
ESK127M035AG3AA,6000,0.57565,KEMET,CAP ALUM RAD 85C
ESK475M200AG3AA,6000,0.57565,KEMET,CAP ALUM RAD 85C
ESK337M010AG3DA,3000,0.57693,KEMET,CAP ALUM RAD 85C
EDH106M050S9DAA,20000,0.57722,KEMET,CAP ALUM 10UF 20% 50V SMD
ESK225M250AG3AA,6000,0.57944,KEMET,CAP ALUM RAD 85C
ESK687M010AG4AA,5000,0.5821,KEMET,CAP ALUM RAD 85C
ESH105M400AG3EA,3000,0.58236,KEMET,CAP ALUM RAD 105C
ESH105M400AG3DA,3000,0.58236,KEMET,CAP ALUM RAD 105C
ESK477M016AG3EA,10000,0.5835,KEMET,CAP ALUM RAD 85C
EDH475M050A9DAA,20000,0.58407,KEMET,CAP ALUM 4.7UF 20% 50V SMD
EDH227M6R3A9GAA,20000,0.58749,KEMET,CAP ALUM 220UF 20% 6.3V SMD
EEV336M016S9DAA,20000,0.58749,KEMET,CAP ALUM 33UF 20% 16V SMD
EXV226M016S9DAA,20000,0.58749,KEMET,CAP ALUM 22UF 20% 16V SMD
EXV476M6R3S9DAA,20000,0.58749,KEMET,CAP ALUM 47UF 20% 6.3V SMD
ESH337M016AH1AA,8000,0.58801,KEMET,CAP ALUM RAD 105C
EDH106M035S9DAA,20000,0.58863,KEMET,CAP ALUM 10UF 20% 35V SMD
EEV476M6R3S9DAA,20000,0.58977,KEMET,CAP ALUM 47UF 20% 6.3V SMD
EXV475M050S9DAA,20000,0.58977,KEMET,CAP ALUM 4.7UF 20% 50V SMD
ESW227M010AE4EA,4000,0.59042,KEMET,CAP ALUM RAD 105C
ESC477M010AG4DA,20000,0.59091,KEMET,CAP ALUM RAD 105C
ESH477M016AG3AA,24000,0.59324,KEMET,CAP ALUM RAD 105C
EDH107M010A9GAA,20000,0.59433,KEMET,CAP ALUM 100UF 20% 10V SMD
EDH336M025A9GAA,20000,0.5966,KEMET,CAP ALUM 33UF 20% 25V SMD
EDK475M050S9DAA,20000,0.5966,KEMET,CAP ALUM 4.7UF 20% 50V SMD
EEV336M025S9DAA,20000,0.5966,KEMET,CAP ALUM 33UF 20% 25V SMD
EST476M050AE3AA,40000,0.59737,KEMET,CAP ALUM RAD 105C
ESH105M450AG3AA,12000,0.59826,KEMET,CAP ALUM RAD 105C
ESC127M025AG3AA,6000,0.59835,KEMET,CAP ALUM RAD 105C
EDH476M010A9GAA,20000,0.59888,KEMET,CAP ALUM 47UF 20% 10V SMD
EDK106M050S9DAA,20000,0.59888,KEMET,CAP ALUM 10UF 20% 50V SMD
ESK227M035AG3DA,20000,0.59888,KEMET,CAP ALUM RAD 85C
ESK476M050AG3DA,3000,0.6013,KEMET,CAP ALUM RAD 85C
ESY686M025AE3AA,10000,0.60154,KEMET,CAP ALUM 68UF 20% 25V RADIAL TH
ESY566M050AE3AA,20000,0.60229,KEMET,CAP ALUM 56UF 20% 50V RADIAL TH
ESH226M100AG3AA,24000,0.60336,KEMET,CAP ALUM RAD 105C
EEV336M010S9DAA,20000,0.60343,KEMET,CAP ALUM 33UF 20% 10V SMD
EEV476M016S9DAA,20000,0.60343,KEMET,CAP ALUM 47UF 20% 16V SMD
EXV106M035S9DAA,20000,0.60343,KEMET,CAP ALUM 10UF 20% 35V SMD
EXV336M010S9DAA,20000,0.60343,KEMET,CAP ALUM 33UF 20% 10V SMD
EST227M010AE3AA,10000,0.60513,KEMET,CAP ALUM RAD 105C
EEV226M016S9DAA,20000,0.60684,KEMET,CAP ALUM 22UF 20% 16V SMD
EEV106M035S9DAA,20000,0.60798,KEMET,CAP ALUM 10UF 20% 35V SMD
EXV226M025S9DAA,20000,0.60798,KEMET,CAP ALUM 22UF 20% 25V SMD
EST336M050AE3AA,10000,0.60873,KEMET,CAP ALUM RAD 105C
ESK108M6R3AG3EA,20000,0.60912,KEMET,CAP ALUM RAD 85C
ESH105M400AG3KA,3000,0.61075,KEMET,CAP ALUM RAD 105C
ESY156M100AE3EA,4000,0.61529,KEMET,CAP ALUM 15UF 20% 100V RADIAL TH
EDK475M063S9GAA,20000,0.61593,KEMET,CAP ALUM 4.7UF 20% 63V SMD
ESK475M250AG3DA,10000,0.61593,KEMET,CAP ALUM RAD 85C
EEV476M6R3A9DAA,40000,0.61802,KEMET,CAP ALUM 47UF 20% 6.3V SMD
EDK476M016S9GAA,20000,0.61934,KEMET,CAP ALUM 47UF 20% 16V SMD
ESW227M016AG3AA,6000,0.61969,KEMET,CAP ALUM RAD 105C
ESH476M050AG3KA,10500,0.6202,KEMET,CAP ALUM RAD 105C
EDK107M010S9GAA,20000,0.62161,KEMET,CAP ALUM 100UF 20% 10V SMD
EST337M6R3AE3AA,10000,0.62191,KEMET,CAP ALUM RAD 105C
EDK336M025S9GAA,20000,0.62388,KEMET,CAP ALUM 33UF 20% 25V SMD
EDK476M025S9GAA,20000,0.62388,KEMET,CAP ALUM 47UF 20% 25V SMD
ESK225M250AG3DA,3000,0.62691,KEMET,CAP ALUM RAD 85C
ESK225M250AG3EA,3000,0.62691,KEMET,CAP ALUM RAD 85C
EDK226M025S9GAA,20000,0.62728,KEMET,CAP ALUM 22UF 20% 25V SMD
EDK226M035S9GAA,20000,0.62728,KEMET,CAP ALUM 22UF 20% 35V SMD
EDK336M035S9GAA,20000,0.62728,KEMET,CAP ALUM 33UF 20% 35V SMD
ESH227M025AH1AA,8000,0.62836,KEMET,CAP ALUM RAD 105C
ESE107M050AG3EA,10000,0.62909,KEMET,CAP ALUM RAD 105C
ESH107M050AG3DA,3000,0.62958,KEMET,CAP ALUM RAD 105C
ESH105M400AG3AA,6000,0.62969,KEMET,CAP ALUM RAD 105C
ESW107M035AG3AA,12000,0.63013,KEMET,CAP ALUM RAD 105C
EXV226M016A9DAA,20000,0.63067,KEMET,CAP ALUM 22UF 20% 16V SMD
EDK336M016S9GAA,20000,0.63067,KEMET,CAP ALUM 33UF 20% 16V SMD
ESE225M400AG3EA,20000,0.63067,KEMET,CAP ALUM RAD 105C
ESE106M160AG3EA,3000,0.63093,KEMET,CAP ALUM RAD 105C
ESC477M010AH1AA,8000,0.63201,KEMET,CAP ALUM RAD 105C
EXV107M6R3A9GAA,20000,0.63634,KEMET,CAP ALUM 100UF 20% 6.3V SMD
ESH227M025AG3DA,3000,0.63631,KEMET,CAP ALUM RAD 105C
ESK108M6R3AG3DA,12000,0.6372,KEMET,CAP ALUM RAD 85C
EDK107M016S9GAA,20000,0.63748,KEMET,CAP ALUM 100UF 20% 16V SMD
EEV476M010A9GAA,20000,0.63748,KEMET,CAP ALUM 47UF 20% 10V SMD
EDH476M016S9GAA,20000,0.6386,KEMET,CAP ALUM 47UF 20% 16V SMD
EDK227M6R3S9GAA,20000,0.6386,KEMET,CAP ALUM 220UF 20% 6.3V SMD
EEV277M6R3A9NAA,20000,0.6386,KEMET,CAP ALUM SMD GEN PUR 105C
ESH687M010AH1AA,4000,0.63873,KEMET,CAP ALUM RAD 105C
ESH686M063AH1AA,8000,0.64174,KEMET,CAP ALUM RAD 105C
ESK105M400AG3AA,6000,0.64343,KEMET,CAP ALUM RAD 85C
ESC476M063AG3AA,24000,0.64369,KEMET,CAP ALUM RAD 105C
EDH107M010S9GAA,20000,0.6454,KEMET,CAP ALUM 100UF 20% 10V SMD
EDH107M6R3S9GAA,20000,0.6454,KEMET,CAP ALUM 100UF 20% 6.3V SMD
EDK107M6R3S9GAA,20000,0.6454,KEMET,CAP ALUM 100UF 20% 6.3V SMD
ESC227M016AG3AA,24000,0.64592,KEMET,CAP ALUM RAD 105C
EDH226M025S9GAA,20000,0.64766,KEMET,CAP ALUM 22UF 20% 25V SMD
EDH336M025S9GAA,20000,0.64766,KEMET,CAP ALUM 33UF 20% 25V SMD
EDH476M025S9GAA,20000,0.64766,KEMET,CAP ALUM 47UF 20% 25V SMD
ESK226M100AG3DA,10000,0.64819,KEMET,CAP ALUM RAD 85C
ESH477M016AH1KA,7200,0.64858,KEMET,CAP ALUM RAD 105C
EST107M050AG3JA,10500,0.67122,KEMET,CAP ALUMINUM
EDH476M010S9GAA,20000,0.64992,KEMET,CAP ALUM 47UF 20% 10V SMD
ESY227M025AG3DA,20000,0.64992,KEMET,CAP ALUM 220UF 20% 25V RADIAL TH
ESY277M016AG3AA,6000,0.65092,KEMET,CAP ALUM 270UF 20% 16V RADIAL TH
EDH226M025A9GAA,20000,0.65105,KEMET,CAP ALUM 22UF 20% 25V SMD
EEV226M016A9DAA,20000,0.65218,KEMET,CAP ALUM 22UF 20% 16V SMD
EEV336M010A9DAA,20000,0.65218,KEMET,CAP ALUM 33UF 20% 10V SMD
EXV107M010A9GAA,20000,0.65331,KEMET,CAP ALUM 100UF 20% 10V SMD
EXV336M016A9GAA,20000,0.65331,KEMET,CAP ALUM 33UF 20% 16V SMD
ESY227M016AG3AA,6000,0.65465,KEMET,CAP ALUM 220UF 20% 16V RADIAL TH
ESE476M063AG3DA,3000,0.65502,KEMET,CAP ALUM RAD 105C
EEV106M050S9GAA,20000,0.65557,KEMET,CAP ALUM 10UF 20% 50V SMD
EXV476M010A9GAA,20000,0.6567,KEMET,CAP ALUM 47UF 20% 10V SMD
ESE226M100AG3AA,12000,0.6595,KEMET,CAP ALUM RAD 105C
ESH687M6R3AH1AA,4000,0.65947,KEMET,CAP ALUM RAD 105C
ESX107M025AG3AA,12000,0.6595,KEMET,CAP ALUM RAD 105C
ESK225M400AG3AA,6000,0.66087,KEMET,CAP ALUM RAD 85C
EDH107M016S9GAA,20000,0.66121,KEMET,CAP ALUM 100UF 20% 16V SMD
ESE107M050AG3AA,6000,0.66212,KEMET,CAP ALUM RAD 105C
ESY187M025AG3AA,6000,0.66212,KEMET,CAP ALUM 180UF 20% 25V RADIAL TH
EXV106M050S9GAA,20000,0.66347,KEMET,CAP ALUM 10UF 20% 50V SMD
EDH227M6R3S9GAA,20000,0.66573,KEMET,CAP ALUM 220UF 20% 6.3V SMD
EDK227M004S9GAA,20000,0.66573,KEMET,CAP ALUM 220UF 20% 4V SMD
EEV476M010S9GAA,20000,0.66573,KEMET,CAP ALUM 47UF 20% 10V SMD
ESC337M010AG3AA,6000,0.66708,KEMET,CAP ALUM RAD 105C
ESE105M400AG3AA,6000,0.66834,KEMET,CAP ALUM RAD 105C
EEV476M016S9GAA,20000,0.66911,KEMET,CAP ALUM 47UF 20% 16V SMD
EDH107M6R3A9GAA,20000,0.6725,KEMET,CAP ALUM 100UF 20% 6.3V SMD
ESH106M160AH1AA,8000,0.6757,KEMET,CAP ALUM RAD 105C
ESK107M050AG3DA,20000,0.677,KEMET,CAP ALUM RAD 85C
ESK106M200AH1AA,4000,0.68014,KEMET,CAP ALUM RAD 85C
ESK476M050AG3EA,3000,0.68033,KEMET,CAP ALUM RAD 85C
EEV336M035S9GAA,20000,0.68151,KEMET,CAP ALUM 33UF 20% 35V SMD
ESC227M035AH1KA,7200,0.68159,KEMET,CAP ALUM RAD 105C
ESK226M100AG3AA,6000,0.68198,KEMET,CAP ALUM RAD 85C
ESC127M035AG3AA,12000,0.68291,KEMET,CAP ALUM RAD 105C
EDH106M050S9GAA,20000,0.68376,KEMET,CAP ALUM 10UF 20% 50V SMD
EEV107M6R3S9GAA,20000,0.68376,KEMET,CAP ALUM 100UF 20% 6.3V SMD
EXV336M025A9GAA,20000,0.68488,KEMET,CAP ALUM 33UF 20% 25V SMD
EEV107M010A9GAA,20000,0.68601,KEMET,CAP ALUM 100UF 20% 10V SMD
EDK107M016A9HAA,20000,0.68601,KEMET,CAP ALUM 100UF 20% 16V SMD
EDK335M100A9HAA,20000,0.68601,KEMET,CAP ALUM 3.3UF 20% 100V SMD
EDK476M025A9HAA,20000,0.68601,KEMET,CAP ALUM 47UF 20% 25V SMD
EDH476M035A9HAA,20000,0.68826,KEMET,CAP ALUM 47UF 20% 35V SMD
EEV686M025S9GAA,20000,0.68826,KEMET,CAP ALUM 68UF 20% 25V SMD
EXV107M6R3S9GAA,20000,0.68826,KEMET,CAP ALUM 100UF 20% 6.3V SMD
ESX337M010AG3AA,6000,0.68941,KEMET,CAP ALUM RAD 105C
EDH227M6R3A9HAA,20000,0.69051,KEMET,CAP ALUM 220UF 20% 6.3V SMD
EDH476M025A9HAA,20000,0.69051,KEMET,CAP ALUM 47UF 20% 25V SMD
EXV476M010S9GAA,20000,0.69051,KEMET,CAP ALUM 47UF 20% 10V SMD
EXV336M6R3A9BAA,40000,0.69046,KEMET,CAP ALUM 33UF 20% 6.3V SMD
ESK336M100AH1AA,4000,0.69174,KEMET,CAP ALUM RAD 85C
ESX107M035AG3AA,6000,0.69684,KEMET,CAP ALUM RAD 105C
ESX477M010AG3AA,6000,0.69684,KEMET,CAP ALUM RAD 105C
ESL475M400AGMDA,9000,0.69788,KEMET,CAP ALUM RAD 105C
ESC227M025AG4AA,10000,0.69923,KEMET,CAP ALUM RAD 105C
ESH475M400AG3AA,24000,0.69937,KEMET,CAP ALUM RAD 105C
EDH107M010A9HAA,20000,0.70175,KEMET,CAP ALUM 100UF 20% 10V SMD
EEV476M025S9GAA,20000,0.70175,KEMET,CAP ALUM 47UF 20% 25V SMD
ESW826M035AE4AA,24000,0.7027,KEMET,CAP ALUM RAD 105C
EXV336M016S9GAA,20000,0.70287,KEMET,CAP ALUM 33UF 20% 16V SMD
ESY477M016AG8EA,20000,0.70512,KEMET,CAP ALUM 470UF 20% 16V RADIAL TH
ESE108M6R3AG3AA,6000,0.70548,KEMET,CAP ALUM RAD 105C
ESY337M010AG3EA,3000,0.70552,KEMET,CAP ALUM 330UF 20% 10V RADIAL TH
EDH336M035A9HAA,20000,0.70624,KEMET,CAP ALUM 33UF 20% 35V SMD
EDK336M035A9HAA,20000,0.70624,KEMET,CAP ALUM 33UF 20% 35V SMD
EXV476M016S9GAA,20000,0.70624,KEMET,CAP ALUM 47UF 20% 16V SMD
EDH107M016A9HAA,20000,0.70849,KEMET,CAP ALUM 100UF 20% 16V SMD
EDK337M6R3A9HAA,20000,0.7141,KEMET,CAP ALUM 330UF 20% 6.3V SMD
ESX127M016AG3DA,3000,0.71478,KEMET,CAP ALUM RAD 105C
EXV107M010S9GAA,20000,0.71746,KEMET,CAP ALUM 100UF 20% 10V SMD
EXV476M025S9GAA,20000,0.71971,KEMET,CAP ALUM 47UF 20% 25V SMD
ESC477M016AH9EA,7000,0.7225,KEMET,CAP ALUM RAD 105C
ESC477M025AH9AA,16000,0.72284,KEMET,CAP ALUM RAD 105C
ESE475M250AG3DA,3000,0.72796,KEMET,CAP ALUM RAD 105C
ESH475M200AH1AA,4000,0.72893,KEMET,CAP ALUM RAD 105C
EEV336M025A9GAA,20000,0.72979,KEMET,CAP ALUM 33UF 20% 25V SMD
EDH337M6R3A9HAA,20000,0.72979,KEMET,CAP ALUM 330UF 20% 6.3V SMD
EDK336M050A9HAA,20000,0.72979,KEMET,CAP ALUM 33UF 20% 50V SMD
ESX156M100AG3AA,6000,0.73014,KEMET,CAP ALUM RAD 105C
ESY227M035AG8AA,10000,0.7311,KEMET,CAP ALUM 220UF 20% 35V RADIAL TH
ESC127M050AG6EA,10000,0.7311,KEMET,CAP ALUM RAD 105C
ESY108M010AH8KA,7200,0.75672,KEMET,CAP ALUMINUM
EDK337M004A9GAA,20000,0.73315,KEMET,CAP ALUM 330UF 20% 4V SMD
ESC227M035AG4AA,20000,0.73315,KEMET,CAP ALUM RAD 105C
ESH336M100AH1AA,4000,0.73404,KEMET,CAP ALUM RAD 105C
ETA477M016AH9KA,7200,0.76549,KEMET,CAP ALUMINUM
ESY337M025AG8DA,20000,0.74321,KEMET,CAP ALUM 330UF 20% 25V RADIAL TH
ESC477M010AG4AA,5000,0.74409,KEMET,CAP ALUM RAD 105C
EEV336M050A9HAA,20000,0.74545,KEMET,CAP ALUM 33UF 20% 50V SMD
ESK335M350AH1AA,4000,0.74553,KEMET,CAP ALUM RAD 85C
EXV336M025S9GAA,10000,0.75227,KEMET,CAP ALUM 33UF 20% 25V SMD
EEV335M035A9BAA,10000,0.75227,KEMET,CAP ALUM SMD GEN PUR 105C
ESH337M035AH2AA,6000,0.75347,KEMET,CAP ALUM RAD 105C
ESH225M350AH1AA,4000,0.75573,KEMET,CAP ALUM RAD 105C
EDH227M6R3S9HAA,20000,0.75663,KEMET,CAP ALUM 220UF 20% 6.3V SMD
EDH476M025S9HAA,20000,0.75663,KEMET,CAP ALUM 47UF 20% 25V SMD
EDH476M035S9HAA,20000,0.75663,KEMET,CAP ALUM 47UF 20% 35V SMD
EDK227M6R3S9HAA,20000,0.75663,KEMET,CAP ALUM 220UF 20% 6.3V SMD
EDK476M025S9HAA,20000,0.75663,KEMET,CAP ALUM 47UF 20% 25V SMD
EDK476M035S9HAA,20000,0.75663,KEMET,CAP ALUM 47UF 20% 35V SMD
EDT336M035A9HAA,20000,0.75663,KEMET,CAP ALUM 33UF 20% 35V SMD
EST336M063AE3AA,10000,0.75697,KEMET,CAP ALUM RAD 105C
ESH477M025AG4DA,20000,0.75774,KEMET,CAP ALUM RAD 105C
ESH157M050AH1AA,4000,0.75829,KEMET,CAP ALUM RAD 105C
ESH687M016AH2AA,6000,0.76327,KEMET,CAP ALUM RAD 105C
ESH107M063AH1KA,7200,0.76401,KEMET,CAP ALUM RAD 105C
EDH336M050A9HAA,20000,0.76444,KEMET,CAP ALUM 33UF 20% 50V SMD
EDK107M025S9HAA,20000,0.76444,KEMET,CAP ALUM 100UF 20% 25V SMD
EDH227M010S9HAA,20000,0.77001,KEMET,CAP ALUM 220UF 20% 10V SMD
EDK227M010S9HAA,20000,0.77001,KEMET,CAP ALUM 220UF 20% 10V SMD
EDK227M016S9HAA,20000,0.77001,KEMET,CAP ALUM 220UF 20% 16V SMD
EDK476M035A9HAA,20000,0.77001,KEMET,CAP ALUM 47UF 20% 35V SMD
ESC157M025AG3AA,6000,0.77062,KEMET,CAP ALUM RAD 105C
ESK106M250AH1AA,4000,0.77098,KEMET,CAP ALUM RAD 85C
ESK107M063AH1AA,16000,0.77164,KEMET,CAP ALUM RAD 85C
EDH107M010S9HAA,20000,0.77225,KEMET,CAP ALUM 100UF 20% 10V SMD
EDK475M100S9HAA,20000,0.77225,KEMET,CAP ALUM 4.7UF 20% 100V SMD
EEV476M016A9GAA,20000,0.77448,KEMET,CAP ALUM 47UF 20% 16V SMD
EDH107M016S9HAA,20000,0.77448,KEMET,CAP ALUM 100UF 20% 16V SMD
EDK107M016S9HAA,20000,0.77448,KEMET,CAP ALUM 100UF 20% 16V SMD
ESH108M010AH2AA,6000,0.77795,KEMET,CAP ALUM RAD 105C
EDH336M035S9HAA,20000,0.77893,KEMET,CAP ALUM 33UF 20% 35V SMD
EDK336M035S9HAA,20000,0.77893,KEMET,CAP ALUM 33UF 20% 35V SMD
EDH337M6R3S9HAA,20000,0.78116,KEMET,CAP ALUM 330UF 20% 6.3V SMD
EDK337M6R3S9HAA,20000,0.78116,KEMET,CAP ALUM 330UF 20% 6.3V SMD
EDT476M016A9HAA,20000,0.78673,KEMET,CAP ALUM 47UF 20% 16V SMD
ESC686M063AG3AA,6000,0.79016,KEMET,CAP ALUM RAD 105C
ESY107M050AG3JA,3000,0.79086,KEMET,CAP ALUM 100UF 20% 50V RADIAL TH
ESK335M400AH1AA,8000,0.79322,KEMET,CAP ALUM RAD 85C
EDH226M050S9HAA,20000,0.79785,KEMET,CAP ALUM 22UF 20% 50V SMD
EDK226M050S9HAA,20000,0.79785,KEMET,CAP ALUM 22UF 20% 50V SMD
ESE227M035AG3DA,2000,0.79825,KEMET,CAP ALUM RAD 105C
EDK335M100S9HAA,20000,0.79876,KEMET,CAP ALUM 3.3UF 20% 100V SMD
EDT476M025A9HAA,20000,0.80007,KEMET,CAP ALUM 47UF 20% 25V SMD
ESC477M016AH9KA,7200,0.80126,KEMET,CAP ALUM RAD 105C
ESH157M035AH1AA,4000,0.80141,KEMET,CAP ALUM RAD 105C
ESC477M016AH1KA,2400,0.80228,KEMET,CAP ALUM RAD 105C
ESH225M450AH1EA,7000,0.80705,KEMET,CAP ALUM RAD 105C
ESX227M016AG3DA,2000,0.80776,KEMET,CAP ALUM RAD 105C
EDK106M100S9HAA,20000,0.80786,KEMET,CAP ALUM 10UF 20% 100V SMD
EDH226M050A9HAA,20000,0.80786,KEMET,CAP ALUM 22UF 20% 50V SMD
ESS477M010AG2KA,20250,0.81039,KEMET,CAP ALUM RAD 105C
EDH336M050S9HAA,20000,0.8123,KEMET,CAP ALUM 33UF 20% 50V SMD
EDK336M050S9HAA,20000,0.8123,KEMET,CAP ALUM 33UF 20% 50V SMD
EDT157M010A9HAA,20000,0.8123,KEMET,CAP ALUM 150UF 20% 10V SMD
ESC227M035AG6AA,16000,0.8123,KEMET,CAP ALUM RAD 105C
ESH336M100AH1EA,2100,0.8138,KEMET,CAP ALUM RAD 105C
ESL157M050AG8DA,10000,0.8143,KEMET,CAP ALUM RAD 105C
EDK337M004S9GAA,20000,0.81896,KEMET,CAP ALUM 330UF 20% 4V SMD
EDT107M016A9HAA,20000,0.81896,KEMET,CAP ALUM 100UF 20% 16V SMD
ESK107M063AG3DA,2000,0.82132,KEMET,CAP ALUM RAD 85C
ESC227M016AG3DA,2000,0.82542,KEMET,CAP ALUM RAD 105C
ESC127M035AG3DA,2000,0.82542,KEMET,CAP ALUM RAD 105C
ESE337M035AG4JA,10500,0.82698,KEMET,CAP ALUM RAD 105C
EXV686M025A9HAA,20000,0.82894,KEMET,CAP ALUM 68UF 20% 25V SMD
ESC687M010AH1EA,7000,0.82984,KEMET,CAP ALUM RAD 105C
ESH475M250AH1EA,2100,0.82998,KEMET,CAP ALUM RAD 105C
EXV227M6R3A9HAA,20000,0.83226,KEMET,CAP ALUM 220UF 20% 6.3V SMD
ESY226M100AG3AA,12000,0.83226,KEMET,CAP ALUM 22UF 20% 100V RADIAL TH
ESC107M050AG4AA,10000,0.83293,KEMET,CAP ALUM RAD 105C
EEV336M050S9HAA,20000,0.83337,KEMET,CAP ALUM 33UF 20% 50V SMD
ESC477M025AG6AA,8000,0.83476,KEMET,CAP ALUM RAD 105C
EDT226M035A9HAA,20000,0.84002,KEMET,CAP ALUM 22UF 20% 35V SMD
EXV475M050A9DAA,20000,0.84224,KEMET,CAP ALUM 4.7UF 20% 50V SMD
ESH158M6R3AH2AA,3000,0.84412,KEMET,CAP ALUM RAD 105C
EXV157M6R3A9HAA,20000,0.84777,KEMET,CAP ALUM 150UF 20% 6.3V SMD
EEV157M6R3S9HAA,20000,0.84887,KEMET,CAP ALUM 150UF 20% 6.3V SMD
ESY476M063AG3AA,24000,0.8492,KEMET,CAP ALUM 47UF 20% 63V RADIAL TH
ESC108M6R3AG6EA,2000,0.85109,KEMET,CAP ALUM RAD 105C
ESH477M016AH1AA,4000,0.85432,KEMET,CAP ALUM RAD 105C
EEV686M035S9HAA,20000,0.85441,KEMET,CAP ALUM 68UF 20% 35V SMD
EXV226M050S9HAA,20000,0.85441,KEMET,CAP ALUM 22UF 20% 50V SMD
EEV227M010A9HAA,20000,0.85441,KEMET,CAP ALUM 220UF 20% 10V SMD
ESW227M035AG4EA,2000,0.85515,KEMET,CAP ALUM RAD 105C
EEV157M6R3A9HAA,20000,0.85551,KEMET,CAP ALUM 150UF 20% 6.3V SMD
EST477M010AG3JA,3000,0.85702,KEMET,CAP ALUM RAD 105C
ESH227M035AH1EA,7000,0.86093,KEMET,CAP ALUM RAD 105C
ESH337M025AH1AA,4000,0.86184,KEMET,CAP ALUM RAD 105C
ESH335M400AH1EA,2100,0.86223,KEMET,CAP ALUM RAD 105C
ESH477M025AH1KA,2400,0.8633,KEMET,CAP ALUM RAD 105C
EEV227M6R3S9HAA,20000,0.86436,KEMET,CAP ALUM 220UF 20% 6.3V SMD
ESY826M050AG3AA,12000,0.86663,KEMET,CAP ALUM 82UF 20% 50V RADIAL TH
ESX107M035AH1AA,4000,0.86687,KEMET,CAP ALUM RAD 105C
ESY227M035AG8EA,2000,0.86726,KEMET,CAP ALUM 220UF 20% 35V RADIAL TH
EEV157M016S9HAA,20000,0.86767,KEMET,CAP ALUM 150UF 20% 16V SMD
ESY337M025AH1KA,2400,0.86857,KEMET,CAP ALUM 330UF 20% 25V RADIAL TH
EXV157M010S9HAA,20000,0.86988,KEMET,CAP ALUM 150UF 20% 10V SMD
ESY477M6R3AG3AA,12000,0.87007,KEMET,CAP ALUM 470UF 20% 6.3V RADIAL
ESH107M050AH1AA,8000,0.87021,KEMET,CAP ALUM RAD 105C
EXV107M016S9HAA,20000,0.87209,KEMET,CAP ALUM 100UF 20% 16V SMD
ESY477M016AG8JA,3000,0.87766,KEMET,CAP ALUM 470UF 20% 16V RADIAL TH
ESK106M160AH1AA,4000,0.8794,KEMET,CAP ALUM RAD 85C
EEV227M010S9HAA,20000,0.87982,KEMET,CAP ALUM 220UF 20% 10V SMD
EEV157M010A9HAA,20000,0.88202,KEMET,CAP ALUM 150UF 20% 10V SMD
EEV157M016A9HAA,20000,0.88202,KEMET,CAP ALUM 150UF 20% 16V SMD
EEV337M6R3S9HAA,20000,0.88202,KEMET,CAP ALUM 330UF 20% 6.3V SMD
EDK477M004A9HAA,20000,0.88534,KEMET,CAP ALUM 470UF 20% 4V SMD
ESY157M016AG3AA,6000,0.88715,KEMET,CAP ALUM 150UF 20% 16V RADIAL TH
ESY686M035AG3AA,6000,0.88715,KEMET,CAP ALUM 68UF 20% 35V RADIAL TH
ESY686M050AG3AA,6000,0.88715,KEMET,CAP ALUM 68UF 20% 50V RADIAL TH
EXV107M025S9HAA,20000,0.88864,KEMET,CAP ALUM 100UF 20% 25V SMD
ESY157M025AG3AA,12000,0.89063,KEMET,CAP ALUM 150UF 20% 25V RADIAL TH
ESK108M010AH1AA,4000,0.89064,KEMET,CAP ALUM RAD 85C
ESC477M025AH2KA,2400,0.89097,KEMET,CAP ALUM RAD 105C
EEV157M010S9HAA,20000,0.89526,KEMET,CAP ALUM 150UF 20% 10V SMD
EXV686M035S9HAA,20000,0.89526,KEMET,CAP ALUM 68UF 20% 35V SMD
EXV227M6R3S9HAA,20000,0.89746,KEMET,CAP ALUM 220UF 20% 6.3V SMD
ESK477M035AH2KA,7000,0.90142,KEMET,CAP ALUM RAD 85C
ESY477M025AH2EA,14000,0.90513,KEMET,CAP ALUM 470UF 20% 25V RADIAL TH
ESH476M100AH2KA,2400,0.9054,KEMET,CAP ALUM RAD 105C
EXV157M6R3S9HAA,20000,0.90627,KEMET,CAP ALUM 150UF 20% 6.3V SMD
ESC337M016AG4EA,2000,0.90886,KEMET,CAP ALUM RAD 105C
ESK477M025AH2AA,12000,0.94034,KEMET,CAP ALUMINUM
ESC227M025AG4EA,2000,0.91018,KEMET,CAP ALUM RAD 105C
EDT157M010S9HAA,20000,0.91508,KEMET,CAP ALUM 150UF 20% 10V SMD
EXV686M025S9HAA,20000,0.91618,KEMET,CAP ALUM 68UF 20% 25V SMD
ESW127M050AH1AA,4000,0.91684,KEMET,CAP ALUM RAD 105C
ESK476M100AH1KA,2400,0.91719,KEMET,CAP ALUM RAD 85C
EXV476M035S9HAA,20000,0.91838,KEMET,CAP ALUM 47UF 20% 35V SMD
EDK686M025A9HAA,20000,0.91838,KEMET,CAP ALUM SMD GEN PUR 85C
EST227M016AG3AA,6000,0.92083,KEMET,CAP ALUM RAD 105C
ESH477M025AH2EA,7000,0.92158,KEMET,CAP ALUM RAD 105C
EDT107M016S9HAA,20000,0.92168,KEMET,CAP ALUM 100UF 20% 16V SMD
ESE108M016AG6EA,2000,0.92221,KEMET,CAP ALUM RAD 105C
ESL477M035AH8AA,6000,0.92324,KEMET,CAP ALUM RAD 105C
ESC157M035AG4AA,5000,0.92411,KEMET,CAP ALUM RAD 105C
ESX127M035AH1AA,4000,0.9243,KEMET,CAP ALUM RAD 105C
ESL475M400AGMEA,20000,0.92828,KEMET,CAP ALUM RAD 105C
ESY337M025AG8KA,3000,0.93279,KEMET,CAP ALUM 330UF 20% 25V RADIAL TH
EST157M025AG3AA,6000,0.93284,KEMET,CAP ALUM RAD 105C
ESH477M016AH1EA,2100,0.93551,KEMET,CAP ALUM RAD 105C
ESC687M016AH2AA,3000,0.93663,KEMET,CAP ALUM RAD 105C
ESC477M025AH2AA,12000,0.93845,KEMET,CAP ALUM RAD 105C
EAK107M025AG3AA,24000,0.97333,KEMET,CAP ALUMINUM
ESX107M050AG4AA,5000,0.94361,KEMET,CAP ALUM RAD 105C
ESK106M160AH1EA,2100,0.94477,KEMET,CAP ALUM RAD 85C
EST477M010AG3AA,6000,0.94601,KEMET,CAP ALUM RAD 105C
EDT226M050A9LAA,20000,0.95243,KEMET,CAP ALUM 22UF 20% 50V SMD
ESY336M100AG7AA,10000,0.9532,KEMET,CAP ALUM 33UF 20% 100V RADIAL TH
ESY107M050AG3EA,2000,0.95554,KEMET,CAP ALUM 100UF 20% 50V RADIAL TH
ESK108M010AH1EA,2100,0.9567,KEMET,CAP ALUM RAD 85C
ESK336M100AH1EA,2100,0.9567,KEMET,CAP ALUM RAD 85C
ESH475M250AH1AA,4000,0.95907,KEMET,CAP ALUM RAD 105C
ESX477M010AH1AA,4000,0.96155,KEMET,CAP ALUM RAD 105C
ESH106M200AH2AA,3000,0.96342,KEMET,CAP ALUM RAD 105C
ESY477M010AG3DA,2000,0.9648,KEMET,CAP ALUM 470UF 20% 10V RADIAL TH
ESH157M063AH2AA,6000,0.96516,KEMET,CAP ALUM RAD 105C
ESX107M025AG3EA,2000,0.96749,KEMET,CAP ALUM RAD 105C
ESK225M450AH1AA,4000,0.97394,KEMET,CAP ALUM RAD 85C
ESK335M400AH1EA,2100,0.97517,KEMET,CAP ALUM RAD 85C
ESW687M016AH2AA,6000,0.97592,KEMET,CAP ALUM RAD 105C
EDT107M010A9LAA,20000,0.97655,KEMET,CAP ALUM 100UF 20% 10V SMD
EDT476M025A9LAA,20000,0.97655,KEMET,CAP ALUM 47UF 20% 25V SMD
ESC227M050AH2KA,7200,0.97696,KEMET,CAP ALUM RAD 105C
ESC477M016AH1EA,14000,0.98041,KEMET,CAP ALUM RAD 105C
ESK336M160AH4AA,9600,0.98423,KEMET,CAP ALUM RAD 85C
ESH225M400AH1EA,14000,0.98825,KEMET,CAP ALUM RAD 105C
EDK477M004S9HAA,20000,0.99187,KEMET,CAP ALUM 470UF 20% 4V SMD
EDT157M010A9LAA,20000,0.99405,KEMET,CAP ALUM 150UF 20% 10V SMD
ESH227M050AH2KA,2400,0.99409,KEMET,CAP ALUM RAD 105C
ESY108M010AH8EA,7000,0.99835,KEMET,CAP ALUM 1000UF 20% 10V RADIAL
ESH107M050AH1EA,2100,1.00017,KEMET,CAP ALUM RAD 105C
ESK335M450AH2AA,3000,1.00405,KEMET,CAP ALUM RAD 85C
ESK476M100AH1AA,4000,1.0048,KEMET,CAP ALUM RAD 85C
ESW157M050AH9AA,8000,1.00488,KEMET,CAP ALUM RAD 105C
ESK226M200AH2AA,6000,1.00572,KEMET,CAP ALUM RAD 85C
ESC127M063AH8AA,6000,1.00572,KEMET,CAP ALUM RAD 105C
ESC477M035AH4KA,7200,1.00631,KEMET,CAP ALUM RAD 105C
ESW187M050AG6AA,8000,1.00721,KEMET,CAP ALUM RAD 105C
ESH685M400AG4AA,5000,1.01149,KEMET,CAP ALUM RAD 105C
ESH477M025AH1EA,7000,1.01245,KEMET,CAP ALUM RAD 105C
EDT107M016A9LAA,20000,1.01264,KEMET,CAP ALUM 100UF 20% 16V SMD
ESH108M016AH2EA,2100,1.01329,KEMET,CAP ALUM RAD 105C
EDT476M035A9LAA,20000,1.01701,KEMET,CAP ALUM 47UF 20% 35V SMD
ESK475M350AH1AA,4000,1.01836,KEMET,CAP ALUM RAD 85C
ESY687M016AH2AA,3000,1.02051,KEMET,CAP ALUM 680UF 20% 16V RADIAL TH
ESH156M160AH2AA,3000,1.02177,KEMET,CAP ALUM RAD 105C
EDT336M035A9LAA,20000,1.02464,KEMET,CAP ALUM 33UF 20% 35V SMD
ESK108M016AH2EA,7000,1.02889,KEMET,CAP ALUM RAD 85C
ESH158M010AH4AA,2400,1.02903,KEMET,CAP ALUM RAD 105C
ESY477M016AH1AA,8000,1.03046,KEMET,CAP ALUM 470UF 20% 16V RADIAL TH
EAK107M050AH1AA,16000,1.03323,KEMET,CAP ALUM RAD GEN PUR 85C
ESH106M250AH2AA,6000,1.03425,KEMET,CAP ALUM RAD 105C
ESY157M035AG3AA,12000,1.03462,KEMET,CAP ALUM 150UF 20% 35V RADIAL TH
ESY337M016AG3AA,6000,1.03542,KEMET,CAP ALUM 330UF 20% 16V RADIAL TH
ESW157M050AH9EA,7000,1.03593,KEMET,CAP ALUM RAD 105C
ESH225M400AH1AA,8000,1.03626,KEMET,CAP ALUM RAD 105C
ESY477M016AH1EA,7000,1.04296,KEMET,CAP ALUM 470UF 20% 16V RADIAL TH
ETA128M6R3AG6AA,8000,1.04321,KEMET,CAP ALUM 1200UF 20% 6.3V RADIAL
EDT107M025A9LAA,20000,1.04537,KEMET,CAP ALUM 100UF 20% 25V SMD
ESH687M025AH4AA,2400,1.04581,KEMET,CAP ALUM RAD 105C
EST687M6R3AG3AA,6000,1.0461,KEMET,CAP ALUM RAD 105C
ESW108M010AH2AA,3000,1.04826,KEMET,CAP ALUM RAD 105C
EST566M063AG3AA,24000,1.04894,KEMET,CAP ALUM RAD 105C
ESC108M010AG6AA,4000,1.05276,KEMET,CAP ALUM RAD 105C
EEV476M050S9LAA,20000,1.05299,KEMET,CAP ALUM 47UF 20% 50V SMD
ESY108M010AH2AA,6000,1.0556,KEMET,CAP ALUM 1000UF 20% 10V RADIAL
ESW477M025AH9KA,7200,1.06365,KEMET,CAP ALUM RAD 105C
ESC107M063AG6AA,4000,1.0638,KEMET,CAP ALUM RAD 105C
EST477M016AG4AA,20000,1.06606,KEMET,CAP ALUM RAD 105C
ESE477M035AH2EA,7000,1.06753,KEMET,CAP ALUM RAD 105C
EST107M050AG3AA,12000,1.0695,KEMET,CAP ALUM RAD 105C
ESK475M250AG3AA,6000,1.06979,KEMET,CAP ALUM RAD 85C
ESK476M100AH1EA,2100,1.07735,KEMET,CAP ALUM RAD 85C
ESY128M6R3AG6AA,4000,1.08216,KEMET,CAP ALUM 1200UF 20% 6.3V RADIAL
ESH475M450AH2EA,7000,1.08506,KEMET,CAP ALUM RAD 105C
ESC477M010AH1EA,2100,1.08645,KEMET,CAP ALUM RAD 105C
ESK337M035AH2AA,3000,1.08727,KEMET,CAP ALUM RAD 85C
ESX477M025AH2AA,12000,1.09309,KEMET,CAP ALUM RAD 105C
EDT476M025S9LAA,20000,1.09323,KEMET,CAP ALUM 47UF 20% 25V SMD
EDK476M063A9MAA,7000,1.09438,KEMET,CAP ALUM 47UF 20% 63V SMD
ESH686M100AH4AA,2400,1.09467,KEMET,CAP ALUM RAD 105C
ESH475M450AH2KA,7200,1.11022,KEMET,CAP ALUM RAD 105C
EDT107M025A9HAA,20000,1.11385,KEMET,CAP ALUM 100UF 20% 25V SMD
EDT157M010S9LAA,20000,1.11385,KEMET,CAP ALUM 150UF 20% 10V SMD
ESH156M200AH4AA,4800,1.11446,KEMET,CAP ALUM RAD 105C
ESW476M100AG6AA,16000,1.11592,KEMET,CAP ALUM RAD 105C
ESK228M010AH4KA,2400,1.12155,KEMET,CAP ALUM RAD 85C
ESW477M035AH4AA,4800,1.12406,KEMET,CAP ALUM RAD 105C
ESH337M050AH4EA,7000,1.12701,KEMET,CAP ALUM RAD 105C
ESH685M250AH1AA,4000,1.13097,KEMET,CAP ALUM RAD 105C
ESK475M250AH2AA,3000,1.1311,KEMET,CAP ALUM RAD 85C
ESY476M100AH1EA,14000,1.13186,KEMET,CAP ALUM 47UF 20% 100V RADIAL TH
ESC157M063AH8AA,6000,1.13351,KEMET,CAP ALUM RAD 105C
ESW108M016AH4AA,9600,1.13391,KEMET,CAP ALUM RAD 105C
EDT107M016S9LAA,20000,1.13445,KEMET,CAP ALUM 100UF 20% 16V SMD
ESY127M050AG8EA,20000,1.13445,KEMET,CAP ALUM 120UF 20% 50V RADIAL TH
EST157M035AG3AA,6000,1.13585,KEMET,CAP ALUM RAD 105C
ESL477M035AH8EA,5600,1.13844,KEMET,CAP ALUM RAD 105C
ETA128M6R3AH2AA,6000,1.13939,KEMET,CAP ALUM RAD 105C
ESH336M160AH4AA,4800,1.13963,KEMET,CAP ALUM RAD 105C
ESX687M010AG6AA,4000,1.14071,KEMET,CAP ALUM RAD 105C
ESC108M016AH4EA,7000,1.14211,KEMET,CAP ALUM RAD 105C
ESK475M400AH2EA,2100,1.14481,KEMET,CAP ALUM RAD 85C
EST337M016AG4AA,5000,1.1483,KEMET,CAP ALUM RAD 105C
EST687M010AG4AA,5000,1.1483,KEMET,CAP ALUM RAD 105C
EDT336M035S9LAA,20000,1.14853,KEMET,CAP ALUM 33UF 20% 35V SMD
ESH107M063AH1EA,2100,1.14867,KEMET,CAP ALUM RAD 105C
ESY337M025AH1AA,8000,1.15057,KEMET,CAP ALUM 330UF 20% 25V RADIAL TH
EDK107M025A9MAA,7000,1.15372,KEMET,CAP ALUM 100UF 20% 25V SMD
ESH106M250AH2EA,2100,1.15382,KEMET,CAP ALUM RAD 105C
ESY227M035AH1EA,2100,1.15769,KEMET,CAP ALUM 220UF 20% 35V RADIAL TH
ESW157M050AH9KA,7200,1.16704,KEMET,CAP ALUM RAD 105C
EDH476M035A9MAA,7000,1.16996,KEMET,CAP ALUM 47UF 20% 35V SMD
EDK335M100A9MAA,7000,1.17229,KEMET,CAP ALUM SMD GEN PUR 85C
EDT107M025S9LAA,20000,1.17665,KEMET,CAP ALUM 100UF 20% 25V SMD
ESK106M400AH2AA,3000,1.17848,KEMET,CAP ALUM RAD 85C
EDH227M010A9MAA,7000,1.18039,KEMET,CAP ALUM 220UF 20% 10V SMD
EST827M6R3AG4AA,5000,1.18046,KEMET,CAP ALUM RAD 105C
EDK227M6R3A9LAA,20000,1.18097,KEMET,CAP ALUM SMD GEN PUR 85C
EDK476M025A9LAA,20000,1.18205,KEMET,CAP ALUM SMD GEN PUR 85C
EDK227M010A9LAA,20000,1.18205,KEMET,CAP ALUM SMD GEN PUR 85C
ESX227M025AH2AA,6000,1.18985,KEMET,CAP ALUM RAD 105C
EDK227M016A9MAA,7000,1.19544,KEMET,CAP ALUM 220UF 20% 16V SMD
EDH337M6R3A9MAA,7000,1.19544,KEMET,CAP ALUM 330UF 20% 6.3V SMD
EDK107M035A9MAA,7000,1.19544,KEMET,CAP ALUM 100UF 20% 35V SMD
EDK477M010A9MAA,7000,1.19776,KEMET,CAP ALUM 470UF 20% 10V SMD
ESY477M025AH8AA,6000,1.20039,KEMET,CAP ALUM 470UF 20% 25V RADIAL TH
EDK337M025A9MAA,14000,1.20258,KEMET,CAP ALUM 330UF 20% 25V SMD
EDK226M063A9MAA,7000,1.20469,KEMET,CAP ALUM 22UF 20% 63V SMD
EDK337M016A9MAA,7000,1.20932,KEMET,CAP ALUM 330UF 20% 16V SMD
ESY128M016AH5AA,4800,1.21484,KEMET,CAP ALUM 1200UF 20% 16V RADIAL
EDH337M010A9MAA,7000,1.21856,KEMET,CAP ALUM 330UF 20% 10V SMD
EDK226M050A9LAA,20000,1.2209,KEMET,CAP ALUM SMD GEN PUR 85C
EDK476M035A9LAA,20000,1.2209,KEMET,CAP ALUM SMD GEN PUR 85C
EDK336M035A9LAA,20000,1.2209,KEMET,CAP ALUM SMD GEN PUR 85C
ESY337M035AH2KA,7200,1.22132,KEMET,CAP ALUM 330UF 20% 35V RADIAL TH
ESH226M200AH4AA,2400,1.22326,KEMET,CAP ALUM RAD 105C
EDH227M016A9MAA,7000,1.2278,KEMET,CAP ALUM 220UF 20% 16V SMD
ESK475M400AH2AA,3000,1.22936,KEMET,CAP ALUM RAD 85C
ESY227M050AH8AA,6000,1.23546,KEMET,CAP ALUM 220UF 20% 50V RADIAL TH
EDK337M6R3A9LAA,20000,1.23599,KEMET,CAP ALUM SMD GEN PUR 85C
EDK226M100A9MAA,14000,1.24002,KEMET,CAP ALUM 22UF 20% 100V SMD
ESC227M050AH2AA,12000,1.24042,KEMET,CAP ALUM RAD 105C
EST127M050AG4AA,10000,1.24288,KEMET,CAP ALUM RAD 105C
ESK228M6R3AH4AA,2400,1.24476,KEMET,CAP ALUM RAD 85C
ESX107M050AH2EA,2100,1.24636,KEMET,CAP ALUM RAD 105C
ESC107M063AG6EA,2000,1.25311,KEMET,CAP ALUM RAD 105C
ESE108M016AH2AA,3000,1.25533,KEMET,CAP ALUM RAD 105C
ESK106M400AH4EA,2100,1.25786,KEMET,CAP ALUM RAD 85C
EDK336M063A9MAA,7000,1.25893,KEMET,CAP ALUM 33UF 20% 63V SMD
ESL685M400AH8AA,10000,1.26759,KEMET,CAP ALUM RAD 105C
ESH337M050AH4KA,7200,1.27537,KEMET,CAP ALUM RAD 105C
EDH476M050A9MAA,7000,1.27849,KEMET,CAP ALUM 47UF 20% 50V SMD
EDK476M050A9MAA,7000,1.27849,KEMET,CAP ALUM 47UF 20% 50V SMD
ESK106M250AH1EA,2100,1.28082,KEMET,CAP ALUM RAD 85C
ESH335M450AH2AA,6000,1.2809,KEMET,CAP ALUM RAD 105C
ESK685M350AH1AA,4000,1.28336,KEMET,CAP ALUM RAD 85C
ESE158M016AH4EA,10000,1.28665,KEMET,CAP ALUM RAD 105C
ESE158M016AH4AA,9600,1.29093,KEMET,CAP ALUM RAD 105C
EDH476M035S9MAA,7000,1.29113,KEMET,CAP ALUM 47UF 20% 35V SMD
ESY687M010AH1AA,4000,1.29417,KEMET,CAP ALUM 680UF 20% 10V RADIAL TH
EST337M025AG4AA,5000,1.29883,KEMET,CAP ALUM RAD 105C
ESE227M063AH2AA,6000,1.30531,KEMET,CAP ALUM RAD 105C
EDK226M063S9MAA,7000,1.30722,KEMET,CAP ALUM 22UF 20% 63V SMD
ESE227M063AH2EA,7000,1.30837,KEMET,CAP ALUM RAD 105C
ESE477M035AH2AA,12000,1.30914,KEMET,CAP ALUM RAD 105C
EDK227M025S9MAA,7000,1.31181,KEMET,CAP ALUM 220UF 20% 25V SMD
EDH227M025S9MAA,7000,1.31411,KEMET,CAP ALUM 220UF 20% 25V SMD
ESK226M250AH4KA,2400,1.31774,KEMET,CAP ALUM RAD 85C
ESY687M010AG8DA,2000,1.31968,KEMET,CAP ALUM 680UF 20% 10V RADIAL TH
ESW477M035AH4KA,7200,1.3235,KEMET,CAP ALUM RAD 105C
ESE108M016AH2EA,2100,1.32536,KEMET,CAP ALUM RAD 105C
ESY127M063AG6AA,4000,1.32655,KEMET,CAP ALUM 120UF 20% 63V RADIAL TH
EDH227M010S9MAA,7000,1.32672,KEMET,CAP ALUM 220UF 20% 10V SMD
ESL106M350AH8AA,10000,1.32697,KEMET,CAP ALUM RAD 105C
ESU106M450AH4EA,7000,1.32901,KEMET,CAP ALUM RAD 105C
EDK106M100S9MAA,7000,1.33245,KEMET,CAP ALUM 10UF 20% 100V SMD
EDH227M016S9MAA,7000,1.33475,KEMET,CAP ALUM 220UF 20% 16V SMD
EDK227M016S9MAA,7000,1.33475,KEMET,CAP ALUM 220UF 20% 16V SMD
ESK338M6R3AH4AA,2400,1.33655,KEMET,CAP ALUM RAD 85C
ESY108M6R3AH1AA,4000,1.33732,KEMET,CAP ALUM 1000UF 20% 6.3V RADIAL
EDH336M063A9MAA,7000,1.34161,KEMET,CAP ALUM 33UF 20% 63V SMD
EDH477M010A9MAA,7000,1.34161,KEMET,CAP ALUM 470UF 20% 10V SMD
EDK337M016S9MAA,7000,1.34161,KEMET,CAP ALUM 330UF 20% 16V SMD
ESE108M025AH4AA,9600,1.34366,KEMET,CAP ALUM RAD 105C
EDH337M6R3S9MAA,7000,1.3439,KEMET,CAP ALUM 330UF 20% 6.3V SMD
EDH477M010S9MAA,7000,1.34849,KEMET,CAP ALUM 470UF 20% 10V SMD
EDK477M010S9MAA,7000,1.34849,KEMET,CAP ALUM 470UF 20% 10V SMD
ESK226M250AH4EA,7000,1.34963,KEMET,CAP ALUM RAD 85C
ESK337M050AH2AA,3000,1.35252,KEMET,CAP ALUM RAD 85C
EDT336M050A9MAA,14000,1.35294,KEMET,CAP ALUM 33UF 20% 50V SMD
ESY157M050AH1AA,4000,1.35524,KEMET,CAP ALUM 150UF 20% 50V RADIAL TH
EDH107M025S9MAA,7000,1.3565,KEMET,CAP ALUM 100UF 20% 25V SMD
EDH107M035S9MAA,7000,1.3565,KEMET,CAP ALUM 100UF 20% 35V SMD
EDH336M063S9MAA,7000,1.3565,KEMET,CAP ALUM 33UF 20% 63V SMD
EDH337M010S9MAA,7000,1.3565,KEMET,CAP ALUM 330UF 20% 10V SMD
EDH477M6R3S9MAA,7000,1.3565,KEMET,CAP ALUM 470UF 20% 6.3V SMD
EDK107M025S9MAA,7000,1.3565,KEMET,CAP ALUM 100UF 20% 25V SMD
EDK107M035S9MAA,7000,1.3565,KEMET,CAP ALUM 100UF 20% 35V SMD
EDK336M063S9MAA,7000,1.3565,KEMET,CAP ALUM 33UF 20% 63V SMD
EDK337M010S9MAA,7000,1.3565,KEMET,CAP ALUM 330UF 20% 10V SMD
EDK477M6R3S9MAA,7000,1.3565,KEMET,CAP ALUM 470UF 20% 6.3V SMD
EDK108M6R3A9MAA,7000,1.3565,KEMET,CAP ALUM 1000UF 20% 6.3V SMD
ESK337M063AH4AA,4800,1.35922,KEMET,CAP ALUM RAD 85C
ESY686M063AG8AA,5000,1.36467,KEMET,CAP ALUM 68UF 20% 63V RADIAL TH
EDK476M063S9MAA,7000,1.36679,KEMET,CAP ALUM 47UF 20% 63V SMD
ESH335M400AH2AA,3000,1.36846,KEMET,CAP ALUM RAD 105C
ESY687M010AG8AA,5000,1.37055,KEMET,CAP ALUM 680UF 20% 10V RADIAL TH
EDK477M016S9MAA,7000,1.37708,KEMET,CAP ALUM 470UF 20% 16V SMD
ESY337M035AH2EA,2100,1.37734,KEMET,CAP ALUM 330UF 20% 35V RADIAL TH
ESH106M250AH4AA,4800,1.37805,KEMET,CAP ALUM RAD 105C
ESH475M500AH9AA,8000,1.38201,KEMET,CAP ALUM RAD 105C
ESY687M010AH1EA,2100,1.38238,KEMET,CAP ALUM 680UF 20% 10V RADIAL TH
ESY187M050AG6AA,4000,1.38509,KEMET,CAP ALUM 180UF 20% 50V RADIAL TH
ESK226M160AH2AA,3000,1.38679,KEMET,CAP ALUM RAD 85C
EST108M010AH2KA,2400,1.3903,KEMET,CAP ALUM RAD 105C
ESY127M063AG6EA,2000,1.39477,KEMET,CAP ALUM 120UF 20% 63V RADIAL TH
ESY107M063AH2EA,2100,1.40006,KEMET,CAP ALUM 100UF 20% 63V RADIAL TH
ESK337M050AH2EA,2100,1.40384,KEMET,CAP ALUM RAD 85C
EXV157M010A9HAA,20000,1.40432,KEMET,CAP ALUM 150UF 20% 10V SMD
ESK228M010AH4AA,2400,1.40774,KEMET,CAP ALUM RAD 85C
EDK337M025S9MAA,7000,1.41018,KEMET,CAP ALUM 330UF 20% 25V SMD
EDH227M035S9MAA,7000,1.4136,KEMET,CAP ALUM 220UF 20% 35V SMD
EDK227M035S9MAA,7000,1.4136,KEMET,CAP ALUM 220UF 20% 35V SMD
ESX127M050AH2AA,3000,1.41366,KEMET,CAP ALUM RAD 105C
ESX336M100AH2AA,3000,1.41366,KEMET,CAP ALUM RAD 105C
EEV687M6R3A9MAA,7000,1.41474,KEMET,CAP ALUM 680UF 20% 6.3V SMD
ESY127M050AG8AA,5000,1.41619,KEMET,CAP ALUM 120UF 20% 50V RADIAL TH
EDT157M025A9MAA,7000,1.41816,KEMET,CAP ALUM 150UF 20% 25V SMD
ESK227M063AH4EA,2100,1.42022,KEMET,CAP ALUM RAD 85C
ESH475M400AH2EA,2100,1.42022,KEMET,CAP ALUM RAD 105C
ESZ685M400AH4AA,9600,1.42077,KEMET,CAP ALUM RAD 105C
ESH685M400AH4AA,2400,1.42142,KEMET,CAP ALUM RAD 105C
ESE226M200AH2AA,3000,1.42463,KEMET,CAP ALUM RAD 105C
ESC157M063AH2AA,3000,1.42463,KEMET,CAP ALUM RAD 105C
EEV227M025S9MAA,7000,1.42614,KEMET,CAP ALUM 220UF 20% 25V SMD
ESK228M010AH4EA,2100,1.42778,KEMET,CAP ALUM RAD 85C
ESY826M063AG8AA,5000,1.43022,KEMET,CAP ALUM 82UF 20% 63V RADIAL TH
ESK475M450AH2AA,6000,1.4302,KEMET,CAP ALUM RAD 85C
EDK158M6R3A9PAA,7000,1.43298,KEMET,CAP ALUM 1500UF 20% 6.3V SMD
EDT227M016A9MAA,14000,1.43363,KEMET,CAP ALUM 220UF 20% 16V SMD
EDT476M035A9MAA,7000,1.43411,KEMET,CAP ALUM 47UF 20% 35V SMD
EDK337M016A9PAA,7000,1.43526,KEMET,CAP ALUM 330UF 20% 16V SMD
ESH226M160AH4AA,4800,1.43554,KEMET,CAP ALUM RAD 105C
EDH476M050S9MAA,7000,1.44209,KEMET,CAP ALUM 47UF 20% 50V SMD
EDK336M050S9MAA,7000,1.44209,KEMET,CAP ALUM 33UF 20% 50V SMD
EDK476M050S9MAA,7000,1.44209,KEMET,CAP ALUM 47UF 20% 50V SMD
EDK108M6R3S9MAA,7000,1.44663,KEMET,CAP ALUM 1000UF 20% 6.3V SMD
ESH477M035AH4AA,2400,1.4525,KEMET,CAP ALUM RAD 105C
ESX227M035AH2AA,3000,1.45385,KEMET,CAP ALUM RAD 105C
ESW227M035AH1AA,8000,1.45428,KEMET,CAP ALUM RAD 105C
ESK227M063AH2EA,2100,1.45672,KEMET,CAP ALUM RAD 85C
EDK477M016A9PAA,7000,1.45915,KEMET,CAP ALUM 470UF 20% 16V SMD
ESW337M035AH2EA,7000,1.46028,KEMET,CAP ALUM RAD 105C
ESH106M450AH4KA,7200,1.4659,KEMET,CAP ALUM RAD 105C
ESG226M200AH4EA,7000,1.46711,KEMET,CAP ALUM RAD 105C
ESX477M025AH4AA,2400,1.46738,KEMET,CAP ALUM RAD 105C
EDT337M010A9MAA,7000,1.46938,KEMET,CAP ALUM 330UF 20% 10V SMD
ESC476M100AH2AA,3000,1.47207,KEMET,CAP ALUM RAD 105C
EEV337M010A9MAA,7000,1.47505,KEMET,CAP ALUM 330UF 20% 10V SMD
ESG685M450AH4EA,7000,1.47505,KEMET,CAP ALUM RAD 105C
EXV336M050S9MAA,7000,1.47733,KEMET,CAP ALUM 33UF 20% 50V SMD
EDK227M035A9PAA,7000,1.47959,KEMET,CAP ALUM 220UF 20% 35V SMD
EDK227M025A9PAA,7000,1.47959,KEMET,CAP ALUM 220UF 20% 25V SMD
EDK226M100S9MAA,7000,1.48074,KEMET,CAP ALUM 22UF 20% 100V SMD
EDH107M050S9MAA,7000,1.48301,KEMET,CAP ALUM 100UF 20% 50V SMD
EDK107M050S9MAA,7000,1.48301,KEMET,CAP ALUM 100UF 20% 50V SMD
EEV477M016A9MAA,14000,1.48472,KEMET,CAP ALUM 470UF 20% 16V SMD
ESH106M400AH4KA,7200,1.48518,KEMET,CAP ALUM RAD 105C
EDT157M016A9MAA,7000,1.48754,KEMET,CAP ALUM 150UF 20% 16V SMD
EDK107M050A9PAA,7000,1.49776,KEMET,CAP ALUM 100UF 20% 50V SMD
EXV477M6R3A9MAA,14000,1.50425,KEMET,CAP ALUM 470UF 20% 6.3V SMD
EST108M6R3AH1AA,4000,1.51095,KEMET,CAP ALUM RAD 105C
EXV227M010S9MAA,7000,1.51136,KEMET,CAP ALUM 220UF 20% 10V SMD
ESG226M160AH4AA,2400,1.5193,KEMET,CAP ALUM RAD 105C
ESE106M350AH2AA,3000,1.52056,KEMET,CAP ALUM RAD 105C
ESY826M063AH1AA,4000,1.5216,KEMET,CAP ALUM 82UF 20% 63V RADIAL TH
EXV337M010A9MAA,14000,1.52485,KEMET,CAP ALUM 330UF 20% 10V SMD
EXV227M010A9MAA,7000,1.52949,KEMET,CAP ALUM 220UF 20% 10V SMD
ESY277M035AG6AA,4000,1.53341,KEMET,CAP ALUM 270UF 20% 35V RADIAL TH
ESX337M025AH2AA,3000,1.53387,KEMET,CAP ALUM RAD 105C
EDK226M100A9PAA,7000,1.53403,KEMET,CAP ALUM 22UF 20% 100V SMD
EXV477M6R3S9MAA,7000,1.53856,KEMET,CAP ALUM 470UF 20% 6.3V SMD
ESC337M035AH4AA,4800,1.53943,KEMET,CAP ALUM RAD 105C
ESK106M400AH4AA,2400,1.54277,KEMET,CAP ALUM RAD 85C
ESU685M400AH8AA,6000,1.54385,KEMET,CAP ALUM RAD 105C
ESX107M063AH2AA,3000,1.54959,KEMET,CAP ALUM RAD 105C
ESE337M050AH4AA,2400,1.55507,KEMET,CAP ALUM RAD 105C
EDH226M100A9MAA,14000,1.56166,KEMET,CAP ALUM 22UF 20% 100V SMD
EEV157M025S9MAA,7000,1.57022,KEMET,CAP ALUM 150UF 20% 25V SMD
ESH336M160AL3AA,2000,1.57236,KEMET,CAP ALUM RAD 105C
EEV337M016S9MAA,7000,1.5725,KEMET,CAP ALUM 330UF 20% 16V SMD
EXV227M016S9MAA,7000,1.5725,KEMET,CAP ALUM 220UF 20% 16V SMD
ESY566M100AG6AA,4000,1.57351,KEMET,CAP ALUM 56UF 20% 100V RADIAL TH
ESC227M063AH4AA,9600,1.57404,KEMET,CAP ALUM RAD 105C
EDT337M016A9MAA,7000,1.57587,KEMET,CAP ALUM 330UF 20% 16V SMD
ESE108M025AH4EA,2100,1.57675,KEMET,CAP ALUM RAD 105C
ESX477M016AH2EA,1400,1.57769,KEMET,CAP ALUM RAD 105C
EXV337M010S9MAA,7000,1.58264,KEMET,CAP ALUM 330UF 20% 10V SMD
EXV157M016S9MAA,7000,1.58491,KEMET,CAP ALUM 150UF 20% 16V SMD
EXV157M025S9MAA,7000,1.58491,KEMET,CAP ALUM 150UF 20% 25V SMD
EXV336M050A9MAA,14000,1.58653,KEMET,CAP ALUM 33UF 20% 50V SMD
ESE686M100AH2AA,3000,1.58699,KEMET,CAP ALUM RAD 105C
EXV337M6R3A9MAA,7000,1.58717,KEMET,CAP ALUM 330UF 20% 6.3V SMD
EXV337M6R3S9MAA,7000,1.58717,KEMET,CAP ALUM 330UF 20% 6.3V SMD
EST127M063AH8AA,6000,1.59069,KEMET,CAP ALUM RAD 105C
EEV157M035S9MAA,7000,1.59281,KEMET,CAP ALUM 150UF 20% 35V SMD
EEV337M010S9MAA,7000,1.59733,KEMET,CAP ALUM 330UF 20% 10V SMD
EEV687M6R3S9MAA,7000,1.59958,KEMET,CAP ALUM 680UF 20% 6.3V SMD
EDT157M025S9MAA,7000,1.60071,KEMET,CAP ALUM 150UF 20% 25V SMD
ESH477M035AH4EA,1000,1.60146,KEMET,CAP ALUM RAD 105C
EDH227M035A9PAA,14000,1.60705,KEMET,CAP ALUM 220UF 20% 35V SMD
EXV157M016A9MAA,7000,1.60861,KEMET,CAP ALUM 150UF 20% 16V SMD
ESH475M500AH9KA,7200,1.61052,KEMET,CAP ALUM RAD 105C
ESE107M100AH4AA,2400,1.61165,KEMET,CAP ALUM RAD 105C
ESG106M400AH4KA,2400,1.61285,KEMET,CAP ALUM RAD 105C
ESH106M450AH4EA,7000,1.61424,KEMET,CAP ALUM RAD 105C
ESH228M010AL3AA,2000,1.61858,KEMET,CAP ALUM RAD 105C
EEV477M6R3S9MAA,7000,1.62214,KEMET,CAP ALUM 470UF 20% 6.3V SMD
EDT107M035A9MAA,14000,1.62216,KEMET,CAP ALUM 100UF 20% 35V SMD
ESX108M010AH4EA,2100,1.62396,KEMET,CAP ALUM RAD 105C
ESH158M025AL4AA,12000,1.62831,KEMET,CAP ALUM RAD 105C
EDH447M6R3A9PAA,7000,1.62891,KEMET,CAP ALUM 470UF 20% 6.3V SMD
EEV108M6R3S9MAA,7000,1.63228,KEMET,CAP ALUM 1000UF 20% 6.3V SMD
ESY277M025AH1AA,4000,1.63349,KEMET,CAP ALUM 270UF 20% 25V RADIAL TH
ESZ475M450AH4AA,2400,1.63739,KEMET,CAP ALUM RAD 105C
EST158M6R3AG6AA,16000,1.63918,KEMET,CAP ALUM RAD 105C
ESH338M6R3AL3AA,4000,1.64169,KEMET,CAP ALUM RAD 105C
ESY277M035AG6EA,2000,1.64223,KEMET,CAP ALUM 270UF 20% 35V RADIAL TH
ESX477M025AH4EA,2100,1.64259,KEMET,CAP ALUM RAD 105C
EDK108M010A9PAA,7000,1.64691,KEMET,CAP ALUM 1000UF 20% 10V SMD
EEV157M035A9MAA,7000,1.64691,KEMET,CAP ALUM 150UF 20% 35V SMD
EXV337M016S9MAA,7000,1.64691,KEMET,CAP ALUM 330UF 20% 16V SMD
EEV227M016A9MAA,7000,1.64691,KEMET,CAP ALUM 220UF 20% 16V SMD
ESZ106M400AH4AA,4800,1.64731,KEMET,CAP ALUM RAD 105C
EXV227M025S9MAA,7000,1.6503,KEMET,CAP ALUM 220UF 20% 25V SMD
ESK477M050AH4AA,4800,1.65077,KEMET,CAP ALUM RAD 85C
ESH108M025AL3EA,2000,1.65096,KEMET,CAP ALUM RAD 105C
ESH228M6R3AL3AA,2000,1.65344,KEMET,CAP ALUM RAD 105C
ESG476M160AL3AA,2000,1.65468,KEMET,CAP ALUM RAD 105C
EDK477M010A9PAA,7000,1.65592,KEMET,CAP ALUM 470UF 20% 10V SMD
EDK336M100A9PAA,7000,1.65592,KEMET,CAP ALUM 33UF 20% 100V SMD
ESZ106M400AH4EA,7000,1.65592,KEMET,CAP ALUM RAD 105C
ESH158M016AL3AA,2000,1.66464,KEMET,CAP ALUM RAD 105C
EST477M025AH2AA,6000,1.67495,KEMET,CAP ALUM RAD 105C
ESG336M160AH4AA,4800,1.67966,KEMET,CAP ALUM RAD 105C
ESH476M160AL4AA,3200,1.68464,KEMET,CAP ALUM RAD 105C
EDT157M016S9MAA,7000,1.68628,KEMET,CAP ALUM 150UF 20% 16V SMD
ESC337M035AH4EA,2100,1.6896,KEMET,CAP ALUM RAD 105C
ESC108M010AH4EA,2100,1.70071,KEMET,CAP ALUM RAD 105C
ESE226M250AH4AA,2400,1.70461,KEMET,CAP ALUM RAD 105C
ESG106M250AH4AA,4800,1.70735,KEMET,CAP ALUM RAD 105C
ESY107M063AH2AA,6000,1.70901,KEMET,CAP ALUM 100UF 20% 63V RADIAL TH
ESK476M160AL3AA,12000,1.72498,KEMET,CAP ALUM RAD 85C
ESE226M250AH4EA,2100,1.72784,KEMET,CAP ALUM RAD 105C
EXV686M050A9PAA,7000,1.73565,KEMET,CAP ALUM 68UF 20% 50V SMD
ESH336M200AL3AA,2000,1.73659,KEMET,CAP ALUM RAD 105C
ESC827M025AH4AA,4800,1.75455,KEMET,CAP ALUM RAD 105C
ESW227M063AH4EA,7000,1.76254,KEMET,CAP ALUM RAD 105C
EDK158M6R3S9PAA,7000,1.76589,KEMET,CAP ALUM 1500UF 20% 6.3V SMD
ESX337M035AH4AA,2400,1.77276,KEMET,CAP ALUM RAD 105C
EST687M016AH2AA,3000,1.77394,KEMET,CAP ALUM RAD 105C
EST157M050AG6AA,4000,1.77959,KEMET,CAP ALUM RAD 105C
EST228M6R3AH4KA,2400,1.7922,KEMET,CAP ALUM RAD 105C
EDK337M035S9PAA,7000,1.79498,KEMET,CAP ALUM 330UF 20% 35V SMD
EST108M010AH2AA,3000,1.79894,KEMET,CAP ALUM RAD 105C
ESK107M100AH4EA,2100,1.80286,KEMET,CAP ALUM RAD 85C
ESH687M035AL3AA,2000,1.80816,KEMET,CAP ALUM RAD 105C
EDH108M010A9PAA,14000,1.81347,KEMET,CAP ALUM 1000UF 20% 10V SMD
ESE228M010AH4AA,2400,1.81521,KEMET,CAP ALUM RAD 105C
ESH338M010AL4AA,3200,1.81879,KEMET,CAP ALUM RAD 105C
ESH475M050AC3KA,1,1.82,KEMET,CAP ALUM 4.7UF 20% 50V RADIAL TH
EXV227M016A9MAA,7000,1.81956,KEMET,CAP ALUM 220UF 20% 16V SMD
ESH106M400AH4AA,4800,1.82917,KEMET,CAP ALUM RAD 105C
EDH477M025A9PAA,7000,1.83854,KEMET,CAP ALUM 470UF 20% 25V SMD
EDH337M035A9PAA,14000,1.84021,KEMET,CAP ALUM 330UF 20% 35V SMD
ESH477M050AL3EA,2000,1.84264,KEMET,CAP ALUM RAD 105C
EXV687M010A9PAA,7000,1.84523,KEMET,CAP ALUM 680UF 20% 10V SMD
EXV157M035A9PAA,7000,1.84523,KEMET,CAP ALUM 150UF 20% 35V SMD
EDH227M025A9PAA,7000,1.84747,KEMET,CAP ALUM 220UF 20% 25V SMD
ESH226M250AL3EA,2000,1.85124,KEMET,CAP ALUM RAD 105C
EDH337M016S9PAA,7000,1.85304,KEMET,CAP ALUM 330UF 20% 16V SMD
EDK337M016S9PAA,7000,1.85304,KEMET,CAP ALUM 330UF 20% 16V SMD
ESG226M200AH4AA,2400,1.85394,KEMET,CAP ALUM RAD 105C
ESH156M250AL3AA,2000,1.85984,KEMET,CAP ALUM RAD 105C
EDH477M016A9PAA,7000,1.86418,KEMET,CAP ALUM 470UF 20% 16V SMD
ESX127M063AH4AA,2400,1.86724,KEMET,CAP ALUM RAD 105C
ESW128M6R3AH2AA,3000,1.86903,KEMET,CAP ALUM RAD 105C
EDH447M6R3S9PAA,7000,1.87087,KEMET,CAP ALUM 440UF 20% 6.3V SMD
EDH477M010S9PAA,7000,1.87087,KEMET,CAP ALUM 470UF 20% 10V SMD
EDK477M010S9PAA,7000,1.87087,KEMET,CAP ALUM 470UF 20% 10V SMD
EXV107M035S9MAA,7000,1.87087,KEMET,CAP ALUM 100UF 20% 35V SMD
ESY397M050AL3AA,4000,1.87485,KEMET,CAP ALUM 390UF 20% 50V RADIAL TH
EDH108M6R3S9PAA,7000,1.87867,KEMET,CAP ALUM 1000UF 20% 6.3V SMD
EDK108M6R3S9PAA,7000,1.87867,KEMET,CAP ALUM 1000UF 20% 6.3V SMD
EDH477M016S9PAA,7000,1.8809,KEMET,CAP ALUM 470UF 20% 16V SMD
EDK477M016S9PAA,7000,1.8809,KEMET,CAP ALUM 470UF 20% 16V SMD
ESC108M025AL3EA,2000,1.88804,KEMET,CAP ALUM RAD 105C
ESH156M350AL3AA,2000,1.88804,KEMET,CAP ALUM RAD 105C
ESE228M010AH4EA,2100,1.89221,KEMET,CAP ALUM RAD 105C
ESH106M350AL3AA,4000,1.89571,KEMET,CAP ALUM RAD 105C
EXV477M010A9PAA,7000,1.8976,KEMET,CAP ALUM 470UF 20% 10V SMD
EXV687M6R3A9PAA,7000,1.8976,KEMET,CAP ALUM 680UF 20% 6.3V SMD
ESH476M200AL3AA,2000,1.89908,KEMET,CAP ALUM RAD 105C
EDH227M025S9PAA,7000,1.89981,KEMET,CAP ALUM 220UF 20% 25V SMD
EDK227M025S9PAA,7000,1.90205,KEMET,CAP ALUM 220UF 20% 25V SMD
EDT477M010A9PAA,7000,1.90427,KEMET,CAP ALUM 470UF 20% 10V SMD
ESC158M010AH4AA,2400,1.90828,KEMET,CAP ALUM RAD 105C
EDH107M025A9MAA,7000,1.92095,KEMET,CAP ALUM 100UF 20% 25V SMD
EDH227M025A9MAA,7000,1.92095,KEMET,CAP ALUM 220UF 20% 25V SMD
ESH108M035AL3EA,5000,1.92197,KEMET,CAP ALUM RAD 105C
EDH227M016S9PAA,7000,1.9254,KEMET,CAP ALUM 220UF 20% 16V SMD
EXV477M016A9PAA,7000,1.92651,KEMET,CAP ALUM 470UF 20% 16V SMD
EDH337M025S9PAA,7000,1.92762,KEMET,CAP ALUM 330UF 20% 25V SMD
EDK337M025S9PAA,7000,1.92762,KEMET,CAP ALUM 330UF 20% 25V SMD
EDH107M035S9PAA,7000,1.93875,KEMET,CAP ALUM 100UF 20% 35V SMD
EDH227M035S9PAA,7000,1.9443,KEMET,CAP ALUM 220UF 20% 35V SMD
EDK227M035S9PAA,7000,1.9443,KEMET,CAP ALUM 220UF 20% 35V SMD
ESH226M250AH4EA,2100,1.94824,KEMET,CAP ALUM RAD 105C
EEV337M6R3A9LAA,20000,1.95139,KEMET,CAP ALUM SMD GEN PUR 105C
EEV227M016A9LAA,20000,1.95139,KEMET,CAP ALUM SMD GEN PUR 105C
EEV157M025A9MAA,7000,1.96095,KEMET,CAP ALUM 150UF 20% 25V SMD
ESW477M025AG6AA,4000,1.96737,KEMET,CAP ALUM RAD 105C
EDK477M025S9PAA,7000,1.97538,KEMET,CAP ALUM 470UF 20% 25V SMD
EDH108M010S9PAA,7000,1.9776,KEMET,CAP ALUM 1000UF 20% 10V SMD
EDK108M010S9PAA,7000,1.9776,KEMET,CAP ALUM 1000UF 20% 10V SMD
EEV687M010A9PAA,7000,1.97983,KEMET,CAP ALUM 680UF 20% 10V SMD
ESE228M016AL3AA,12000,1.98277,KEMET,CAP ALUM RAD 105C
ESC337M050AH4AA,4800,1.98558,KEMET,CAP ALUM RAD 105C
ESL107M100AK7EA,10000,1.98799,KEMET,CAP ALUM RAD 105C
EDT687M010A9PAA,7000,1.99092,KEMET,CAP ALUM 680UF 20% 10V SMD
ESE477M050AL3AA,4000,1.99158,KEMET,CAP ALUM RAD 105C
EDT227M025A9PAA,7000,1.99313,KEMET,CAP ALUM 220UF 20% 25V SMD
ESY827M025AH5EA,2000,1.99443,KEMET,CAP ALUM 820UF 20% 25V RADIAL TH
EXV686M050S9PAA,7000,1.99535,KEMET,CAP ALUM 68UF 20% 50V SMD
ESK336M200AH4AA,2400,1.99608,KEMET,CAP ALUM RAD 85C
ESH336M250AL4AA,3200,2.00475,KEMET,CAP ALUM RAD 105C
EDH337M035S9PAA,7000,2.00753,KEMET,CAP ALUM 330UF 20% 35V SMD
ESU106M450AH4AA,4800,2.01287,KEMET,CAP ALUM RAD 105C
EDK226M100S9PAA,7000,2.01307,KEMET,CAP ALUM 22UF 20% 100V SMD
EST158M6R3AH2AA,3000,2.02257,KEMET,CAP ALUM RAD 105C
EST687M025AH5AA,2400,2.02485,KEMET,CAP ALUM RAD 105C
ESY127M063AH2AA,3000,2.03668,KEMET,CAP ALUM 120UF 20% 63V RADIAL TH
EDH107M050S9PAA,7000,2.04076,KEMET,CAP ALUM 100UF 20% 50V SMD
EDK107M050S9PAA,7000,2.04076,KEMET,CAP ALUM 100UF 20% 50V SMD
ESH106M400AL3AA,7000,2.04298,KEMET,CAP ALUM RAD 105C
EXV108M010A9PAA,14000,2.05658,KEMET,CAP ALUM 1000UF 20% 10V SMD
ESG685M450AH4KA,7200,2.0584,KEMET,CAP ALUM RAD 105C
EEV477M016S9MAA,1000,2.05868,KEMET,CAP ALUM 470UF 20% 16V SMD
EEV158M6R3A9PAA,7000,2.06068,KEMET,CAP ALUM 1500UF 20% 6.3V SMD
EDT477M016A9PAA,7000,2.06289,KEMET,CAP ALUM 470UF 20% 16V SMD
EST227M050AH2AA,12000,2.06426,KEMET,CAP ALUM RAD 105C
EDH158M6R3S9PAA,7000,2.07615,KEMET,CAP ALUM 1500UF 20% 6.3V SMD
EDH336M100S9PAA,7000,2.08499,KEMET,CAP ALUM 33UF 20% 100V SMD
EDK336M100S9PAA,7000,2.08499,KEMET,CAP ALUM 33UF 20% 100V SMD
ESH686M160AL4AA,3200,2.09597,KEMET,CAP ALUM RAD 105C
EDH107M063S9PAA,7000,2.09603,KEMET,CAP ALUM 100UF 20% 63V SMD
EDK107M063S9PAA,7000,2.09603,KEMET,CAP ALUM 100UF 20% 63V SMD
ESH226M250AL3AA,4000,2.09623,KEMET,CAP ALUM RAD 105C
ESY686M100AH2AA,3000,2.10011,KEMET,CAP ALUM 68UF 20% 100V RADIAL TH
EDH107M050A9PAA,7000,2.10156,KEMET,CAP ALUM 100UF 20% 50V SMD
ESH685M450AL3AA,2000,2.10383,KEMET,CAP ALUM RAD 105C
EXV477M010S9PAA,7000,2.10708,KEMET,CAP ALUM 470UF 20% 10V SMD
ESU106M400AH4KA,7200,2.11246,KEMET,CAP ALUM RAD 105C
EDT157M035A9PAA,7000,2.11481,KEMET,CAP ALUM 150UF 20% 35V SMD
ESC227M063AH4EA,2100,2.12147,KEMET,CAP ALUM RAD 105C
EDT108M010A9PAA,7000,2.12253,KEMET,CAP ALUM 1000UF 20% 10V SMD
EXV476M050S9PAA,7000,2.12805,KEMET,CAP ALUM 47UF 20% 50V SMD
ESC108M035AL4EA,2000,2.1341,KEMET,CAP ALUM RAD 105C
EDK476M050A9PAA,7000,2.14459,KEMET,CAP ALUM SMD GEN PUR 85C
EXV107M050S9PAA,7000,2.14899,KEMET,CAP ALUM 100UF 20% 50V SMD
ESX227M050AH5AA,2400,2.14909,KEMET,CAP ALUM RAD 105C
ESW108M025AL3AA,2000,2.15833,KEMET,CAP ALUM RAD 105C
EXV687M016A9PAA,7000,2.15892,KEMET,CAP ALUM 680UF 20% 16V SMD
ESH226M400AL3AA,4000,2.16728,KEMET,CAP ALUM RAD 105C
ESE108M035AL3EA,5000,2.16868,KEMET,CAP ALUM RAD 105C
EDK107M035A9PAA,7000,2.16884,KEMET,CAP ALUM SMD GEN PUR 85C
EDK687M6R3A9PAA,7000,2.16884,KEMET,CAP ALUM SMD GEN PUR 85C
ESH157M100AL4AA,3200,2.17518,KEMET,CAP ALUM RAD 105C
ESK338M010AL3EA,2000,2.17644,KEMET,CAP ALUM RAD 85C
ESH687M050AL4AA,3200,2.18564,KEMET,CAP ALUM RAD 105C
EAK108M010AH4AA,4800,2.18841,KEMET,CAP ALUM RAD GEN PUR 85C
ESX477M035AH6AA,4000,2.19015,KEMET,CAP ALUM RAD 105C
ESY128M010AH4AA,4800,2.19406,KEMET,CAP ALUM 1200UF 20% 10V RADIAL
ESK228M016AL3EA,2000,2.19455,KEMET,CAP ALUM RAD 85C
EXV687M010S9PAA,7000,2.19967,KEMET,CAP ALUM 680UF 20% 10V SMD
ESH228M016AL3AA,2000,2.21146,KEMET,CAP ALUM RAD 105C
EXV157M035S9PAA,7000,2.21176,KEMET,CAP ALUM 150UF 20% 35V SMD
ESC337M050AH4EA,2100,2.22378,KEMET,CAP ALUM RAD 105C
EXV687M6R3S9PAA,7000,2.22496,KEMET,CAP ALUM 680UF 20% 6.3V SMD
ESY826M100AH4AA,2400,2.23944,KEMET,CAP ALUM 82UF 20% 100V RADIAL TH
EDH157M063S9PAA,7000,2.24256,KEMET,CAP ALUM 150UF 20% 63V SMD
ESG106M400AH4EA,7000,2.24915,KEMET,CAP ALUM RAD 105C
EXV108M6R3S9PAA,7000,2.25354,KEMET,CAP ALUM 1000UF 20% 6.3V SMD
EAK227M050AH4AA,4800,2.25489,KEMET,CAP ALUM RAD GEN PUR 85C
ESY108M025AL3EA,5000,2.26985,KEMET,CAP ALUM 1000UF 20% 25V RADIAL
ESY158M6R3AH4AA,2400,2.275,KEMET,CAP ALUM 1500UF 20% 6.3V RADIAL
ESC128M025AL4AA,3200,2.27614,KEMET,CAP ALUM RAD 105C
EXV477M016S9PAA,7000,2.27989,KEMET,CAP ALUM 470UF 20% 16V SMD
EDT337M025A9PAA,7000,2.28209,KEMET,CAP ALUM 330UF 20% 25V SMD
ESX107M080AH5AA,2400,2.28568,KEMET,CAP ALUM RAD 105C
ESH106M450AL4AA,3200,2.29002,KEMET,CAP ALUM RAD 105C
EEV687M010S9PAA,7000,2.29196,KEMET,CAP ALUM 680UF 20% 10V SMD
ESC108M025AL3AA,4000,2.29281,KEMET,CAP ALUM RAD 105C
ESH156M450AL3AA,4000,2.29508,KEMET,CAP ALUM RAD 105C
ESE477M050AL3EA,2000,2.29569,KEMET,CAP ALUM RAD 105C
ESG475M450AL3AA,12000,2.30005,KEMET,CAP ALUM RAD 105C
ESE228M016AL3EA,2000,2.30052,KEMET,CAP ALUM RAD 105C
ESX108M016AH6AA,4000,2.30079,KEMET,CAP ALUM RAD 105C
EAK108M010AH4KA,7200,2.31668,KEMET,CAP ALUM RAD GEN PUR 85C
EXV337M025S9PAA,7000,2.32157,KEMET,CAP ALUM 330UF 20% 25V SMD
ESH156M400AL4EA,2000,2.3305,KEMET,CAP ALUM RAD 105C
EST107M100AH4AA,4800,2.33473,KEMET,CAP ALUM RAD 105C
ESU106M350AH4KA,7200,2.33856,KEMET,CAP ALUM RAD 105C
ESK108M035AL3EA,2000,2.34013,KEMET,CAP ALUM RAD 85C
ESK338M016AL4EA,2000,2.34133,KEMET,CAP ALUM RAD 85C
ESY157M063AH4AA,2400,2.34243,KEMET,CAP ALUM 150UF 20% 63V RADIAL TH
EDH227M016A9PAA,7000,2.34458,KEMET,CAP ALUM 220UF 20% 16V SMD
EDH107M035A9PAA,7000,2.34458,KEMET,CAP ALUM 100UF 20% 35V SMD
EDH108M6R3A9PAA,7000,2.34458,KEMET,CAP ALUM 1000UF 20% 6.3V SMD
EDH337M016A9PAA,7000,2.34458,KEMET,CAP ALUM 330UF 20% 16V SMD
EDH337M025A9PAA,7000,2.34458,KEMET,CAP ALUM 330UF 20% 25V SMD
EDH477M010A9PAA,7000,2.34458,KEMET,CAP ALUM 470UF 20% 10V SMD
ESK226M350AL3EA,2000,2.35568,KEMET,CAP ALUM RAD 85C
ETA228M010AH6AA,4000,2.35651,KEMET,CAP ALUM RAD 105C
ESC158M016AL3AA,2000,2.35688,KEMET,CAP ALUM RAD 105C
EXV477M025S9PAA,7000,2.361,KEMET,CAP ALUM 470UF 20% 25V SMD
ESY107M100AH5AA,9600,2.36452,KEMET,CAP ALUM 100UF 20% 100V RADIAL
EST108M016AH4AA,4800,2.37175,KEMET,CAP ALUM RAD 105C
EEV687M016S9PAA,7000,2.37305,KEMET,CAP ALUM 680UF 20% 16V SMD
ESK226M400AL3EA,5000,2.37626,KEMET,CAP ALUM RAD 85C
EST158M010AH4AA,2400,2.38253,KEMET,CAP ALUM RAD 105C
ESH477M063AL3AA,4000,2.38375,KEMET,CAP ALUM RAD 105C
ESC687M050AL4AA,3200,2.38592,KEMET,CAP ALUM RAD 105C
ESK338M016AL4AA,4000,2.38942,KEMET,CAP ALUM RAD 85C
EXV108M010S9PAA,7000,2.39273,KEMET,CAP ALUM 1000UF 20% 10V SMD
ESC687M035AL3AA,4000,2.40077,KEMET,CAP ALUM RAD 105C
ESK476M250AL4EA,2000,2.4012,KEMET,CAP ALUM RAD 85C
ESE477M063AL3EA,2000,2.406,KEMET,CAP ALUM RAD 105C
ESH228M016AL4AA,3200,2.40667,KEMET,CAP ALUM RAD 105C
EDH227M050S9PAA,7000,2.4157,KEMET,CAP ALUM 220UF 20% 50V SMD
EDK227M050S9PAA,7000,2.4157,KEMET,CAP ALUM 220UF 20% 50V SMD
ESH226M250AH4AA,2400,2.41675,KEMET,CAP ALUM RAD 105C
ESE226M400AL3AA,12000,2.42,KEMET,CAP ALUM RAD 105C
ESG686M160AL4AA,3200,2.42049,KEMET,CAP ALUM RAD 105C
ESH476M250AL4AA,3200,2.42279,KEMET,CAP ALUM RAD 105C
EXV157M050S9PAA,7000,2.42444,KEMET,CAP ALUM 150UF 20% 50V SMD
ESE477M063AL3AA,12000,2.43906,KEMET,CAP ALUM RAD 105C
EEV158M6R3S9PAA,7000,2.43973,KEMET,CAP ALUM 1500UF 20% 6.3V SMD
EXV157M025A9MAA,7000,2.44082,KEMET,CAP ALUM 150UF 20% 25V SMD
ESK106M450AL3AA,4000,2.44838,KEMET,CAP ALUM RAD 85C
EDT157M035S9PAA,7000,2.45284,KEMET,CAP ALUM 150UF 20% 35V SMD
EXV227M035S9PAA,7000,2.45284,KEMET,CAP ALUM 220UF 20% 35V SMD
ESH106M450AL4EA,2000,2.45975,KEMET,CAP ALUM RAD 105C
ESG335M450AH4AA,2400,2.47674,KEMET,CAP ALUM RAD 105C
ESL228M016AK5AA,4000,2.48344,KEMET,CAP ALUM RAD 105C
ESL156M400AK5AA,8000,2.49722,KEMET,CAP ALUM RAD 105C
EST228M6R3AH4AA,9600,2.51142,KEMET,CAP ALUM RAD 105C
EEV108M010S9PAA,7000,2.52589,KEMET,CAP ALUM 1000UF 20% 10V SMD
ESK336M250AL4AA,3200,2.532,KEMET,CAP ALUM RAD 85C
ESK226M350AL3AA,4000,2.53769,KEMET,CAP ALUM RAD 85C
ESK336M350AL4AA,3200,2.54808,KEMET,CAP ALUM RAD 85C
ESW108M035AL4EA,2000,2.56808,KEMET,CAP ALUM RAD 105C
ESH228M025AL4AA,12000,2.57758,KEMET,CAP ALUM RAD 105C
ESY477M050AL3EA,10000,2.58122,KEMET,CAP ALUM 470UF 20% 50V RADIAL TH
ESH478M010AM7AA,2000,2.59421,KEMET,CAP ALUM RAD 105C
ESK226M400AL4EA,5000,2.61237,KEMET,CAP ALUM RAD 85C
ESG476M250AL4AA,12000,2.6198,KEMET,CAP ALUM RAD 105C
ETA228M010AL3AA,4000,2.62113,KEMET,CAP ALUM RAD 105C
EEV337M025A9PAA,7000,2.62924,KEMET,CAP ALUM SMD GEN PUR 105C
ESC158M025AM7AA,2000,2.63217,KEMET,CAP ALUM RAD 105C
ESG106M450AL3KA,2400,2.63255,KEMET,CAP ALUM RAD 105C
ESK476M250AL4AA,3200,2.63393,KEMET,CAP ALUM RAD 85C
ESH337M063AL3AA,2000,2.63692,KEMET,CAP ALUM RAD 105C
ESX687M025AH6AA,2000,2.63692,KEMET,CAP ALUM RAD 105C
ESY227M063AH5AA,4800,2.64745,KEMET,CAP ALUM 220UF 20% 63V RADIAL TH
ESY187M063AH4AA,2400,2.67693,KEMET,CAP ALUM 180UF 20% 63V RADIAL TH
EST687M025AH4AA,2400,2.68506,KEMET,CAP ALUM RAD 105C
ESH478M6R3AM7AA,2000,2.69374,KEMET,CAP ALUM RAD 105C
ESK108M050AL4EA,10000,2.71423,KEMET,CAP ALUM RAD 85C
EST687M035AL3AA,12000,2.7188,KEMET,CAP ALUM RAD 105C
EDK476M010A9DAA,1,2.73,KEMET,CAP ALUM 47UF 20% 10V SMD
ESE107M160AL4AA,4000,2.73353,KEMET,CAP ALUM RAD 105C
ESZ106M450AK5AA,4000,2.73465,KEMET,CAP ALUM 10UF 20% 450V RADIAL TH
ESG106M350AH4AA,9600,2.74508,KEMET,CAP ALUM RAD 105C
ESY228M6R3AH5AA,8000,2.74517,KEMET,CAP ALUM 2200UF 20% 6.3V RADIAL
ESH476M200AL4AA,3200,2.74918,KEMET,CAP ALUM RAD 105C
ESE227M100AL4AA,12000,2.75141,KEMET,CAP ALUM RAD 105C
ESX227M050AH5EA,2000,2.75869,KEMET,CAP ALUM RAD 105C
ESE228M025AL4AA,3200,2.77652,KEMET,CAP ALUM RAD 105C
ESE226M400AL3EA,2000,2.78821,KEMET,CAP ALUM RAD 105C
EST337M035AH4AA,2400,2.8061,KEMET,CAP ALUM RAD 105C
ESX228M6R3AH6AA,2000,2.80943,KEMET,CAP ALUM RAD 105C
EDK226M004A9BAA,1,2.81,KEMET,CAP ALUM 22UF 20% 4V SMD
EDK476M004A9BAA,1,2.81,KEMET,CAP ALUM 47UF 20% 4V SMD
EDK226M6R3A9BAA,1,2.81,KEMET,CAP ALUM 22UF 20% 6.3V SMD
EST477M050AH6EA,2000,2.82472,KEMET,CAP ALUM RAD 105C
EST827M025AH5AA,4800,2.87677,KEMET,CAP ALUM RAD 105C
ESH338M016AM7EA,2100,2.89407,KEMET,CAP ALUM RAD 105C
ESK227M100AL4AA,3200,2.89467,KEMET,CAP ALUM RAD 85C
ESY127M100AL3AA,2000,2.89646,KEMET,CAP ALUM 120UF 20% 100V RADIAL
ESH227M100AL4AA,4800,2.90216,KEMET,CAP ALUM RAD 105C
ESH477M063AL4AA,3200,2.9049,KEMET,CAP ALUM RAD 105C
ESC477M050AL3EA,2000,2.92346,KEMET,CAP ALUM RAD 105C
ESG336M200AL3AA,2000,2.93756,KEMET,CAP ALUM RAD 105C
ESG107M160AM7AA,6000,2.93767,KEMET,CAP ALUM RAD 105C
ESC228M016AL4AA,3200,2.94907,KEMET,CAP ALUM RAD 105C
ESK688M010AM7AA,2000,2.95393,KEMET,CAP ALUM RAD 85C
ESC477M050AL3AA,2000,2.96332,KEMET,CAP ALUM RAD 105C
ESG685M450AH4AA,2400,2.97752,KEMET,CAP ALUM RAD 105C
ESL128M035AK1AA,5400,2.99124,KEMET,CAP ALUM RAD 105C
ESX337M050AH6AA,2000,3.00082,KEMET,CAP ALUM RAD 105C
ESL338M016AK2AA,4800,3.01789,KEMET,CAP ALUM RAD 105C
ESH107M160AM7AA,6000,3.05281,KEMET,CAP ALUM RAD 105C
ESG476M200AL3AA,4000,3.05302,KEMET,CAP ALUM RAD 105C
ESU476M200AL3AA,4000,3.06079,KEMET,CAP ALUM RAD 105C
ESC337M063AL3AA,2000,3.07682,KEMET,CAP ALUM RAD 105C
ESH686M200AM7AA,2000,3.08732,KEMET,CAP ALUM RAD 105C
ESG476M250AL4EA,2000,3.09083,KEMET,CAP ALUM RAD 105C
EST187M063AH4AA,2400,3.09746,KEMET,CAP ALUM RAD 105C
ESH688M010AM2AA,2400,3.1159,KEMET,CAP ALUM RAD 105C
ESE108M050AL4AA,4800,3.12339,KEMET,CAP ALUM RAD 105C
ESG226M400AL4EA,2000,3.12466,KEMET,CAP ALUM RAD 105C
EST228M010AH5AA,2400,3.20552,KEMET,CAP ALUM RAD 105C
ESH688M6R3AM7AA,2000,3.20855,KEMET,CAP ALUM RAD 105C
EST337M050AH4AA,2400,3.22157,KEMET,CAP ALUM RAD 105C
ESH687M063AM7AA,2000,3.22248,KEMET,CAP ALUM RAD 105C
ESK478M016AM7AA,6000,3.25302,KEMET,CAP ALUM RAD 85C
ESK476M200AL3AA,2000,3.26896,KEMET,CAP ALUM RAD 85C
ESW337M063AL3AA,2000,3.27942,KEMET,CAP ALUM RAD 105C
EEV477M010A9PAA,4000,3.28262,KEMET,CAP ALUM SMD GEN PUR 105C
ESL477M063AK1AA,8000,3.29626,KEMET,CAP ALUM RAD 105C
ESK476M200AL3EA,2000,3.29798,KEMET,CAP ALUM RAD 85C
ESX107M100AL3AA,2000,3.32238,KEMET,CAP ALUM RAD 105C
ESH226M350AM7AA,2000,3.33048,KEMET,CAP ALUM RAD 105C
EST278M6R3AH5AA,2400,3.36584,KEMET,CAP ALUM RAD 105C
ESK109M6R3AM7AA,2000,3.36641,KEMET,CAP ALUM RAD 85C
ESY337M050AH5AA,9600,3.36861,KEMET,CAP ALUM 330UF 20% 50V RADIAL TH
ESY567M035AH5AA,2400,3.38755,KEMET,CAP ALUM 560UF 20% 35V RADIAL TH
ESH337M100AM7AA,2000,3.39073,KEMET,CAP ALUM RAD 105C
ESC477M063AL4AA,3200,3.40492,KEMET,CAP ALUM RAD 105C
ESH227M100AM7AA,2000,3.41735,KEMET,CAP ALUM RAD 105C
EST227M063AH5AA,4800,3.4558,KEMET,CAP ALUM RAD 105C
ESY108M025AL3AA,12000,3.47686,KEMET,CAP ALUM 1000UF 20% 25V RADIAL
ESG226M400AM5EA,2100,3.47987,KEMET,CAP ALUM RAD 105C
EST108M035AL4EA,10000,3.49497,KEMET,CAP ALUM RAD 105C
ESK478M016AM1EA,2100,3.53393,KEMET,CAP ALUM RAD 85C
ESY277M063AL3AA,12000,3.54115,KEMET,CAP ALUM 270UF 20% 63V RADIAL TH
ESX107M100AH6AA,2000,3.55244,KEMET,CAP ALUM RAD 105C
ESW338M6R3AL3AA,2000,3.57662,KEMET,CAP ALUM RAD 105C
ESK476M400AM7EA,6000,3.58131,KEMET,CAP ALUM RAD 85C
ESK337M100AL4AA,3200,3.5814,KEMET,CAP ALUM RAD 85C
ESY567M050AL4AA,3200,3.63042,KEMET,CAP ALUM 560UF 20% 50V RADIAL TH
ESH157M160AM2AA,2400,3.66303,KEMET,CAP ALUM RAD 105C
ESK478M016AM7EA,600,3.6737,KEMET,CAP ALUM RAD 85C
ESK338M025AM7EA,2100,3.67959,KEMET,CAP ALUM RAD 85C
ESH158M050AM2AA,2400,3.68914,KEMET,CAP ALUM RAD 105C
ESK338M025AM7AA,2000,3.69513,KEMET,CAP ALUM RAD 85C
ESH336M250AL4EA,500,3.69578,KEMET,CAP ALUM RAD 105C
EST477M035AH5AA,2400,3.7084,KEMET,CAP ALUM RAD 105C
ESH336M350AM2AA,2400,3.72315,KEMET,CAP ALUM RAD 105C
ESE337M100AL4AA,3200,3.7272,KEMET,CAP ALUM RAD 105C
ESY158M035AL6AA,8000,3.73936,KEMET,CAP ALUM 1500UF 20% 35V RADIAL
ESK228M035AM7EA,2100,3.74023,KEMET,CAP ALUM RAD 85C
ESU226M400AL3EA,5000,3.75112,KEMET,CAP ALUM RAD 105C
ESU476M250AL3AA,4000,3.75688,KEMET,CAP ALUM RAD 105C
ESK338M025AM1EA,2100,3.75855,KEMET,CAP ALUM RAD 85C
ESU226M400AL3AA,4000,3.77005,KEMET,CAP ALUM RAD 105C
ESK478M016AM1AA,1000,3.78584,KEMET,CAP ALUM RAD 85C
ESC228M035AM2EA,2100,3.79509,KEMET,CAP ALUM RAD 105C
ESW188M035AM7AA,2000,3.82475,KEMET,CAP ALUM RAD 105C
ESK109M010AM3AA,2400,3.8363,KEMET,CAP ALUM RAD 85C
ESE338M025AM7AA,2000,3.85336,KEMET,CAP ALUM RAD 105C
ESW227M100AM7AA,2000,3.85336,KEMET,CAP ALUM RAD 105C
ESH476M250AM7AA,2000,3.8957,KEMET,CAP ALUM RAD 105C
ESK108M063AM7EA,3000,3.89665,KEMET,CAP ALUM RAD 85C
ESW278M025AM7EA,2100,3.90917,KEMET,CAP ALUM RAD 105C
ESW228M025AL6AA,4000,3.91106,KEMET,CAP ALUM RAD 105C
ESY228M025AL6AA,4000,3.92307,KEMET,CAP ALUM 2200UF 20% 25V RADIAL
ESK228M035AM1AA,2000,3.93345,KEMET,CAP ALUM RAD 85C
ESK338M025AM1AA,1000,3.9394,KEMET,CAP ALUM RAD 85C
ESK107M200AM7AA,2000,3.94143,KEMET,CAP ALUM RAD 85C
ESY227M100AM5AA,2000,3.954,KEMET,CAP ALUM 220UF 20% 100V RADIAL
ESY228M010AL3AA,4000,3.96126,KEMET,CAP ALUM 2200UF 20% 10V RADIAL
ESH476M400AM7AA,6000,3.96513,KEMET,CAP ALUM RAD 105C
ESW227M100AM5AA,2000,3.96769,KEMET,CAP ALUM RAD 105C
EAK108M025AL4AA,4800,3.97936,KEMET,CAP ALUM RAD GEN PUR 85C
ESK688M016AM3AA,2400,3.98302,KEMET,CAP ALUM RAD 85C
ESK107M160AM7AA,2000,3.98708,KEMET,CAP ALUM RAD 85C
EST108M025AL3AA,2000,4.02247,KEMET,CAP ALUM RAD 105C
ESY477M063AL8AA,4800,4.02574,KEMET,CAP ALUM 470UF 20% 63V RADIAL TH
ESE107M200AM7AA,2000,4.03388,KEMET,CAP ALUM RAD 105C
EDK336M035A9GAA,1,4.05,KEMET,CAP ALUM 33UF 20% 35V SMD
ESC228M025AM2EA,2100,4.05475,KEMET,CAP ALUM RAD 105C
ESE108M063AM7AA,2000,4.06692,KEMET,CAP ALUM RAD 105C
ESC827M063AM2AA,2400,4.08773,KEMET,CAP ALUM RAD 105C
ESK228M035AM1EA,600,4.08773,KEMET,CAP ALUM RAD 85C
ESC477M063AL4EA,5000,4.10233,KEMET,CAP ALUM RAD 105C
ESH478M016AM2AA,2400,4.10682,KEMET,CAP ALUM RAD 105C
ESK336M400AM7AA,2000,4.13068,KEMET,CAP ALUM RAD 85C
ESY277M100AM7AA,2000,4.13638,KEMET,CAP ALUM 270UF 20% 100V RADIAL
ESC228M035AM3AA,2400,4.14165,KEMET,CAP ALUM RAD 105C
ESY158M016AL3AA,4000,4.15183,KEMET,CAP ALUM 1500UF 20% 16V RADIAL
ESC107M100AL3AA,2000,4.16251,KEMET,CAP ALUM RAD 105C
ESK159M6R3AM3AA,2400,4.16973,KEMET,CAP ALUM RAD 85C
ESK226M450AM7AA,6000,4.1832,KEMET,CAP ALUM RAD 85C
ESW228M035AM2EA,2100,4.19198,KEMET,CAP ALUM RAD 105C
ESG476M160AL3EA,2000,4.19663,KEMET,CAP ALUM RAD 105C
ESK107M200AM1AA,1000,4.19791,KEMET,CAP ALUM RAD 85C
EST227M100AL4AA,4000,4.24634,KEMET,CAP ALUM RAD 105C
ESH476M400AM2AA,2400,4.24823,KEMET,CAP ALUM RAD 105C
ESZ226M400AM5AA,2000,4.25567,KEMET,CAP ALUM RAD 105C
ESC128M050AM2AA,2400,4.29305,KEMET,CAP ALUM RAD 105C
ESH228M035AM2AA,2000,4.30107,KEMET,CAP ALUM RAD 105C
ESW227M100AN4AA,2400,4.3356,KEMET,CAP ALUM RAD 105C
EDH108M016A9RAA,6000,4.33596,KEMET,CAP ALUM 1000UF 20% 16V SMD
ESC338M025AM3EA,6000,4.34232,KEMET,CAP ALUM RAD 105C
ESG686M250AM7AA,2000,4.34978,KEMET,CAP ALUM RAD 105C
ESW228M025AM7AA,2000,4.37355,KEMET,CAP ALUM RAD 105C
EST338M6R3AL3AA,2000,4.40526,KEMET,CAP ALUM RAD 105C
ESY337M063AL4AA,4800,4.40934,KEMET,CAP ALUM 330UF 20% 63V RADIAL TH
ESW478M016AM2EA,2100,4.4225,KEMET,CAP ALUM RAD 105C
ESH226M450AM7AA,2000,4.46861,KEMET,CAP ALUM RAD 105C
ESY157M100AL4AA,3200,4.47739,KEMET,CAP ALUM 150UF 20% 100V RADIAL
ESK476M350AM7AA,2000,4.50247,KEMET,CAP ALUM RAD 85C
ESW688M010AM2AA,2400,4.51995,KEMET,CAP ALUM RAD 105C
EST277M063AH6AA,2000,4.55668,KEMET,CAP ALUM RAD 105C
ESH109M6R3AM2AA,2000,4.58376,KEMET,CAP ALUM RAD 105C
ESY227M100AL8AA,4000,4.59159,KEMET,CAP ALUM 220UF 20% 100V RADIAL
EST278M010AL3AA,2000,4.60406,KEMET,CAP ALUM RAD 105C
ESE476M350AM7AA,2000,4.61535,KEMET,CAP ALUM RAD 105C
ESW228M025AM7EA,3000,4.61576,KEMET,CAP ALUM RAD 105C
ESG686M250AM7EA,2100,4.6183,KEMET,CAP ALUM RAD 105C
ESH226M400AM7AA,2000,4.61874,KEMET,CAP ALUM RAD 105C
ESK338M035AM3AA,2400,4.63916,KEMET,CAP ALUM RAD 85C
EST277M063AL3AA,2000,4.70433,KEMET,CAP ALUM RAD 105C
EST398M6R3AL4AA,3200,4.7246,KEMET,CAP ALUM RAD 105C
ESW228M035AM2AA,2400,4.7315,KEMET,CAP ALUM RAD 105C
ESC228M035AM2AA,2400,4.73926,KEMET,CAP ALUM RAD 105C
ESH686M250AM2AA,2400,4.7404,KEMET,CAP ALUM RAD 105C
ESC108M050AM7EA,2100,4.74738,KEMET,CAP ALUM RAD 105C
ESY477M063AM5AA,2000,4.76623,KEMET,CAP ALUM 470UF 20% 63V RADIAL TH
ESH157M200AM3EA,2100,4.7821,KEMET,CAP ALUM RAD 105C
ESH107M200AM2AA,2400,4.78815,KEMET,CAP ALUM RAD 105C
ESG336M400AM7EA,3000,4.79226,KEMET,CAP ALUM RAD 105C
EST477M050AH6AA,2000,4.79542,KEMET,CAP ALUM RAD 105C
ESW567M063AM7AA,2000,4.80443,KEMET,CAP ALUM RAD 105C
EDH336M160A9RAA,6000,4.83016,KEMET,CAP ALUM 33UF 20% 160V SMD
ESW687M063AL6AA,2000,4.84036,KEMET,CAP ALUM RAD 105C
ESK477M100AM7AA,6000,4.84068,KEMET,CAP ALUM RAD 85C
ESE476M400AM7AA,2000,4.85161,KEMET,CAP ALUM RAD 105C
EST228M016AL4AA,3200,4.86523,KEMET,CAP ALUM RAD 105C
ESC108M050AM7AA,2000,4.86844,KEMET,CAP ALUM RAD 105C
EEV227M6R3A9HAA,1,4.88,KEMET,CAP ALUM 220UF 20% 6.3V SMD
ESH226M450AM2AA,2400,4.88466,KEMET,CAP ALUM RAD 105C
EDH475M400A9RAA,3000,4.89728,KEMET,CAP ALUM 4.7UF 20% 400V SMD
EDH106M200A9RAA,3000,4.94535,KEMET,CAP ALUM 10UF 20% 200V SMD
ESW338M025AM2AA,2000,4.96486,KEMET,CAP ALUM RAD 105C
ESC228M025AM2AA,2400,4.96557,KEMET,CAP ALUM RAD 105C
ESC478M016AM3AA,2400,4.98438,KEMET,CAP ALUM RAD 105C
ESK227M160AM2AA,6000,4.99731,KEMET,CAP ALUM RAD 85C
ESH338M035AN2AA,2000,5.00071,KEMET,CAP ALUM RAD 105C
ESG106M450AL3EA,2000,5.0041,KEMET,CAP ALUM RAD 105C
ESY827M063AN5EA,3000,5.01961,KEMET,CAP ALUM 820UF 20% 63V RADIAL TH
ESX228M035AM3AA,2400,5.04964,KEMET,CAP ALUM RAD 105C
EST338M010AL4AA,3200,5.07303,KEMET,CAP ALUM RAD 105C
EDH476M100A9RAA,6000,5.07397,KEMET,CAP ALUM 47UF 20% 100V SMD
EST827M035AL4AA,3200,5.09039,KEMET,CAP ALUM RAD 105C
ESK336M450AM3AA,2400,5.09278,KEMET,CAP ALUM RAD 85C
ESX227M100AM2AA,2400,5.10825,KEMET,CAP ALUM RAD 105C
EEV337M025A9LAA,1,5.13,KEMET,CAP ALUM 330UF 20% 25V SMD
ESY687M063AL7AA,2000,5.14501,KEMET,CAP ALUM 680UF 20% 63V RADIAL TH
EST158M025AL4AA,3200,5.17285,KEMET,CAP ALUM RAD 105C
EST337M063AL4AA,3200,5.18477,KEMET,CAP ALUM RAD 105C
EDH106M250A9RAA,3000,5.20485,KEMET,CAP ALUM 10UF 20% 250V SMD
EDH475M250A9RAA,3000,5.20485,KEMET,CAP ALUM 4.7UF 20% 250V SMD
ETA687M6R3AG3AA,6000,5.21866,KEMET,CAP ALUM RAD 105C
ESW687M063AN4AA,2400,5.22416,KEMET,CAP ALUM RAD 105C
ESG226M350AL3AA,2000,5.2645,KEMET,CAP ALUM RAD 105C
ESL827M063AK4EA,2000,5.26897,KEMET,CAP ALUM RAD 105C
EDH226M200A9SAA,6000,5.2773,KEMET,CAP ALUM 22UF 20% 200V SMD
ESH476M350AM3AA,2400,5.27819,KEMET,CAP ALUM RAD 105C
ESX478M016AM3AA,2400,5.30465,KEMET,CAP ALUM RAD 105C
ESK476M400AM1AA,1000,5.30651,KEMET,CAP ALUM RAD 85C
ESY128M035AL8AA,2400,5.32119,KEMET,CAP ALUM 1200UF 20% 35V RADIAL
EDH335M250A9RAA,6000,5.33066,KEMET,CAP ALUM 3.3UF 20% 250V SMD
EST567M050AL4AA,4000,5.35185,KEMET,CAP ALUM RAD 105C
ESG476M400AM7EA,2100,5.36975,KEMET,CAP ALUM RAD 105C
EDH335M400A9RAA,3000,5.40808,KEMET,CAP ALUM 3.3UF 20% 400V SMD
EDH106M400A9RAA,6000,5.41955,KEMET,CAP ALUM 10UF 20% 400V SMD
ESE478M025AM2AA,2400,5.429,KEMET,CAP ALUM RAD 105C
EDH226M250A9RAA,6000,5.43211,KEMET,CAP ALUM 22UF 20% 250V SMD
EDH228M6R3A9RAA,3000,5.43518,KEMET,CAP ALUM 2200UF 20% 6.3V SMD
ESX108M050AM2AA,2400,5.44113,KEMET,CAP ALUM RAD 105C
ESG226M450AM7AA,2000,5.46946,KEMET,CAP ALUM RAD 105C
ESX338M016AL7AA,2000,5.49609,KEMET,CAP ALUM RAD 105C
ESY827M063AM2AA,2400,5.51038,KEMET,CAP ALUM 820UF 20% 63V RADIAL TH
EDH336M200A9SAA,3000,5.52954,KEMET,CAP ALUM 33UF 20% 200V SMD
ESC478M025AN2AA,2000,5.55612,KEMET,CAP ALUM RAD 105C
ESY158M025AL4AA,3200,5.5785,KEMET,CAP ALUM 1500UF 20% 25V RADIAL
ESK228M050AM3AA,2400,5.62013,KEMET,CAP ALUM RAD 85C
ESH686M400AM2AA,2400,5.62123,KEMET,CAP ALUM RAD 105C
ESY277M100AN4AA,2400,5.6355,KEMET,CAP ALUM 270UF 20% 100V RADIAL
EDH228M010A9RAA,6000,5.67635,KEMET,CAP ALUM 2200UF 20% 10V SMD
ESH336M400AM2AA,2400,5.68046,KEMET,CAP ALUM RAD 105C
EDH227M063A9RAA,6000,5.70762,KEMET,CAP ALUM 220UF 20% 63V SMD
EST478M6R3AL8AA,2400,5.71443,KEMET,CAP ALUM RAD 105C
EDH335M450A9RAA,3200,5.72078,KEMET,CAP ALUM 3.3UF 20% 450V SMD
EST278M025AM7EA,2100,5.73518,KEMET,CAP ALUM RAD 105C
ESW827M063AN5AA,2400,5.76922,KEMET,CAP ALUM RAD 105C
ESW827M063AM2AA,2400,5.7911,KEMET,CAP ALUM RAD 105C
EDH687M035A9RAA,3000,5.83994,KEMET,CAP ALUM 680UF 20% 35V SMD
ESY687M063AN4AA,4000,5.88967,KEMET,CAP ALUM 680UF 20% 63V RADIAL TH
ESH158M063AM3AA,2400,5.89502,KEMET,CAP ALUM RAD 105C
ESY567M063AM7AA,2000,5.89521,KEMET,CAP ALUM 560UF 20% 63V RADIAL TH
ESX827M063AM3AA,2400,5.93326,KEMET,CAP ALUM RAD 105C
EDH106M450A9SAA,3000,5.96936,KEMET,CAP ALUM 10UF 20% 450V SMD
ESY687M063AN4EA,3000,6.0071,KEMET,CAP ALUM 680UF 20% 63V RADIAL TH
EST398M010AL8AA,2400,6.05448,KEMET,CAP ALUM RAD 105C
ETG827M050AGLAA,8000,6.0557,KEMET,CAP ALUM RAD 105C
EST278M016AL8AA,2400,6.06533,KEMET,CAP ALUM RAD 105C
ESH227M160AM3AA,2000,6.06751,KEMET,CAP ALUM RAD 105C
EST478M016AM2EA,2100,6.10758,KEMET,CAP ALUM RAD 105C
EST108M050AM7EA,2100,6.12408,KEMET,CAP ALUM RAD 105C
ESG107M250AN5AA,2400,6.13625,KEMET,CAP ALUM RAD 105C
ESH688M016AN2AA,2000,6.1557,KEMET,CAP ALUM RAD 105C
ESE228M050AM3AA,2000,6.15901,KEMET,CAP ALUM RAD 105C
ESC477M100AN2AA,2000,6.15901,KEMET,CAP ALUM RAD 105C
ESW338M035AN2AA,2000,6.17555,KEMET,CAP ALUM RAD 105C
EDH477M050A9SAA,6000,6.18065,KEMET,CAP ALUM SMD GEN PUR 105C
ESK228M050AM2AA,2400,6.20381,KEMET,CAP ALUM RAD 85C
EDH337M050A9RAA,3000,6.24382,KEMET,CAP ALUM 330UF 20% 50V SMD
ESY687M050AL8AA,4000,6.25105,KEMET,CAP ALUM 680UF 20% 50V RADIAL TH
EDH108M016S9RAA,3000,6.2535,KEMET,CAP ALUM 1000UF 20% 16V SMD
ESK686M400AM2AA,2400,6.25932,KEMET,CAP ALUM RAD 85C
ESW228M035AN5AA,2400,6.29629,KEMET,CAP ALUM RAD 105C
ESE109M016AN2AA,2000,6.30327,KEMET,CAP ALUM RAD 105C
EST338M016AL6AA,4000,6.33356,KEMET,CAP ALUM RAD 105C
ESG476M400AM7AA,2000,6.33626,KEMET,CAP ALUM RAD 105C
ESY477M100AM3AA,6000,6.3548,KEMET,CAP ALUM 470UF 20% 100V RADIAL
ESC109M6R3AM3AA,2400,6.36593,KEMET,CAP ALUM RAD 105C
ESH157M200AM3AA,2400,6.38878,KEMET,CAP ALUM RAD 105C
EST687M050AL8AA,2400,6.4181,KEMET,CAP ALUM RAD 105C
ESG336M400AM7AA,2000,6.41871,KEMET,CAP ALUM RAD 105C
EDT477M010S9PAA,1,6.45,KEMET,CAP ALUM 470UF 20% 10V SMD
ESW159M010AN3AA,2000,6.45162,KEMET,CAP ALUM RAD 105C
ESW109M010AN2AA,2000,6.49777,KEMET,CAP ALUM RAD 105C
ESH337M160AN3AA,2000,6.50653,KEMET,CAP ALUM RAD 105C
EST228M025AL6AA,8000,6.52313,KEMET,CAP ALUM RAD 105C
ESH157M250AN3AA,2000,6.52849,KEMET,CAP ALUM RAD 105C
ESY227M035AH9AA,16000,6.53743,KEMET,CAP ALUM 220UF 20% 35V RADIAL TH
EDH228M6R3S9RAA,3000,6.56457,KEMET,CAP ALUM 2200UF 20% 6.3V SMD
EST568M6R3AL6AA,2000,6.57347,KEMET,CAP ALUM RAD 105C
EDH227M063A9SAA,6000,6.58862,KEMET,CAP ALUM 220UF 20% 63V SMD
EST477M063AL8AA,4000,6.61854,KEMET,CAP ALUM RAD 105C
ESH687M100AM3AA,2400,6.62648,KEMET,CAP ALUM RAD 105C
ESC108M063AM2AA,2000,6.62718,KEMET,CAP ALUM RAD 105C
EDH158M025A9SAA,3000,6.65986,KEMET,CAP ALUM 1500UF 20% 25V SMD
ESK227M200AN2AA,5000,6.66348,KEMET,CAP ALUM RAD 85C
ESY827M050AL6AA,2000,6.66775,KEMET,CAP ALUM 820UF 20% 50V RADIAL TH
ESK476M450AN5AA,2000,6.70169,KEMET,CAP ALUM RAD 85C
ESW109M016AN3AA,2000,6.70827,KEMET,CAP ALUM RAD 105C
ESK478M035AM3AA,2400,6.711,KEMET,CAP ALUM RAD 85C
EST568M016AM3EA,2100,6.71121,KEMET,CAP ALUM RAD 105C
ESY128M035AM5AA,2000,6.73014,KEMET,CAP ALUM 1200UF 20% 35V RADIAL
ESY478M010AL6AA,4000,6.74599,KEMET,CAP ALUM 4700UF 20% 10V RADIAL
ESG157M160AM2AA,2400,6.75322,KEMET,CAP ALUM RAD 105C
ESG107M200AN4AA,2400,6.75322,KEMET,CAP ALUM RAD 105C
EST128M035AL8AA,2400,6.79329,KEMET,CAP ALUM RAD 105C
ESH476M350AN2AA,2000,6.7958,KEMET,CAP ALUM RAD 105C
EDH106M200S9RAA,3000,6.80096,KEMET,CAP ALUM 10UF 20% 200V SMD
EDH476M100S9RAA,3000,6.80956,KEMET,CAP ALUM 47UF 20% 100V SMD
ESC687M063AM7AA,2000,6.81329,KEMET,CAP ALUM RAD 105C
ESY827M050AM5AA,2000,6.85596,KEMET,CAP ALUM 820UF 20% 50V RADIAL TH
ESK688M025AN2AA,2000,6.87671,KEMET,CAP ALUM RAD 85C
EDH336M160S9RAA,3000,6.88964,KEMET,CAP ALUM 33UF 20% 160V SMD
ESK337M160AN2AA,2000,6.92154,KEMET,CAP ALUM RAD 85C
ESX687M063AM2AA,2400,6.92412,KEMET,CAP ALUM RAD 105C
ESW477M100AM2AA,6000,6.92716,KEMET,CAP ALUM RAD 105C
ESG336M400AN4AA,2400,6.93497,KEMET,CAP ALUM RAD 105C
ESG336M450AN5AA,2400,6.93497,KEMET,CAP ALUM RAD 105C
ESL827M100AN3AA,2000,7.00018,KEMET,CAP ALUM RAD 105C
ESH686M350AN2AA,2000,7.0242,KEMET,CAP ALUM RAD 105C
ESH478M025AN2AA,2000,7.03507,KEMET,CAP ALUM RAD 105C
EST478M010AL6AA,2000,7.03507,KEMET,CAP ALUM RAD 105C
EDH227M063S9RAA,3000,7.03579,KEMET,CAP ALUM 220UF 20% 63V SMD
ELH128M080AQ1AA,1200,7.05426,KEMET,CAP ALUM SNAP-IN 85C
EDH447M050A9SAA,3000,7.06564,KEMET,CAP ALUM 470UF 20% 50V SMD
EDH108M025S9RAA,3000,7.09119,KEMET,CAP ALUM 1000UF 20% 25V SMD
EST228M035AM2EA,2100,7.09799,KEMET,CAP ALUM RAD 105C
EDH475M250S9RAA,3000,7.10401,KEMET,CAP ALUM 4.7UF 20% 250V SMD
EDH106M250S9RAA,3000,7.18389,KEMET,CAP ALUM 10UF 20% 250V SMD
EDH228M010S9RAA,3000,7.19666,KEMET,CAP ALUM 2200UF 20% 10V SMD
EDH335M450S9RAA,3000,7.20385,KEMET,CAP ALUM 3.3UF 20% 450V SMD
ESC158M050AM3AA,2400,7.2069,KEMET,CAP ALUM RAD 105C
EDH687M035S9RAA,3000,7.21581,KEMET,CAP ALUM 680UF 20% 35V SMD
ESG157M200AN5AA,2400,7.23815,KEMET,CAP ALUM RAD 105C
ESC158M063AN2AA,2000,7.2923,KEMET,CAP ALUM RAD 105C
EDH226M250S9RAA,3000,7.30198,KEMET,CAP ALUM 22UF 20% 250V SMD
EDH107M100S9RAA,6000,7.31009,KEMET,CAP ALUM 100UF 20% 100V SMD
ESK109M025AQ4AA,2100,7.31524,KEMET,CAP ALUM RAD 85C
ESY278M016AM5AA,2000,7.31731,KEMET,CAP ALUM 2700UF 20% 16V RADIAL
ELG277M160AQ1AA,1200,7.32673,KEMET,CAP ALUM SNAP-IN 105C
ESH337M200AN3AA,2000,7.33364,KEMET,CAP ALUM RAD 105C
ESK226M450AM7EA,3000,7.33501,KEMET,CAP ALUM RAD 85C
ESY827M063AN5AA,2400,7.35334,KEMET,CAP ALUM 820UF 20% 63V RADIAL TH
EDH228M016A9TAA,3000,7.36263,KEMET,CAP ALUM 2200UF 20% 16V SMD
ESY188M035AM7AA,2000,7.363,KEMET,CAP ALUM 1800UF 20% 35V RADIAL
ESG226M450AN4AA,2400,7.36629,KEMET,CAP ALUM RAD 105C
ESH109M010AN2AA,2000,7.36627,KEMET,CAP ALUM RAD 105C
EDH475M400S9RAA,3000,7.39344,KEMET,CAP ALUM 4.7UF 20% 400V SMD
EDH336M200S9SAA,3000,7.39874,KEMET,CAP ALUM 33UF 20% 200V SMD
EDH158M025S9SAA,3000,7.43702,KEMET,CAP ALUM 1500UF 20% 25V SMD
ESY337M100AL7AA,4000,7.43982,KEMET,CAP ALUM 330UF 20% 100V RADIAL
ESW478M025AN2AA,2000,7.45004,KEMET,CAP ALUM RAD 105C
ELH227M200AQ1AA,1600,7.47693,KEMET,CAP ALUM SNAP-IN 85C
EDH226M200S9SAA,3000,7.48477,KEMET,CAP ALUM 22UF 20% 200V SMD
EST827M050AL6AA,2000,7.51735,KEMET,CAP ALUM RAD 105C
ESG107M200AM7AA,2000,7.53476,KEMET,CAP ALUM RAD 105C
EST688M6R3AL7AA,2000,7.53583,KEMET,CAP ALUM RAD 105C
EDH108M035A9TAA,3000,7.53893,KEMET,CAP ALUM 1000UF 20% 35V SMD
ESW108M063AM2AA,2400,7.55015,KEMET,CAP ALUM RAD 105C
ESG107M250AM2AA,2400,7.5598,KEMET,CAP ALUM RAD 105C
ESH227M200AM3AA,2400,7.56845,KEMET,CAP ALUM RAD 105C
EDH337M050S9RAA,3000,7.58245,KEMET,CAP ALUM 330UF 20% 50V SMD
ESK159M016AQ4AA,2100,7.59368,KEMET,CAP ALUM RAD 85C
ESK338M050AN2AA,4000,7.60403,KEMET,CAP ALUM RAD 85C
EST688M6R3AM7AA,2000,7.62047,KEMET,CAP ALUM RAD 105C
ESE478M035AN2AA,2000,7.62047,KEMET,CAP ALUM RAD 105C
ESC688M025AN2AA,2000,7.63349,KEMET,CAP ALUM RAD 105C
ESK109M016AN2AA,2000,7.66281,KEMET,CAP ALUM RAD 85C
ESK107M400AN2AA,2000,7.68667,KEMET,CAP ALUM RAD 85C
EEV227M035A9PAA,1,7.69,KEMET,CAP ALUM 220UF 20% 35V SMD
ESG337M160AN1AA,2000,7.71809,KEMET,CAP ALUM RAD 105C
ESZ336M450AM2AA,2400,7.74441,KEMET,CAP ALUM RAD 105C
EDH475M450S9RAA,3000,7.75209,KEMET,CAP ALUM 4.7UF 20% 450V SMD
EDH106M400S9RAA,3000,7.78067,KEMET,CAP ALUM 10UF 20% 400V SMD
ESY568M010AM7AA,2000,7.90659,KEMET,CAP ALUM 5600UF 20% 10V RADIAL
ESE687M100AM3AA,2400,7.92234,KEMET,CAP ALUM RAD 105C
EST568M010AM7AA,2000,7.96502,KEMET,CAP ALUM RAD 105C
EST567M063AL6AA,2000,7.96502,KEMET,CAP ALUM RAD 105C
ESX338M035AN3AA,2000,7.96502,KEMET,CAP ALUM RAD 105C
EST568M010AL7AA,2000,7.97254,KEMET,CAP ALUM RAD 105C
EDH476M160A9TAA,6000,8.00352,KEMET,CAP ALUM 47UF 20% 160V SMD
ESW188M050AN1AA,2000,8.01906,KEMET,CAP ALUM RAD 105C
EST398M016AL7AA,2000,8.02125,KEMET,CAP ALUM RAD 105C
EST278M035AM3EA,2100,8.07859,KEMET,CAP ALUM RAD 105C
EST158M035AL6AA,2000,8.13359,KEMET,CAP ALUM RAD 105C
ESH476M400AN2AA,2000,8.22645,KEMET,CAP ALUM RAD 105C
ESK227M250AN3AA,2000,8.26966,KEMET,CAP ALUM RAD 85C
ESW688M025AN3AA,2000,8.30092,KEMET,CAP ALUM RAD 105C
ESK476M450AN2AA,2000,8.30849,KEMET,CAP ALUM RAD 85C
ESY278M025AM7AA,6000,8.30927,KEMET,CAP ALUM 2700UF 20% 25V RADIAL
ESH337M200AQ4AA,2100,8.34766,KEMET,CAP ALUM RAD 105C
ESY338M016AL6AA,2000,8.36881,KEMET,CAP ALUM 3300UF 20% 16V RADIAL
ESK228M063AN3AA,2000,8.40549,KEMET,CAP ALUM RAD 85C
ESK107M350AN2AA,2000,8.41301,KEMET,CAP ALUM RAD 85C
ESX158M050AM4AA,2400,8.4449,KEMET,CAP ALUM RAD 105C
ESH686M400AN2AA,2000,8.45076,KEMET,CAP ALUM RAD 105C
EAK108M035AM7AA,2000,8.47338,KEMET,CAP ALUM RAD GEN PUR 85C
ESE686M450AN1AA,2000,8.47338,KEMET,CAP ALUM RAD 105C
EST108M100AN3AA,2000,8.47446,KEMET,CAP ALUM RAD 105C
ESZ336M450AN5AA,2400,8.47585,KEMET,CAP ALUM RAD 105C
ESY108M063AN1AA,2000,8.54442,KEMET,CAP ALUM 1000UF 20% 63V RADIAL
EST278M025AM7AA,2000,8.55198,KEMET,CAP ALUM RAD 105C
ELG109M016AQ2AA,1200,8.57536,KEMET,CAP ALUM SNAP-IN 105C
ESK477M160AQ4AA,2100,8.63441,KEMET,CAP ALUM RAD 85C
ELG227M160AQ7AA,1200,8.66191,KEMET,CAP ALUM SNAP-IN 105C
ESY397M100AM2AA,2400,8.67507,KEMET,CAP ALUM 390UF 20% 100V RADIAL
ESH107M350AN3AA,2000,8.68967,KEMET,CAP ALUM RAD 105C
EST108M050AM7AA,2000,8.69827,KEMET,CAP ALUM RAD 105C
ELH227M250AQ2AA,1200,8.70967,KEMET,CAP ALUM SNAP-IN 85C
ESG107M350AN1AA,2000,8.72729,KEMET,CAP ALUM RAD 105C
ESW228M050AN2AA,2000,8.74875,KEMET,CAP ALUM RAD 105C
EST687M063AL7AA,4000,8.7833,KEMET,CAP ALUM RAD 105C
ELH107M400AQ2AV,1200,8.78829,KEMET,CAP ALUM SNAP-IN 85C
ESG476M400AM2AA,2400,8.8017,KEMET,CAP ALUM RAD 105C
ESH477M160AQ4AA,2100,8.81984,KEMET,CAP ALUM RAD 105C
EST828M6R3AM2AA,2400,8.84845,KEMET,CAP ALUM RAD 105C
ESW109M6R3AM2AA,800,8.8541,KEMET,CAP ALUM RAD 105C
ESH228M063AN2AA,2000,8.89917,KEMET,CAP ALUM RAD 105C
ESW478M035AN3AA,2000,8.90343,KEMET,CAP ALUM RAD 105C
ELG688M025AR1AA,1000,8.94978,KEMET,CAP ALUM SNAP-IN 105C
EDH106M450S9SAA,3000,8.95753,KEMET,CAP ALUM 10UF 20% 450V SMD
ELD158M063AQ2AA,1200,8.96437,KEMET,CAP ALUM SNAP-IN 105C
ELH228M050AQ1AV,400,8.97443,KEMET,CAP ALUM SNAP-IN 85C
ESG476M400AN5AA,2400,8.98662,KEMET,CAP ALUM RAD 105C
ESG476M450AN1AA,2000,9.00755,KEMET,CAP ALUM RAD 105C
ESE686M400AN5AA,2400,9.01533,KEMET,CAP ALUM RAD 105C
EST688M010AM2AA,2400,9.02487,KEMET,CAP ALUM RAD 105C
ESW128M063AN1AA,2000,9.03331,KEMET,CAP ALUM RAD 105C
ELD686M400AQ1AA,1200,9.07828,KEMET,CAP ALUM SNAP-IN 105C
ELH478M035AR1AA,1000,9.08631,KEMET,CAP ALUM SNAP-IN 85C
EDH447M050S9SAA,3000,9.09086,KEMET,CAP ALUM 440UF 20% 50V SMD
ESH338M050AN2AA,5000,9.11985,KEMET,CAP ALUM RAD 105C
EDH336M250A9TAA,3000,9.18527,KEMET,CAP ALUM 33UF 20% 250V SMD
ESG157M160AN5AA,2400,9.22433,KEMET,CAP ALUM RAD 105C
ELD158M063AR1AA,1000,9.22606,KEMET,CAP ALUM SNAP-IN 105C
ELG478M035AQ3AA,1200,9.26827,KEMET,CAP ALUM SNAP-IN 105C
ELG109M016AR1AA,400,9.293,KEMET,CAP ALUM SNAP-IN 105C
EST188M035AL7AA,2000,9.31083,KEMET,CAP ALUM RAD 105C
ESH227M250AQ4AA,2000,9.34825,KEMET,CAP ALUM RAD 105C
ELG567M100AQ1AA,1200,9.34876,KEMET,CAP ALUM SNAP-IN 105C
ESW827M100AN3AA,4000,9.35449,KEMET,CAP ALUM RAD 105C
ELG338M050AR2AA,1000,9.37566,KEMET,CAP ALUM SNAP-IN 105C
EST478M016AM2AA,2400,9.42673,KEMET,CAP ALUM RAD 105C
ESE108M100AN3AA,2000,9.42846,KEMET,CAP ALUM RAD 105C
ELG688M035AR3AA,1000,9.43594,KEMET,CAP ALUM SNAP-IN 105C
ELG158M063AR1AA,1000,9.47382,KEMET,CAP ALUM SNAP-IN 105C
ESK227M250AQ4AA,2100,9.476,KEMET,CAP ALUM RAD 85C
ESZ476M450AN1AA,2000,9.51934,KEMET,CAP ALUM RAD 105C
EDH476M160S9TAA,3000,9.58002,KEMET,CAP ALUM 47UF 20% 160V SMD
ELG476M450AQ1AA,1600,9.59556,KEMET,CAP ALUM SNAP-IN 105C
ESL107M400AN3AA,5000,9.60378,KEMET,CAP ALUM RAD 105C
ESC128M063AM3AA,2400,9.66165,KEMET,CAP ALUM RAD 105C
EAK108M050AM2AA,6000,9.69836,KEMET,CAP ALUM RAD GEN PUR 85C
ELH109M016AQ2AA,1200,9.73638,KEMET,CAP ALUM SNAP-IN 85C
EST338M025AM2AA,2400,9.76202,KEMET,CAP ALUM RAD 105C
ESH157M350AQ4AA,2100,9.81257,KEMET,CAP ALUM RAD 105C
ESG227M160AM2AA,2400,9.83176,KEMET,CAP ALUM RAD 105C
ELH229M010AQ4AA,400,9.9742,KEMET,CAP ALUM SNAP-IN 85C
ELD227M200AQ1AA,400,9.98268,KEMET,CAP ALUM SNAP-IN 105C
EST109M6R3AM3AA,2400,10.01014,KEMET,CAP ALUM RAD 105C
ELH279M010AQ5AA,1200,10.0274,KEMET,CAP ALUM SNAP-IN 85C
ELD826M350AQ1AA,1200,10.04388,KEMET,CAP ALUM SNAP-IN 105C
ELG278M050AQ2AV,1200,10.04388,KEMET,CAP ALUM SNAP-IN 105C
EDH107M160A9TAA,3000,10.05108,KEMET,CAP ALUM 100UF 20% 160V SMD
EDH337M063A9TAA,3000,10.05108,KEMET,CAP ALUM 330UF 20% 63V SMD
ELH688M035AQ4AA,1600,10.08258,KEMET,CAP ALUM SNAP-IN 85C
ELH476M450AQ1AV,1200,10.09432,KEMET,CAP ALUM SNAP-IN 85C
EDH476M200S9TAA,3000,10.1126,KEMET,CAP ALUM 47UF 20% 200V SMD
ELH109M016AR1AA,1000,10.11983,KEMET,CAP ALUM SNAP-IN 85C
EDH477M063A9TAA,3000,10.1824,KEMET,CAP ALUM 470UF 20% 63V SMD
EST128M050AM2AA,2400,10.19362,KEMET,CAP ALUM RAD 105C
ESG227M160AN5AA,2400,10.2442,KEMET,CAP ALUM RAD 105C
EDH228M016S9TAA,3000,10.2595,KEMET,CAP ALUM 2200UF 20% 16V SMD
ELH228M080AQ4AA,1200,10.30581,KEMET,CAP ALUM SNAP-IN 85C
ELH278M063AS1AA,1000,10.30597,KEMET,CAP ALUM SNAP-IN 85C
ELH278M063AS1AV,1000,10.30597,KEMET,CAP ALUM SNAP-IN 85C
ELH108M100AQ2AA,1600,10.35403,KEMET,CAP ALUM SNAP-IN 85C
ELG278M050AQ2AA,1200,10.37038,KEMET,CAP ALUM SNAP-IN 105C
ESH107M400AN2AA,4000,10.46557,KEMET,CAP ALUM RAD 105C
EDH336M250S9TAA,3000,10.46565,KEMET,CAP ALUM 33UF 20% 250V SMD
EST828M010AM3AA,2400,10.4663,KEMET,CAP ALUM RAD 105C
ELG477M160AQ2AA,1200,10.48636,KEMET,CAP ALUM SNAP-IN 105C
ELH338M050AR1AA,400,10.50243,KEMET,CAP ALUM SNAP-IN 85C
ELH338M063AR2AV,1000,10.53611,KEMET,CAP ALUM SNAP-IN 85C
ESX108M080AN3AA,2000,10.54715,KEMET,CAP ALUM RAD 105C
ESK108M100AN3AA,2000,10.60979,KEMET,CAP ALUM RAD 85C
ESX108M063AN2AA,2000,10.63415,KEMET,CAP ALUM RAD 105C
ELH159M016AQ3AA,400,10.65105,KEMET,CAP ALUM SNAP-IN 85C
ELG337M200AQ2AV,1600,10.65829,KEMET,CAP ALUM SNAP-IN 105C
ELG397M200AR1AA,1000,10.69306,KEMET,CAP ALUM SNAP-IN 105C
ESY477M100AN1AA,2000,10.69356,KEMET,CAP ALUM 470UF 20% 100V RADIAL
EST827M063AM2AA,2400,10.727,KEMET,CAP ALUM RAD 105C
ELG108M080AQ2AA,1600,10.75593,KEMET,CAP ALUM SNAP-IN 105C
ESU686M450AM3AA,6000,10.7927,KEMET,CAP ALUM RAD 105C
ELG188M050AQ1AA,400,10.79495,KEMET,CAP ALUM SNAP-IN 105C
EST568M016AM3AA,2400,10.85724,KEMET,CAP ALUM RAD 105C
ESK159M025AQ4AA,2100,10.90977,KEMET,CAP ALUM RAD 85C
ELD337M200AQ2AA,1200,10.93835,KEMET,CAP ALUM SNAP-IN 105C
ELD566M450AQ1AA,1200,10.93835,KEMET,CAP ALUM SNAP-IN 105C
ELG566M400AQ7AA,800,10.97429,KEMET,CAP ALUM SNAP-IN 105C
ELH337M200AQ2AA,400,11.0114,KEMET,CAP ALUM SNAP-IN 85C
ESU567M160AN9AA,2000,11.01682,KEMET,CAP ALUM RAD 105C
EST228M035AM2AA,2400,11.03142,KEMET,CAP ALUM RAD 105C
ELG568M035AQ3AA,1600,11.03368,KEMET,CAP ALUM SNAP-IN 105C
ELH339M010AQ6AA,1200,11.05282,KEMET,CAP ALUM SNAP-IN 85C
ESH476M450AN3AA,2000,11.0697,KEMET,CAP ALUM RAD 105C
ELG477M160AQ3AA,1600,11.08727,KEMET,CAP ALUM SNAP-IN 105C
ELG159M016AR3AA,1000,11.10555,KEMET,CAP ALUM SNAP-IN 105C
EDH226M400A9TAA,3000,11.119,KEMET,CAP ALUM 22UF 20% 400V SMD
ESX477M100AM4AA,2400,11.15828,KEMET,CAP ALUM RAD 105C
EDH158M035A9TAA,6000,11.17105,KEMET,CAP ALUM 1500UF 20% 35V SMD
ELG228M050AQ2AA,1600,11.19116,KEMET,CAP ALUM SNAP-IN 105C
ELH228M050AQ1AA,1600,11.23286,KEMET,CAP ALUM 2200UF 20% 50V SNAP TH
EDH228M025S9TAA,3000,11.2475,KEMET,CAP ALUM 2200UF 20% 25V SMD
ELH337M200AQ1AA,400,11.27333,KEMET,CAP ALUM SNAP-IN 85C
ELH337M200AR1AA,1000,11.28491,KEMET,CAP ALUM SNAP-IN 85C
ESX478M025AN3AA,2000,11.28764,KEMET,CAP ALUM RAD 105C
ELG566M450AQ1AV,1200,11.33033,KEMET,CAP ALUM SNAP-IN 105C
EDH337M063S9TAA,3000,11.38428,KEMET,CAP ALUM 330UF 20% 63V SMD
ESK478M050AQ4AA,2000,11.39647,KEMET,CAP ALUM RAD 85C
ESG686M400AN2AA,2000,11.46089,KEMET,CAP ALUM RAD 105C
EDH107M160S9TAA,3000,11.47952,KEMET,CAP ALUM 100UF 20% 160V SMD
EST568M016AN1AA,2000,11.51162,KEMET,CAP ALUM RAD 105C
ELH826M400AQ1AA,400,11.61073,KEMET,CAP ALUM SNAP-IN 85C
ESK107M250AN3AA,2000,11.61499,KEMET,CAP ALUM RAD 85C
EDH476M250S9TAA,3000,11.61916,KEMET,CAP ALUM 47UF 20% 250V SMD
ELG339M6R3AR4AA,1000,11.64736,KEMET,CAP ALUM SNAP-IN 105C
ELD227M250AR1AA,1000,11.68912,KEMET,CAP ALUM SNAP-IN 105C
ELH688M050AR4AV,1000,11.74287,KEMET,CAP ALUM SNAP-IN 85C
ELH277M200AQ1AA,400,11.75585,KEMET,CAP ALUM SNAP-IN 85C
ESY567M100AM4AA,2400,11.76313,KEMET,CAP ALUM 560UF 20% 100V RADIAL
ELG337M200AR1AA,1000,11.81415,KEMET,CAP ALUM SNAP-IN 105C
EDH158M035S9TAA,3000,11.84869,KEMET,CAP ALUM 1500UF 20% 35V SMD
EST398M025AN1AA,2000,11.85021,KEMET,CAP ALUM RAD 105C
ELG397M200AQ2AA,1600,11.85137,KEMET,CAP ALUM SNAP-IN 105C
ELH478M050AQ4AA,1200,11.92944,KEMET,CAP ALUM SNAP-IN 85C
ELH828M025AQ3AA,400,11.94028,KEMET,CAP ALUM SNAP-IN 85C
ELD478M050AS2AA,1000,12.12294,KEMET,CAP ALUM SNAP-IN 105C
ELG228M050AR1AA,400,12.1315,KEMET,CAP ALUM SNAP-IN 105C
EST158M050AM3AA,2400,12.14824,KEMET,CAP ALUM RAD 105C
ELH228M063AQ2AA,1600,12.16897,KEMET,CAP ALUM SNAP-IN 85C
ELG228M063AR2AA,1000,12.18091,KEMET,CAP ALUM SNAP-IN 105C
ESC228M050AN3AA,2000,12.24285,KEMET,CAP ALUM RAD 105C
ELG107M350AQ2AA,400,12.25493,KEMET,CAP ALUM SNAP-IN 105C
ELD107M400AQ3AA,1200,12.29964,KEMET,CAP ALUM SNAP-IN 105C
ESY687M100AN3AA,2000,12.40274,KEMET,CAP ALUM 680UF 20% 100V RADIAL
ELG566M450AQ1AA,1200,12.42286,KEMET,CAP ALUM SNAP-IN 105C
ELD688M035AR3AA,1000,12.42576,KEMET,CAP ALUM SNAP-IN 105C
ELH108M100AR1AA,400,12.4631,KEMET,CAP ALUM SNAP-IN 85C
ELH157M400AQ3AA,1600,12.46677,KEMET,CAP ALUM SNAP-IN 85C
EST129M6R3AN1AA,2000,12.46786,KEMET,CAP ALUM RAD 105C
ELH228M080AS1AA,1000,12.4705,KEMET,CAP ALUM SNAP-IN 85C
ELG188M080AQ4AA,1600,12.48274,KEMET,CAP ALUM SNAP-IN 105C
ELG227M250AQ2AA,1600,12.51463,KEMET,CAP ALUM SNAP-IN 105C
ELH399M010AR5AA,1000,12.58512,KEMET,CAP ALUM SNAP-IN 85C
ELH686M450AQ2AA,1200,12.6258,KEMET,CAP ALUM SNAP-IN 85C
ELG277M250AR2AA,1000,12.66045,KEMET,CAP ALUM SNAP-IN 105C
ELH688M050AQ6AA,1000,12.70296,KEMET,CAP ALUM SNAP-IN 85C
ELG828M035AQ6AV,1200,12.72187,KEMET,CAP ALUM SNAP-IN 105C
EDH226M400S9TAA,3000,12.72319,KEMET,CAP ALUM 22UF 20% 400V SMD
ELD686M450AQ2AA,1200,12.73048,KEMET,CAP ALUM SNAP-IN 105C
ELH338M063AR2AA,1000,12.76506,KEMET,CAP ALUM SNAP-IN 85C
ESC337M100AM2AA,2400,12.86134,KEMET,CAP ALUM RAD 105C
ELG159M016AT1AA,1000,12.8719,KEMET,CAP ALUM SNAP-IN 105C
ELH337M250AQ2AA,1600,12.89895,KEMET,CAP ALUM SNAP-IN 85C
ELG686M450AR1AA,400,12.97828,KEMET,CAP ALUM SNAP-IN 105C
ELH828M035AR3AA,1000,13.00256,KEMET,CAP ALUM SNAP-IN 85C
ELG227M250AR1AA,400,13.11143,KEMET,CAP ALUM SNAP-IN 105C
ELG478M025AQ1AA,1600,13.13536,KEMET,CAP ALUM SNAP-IN 105C
EST278M035AM3AA,6000,13.14745,KEMET,CAP ALUM RAD 105C
ELH127M400AR1AA,400,13.15298,KEMET,CAP ALUM SNAP-IN 85C
ELH688M035AS1AA,400,13.17283,KEMET,CAP ALUM SNAP-IN 85C
ELG107M400AQ2AA,1200,13.18296,KEMET,CAP ALUM SNAP-IN 105C
ELD277M250AR1AV,1000,13.19408,KEMET,CAP ALUM SNAP-IN 105C
ELG827M100AQ2AA,400,13.19825,KEMET,CAP ALUM SNAP-IN 105C
EST827M100AN3AA,2000,13.23758,KEMET,CAP ALUM RAD 105C
ELG107M450AR2AV,1000,13.26139,KEMET,CAP ALUM SNAP-IN 105C
EST688M016AN2AA,2000,13.32027,KEMET,CAP ALUM RAD 105C
ELD476M500AQ1AA,1200,13.34855,KEMET,CAP ALUM SNAP-IN 105C
ELH567M200AQ4AA,1200,13.39907,KEMET,CAP ALUM SNAP-IN 85C
ELD127M400AQ4AA,1200,13.40341,KEMET,CAP ALUM SNAP-IN 105C
ELG478M035AR1AA,1000,13.42116,KEMET,CAP ALUM SNAP-IN 105C
ESY158M063AN3AA,2000,13.45631,KEMET,CAP ALUM 1500UF 20% 63V RADIAL
ELH229M016AR4AA,1200,13.63116,KEMET,CAP ALUM SNAP-IN 85C
EST478M025AN2AA,2000,13.6434,KEMET,CAP ALUM RAD 105C
EDH336M400S9TAA,3000,13.67329,KEMET,CAP ALUM 33UF 20% 400V SMD
ELH338M080AQ6AA,1200,13.74493,KEMET,CAP ALUM SNAP-IN 85C
ELH157M400AQ4AA,1600,13.79221,KEMET,CAP ALUM SNAP-IN 85C
ELH826M450AQ2AA,400,13.80628,KEMET,CAP ALUM SNAP-IN 85C
ELG338M050AQ3AA,400,13.82363,KEMET,CAP ALUM SNAP-IN 105C
EDH108M050S9TAA,3000,13.85464,KEMET,CAP ALUM 1000UF 20% 50V SMD
ELH107M450AQ3AA,1600,13.96644,KEMET,CAP ALUM SNAP-IN 85C
ELH827M200AR4AA,1000,14.01003,KEMET,CAP ALUM SNAP-IN 85C
ESK477M200AN3AA,2000,14.05898,KEMET,CAP ALUM RAD 85C
ELG567M200AQ4AA,1600,14.13208,KEMET,CAP ALUM SNAP-IN 105C
ELH109M025AS1AA,400,14.27555,KEMET,CAP ALUM SNAP-IN 85C
EST159M6R3AN2AA,2000,14.27899,KEMET,CAP ALUM RAD 105C
ELG228M063AR2AV,400,14.28238,KEMET,CAP ALUM SNAP-IN 105C
ELH567M160AQ2AA,400,14.31113,KEMET,CAP ALUM SNAP-IN 85C
ELG159M025AS3AA,1000,14.34006,KEMET,CAP ALUM SNAP-IN 105C
ELG158M100AT1AA,2000,14.35925,KEMET,CAP ALUM SNAP-IN 105C
ELG477M200AQ3AA,1200,14.38023,KEMET,CAP ALUM SNAP-IN 105C
ELD338M063AR4AA,1000,14.44806,KEMET,CAP ALUM SNAP-IN 105C
EST128M063AM4AA,2400,14.45139,KEMET,CAP ALUM RAD 105C
ELH398M050AR2AA,1000,14.46319,KEMET,CAP ALUM SNAP-IN 85C
EST188M050AN1AA,2000,14.48945,KEMET,CAP ALUM RAD 105C
ELG826M400AQ2AA,400,14.4947,KEMET,CAP ALUM SNAP-IN 105C
ELH108M160AQ6AA,1200,14.57381,KEMET,CAP ALUM SNAP-IN 85C
ESH157M400AQ4AA,2100,14.64587,KEMET,CAP ALUM RAD 105C
ELG686M400AR7AA,400,14.67353,KEMET,CAP ALUM SNAP-IN 105C
ELH688M050AR4AA,2160,14.6895,KEMET,CAP ALUM SNAP-IN 85C
ELG107M400AR2AA,1000,14.70615,KEMET,CAP ALUM SNAP-IN 105C
ESU107M450AN9AA,2100,14.74971,KEMET,CAP ALUM 100UF 20% 450V RADIAL
ELD688M035AS2AA,1000,14.80555,KEMET,CAP ALUM SNAP-IN 105C
EDH226M450S9TAA,3000,14.81701,KEMET,CAP ALUM 22UF 20% 450V SMD
ELD337M250AR2AA,1000,14.87451,KEMET,CAP ALUM SNAP-IN 105C
ELH127M450AR2AA,1000,14.91007,KEMET,CAP ALUM SNAP-IN 85C
ELH477M200AR2AA,400,15.03283,KEMET,CAP ALUM SNAP-IN 85C
ELH277M250AQ2AA,400,15.05228,KEMET,CAP ALUM SNAP-IN 85C
ELG229M016AS3AA,1000,15.21828,KEMET,CAP ALUM SNAP-IN 105C
ESK107M450AQ4AA,2100,15.21934,KEMET,CAP ALUM RAD 85C
ELG337M250AQ3AA,1200,15.24288,KEMET,CAP ALUM SNAP-IN 105C
ELD107M450AQ4AA,1600,15.32283,KEMET,CAP ALUM SNAP-IN 105C
ELH228M080AR2AA,400,15.39938,KEMET,CAP ALUM SNAP-IN 85C
ELG157M400AQ3AA,1200,15.40378,KEMET,CAP ALUM 150UF 20% 400V SNAP TH
ELG338M063AT1AA,1000,15.47215,KEMET,CAP ALUM SNAP-IN 105C
PEH532JAC4330M2,1000,15.49158,KEMET,CAP ALUM SNAP-IN 105C
ELG127M400AQ3AA,1600,15.51277,KEMET,CAP ALUM SNAP-IN 105C
ESW228M063AN3AA,2000,15.52966,KEMET,CAP ALUM RAD 105C
ELG159M025AR5AA,400,15.5317,KEMET,CAP ALUM SNAP-IN 105C
ELG157M400AQ4AA,1200,15.69756,KEMET,CAP ALUM SNAP-IN 105C
ESK228M100AQ4AA,3000,15.70457,KEMET,CAP ALUM RAD 85C
ELH228M063AR1AV,1000,15.82682,KEMET,CAP ALUM SNAP-IN 85C
ELH227M350AS2AA,1000,15.83542,KEMET,CAP ALUM SNAP-IN 85C
ELG478M050AQ5AA,1200,15.86019,KEMET,CAP ALUM SNAP-IN 105C
EST338M035AN2AA,2000,15.87797,KEMET,CAP ALUM 3300UF 20% 35V RADIAL
PEH506JAC4330M2,1000,15.87942,KEMET,CAP ALUM SNAP-IN 85C
ELG477M200AQ4AA,1200,15.8921,KEMET,CAP ALUM SNAP-IN 105C
ELG827M200AR5AV,1000,15.96633,KEMET,CAP ALUM SNAP-IN 105C
ELD338M063AT1AA,1,,KEMET,CAP ALUM SNAP-IN 105C
ELH687M160AR2AA,400,15.9803,KEMET,CAP ALUM SNAP-IN 85C
ESG107M400AN1AA,2000,16.00743,KEMET,CAP ALUM RAD 105C
ELG109M035AS3AA,1200,16.0854,KEMET,CAP ALUM SNAP-IN 105C
ESH157M400AN3AA,2000,16.1586,KEMET,CAP ALUM RAD 105C
ELH109M035AS2AA,1000,16.23881,KEMET,CAP ALUM SNAP-IN 85C
ELH687M200AS2AA,1000,16.30091,KEMET,CAP ALUM SNAP-IN 85C
ELD127M450AR3AA,1000,16.40486,KEMET,CAP ALUM SNAP-IN 105C
ELH687M200AR3AV,400,16.40618,KEMET,CAP ALUM SNAP-IN 85C
ELG108M100VR2AA,1000,16.45737,KEMET,CAP ALUM 1000UF 20% 100V SNAP TH
ESG157M400AQ4AA,2000,16.48859,KEMET,CAP ALUM RAD 105C
ELH109M035AQ6AA,400,16.5844,KEMET,CAP ALUM SNAP-IN 85C
ELG827M200AR6AA,1000,16.6116,KEMET,CAP ALUM SNAP-IN 105C
ELH157M400AS1AA,400,16.62408,KEMET,CAP ALUM SNAP-IN 85C
ELH478M063AQ6AA,400,16.63545,KEMET,CAP ALUM SNAP-IN 85C
ELG277M250AQ3AA,400,16.64663,KEMET,CAP ALUM SNAP-IN 105C
ELH227M350AR3AA,1000,16.66402,KEMET,CAP ALUM SNAP-IN 85C
ELG157M400AS2AA,1000,16.73779,KEMET,CAP ALUM SNAP-IN 105C
ESG686M450AN3AA,2000,16.78931,KEMET,CAP ALUM RAD 105C
PEH536UAC3100M2,1000,16.79237,KEMET,CAP ALUM SNAP-IN 105C
PEH532PAB3560M2,1000,16.85654,KEMET,CAP ALUM SNAP-IN 105C
ELG108M100AR2AV,400,16.8765,KEMET,CAP ALUM SNAP-IN 105C
ESH107M400AQ4AA,2100,16.93498,KEMET,CAP ALUM RAD 105C
ELG109M025AS2AA,400,16.95238,KEMET,CAP ALUM SNAP-IN 105C
ELH567M250AR4AA,400,16.98195,KEMET,CAP ALUM SNAP-IN 85C
ELG187M400AQ6AA,1200,16.98656,KEMET,CAP ALUM SNAP-IN 105C
PEH536PAC3560M2,1000,17.00307,KEMET,CAP ALUM SNAP-IN 105C
ELH478M063AS2AA,1120,17.08033,KEMET,CAP ALUM SNAP-IN 85C
ELH477M250AQ4AA,1200,17.23306,KEMET,CAP ALUM SNAP-IN 85C
PEH536SAC3150M2S,1200,17.35573,KEMET,CAP ALUM SNAP-IN 105C
ELH109M035AT1AA,400,17.38755,KEMET,CAP ALUM SNAP-IN 85C
PEH536UBB3100M2,1000,17.444,KEMET,CAP ALUM SNAP-IN 105C
ELH109M050AS5AV,1000,17.47178,KEMET,CAP ALUM SNAP-IN 85C
ELG688M050AR6AA,1000,17.49849,KEMET,CAP ALUM SNAP-IN 105C
ELD687M200AR5AA,1000,17.56027,KEMET,CAP ALUM SNAP-IN 105C
PEH536SAC3150M2,1000,17.56779,KEMET,CAP ALUM SNAP-IN 105C
PEH506YBB2680M2,1000,17.59227,KEMET,CAP ALUM SNAP-IN 85C
PEG124HF3470QE4,1056,17.62137,KEMET,CAP ALUM 470UF 25V AXIAL TH
ELG127M450AR3AA,1000,17.63387,KEMET,CAP ALUM SNAP-IN 105C
ESG107M400AN3AA,2000,17.64412,KEMET,CAP ALUM RAD 105C
ELG227M350AS2AA,1000,17.7202,KEMET,CAP ALUM SNAP-IN 105C
PEH532UAC3100M2,1000,17.72227,KEMET,CAP ALUM SNAP-IN 105C
ELH227M400AQ6AA,1000,17.7245,KEMET,CAP ALUM SNAP-IN 85C
ELG338M063AQ6AA,400,17.77458,KEMET,CAP ALUM SNAP-IN 105C
PEH532JBC4470M2,1000,17.79801,KEMET,CAP ALUM SNAP-IN 105C
PEH532JAD4470M2S,1000,17.79801,KEMET,CAP ALUM SNAP-IN 105C
ELG687M200AQ6AA,1200,17.90048,KEMET,CAP ALUM 680UF 20% 200V SNAP TH
PEB227KKL4150ME4,1275,18.52336,KEMET,CAP ALU 125C 40V 1500F
PEB228HKL4210ME4,1275,18.58644,KEMET,CAP ALU 150C 25V 2100F
PEB227MKL3780QE4,1275,18.73756,KEMET,CAP ALU 125C 63V 780F
ELG127M450AQ5AA,1200,18.17681,KEMET,CAP ALUM SNAP-IN 105C
ELG228M080AQ5AA,1600,18.24045,KEMET,CAP ALUM SNAP-IN 105C
PEH532PAC3680M2,1000,18.30799,KEMET,CAP ALUM SNAP-IN 105C
ELH687M200AQ5AA,1200,18.32966,KEMET,CAP ALUM SNAP-IN 85C
ELH187M400AQ5AA,400,18.37018,KEMET,CAP ALUM SNAP-IN 85C
ELH187M400AR3AA,400,18.37018,KEMET,CAP ALUM SNAP-IN 85C
ELH478M080AR6AV,1000,18.39515,KEMET,CAP ALUM SNAP-IN 85C
ELG107M450AS1AA,1000,18.43774,KEMET,CAP ALUM SNAP-IN 105C
ELD187M400AQ6AA,1200,18.56961,KEMET,CAP ALUM SNAP-IN 105C
ELH158M100AS1AA,400,18.65878,KEMET,CAP ALUM SNAP-IN 85C
ELG158M100AR4AA,1000,18.66192,KEMET,CAP ALUM SNAP-IN 105C
ELG478M050AR4AA,400,18.6869,KEMET,CAP ALUM SNAP-IN 105C
ELD477M250AR4AA,1000,18.75959,KEMET,CAP ALUM SNAP-IN 105C
ELG127M400AR2AA,400,18.78448,KEMET,CAP ALUM SNAP-IN 105C
ELD227M400AR5AA,1000,18.79457,KEMET,CAP ALUM SNAP-IN 105C
PEB228MKL3520QE4,1275,19.44793,KEMET,CAP ALU 150C 63V 520F
ELH277M350AT1AA,1000,18.79895,KEMET,CAP ALUM SNAP-IN 85C
ELG477M250AR4AA,400,18.84505,KEMET,CAP ALUM SNAP-IN 105C
EST278M050AN3AA,2000,18.88094,KEMET,CAP ALUM RAD 105C
PEB227KKP4220ME4,1020,19.54179,KEMET,CAP ALU 125C 40V 2200F
ELG109M035AT2AA,400,18.8988,KEMET,CAP ALUM SNAP-IN 105C
PEB227HKP4460ME4,1020,19.5834,KEMET,CAP ALU 125C 25V 4600F
PEB227MKP4110QE4,1020,19.58994,KEMET,CAP ALU 125C 63V 1100F
ELH227M400AR4AA,1000,19.05357,KEMET,CAP ALUM SNAP-IN 85C
ELG337M250AQ4AA,400,19.06813,KEMET,CAP ALUM SNAP-IN 105C
PEH506VBC3120M2,1400,19.18691,KEMET,CAP ALUM SNAP-IN 85C
PEH506MBC4220M2,1000,19.22425,KEMET,CAP ALUM SNAP-IN 85C
PEH506MAD4220M2,1000,19.22425,KEMET,CAP ALUM SNAP-IN 85C
ELH187M400AS2AA,400,19.2453,KEMET,CAP ALUM SNAP-IN 85C
ESG107M450AQ4AA,2100,19.27027,KEMET,CAP ALUM RAD 105C
PEH532YAC2680M2,1000,19.27742,KEMET,CAP ALUM SNAP-IN 105C
PEH532YBB2680M2S,1000,19.27742,KEMET,CAP ALUM SNAP-IN 105C
PEH506SAC3220M2S,1000,19.33142,KEMET,CAP ALUM SNAP-IN 85C
PEH506RBC3330M2,1000,19.38757,KEMET,CAP ALUM SNAP-IN 85C
PEH506RAD3330M2,1000,19.38757,KEMET,CAP ALUM SNAP-IN 85C
PEH536YAE2680M2,1000,19.39286,KEMET,CAP ALUM SNAP-IN 105C
ELG158M100AQ5AA,400,19.47683,KEMET,CAP ALUM SNAP-IN 105C
PEG124GA2680QT1,1000,19.58041,KEMET,CAP ALUM 68UF 16V AXIAL TH
PEH536JAD4390M2,1000,19.58992,KEMET,CAP ALUM SNAP-IN 105C
PEH536JBC4390M2,1000,19.58992,KEMET,CAP ALUM SNAP-IN 105C
PEB228HKP4300ME4,1020,20.3504,KEMET,CAP ALU 150C 25V 3000F
ELH227M400AS2AA,1000,19.70321,KEMET,CAP ALUM SNAP-IN 85C
ELH688M050AS3AA,400,19.7398,KEMET,CAP ALUM SNAP-IN 85C
PEB228KKP4170QE4,1020,20.4389,KEMET,CAP ALU 150C 40V 1700F
ELD187M400AR4AA,1000,19.82287,KEMET,CAP ALUM SNAP-IN 105C
ELG107M450AQ4AA,400,19.95648,KEMET,CAP ALUM SNAP-IN 105C
ELH567M200AS1AA,400,19.97653,KEMET,CAP ALUM SNAP-IN 85C
PEH532PAD3820M2,1000,19.99107,KEMET,CAP ALUM SNAP-IN 105C
ELH159M035AR6AA,1080,20.12716,KEMET,CAP ALUM SNAP-IN 85C
PEB228MKP3750QE4,1020,20.87399,KEMET,CAP ALU 150C 63V 750F
ELG229M025AS5AA,1000,20.20666,KEMET,CAP ALUM SNAP-IN 105C
ELH159M035AS4AA,1000,20.22783,KEMET,CAP ALUM SNAP-IN 85C
ELG187M400AS2AA,1000,20.2394,KEMET,CAP ALUM SNAP-IN 105C
PEG124PB222VQT1,1000,20.31664,KEMET,CAP ALUM 22UF 100V AXIAL TH
ELG228M080AR3AA,400,20.33253,KEMET,CAP ALUM SNAP-IN 105C
ELG688M035AS2AA,400,20.33913,KEMET,CAP ALUM SNAP-IN 105C
ELG338M063AS2AA,400,20.34038,KEMET,CAP ALUM SNAP-IN 105C
ELG109M050AS6AA,1000,20.35882,KEMET,CAP ALUM SNAP-IN 105C
ELD227M400AS3AA,1000,20.36196,KEMET,CAP ALUM SNAP-IN 105C
PEH506PAE4100M2,1000,20.37999,KEMET,CAP ALUM SNAP-IN 85C
ELG229M025AT3AA,1000,20.44755,KEMET,CAP ALUM SNAP-IN 105C
ELD157M450AQ6AA,1200,20.45112,KEMET,CAP ALUM SNAP-IN 105C
ELH338M080AS2AA,1000,20.46458,KEMET,CAP ALUM SNAP-IN 85C
ELG688M050AS4AA,400,20.46855,KEMET,CAP ALUM SNAP-IN 105C
ELD187M400AS2AA,1000,20.49725,KEMET,CAP ALUM SNAP-IN 105C
PEB227HLP4620QE4,1020,21.21689,KEMET,CAP ALU 125C 25V 6200F
ELG687M160AR3AA,1000,20.55224,KEMET,CAP ALUM SNAP-IN 105C
PEH536VAC2680M2,1000,20.60715,KEMET,CAP ALUM SNAP-IN 105C
ELH477M250AS2AA,400,20.63333,KEMET,CAP ALUM SNAP-IN 85C
PEH532SAC3220M2,1600,20.63869,KEMET,CAP ALUM SNAP-IN 105C
ELH478M063AT1AA,400,20.83158,KEMET,CAP ALUM SNAP-IN 85C
PEG124GB3150QT1,1000,20.87938,KEMET,CAP ALUM 150UF 16V AXIAL TH
PEG124YB1330QT1,1000,20.98084,KEMET,CAP ALUM 3.3UF 450V AXIAL TH
PEH536SAE3220M2,1000,21.03956,KEMET,CAP ALUM SNAP-IN 105C
ELH228M100AQ6AA,400,21.05733,KEMET,CAP ALUM SNAP-IN 85C
ELG109M050AS6AV,1120,21.78684,KEMET,CAP ALUMINUM
PEB228KLP4240QE4,1020,21.84281,KEMET,CAP ALU 150C 40V 2400F
ELD157M450AR4AA,1000,21.11448,KEMET,CAP ALUM SNAP-IN 105C
PEB228HLP4410QE4,1020,21.85044,KEMET,CAP ALU 150C 25V 4100F
PEH532YAC2820M2,1000,21.15136,KEMET,CAP ALUM SNAP-IN 105C
PEH536YBC2680M2,1000,21.18717,KEMET,CAP ALUM SNAP-IN 105C
PEB227KLL4210QE4,1275,21.95322,KEMET,CAP ALU 125C 40V 2100F
PEH532JAE4680M2,1000,21.22091,KEMET,CAP ALUM SNAP-IN 105C
PEH532JAE4680M2S,1000,21.22091,KEMET,CAP ALUM SNAP-IN 105C
PEB228MLP4110QE4,1020,21.96276,KEMET,CAP ALU 150C 63V 1100F
PEH532SAC3220M3,1000,21.24406,KEMET,CAP ALUM SNAP-IN 105C
PEH506RAD3390M2,1000,21.32105,KEMET,CAP ALUM SNAP-IN 85C
ELH568M063AR4AA,400,21.3385,KEMET,CAP ALUM SNAP-IN 85C
PEG124MA2100QE4,1134,21.38974,KEMET,CAP ALUM 10UF 63V AXIAL TH
ELG567M200AR3AA,400,21.40735,KEMET,CAP ALUM SNAP-IN 105C
ELD337M350AS5AA,1000,21.479,KEMET,CAP ALUM SNAP-IN 105C
ELG108M160AS3AA,1000,21.49256,KEMET,CAP ALUM SNAP-IN 105C
PEG124RB2100QE4,1134,21.58437,KEMET,CAP ALUM 10UF 20% 200V AXIAL
ELH157M450AS2AA,400,21.60725,KEMET,CAP ALUM SNAP-IN 85C
ELG827M160AT1AA,400,21.60725,KEMET,CAP ALUM SNAP-IN 105C
ELG129M035AR6AA,400,21.73028,KEMET,CAP ALUM SNAP-IN 105C
PEH536VAD3100M2S,1000,21.82722,KEMET,CAP ALUM SNAP-IN 105C
PEG124MB2470QE4,1134,21.85105,KEMET,CAP ALUM 47UF 63V AXIAL TH
ELG157M400AR3AA,1000,21.87684,KEMET,CAP ALUM SNAP-IN 105C
PEG127HA3180QT1,1000,21.89966,KEMET,CAP ALUM 180UF 25V AXIAL TH
ELH568M063AS3AA,400,21.93205,KEMET,CAP ALUM SNAP-IN 85C
PEB227HLL4430QE4,1275,22.7162,KEMET,CAP ALU 125C 25V 4300F
ELH157M450AR3AA,400,21.95643,KEMET,CAP ALUM SNAP-IN 85C
ELH109M050AT3AA,1000,22.06497,KEMET,CAP ALUM SNAP-IN 85C
ELG158M100AS2AA,400,22.06973,KEMET,CAP ALUM SNAP-IN 105C
PEG124RB2100QT1,1000,22.09441,KEMET,CAP ALUM 10UF 200V AXIAL TH
PEH536MDB4220M2,1000,22.09871,KEMET,CAP ALUM SNAP-IN 105C
PEH532VCB3120M2,1000,22.10392,KEMET,CAP ALUM SNAP-IN 105C
PEH532PBC4100M3,1000,22.14378,KEMET,CAP ALUM SNAP-IN 105C
PEH532PBC4100M2,1000,22.14378,KEMET,CAP ALUM SNAP-IN 105C
PEG124MB2330QT1,1000,22.16065,KEMET,CAP ALUM 33UF 63V AXIAL TH
PEG124PD247VQE4,1484,22.21284,KEMET,CAP ALUM 47UF 100V AXIAL TH
PEG124KB2680QT1,1000,22.22573,KEMET,CAP ALUM 68UF 40V AXIAL TH
PEH536VBC3100M2,1000,22.22689,KEMET,CAP ALUM SNAP-IN 105C
ELG686M450AQ2AA,1600,22.25186,KEMET,CAP ALUM SNAP-IN 105C
ELG478M050AT1AA,400,22.27998,KEMET,CAP ALUM SNAP-IN 105C
PEH506VBD3150M2,1000,22.30991,KEMET,CAP ALUM SNAP-IN 85C
PEH536UAC3100M3,1000,22.3109,KEMET,CAP ALUM SNAP-IN 105C
PEG124GB3220QT1,1000,22.33298,KEMET,CAP ALUM 220UF 16V AXIAL TH
ELH228M100AS2AA,1000,22.33389,KEMET,CAP ALUM SNAP-IN 85C
PEH536UAE3150M2,1000,22.35506,KEMET,CAP ALUM SNAP-IN 105C
PEG124MB2470QT1,1000,22.35605,KEMET,CAP ALUM 47UF 63V AXIAL TH
ELH108M200AS4AA,400,22.3941,KEMET,CAP ALUM SNAP-IN 85C
PEH536PBD4100M2,1000,22.40112,KEMET,CAP ALUM SNAP-IN 105C
PEH506PBB3680M3,1000,22.50829,KEMET,CAP ALUM SNAP-IN 85C
ELH227M400AT1AA,1000,22.56924,KEMET,CAP ALUM SNAP-IN 85C
ELH108M200AS3AA,1000,22.58495,KEMET,CAP ALUM SNAP-IN 85C
PEG124GA3100QT1,1000,22.60811,KEMET,CAP ALUM 100UF 16V AXIAL TH
PEB228HLL4280QE4,1275,23.39402,KEMET,CAP ALU 150C 25V 2800F
PEB228KLL4170QE4,1275,23.40898,KEMET,CAP ALU 150C 40V 1700F
PEG124PA147CQT1,1000,22.64168,KEMET,CAP ALUM 4.7UF 100V AXIAL TH
PEG124MA2220QT1,1000,22.69725,KEMET,CAP ALUM 22UF 63V AXIAL TH
PEG124KA2330QT1,1000,22.72884,KEMET,CAP ALUM 33UF 40V AXIAL TH
PEH536UBC3150M2,1000,22.73918,KEMET,CAP ALUM SNAP-IN 105C
PEB228MLL3750QE4,1275,23.53125,KEMET,CAP ALU 150C 63V 750F
ELH158M200AS5AA,1000,22.74761,KEMET,CAP ALUM SNAP-IN 85C
ELG159M035AS5AA,400,22.82308,KEMET,CAP ALUM SNAP-IN 105C
PEG124PD247VQT1,1200,22.87289,KEMET,CAP ALUM AXL GEN PUR 105C
PEG124HD3220QT1,1200,22.88737,KEMET,CAP ALUM AXL 125C
ELH128M160AR5AA,400,22.89275,KEMET,CAP ALUM SNAP-IN 85C
ELG687M200AS2AA,400,22.9037,KEMET,CAP ALUM SNAP-IN 105C
PEH506PAB3560M2,1000,22.92491,KEMET,CAP ALUM SNAP-IN 85C
PEH506VCB3150M2,1000,22.93855,KEMET,CAP ALUM SNAP-IN 85C
PEG124RD2220QT1,1200,23.05268,KEMET,CAP ALUM AXL GEN PUR 105C
ELG129M050AT5AA,1000,23.10312,KEMET,CAP ALUM SNAP-IN 105C
PEG124MD2680QT1,1200,23.11195,KEMET,CAP ALUM AXL 125C
PEH506SAC3220M2,1000,23.16398,KEMET,CAP ALUM SNAP-IN 85C
PEH536SAE3220M3,1000,23.17241,KEMET,CAP ALUM SNAP-IN 105C
PEG124GD3470QT1,1200,23.21573,KEMET,CAP ALUM AXL 125C
PEG127MB2680QT1,1000,23.23014,KEMET,CAP ALUM 68UF 63V AXIAL TH
PEG127KB3220QT1,1000,23.23014,KEMET,CAP ALUM 220UF 40V AXIAL TH
PEG127HB3360QT1,1000,23.23014,KEMET,CAP ALUM 360UF 25V AXIAL TH
PEH536SBD3270M2,1200,23.23448,KEMET,CAP ALUM SNAP-IN 105C
ELH827M200AS3AA,1000,23.24047,KEMET,CAP ALUM SNAP-IN 85C
PEH536PCC4100M2,1000,23.25304,KEMET,CAP ALUM SNAP-IN 105C
PEH532YAD3100M2S,1200,24.09283,KEMET,CAP ALUMINUM
ELH108M200AT2AA,1000,23.33904,KEMET,CAP ALUM SNAP-IN 85C
ELH108M200AR5AA,1000,23.3746,KEMET,CAP ALUM SNAP-IN 85C
PEH532JAG4820M2,1000,23.48351,KEMET,CAP ALUM SNAP-IN 105C
PEH532VAC3100M2S,1000,23.53586,KEMET,CAP ALUM SNAP-IN 105C
PEH532YBC3100M2,1000,23.5495,KEMET,CAP ALUM SNAP-IN 105C
PEH506PAC3680M2,1000,23.5495,KEMET,CAP ALUM SNAP-IN 85C
ELG229M016AT2AA,400,23.61343,KEMET,CAP ALUM SNAP-IN 105C
PEH534JBC4560M2,1000,23.61342,KEMET,CAP ALUM SNAP-IN HIGH RIPPLE
PEG124MD3100QT1,1200,23.61963,KEMET,CAP ALUM AXL 125C
PEH536JAE4470M2,1000,23.68355,KEMET,CAP ALUM SNAP-IN 105C
PEH536JBD4560M2,1000,23.68355,KEMET,CAP ALUM SNAP-IN 105C
ELD108M200AS5AA,1000,23.7244,KEMET,CAP ALUM SNAP-IN 105C
ELH187M450AS3AA,1000,23.7244,KEMET,CAP ALUM SNAP-IN 85C
ELG277M350AT2AV,1000,23.74011,KEMET,CAP ALUM SNAP-IN 105C
PEG124KD3150QT1,1200,23.74415,KEMET,CAP ALUM AXL 125C
PEH532SAD3270M2,1000,23.74433,KEMET,CAP ALUM SNAP-IN 105C
PEH532UAE3180M2,1000,23.76616,KEMET,CAP ALUM SNAP-IN 105C
PEH506MAG4330M2S,3000,23.85878,KEMET,CAP ALUM SNAP-IN 85C
PEH506RAE3470M2,1000,23.88226,KEMET,CAP ALUM SNAP-IN 85C
PEH532VBB3100M2,1000,23.90848,KEMET,CAP ALUM SNAP-IN 105C
PEH506RAE3470M2S,1400,23.93126,KEMET,CAP ALUM SNAP-IN 85C
PEH532VAE3150M2S,1000,24.0006,KEMET,CAP ALUM SNAP-IN 105C
PEH532MAC4180M2,1000,24.03831,KEMET,CAP ALUM SNAP-IN 105C
PEH536PAD3680M2,1000,24.10628,KEMET,CAP ALUM SNAP-IN 105C
ALC80A392BB040,360,24.19114,KEMET,CAP ALUM 3900UF 20% 40V SNAP TH
ALC80D392BB040,360,24.19114,KEMET,CAP ALUM 3900UF 20% 40V SNAP TH
ELH228M100AT1AA,400,24.20138,KEMET,CAP ALUM SNAP-IN 85C
PEH536PBD4100M3,1000,24.20965,KEMET,CAP ALUM SNAP-IN 105C
ELD227M450AS4AA,1120,24.23054,KEMET,CAP ALUM SNAP-IN 105C
ELD687M250AR6AA,1000,24.31327,KEMET,CAP ALUM SNAP-IN 105C
ELG478M063AS4AA,400,24.35003,KEMET,CAP ALUM SNAP-IN 105C
ELD337M400AS5AA,1000,24.37587,KEMET,CAP ALUM SNAP-IN 105C
ELD227M450AR6AA,1000,24.42193,KEMET,CAP ALUM SNAP-IN 105C
PEH506MAG4330M2,1000,24.43557,KEMET,CAP ALUM SNAP-IN 85C
PEH506MBE4330M2,1000,24.43557,KEMET,CAP ALUM SNAP-IN 85C
PEH536RAC3220M2,1000,24.49826,KEMET,CAP ALUM SNAP-IN 105C
PEG124KE3220QT1,1200,24.50273,KEMET,CAP ALUM AXL 125C
ALC70A361BB200,360,24.51228,KEMET,CAP ALUM 360UF 20% 200V SNAP TH
ALC70D361BB200,360,24.51228,KEMET,CAP ALUM 360UF 20% 200V SNAP TH
ALC70F361BB200,360,24.51228,KEMET,CAP ALUM 360UF 20% 200V SNAP TH
PEH532PAE4120M2,1000,24.52017,KEMET,CAP ALUM SNAP-IN 105C
ALC70D122BB100,360,24.52331,KEMET,CAP ALUM 1200UF 20% 100V SNAP TH
ALC70F122BB100,360,24.52331,KEMET,CAP ALUM 1200UF 20% 100V SNAP TH
PEH536JDB4560M2,1000,24.53166,KEMET,CAP ALUM SNAP-IN 105C
ELG567M250AR5AA,1000,24.54407,KEMET,CAP ALUM SNAP-IN 105C
PEH506PAC3680M2S,1000,24.5807,KEMET,CAP ALUM SNAP-IN 85C
ELH478M080AS4AA,1000,24.59426,KEMET,CAP ALUM SNAP-IN 85C
PEH506SBC3330M2,1000,24.59526,KEMET,CAP ALUM SNAP-IN 85C
ELD108M200AS5AV,1000,24.72062,KEMET,CAP ALUM SNAP-IN 105C
ELG227M400AT2AA,1000,24.75081,KEMET,CAP ALUM SNAP-IN 105C
PEH536VAE3120M2,1000,24.78438,KEMET,CAP ALUM SNAP-IN 105C
ELG478M063AT2AA,1000,24.79794,KEMET,CAP ALUM SNAP-IN 105C
ALC70D562BB040,360,24.82192,KEMET,CAP ALUM 5600UF 20% 40V SNAP TH
ALC70F562BB040,360,24.82192,KEMET,CAP ALUM 5600UF 20% 40V SNAP TH
ELH108M160AT1AA,400,24.8247,KEMET,CAP ALUM SNAP-IN 85C
PEH536PBE4120M2,1000,24.82713,KEMET,CAP ALUM SNAP-IN 105C
ALC70A302BB063,360,24.83272,KEMET,CAP ALUM 3000UF 20% 63V SNAP TH
ALC70D302BB063,360,24.83272,KEMET,CAP ALUM 3000UF 20% 63V SNAP TH
ALC70F302BB063,360,24.83272,KEMET,CAP ALUM 3000UF 20% 63V SNAP TH
PEH532VCB3150M2,1000,24.85012,KEMET,CAP ALUM SNAP-IN 105C
ALC70D271BB250,360,24.87706,KEMET,CAP ALUM 270UF 20% 250V SNAP TH
ALC70F271BB250,360,24.87706,KEMET,CAP ALUM 270UF 20% 250V SNAP TH
ALC80A272BB063,360,24.87706,KEMET,CAP ALUM 2700UF 20% 63V SNAP TH
ALC80D272BB063,360,24.87706,KEMET,CAP ALUM 2700UF 20% 63V SNAP TH
ALC80F272BB063,360,24.87706,KEMET,CAP ALUM 2700UF 20% 63V SNAP TH
ALC70A161BB350,360,24.88806,KEMET,CAP ALUM 160UF 20% 350V SNAP TH
ALC70D161BB350,360,24.88806,KEMET,CAP ALUM 160UF 20% 350V SNAP TH
ALC70F161BB350,360,24.88806,KEMET,CAP ALUM 160UF 20% 350V SNAP TH
PEG124HE3330QT1,1200,24.90339,KEMET,CAP ALUM AXL 125C
ELH398M080AT2AA,400,24.92353,KEMET,CAP ALUM SNAP-IN 85C
ELG188M100AR5AA,400,24.92353,KEMET,CAP ALUM SNAP-IN 105C
ALC80D103BB025,360,24.94342,KEMET,CAP ALUM 10000UF 20% 25V SNAP TH
ALC80F103BB025,360,24.94342,KEMET,CAP ALUM 10000UF 20% 25V SNAP TH
PEH532RAE3470M2,1000,25.00236,KEMET,CAP ALUM SNAP-IN 105C
ELD187M450AS3AA,1000,25.02965,KEMET,CAP ALUM SNAP-IN 105C
PEG124HC333AQT1,1200,25.03888,KEMET,CAP ALUM AXL 125C
ELH129M050AS6AA,1120,25.05002,KEMET,CAP ALUM SNAP-IN 85C
PEH506MCC4330M2,1000,25.05975,KEMET,CAP ALUM SNAP-IN 85C
ALC80A131BB350,360,25.07597,KEMET,CAP ALUM 130UF 20% 350V SNAP TH
ALC80D131BB350,360,25.07597,KEMET,CAP ALUM 130UF 20% 350V SNAP TH
ALC80D331BB200,360,25.07597,KEMET,CAP ALUM 330UF 20% 200V SNAP TH
ALC80F131BB350,360,25.07597,KEMET,CAP ALUM 130UF 20% 350V SNAP TH
ALC80F331BB200,360,25.07597,KEMET,CAP ALUM 330UF 20% 200V SNAP TH
PEG124GC347AQT1,1200,25.1082,KEMET,CAP ALUM AXL 125C
PEH536YAC2470M2,1000,25.11722,KEMET,CAP ALUM SNAP-IN 105C
PEG124HC322AQT1,1200,25.14954,KEMET,CAP ALUM AXL 125C
ELH108M250AS5AV,1000,25.15899,KEMET,CAP ALUM SNAP-IN 85C
ALC80D102BB100,360,25.16442,KEMET,CAP ALUM 1000UF 20% 100V SNAP TH
ALC80F102BB100,360,25.16442,KEMET,CAP ALUM 1000UF 20% 100V SNAP TH
PEG124GC322AQT1,1200,25.17753,KEMET,CAP ALUM AXL 125C
ELG187M400AR4AA,400,25.19683,KEMET,CAP ALUM SNAP-IN 105C
PEH532MAC4180M2S,1000,25.20372,KEMET,CAP ALUM SNAP-IN 105C
ALC80D221BB250,360,25.25261,KEMET,CAP ALUM 220UF 20% 250V SNAP TH
ALC80F221BB250,360,25.25261,KEMET,CAP ALUM 220UF 20% 250V SNAP TH
ELG479M016AT5AA,1000,25.26004,KEMET,CAP ALUM SNAP-IN 105C
PEG124GE3680QT1,1200,25.28503,KEMET,CAP ALUM AXL 125C
PEG124KC322AQT1,1200,25.30149,KEMET,CAP ALUM AXL 125C
ELH337M400AS4AV,1000,25.31842,KEMET,CAP ALUM SNAP-IN 85C
ELG188M100AS3AA,400,25.3589,KEMET,CAP ALUM SNAP-IN 105C
PEH532YBB2680M2,1000,25.36853,KEMET,CAP ALUM SNAP-IN 105C
PEH532VBD3150M2,1000,25.38408,KEMET,CAP ALUM SNAP-IN 105C
ALC80A111BB400,360,25.51747,KEMET,CAP ALUM 110UF 20% 400V SNAP TH
ALC80D111BB400,360,25.51747,KEMET,CAP ALUM 110UF 20% 400V SNAP TH
ALC80F111BB400,360,25.51747,KEMET,CAP ALUM 110UF 20% 400V SNAP TH
PEH536UAF3180M2,1000,25.54881,KEMET,CAP ALUM SNAP-IN 105C
ELG187M450AT2AA,1000,25.56038,KEMET,CAP ALUM SNAP-IN 105C
ELG187M450AS3AA,1000,25.64879,KEMET,CAP ALUM SNAP-IN 105C
PEH536PCD4120M2,1000,25.67483,KEMET,CAP ALUM SNAP-IN 105C
ALC70D121BB450,360,25.69411,KEMET,CAP ALUM 120UF 20% 450V SNAP TH
ALC70F121BB450,360,25.69411,KEMET,CAP ALUM 120UF 20% 450V SNAP TH
PEH536MAD4180M2,1000,25.73644,KEMET,CAP ALUM SNAP-IN 105C
ELG228M100AR6AA,1200,25.76968,KEMET,CAP ALUM SNAP-IN 105C
ELG187M400AT1AA,400,25.78293,KEMET,CAP ALUM SNAP-IN 105C
ALA8AF181BC400,1080,25.78952,KEMET,CAP ALUM 400V POLAR
ALA8AD181BC400,1080,25.78952,KEMET,CAP ALUM 400V POLAR
ELG157M450AR4AA,1000,25.79052,KEMET,CAP ALUM SNAP-IN 105C
ELG827M250AT3AV,1000,25.80194,KEMET,CAP ALUM SNAP-IN 105C
ELG827M250AT3AA,1000,25.80194,KEMET,CAP ALUM SNAP-IN 105C
ELG108M200AS5AA,400,25.83895,KEMET,CAP ALUM SNAP-IN 105C
PEG130MJ4140QE4,1161,25.86637,KEMET,CAP ALUM 1400UF 63V AXIAL TH
ALC70D151BB400,360,25.87031,KEMET,CAP ALUM 150UF 20% 400V SNAP TH
ALC70F151BB400,360,25.87031,KEMET,CAP ALUM 150UF 20% 400V SNAP TH
PEG124KJ3470QE4,1161,25.87783,KEMET,CAP ALUM 40V POLAR
PEH536RBE3470M2,1000,25.91862,KEMET,CAP ALUM SNAP-IN 105C
PEH536YBD3100M2,1000,25.93739,KEMET,CAP ALUM SNAP-IN 105C
ELH478M080AR6AA,1000,25.98428,KEMET,CAP ALUM SNAP-IN 85C
ELH227M450AR6AA,1000,25.98742,KEMET,CAP ALUM SNAP-IN 85C
ELH687M200AT1AA,400,26.01528,KEMET,CAP ALUM SNAP-IN 85C
PEH532RAC3270M2,1600,26.03317,KEMET,CAP ALUM SNAP-IN 105C
PEH506UBD3220M2,1000,26.06441,KEMET,CAP ALUM SNAP-IN 85C
PEH506PAF4150M2,1000,26.14338,KEMET,CAP ALUM SNAP-IN 85C
PEH532YAE3120M2,1000,26.19548,KEMET,CAP ALUM SNAP-IN 105C
ELH337M400AT2AA,1000,26.21938,KEMET,CAP ALUM SNAP-IN 85C
PEH532YAD3100M2,1400,26.23992,KEMET,CAP ALUM SNAP-IN 105C
PEH532RAD3330M2,1400,26.29049,KEMET,CAP ALUM SNAP-IN 105C
PEH506YAC2680M2,1000,26.3048,KEMET,CAP ALUM SNAP-IN 85C
PEH534UBE3220M2,1000,26.311,KEMET,CAP ALUM SNAP-IN HIGH RIPPLE
PEH532JBF5100M2,1000,26.37459,KEMET,CAP ALUM SNAP-IN 105C
ELG228M100AS4AA,1000,26.38386,KEMET,CAP ALUM SNAP-IN 105C
ELG157M450AQ6AA,1000,26.38799,KEMET,CAP ALUM SNAP-IN 105C
ELG477M250AS2AA,400,26.4143,KEMET,CAP ALUM SNAP-IN 105C
PEH536SBE3330M3,1000,26.42338,KEMET,CAP ALUM SNAP-IN 105C
PEH536VAD3100M2,1000,26.46399,KEMET,CAP ALUM SNAP-IN 105C
ALC70A750BB550,360,26.465,KEMET,CAP ALUM 75UF 20% 550V SNAP TH
ALC70D750BB550,360,26.465,KEMET,CAP ALUM 75UF 20% 550V SNAP TH
ALC70F750BB550,360,26.465,KEMET,CAP ALUM 75UF 20% 550V SNAP TH
PEH506JAG4820M2,1000,26.48789,KEMET,CAP ALUM SNAP-IN 85C
ELG827M200AR5AA,1000,26.52005,KEMET,CAP ALUM SNAP-IN 105C
PEH536MCB4180M2S,1000,26.58249,KEMET,CAP ALUM SNAP-IN 105C
ALC70A560BB630,1080,26.65727,KEMET,CAP ALUM SNAP-IN 85C
PEH506YAD3100M2,1000,26.68652,KEMET,CAP ALUM SNAP-IN 85C
PEH506UCC3220M2,1000,26.68859,KEMET,CAP ALUM SNAP-IN 85C
ALC80A622BD040,360,26.71792,KEMET,CAP ALUM 6200UF 20% 40V SNAP TH
ALC80D622BD040,360,26.71792,KEMET,CAP ALUM 6200UF 20% 40V SNAP TH
ALC80F622BD040,360,26.71792,KEMET,CAP ALUM 6200UF 20% 40V SNAP TH
PEH532SAE3330M2,1000,26.72596,KEMET,CAP ALUM SNAP-IN 105C
PEH532SBC3330M2,1000,26.72596,KEMET,CAP ALUM SNAP-IN 105C
PEH532VAF3180M2S,1000,26.73638,KEMET,CAP ALUM SNAP-IN 105C
PEH506RBE3560M2,1000,26.74366,KEMET,CAP ALUM SNAP-IN 85C
PEH532UBD3220M2,1000,26.75499,KEMET,CAP ALUM SNAP-IN 105C
PEH532UAF3220M2,1000,26.75499,KEMET,CAP ALUM SNAP-IN 105C
PEH534RBD3470M2,1000,26.83396,KEMET,CAP ALUM SNAP-IN HIGH RIPPLE
PEH534RBD3470M2S,1000,26.83396,KEMET,CAP ALUM SNAP-IN HIGH RIPPLE
ALP22A102AB100,1080,26.84372,KEMET,CAP ALUM 1000UF 20% 100V SLD LUG
ELG157M450AT1AA,1000,26.87878,KEMET,CAP ALUM SNAP-IN 105C
ALC70D182BD100,360,26.89386,KEMET,CAP ALUM 1800UF 20% 100V SNAP TH
ALC70F182BD100,360,26.89386,KEMET,CAP ALUM 1800UF 20% 100V SNAP TH
ALC80A910BB450,360,26.98161,KEMET,CAP ALUM 91UF 20% 450V SNAP TH
ALC80D910BB450,360,26.98161,KEMET,CAP ALUM 91UF 20% 450V SNAP TH
ALC80F910BB450,360,26.98161,KEMET,CAP ALUM 91UF 20% 450V SNAP TH
ALC70D561BD200,360,27.06958,KEMET,CAP ALUM 560UF 20% 200V SNAP TH
ALC70F561BD200,360,27.06958,KEMET,CAP ALUM 560UF 20% 200V SNAP TH
PEH532MAD4220M2,1000,27.08238,KEMET,CAP ALUM SNAP-IN 105C
ALC80D392BD063,360,27.1245,KEMET,CAP ALUM 3900UF 20% 63V SNAP TH
ALC80F392BD063,360,27.1245,KEMET,CAP ALUM 3900UF 20% 63V SNAP TH
PEH506SBD3390M2S,1200,27.1431,KEMET,CAP ALUM SNAP-IN 85C
ELG108M160AR5AA,1000,27.18723,KEMET,CAP ALUM SNAP-IN 105C
PEH534UCC3220M2,1000,27.20071,KEMET,CAP ALUM SNAP-IN HIGH RIPPLE
PEH532JCD5100M2,1000,27.21949,KEMET,CAP ALUM SNAP-IN 105C
ELG828M050AS5AA,1120,27.24143,KEMET,CAP ALUM SNAP-IN 105C
PEH534JCB4680M2,1000,27.30549,KEMET,CAP ALUM SNAP-IN HIGH RIPPLE
PEH534JCB4680M2S,1000,27.30549,KEMET,CAP ALUM SNAP-IN HIGH RIPPLE
ELD128M200AS6AA,1000,27.31185,KEMET,CAP ALUM SNAP-IN 105C
ELG188M100AT2AA,400,27.32165,KEMET,CAP ALUM SNAP-IN 105C
ALC70A910BB500,360,27.33308,KEMET,CAP ALUM 91UF 20% 500V SNAP TH
ALC70D910BB500,360,27.33308,KEMET,CAP ALUM 91UF 20% 500V SNAP TH
ALC70F910BB500,360,27.33308,KEMET,CAP ALUM 91UF 20% 500V SNAP TH
PEH536JCD4680M2,1000,27.38851,KEMET,CAP ALUM SNAP-IN 105C
ALC70A241BD350,360,27.42058,KEMET,CAP ALUM 240UF 20% 350V SNAP TH
ALC70D241BD350,360,27.42058,KEMET,CAP ALUM 240UF 20% 350V SNAP TH
ALC70F241BD350,360,27.42058,KEMET,CAP ALUM 240UF 20% 350V SNAP TH
ALC80D153BD025,360,27.46469,KEMET,CAP ALUM 15000UF 20% 25V SNAP TH
ALC80F153BD025,360,27.46469,KEMET,CAP ALUM 15000UF 20% 25V SNAP TH
PEG124KF347CQE4,1296,27.47156,KEMET,CAP ALUM AXL 125C
PEH532SCB3330M2,1000,27.57135,KEMET,CAP ALUM SNAP-IN 105C
PEH532VCC3180M2,1000,27.57747,KEMET,CAP ALUM SNAP-IN 105C
PEH534VBD3150M2,1000,27.59095,KEMET,CAP ALUM SNAP-IN HIGH RIPPLE
PEH532UCC3220M2S,1000,27.59814,KEMET,CAP ALUM SNAP-IN 105C
ALC70D472BD063,360,27.61814,KEMET,CAP ALUM 4700UF 20% 63V SNAP TH
ALC70F472BD063,360,27.61814,KEMET,CAP ALUM 4700UF 20% 63V SNAP TH
ELH188M200AT4AA,1000,27.68439,KEMET,CAP ALUM SNAP-IN 85C
PEH536YAF3100M2,1200,27.69888,KEMET,CAP ALUM SNAP-IN 105C
ALA8AD181BC450,1080,27.72395,KEMET,CAP ALUM 450V POLAR
PEH532RAF3560M2,1000,27.80364,KEMET,CAP ALUM SNAP-IN 105C
ALC70A431BD250,360,27.81569,KEMET,CAP ALUM 430UF 20% 250V SNAP TH
ALC70D431BD250,360,27.81569,KEMET,CAP ALUM 430UF 20% 250V SNAP TH
ALC70F431BD250,360,27.81569,KEMET,CAP ALUM 430UF 20% 250V SNAP TH
ALA8AD121BC500,1080,27.82212,KEMET,CAP ALUM 500V POLAR
ALA8AF121BC500,1080,27.82212,KEMET,CAP ALUM 500V POLAR
ALC70D912BD040,360,27.87036,KEMET,CAP ALUM 9100UF 20% 40V SNAP TH
ALC70F912BD040,360,27.87036,KEMET,CAP ALUM 9100UF 20% 40V SNAP TH
PEH532RBD3470M2,1000,27.88981,KEMET,CAP ALUM SNAP-IN 105C
ALC80A201BD350,360,27.89217,KEMET,CAP ALUM 200UF 20% 350V SNAP TH
ALC80D201BD350,360,27.89217,KEMET,CAP ALUM 200UF 20% 350V SNAP TH
ALC80F201BD350,360,27.89217,KEMET,CAP ALUM 200UF 20% 350V SNAP TH
ALC80A511BD200,360,27.90319,KEMET,CAP ALUM 510UF 20% 200V SNAP TH
ALC80D511BD200,360,27.90319,KEMET,CAP ALUM 510UF 20% 200V SNAP TH
ALC80F511BD200,360,27.90319,KEMET,CAP ALUM 510UF 20% 200V SNAP TH
ALC80D331BD250,360,27.94708,KEMET,CAP ALUM 330UF 20% 250V SNAP TH
ALC80F331BD250,360,27.94708,KEMET,CAP ALUM 330UF 20% 250V SNAP TH
ELD337M400AT3AA,1000,28.02443,KEMET,CAP ALUM SNAP-IN 105C
PEG124MD315AQT1,1200,28.07528,KEMET,CAP ALUM AXL 125C
ALC80A161BD400,360,28.11131,KEMET,CAP ALUM 160UF 20% 400V SNAP TH
ALC80D161BD400,360,28.11131,KEMET,CAP ALUM 160UF 20% 400V SNAP TH
ALC80F161BD400,360,28.11131,KEMET,CAP ALUM 160UF 20% 400V SNAP TH
ELG129M035AS4AA,400,28.13848,KEMET,CAP ALUM SNAP-IN 105C
PEG130MH3900QE4,1161,28.14513,KEMET,CAP ALUM 900UF 63V AXIAL TH
PEH506YBD3150M2,1000,28.19148,KEMET,CAP ALUM SNAP-IN 85C
ELH129M050AT4AA,400,28.22448,KEMET,CAP ALUM SNAP-IN 85C
PEH534PBE4150M2,1000,28.25358,KEMET,CAP ALUM SNAP-IN HIGH RIPPLE
ALC80A162BD100,360,28.30842,KEMET,CAP ALUM 1600UF 20% 100V SNAP TH
ALC80D162BD100,360,28.30842,KEMET,CAP ALUM 1600UF 20% 100V SNAP TH
ALC80F162BD100,360,28.30842,KEMET,CAP ALUM 1600UF 20% 100V SNAP TH
PEH534MBC4220M2,1000,28.50423,KEMET,CAP ALUM SNAP-IN HIGH RIPPLE
ALC70D181BD450,360,28.64769,KEMET,CAP ALUM 180UF 20% 450V SNAP TH
ALC70F181BD450,360,28.64769,KEMET,CAP ALUM 180UF 20% 450V SNAP TH
ALC70D221BD400,360,28.65847,KEMET,CAP ALUM 220UF 20% 400V SNAP TH
ALC70F221BD400,360,28.65847,KEMET,CAP ALUM 220UF 20% 400V SNAP TH
PEH526KAB4180M3,1000,28.76827,KEMET,CAP ALUM SNAP-IN HIGH RIPPLE
ELG569M016AT5AA,1000,28.78283,KEMET,CAP ALUM SNAP-IN 105C
PEH536JAE4470M3,1000,28.79399,KEMET,CAP ALUM SNAP-IN 105C
PEH536MBD4220M3,1200,28.83724,KEMET,CAP ALUM SNAP-IN 105C
PEH526KAB4120M3,1000,28.90687,KEMET,CAP ALUM SNAP-IN HIGH RIPPLE
ELH828M080AT5AV,1000,28.95359,KEMET,CAP ALUM SNAP-IN 85C
ELH338M100AR6AA,1000,28.99064,KEMET,CAP ALUM 3300UF 20% 100V SNAP TH
PEH536YAG3120M2S,1000,29.04356,KEMET,CAP ALUM SNAP-IN 105C
ALC80A750BB500,360,29.08481,KEMET,CAP ALUM 75UF 20% 500V SNAP TH
ALC80D750BB500,360,29.08481,KEMET,CAP ALUM 75UF 20% 500V SNAP TH
ALC80F750BB500,360,29.08481,KEMET,CAP ALUM 75UF 20% 500V SNAP TH
ELH687M250AS3AA,400,29.10165,KEMET,CAP ALUM SNAP-IN 85C
ALC80A622CB040,320,29.13431,KEMET,CAP ALUM 6200UF 20% 40V SNAP TH
ALC80D622CB040,320,29.13431,KEMET,CAP ALUM 6200UF 20% 40V SNAP TH
ALC80F622CB040,320,29.13431,KEMET,CAP ALUM 6200UF 20% 40V SNAP TH
ALA8AF181BC450,1080,29.13887,KEMET,CAP ALUM SNAP-IN 105C
ALC40F680BD450,1080,29.144,KEMET,CAP ALUM SNAP-IN 105C
PEH536MBD4220M2,1000,29.14486,KEMET,CAP ALUM SNAP-IN 105C
PEH506VCD3220M2,1000,29.17281,KEMET,CAP ALUM SNAP-IN 85C
ELH338M100AS4AA,1000,29.19241,KEMET,CAP ALUM SNAP-IN 85C
PEH536YAG3120M2,1000,29.22541,KEMET,CAP ALUM SNAP-IN 105C
ELG157M450AS2AA,400,29.24058,KEMET,CAP ALUM SNAP-IN 105C
PEG130HH4360QE4,1161,29.31838,KEMET,CAP ALUM 3600UF 25V AXIAL
PEH526MAC412AM3,1000,29.32175,KEMET,CAP ALUM SNAP-IN HIGH RIPPLE
PEH532SBD3390M3,1200,29.37689,KEMET,CAP ALUM SNAP-IN 105C
ELG568M063AT3AA,400,29.4682,KEMET,CAP ALUM SNAP-IN 105C
ELG687M200AT1AA,400,29.47048,KEMET,CAP ALUM SNAP-IN 105C
PEH536VAG3150M2,1000,29.47771,KEMET,CAP ALUM SNAP-IN 105C
ELG187M450AR5AA,1000,29.53783,KEMET,CAP ALUM SNAP-IN 105C
ELH277M400AS3AA,400,29.59308,KEMET,CAP ALUM SNAP-IN 85C
ELH227M450AS4AA,1000,29.62978,KEMET,CAP ALUM SNAP-IN 85C
PEG130ML4180QE4,1088,29.72983,KEMET,CAP ALUM 1800UF 63V AXIAL TH
PEH536UAG3220M2,1000,29.72984,KEMET,CAP ALUM SNAP-IN 105C
PEH526KAC4220M3,1000,29.87456,KEMET,CAP ALUM SNAP-IN HIGH RIPPLE
ALA8AD221BD400,1080,29.88358,KEMET,CAP ALUM 400V POLAR
ALA8AF221BD400,1080,29.88358,KEMET,CAP ALUM 400V POLAR
PEG228KLP4240QE4,1290,29.94965,KEMET,CAP ALUM 2400UF 40V AXIAL TH
PEH526HBB4390M3,1000,30.01406,KEMET,CAP ALUM SNAP-IN HIGH RIPPLE
ELG108M180AS4AA,1000,30.01721,KEMET,CAP ALUM SNAP-IN 105C
ELH687M250AT1AA,400,30.04168,KEMET,CAP ALUM SNAP-IN 85C
ALC70A202CB100,320,30.04653,KEMET,CAP ALUM 2000UF 20% 100V SNAP TH
ALC70D202CB100,320,30.04653,KEMET,CAP ALUM 2000UF 20% 100V SNAP TH
ALC70D472CB063,320,30.04653,KEMET,CAP ALUM 4700UF 20% 63V SNAP TH
ALC70F202CB100,320,30.04653,KEMET,CAP ALUM 2000UF 20% 100V SNAP TH
ALC70F472CB063,320,30.04653,KEMET,CAP ALUM 4700UF 20% 63V SNAP TH
ELG128M200AS5AA,1000,30.05119,KEMET,CAP ALUM SNAP-IN 105C
ALC80A131BD450,360,30.07783,KEMET,CAP ALUM 130UF 20% 450V SNAP TH
ALC80D131BD450,360,30.07783,KEMET,CAP ALUM 130UF 20% 450V SNAP TH
ALC80F131BD450,360,30.07783,KEMET,CAP ALUM 130UF 20% 450V SNAP TH
ELH397M400AS4AA,1000,30.12975,KEMET,CAP ALUM SNAP-IN 85C
ELG688M063AS6AA,400,30.137,KEMET,CAP ALUM SNAP-IN 105C
PEH532YAF3150M2,1000,30.13885,KEMET,CAP ALUM SNAP-IN 105C
PEH532YBD3150M2,1000,30.13885,KEMET,CAP ALUM SNAP-IN 105C
PEH526KBB4220M3,1000,30.15125,KEMET,CAP ALUM SNAP-IN HIGH RIPPLE
ALC70A621CB200,320,30.23313,KEMET,CAP ALUM 620UF 20% 200V SNAP TH
ALC70D621CB200,320,30.23313,KEMET,CAP ALUM 620UF 20% 200V SNAP TH
ALC70F621CB200,320,30.23313,KEMET,CAP ALUM 620UF 20% 200V SNAP TH
ALC80A432CB063,320,30.25509,KEMET,CAP ALUM 4300UF 20% 63V SNAP TH
ALC80D432CB063,320,30.25509,KEMET,CAP ALUM 4300UF 20% 63V SNAP TH
ALC80F432CB063,320,30.25509,KEMET,CAP ALUM 4300UF 20% 63V SNAP TH
PEG124KG410AQE4,1056,30.28218,KEMET,CAP ALUM AXL 125C
ALC70A912CB040,320,30.28816,KEMET,CAP ALUM 9100UF 20% 40V SNAP TH
ALC70D912CB040,320,30.28816,KEMET,CAP ALUM 9100UF 20% 40V SNAP TH
ALC70F912CB040,320,30.28816,KEMET,CAP ALUM 9100UF 20% 40V SNAP TH
ELG109M050AT4AA,2000,30.28952,KEMET,CAP ALUM SNAP-IN 105C
ALC70D121BD550,360,30.29583,KEMET,CAP ALUM 120UF 20% 550V SNAP TH
ALC70F121BD550,360,30.29583,KEMET,CAP ALUM 120UF 20% 550V SNAP TH
PEG124GL4220QE4,1056,30.29737,KEMET,CAP ALUM 16V POLAR
ALC80A201CB350,320,30.29903,KEMET,CAP ALUM 200UF 20% 350V SNAP TH
ALC80D201CB350,320,30.29903,KEMET,CAP ALUM 200UF 20% 350V SNAP TH
ALC80F201CB350,320,30.29903,KEMET,CAP ALUM 200UF 20% 350V SNAP TH
PEH506JBF5100M2,1000,30.3154,KEMET,CAP ALUM SNAP-IN 85C
PEH532VBE3220M2S,1000,30.35683,KEMET,CAP ALUM SNAP-IN 105C
ALC80A163CB025,320,30.36466,KEMET,CAP ALUM 16000UF 20% 25V SNAP TH
ALC80D163CB025,320,30.36466,KEMET,CAP ALUM 16000UF 20% 25V SNAP TH
ALC80D331CB250,320,30.36466,KEMET,CAP ALUM 330UF 20% 250V SNAP TH
ALC80F163CB025,320,30.36466,KEMET,CAP ALUM 16000UF 20% 25V SNAP TH
ALC80F331CB250,320,30.36466,KEMET,CAP ALUM 330UF 20% 250V SNAP TH
ALC40D680BD450,1080,30.37133,KEMET,CAP ALUM SNAP-IN 105C
PEH532JDC5120M2,1000,30.40322,KEMET,CAP ALUM SNAP-IN 105C
PEH532UBE3270M2,1000,30.46103,KEMET,CAP ALUM SNAP-IN 105C
PEG228HKP4300ME4,1056,30.50645,KEMET,CAP ALUM 3000UF 20% 25V AXIAL TH
ALC70A131BD500,360,30.52439,KEMET,CAP ALUM 130UF 20% 500V SNAP TH
ALC70D131BD500,360,30.52439,KEMET,CAP ALUM 130UF 20% 500V SNAP TH
ALC70F131BD500,360,30.52439,KEMET,CAP ALUM 130UF 20% 500V SNAP TH
PEH506RAG3680M2,1000,30.53215,KEMET,CAP ALUM SNAP-IN 85C
ELH397M400AS5AA,1000,30.58904,KEMET,CAP ALUM SNAP-IN 85C
PEG124YA1100QE4,1134,30.63431,KEMET,CAP ALUM 1UF 450V AXIAL TH
ALA8AD271BE400,1080,30.63848,KEMET,CAP ALUM 400V POLAR
ALA8AF271BE400,1080,30.63848,KEMET,CAP ALUM 400V POLAR
PEH536PCE4150M2,1000,30.65189,KEMET,CAP ALUM SNAP-IN 105C
PEH526KAC4150M3,1000,30.70233,KEMET,CAP ALUM SNAP-IN HIGH RIPPLE
ALC70A271CB350,320,30.71559,KEMET,CAP ALUM 270UF 20% 350V SNAP TH
ALC70D271CB350,320,30.71559,KEMET,CAP ALUM 270UF 20% 350V SNAP TH
ALC70F271CB350,320,30.71559,KEMET,CAP ALUM 270UF 20% 350V SNAP TH
ALC80A162CB100,320,30.73756,KEMET,CAP ALUM 1600UF 20% 100V SNAP TH
ALC80D162CB100,320,30.73756,KEMET,CAP ALUM 1600UF 20% 100V SNAP TH
ALC80F162CB100,320,30.73756,KEMET,CAP ALUM 1600UF 20% 100V SNAP TH
ALC70D510BB600,360,30.76375,KEMET,CAP ALUM 51UF 20% 600V SNAP TH
ALC70F510BB600,360,30.76375,KEMET,CAP ALUM 51UF 20% 600V SNAP TH
PEH526MAB382AM3,1000,30.8726,KEMET,CAP ALUM SNAP-IN HIGH RIPPLE
PEH506JCD5100M2,1000,30.93338,KEMET,CAP ALUM SNAP-IN 85C
ALC70D471CB250,320,30.94584,KEMET,CAP ALUM 470UF 20% 250V SNAP TH
ALC70F471CB250,320,30.94584,KEMET,CAP ALUM 470UF 20% 250V SNAP TH
PEG228KKP4170QE4,1056,30.95822,KEMET,CAP ALUM 1700UF 40V AXIAL TH
PEH526KBB4150M3,1000,30.97762,KEMET,CAP ALUM SNAP-IN HIGH RIPPLE
PEH536VCC3150M2,1000,30.98994,KEMET,CAP ALUM SNAP-IN 105C
ALC70D181CB450,320,31.04431,KEMET,CAP ALUM 180UF 20% 450V SNAP TH
ALC70F181CB450,320,31.04431,KEMET,CAP ALUM 180UF 20% 450V SNAP TH
ELG229M035AS6AA,400,31.0458,KEMET,CAP ALUM SNAP-IN 105C
ALC80D561CB200,320,31.07713,KEMET,CAP ALUM 560UF 20% 200V SNAP TH
ALC80F561CB200,320,31.07713,KEMET,CAP ALUM 560UF 20% 200V SNAP TH
ALC70D221CB400,320,31.08825,KEMET,CAP ALUM 220UF 20% 400V SNAP TH
ALC70F221CB400,320,31.08825,KEMET,CAP ALUM 220UF 20% 400V SNAP TH
ALC40D680CB450,1120,31.09086,KEMET,CAP ALUM SNAP-IN 105C
PEG227HKP4460ME4,1056,31.13285,KEMET,CAP ALUM 4600UF 20% 25V AXIAL TH
ELH158M200AS6AA,1000,31.18072,KEMET,CAP ALUM SNAP-IN 85C
PEH532VCD3220M2,1000,31.19312,KEMET,CAP ALUM SNAP-IN 105C
PEH506SAG3470M2,1000,31.20131,KEMET,CAP ALUM SNAP-IN 85C
PEH536JCC4560M2,1000,31.21363,KEMET,CAP ALUM SNAP-IN 105C
ALC40A680BC500,1080,31.23748,KEMET,CAP ALUM SNAP-IN 105C
ALC70A182BD100,1080,31.25302,KEMET,CAP ALUM 1800UF 20% 100V SNAP TH
ELH478M080AT3AA,400,31.39458,KEMET,CAP ALUM SNAP-IN 85C
ALC80D181CB400,320,31.48231,KEMET,CAP ALUM 180UF 20% 400V SNAP TH
ALC80F181CB400,320,31.48231,KEMET,CAP ALUM 180UF 20% 400V SNAP TH
ELG338M100AT4AA,1000,31.51042,KEMET,CAP ALUM SNAP-IN 105C
PEH532RBF3680M2,1000,31.51555,KEMET,CAP ALUM SNAP-IN 105C
ELH128M200AR6AA,400,31.51985,KEMET,CAP ALUM SNAP-IN 85C
PEH534JDB4820M2,1000,31.52895,KEMET,CAP ALUM SNAP-IN HIGH RIPPLE
PEH536JDC4820M2,1000,31.52895,KEMET,CAP ALUM SNAP-IN 105C
PEG124VB1220QE4,1134,31.5686,KEMET,CAP ALUM 2.2UF 400V AXIAL TH
ELD108M250AS6AA,1000,31.57104,KEMET,CAP ALUM SNAP-IN 105C
PEH532VDB3220M2S,1000,31.58137,KEMET,CAP ALUM SNAP-IN 105C
PEH506MCE4470M2,1000,31.5937,KEMET,CAP ALUM SNAP-IN 85C
ALC40F332BC063,1080,31.60409,KEMET,CAP ALUM SNAP-IN 105C
ALA8AD271CC400,1120,31.86671,KEMET,CAP ALUM 400V POLAR
ALA8AF271CC400,1120,31.86671,KEMET,CAP ALUM 400V POLAR
ELH688M063AT2AA,400,31.86945,KEMET,CAP ALUM SNAP-IN 85C
ELG227M450AS4AA,1000,31.88933,KEMET,CAP ALUM SNAP-IN 105C
PEH506YBE3180M2,1000,32.00568,KEMET,CAP ALUM SNAP-IN 85C
ELH158M160AT3AA,1000,32.051,KEMET,CAP ALUM SNAP-IN 85C
PEG124YB1220QT1,1000,32.15271,KEMET,CAP ALUM 2.2UF 450V AXIAL TH
PEG124UB1470QT1,1000,32.19687,KEMET,CAP ALUM 4.7UF 350V AXIAL TH
PEG124VB1220QT1,1000,32.22052,KEMET,CAP ALUM 2.2UF 400V AXIAL TH
ALA8AD221BD450,1080,32.22415,KEMET,CAP ALUM 450V POLAR
ALA8AF221BD450,1080,32.22415,KEMET,CAP ALUM 450V POLAR
ELH338M100AT2AA,400,32.26948,KEMET,CAP ALUM SNAP-IN 85C
PEH532PCD4180M2S,1200,32.27471,KEMET,CAP ALUM SNAP-IN 105C
PEH534SBF3470M2,1000,32.28643,KEMET,CAP ALUM SNAP-IN HIGH RIPPLE
PEH534SBF3470M2S,1000,32.28643,KEMET,CAP ALUM SNAP-IN HIGH RIPPLE
PEG124EL4330QE4,1088,32.29229,KEMET,CAP ALUM 10V POLAR
PEH532RCD3680M2,1000,32.35233,KEMET,CAP ALUM SNAP-IN 105C
PEG124YA1100QT1,1000,32.36457,KEMET,CAP ALUM 1UF 450V AXIAL TH
ALC40D332BC063,1080,32.36825,KEMET,CAP ALUM SNAP-IN 105C
PEH532PCD4180M2,1000,32.4089,KEMET,CAP ALUM SNAP-IN 105C
ELH227M450AT2AA,400,32.42888,KEMET,CAP ALUM SNAP-IN 85C
ALC70A912BD040,1080,32.43532,KEMET,CAP ALUM 9100UF 20% 40V SNAP TH
ALC80A131CB450,320,32.46588,KEMET,CAP ALUM 130UF 20% 450V SNAP TH
ALC80D131CB450,320,32.46588,KEMET,CAP ALUM 130UF 20% 450V SNAP TH
ALC80F131CB450,320,32.46588,KEMET,CAP ALUM 130UF 20% 450V SNAP TH
ALF40C121DC450,200,32.5647,KEMET,CAP ALUM 120UF 20% 450V PRESS
ALC40A820BD500,1080,32.63984,KEMET,CAP ALUM SNAP-IN 105C
PEG124MG368AQE4,1056,32.64515,KEMET,CAP ALUM 680UF 63V AXIAL TH
ALA8AD151BD500,1080,32.64535,KEMET,CAP ALUM 500V POLAR
ALA8AF151BD500,1080,32.64535,KEMET,CAP ALUM 500V POLAR
PEH532VAG3220M2,1000,32.66062,KEMET,CAP ALUM SNAP-IN 105C
ELH108M250AS6AA,400,32.68873,KEMET,CAP ALUM SNAP-IN 85C
ALC70A121CB550,320,32.7385,KEMET,CAP ALUM 120UF 20% 550V SNAP TH
ALC70D121CB550,320,32.7385,KEMET,CAP ALUM 120UF 20% 550V SNAP TH
ALC70F121CB550,320,32.7385,KEMET,CAP ALUM 120UF 20% 550V SNAP TH
ELG687M250AR6AA,1000,32.7501,KEMET,CAP ALUM SNAP-IN 105C
PEH526MCB418AM3,1000,32.7687,KEMET,CAP ALUM SNAP-IN HIGH RIPPLE
ALA7AA331CC400,1120,33.95004,KEMET,CAP ALUMINUM
PEH536RBG3680M3,1000,32.82518,KEMET,CAP ALUM SNAP-IN 105C
ELH159M050AT5AA,400,32.89093,KEMET,CAP ALUM SNAP-IN 85C
ALC70A131CB500,320,32.93491,KEMET,CAP ALUM 130UF 20% 500V SNAP TH
ALC70D131CB500,320,32.93491,KEMET,CAP ALUM 130UF 20% 500V SNAP TH
ALC70F131CB500,320,32.93491,KEMET,CAP ALUM 130UF 20% 500V SNAP TH
PEH506VBF3270M2,1000,32.96485,KEMET,CAP ALUM SNAP-IN 85C
PEH534SCD3470M2,1200,33.03688,KEMET,CAP ALUM SNAP-IN HIGH RIPPLE
PEH506VAE3150M2,1400,33.07102,KEMET,CAP ALUM SNAP-IN 85C
ALF40C151DD450,200,33.08815,KEMET,CAP ALUM 150UF 20% 450V PRESS
ELH277M450AT3AA,1000,33.14562,KEMET,CAP ALUM SNAP-IN 85C
ALC40A560BC450,1080,33.17881,KEMET,CAP ALUM SNAP-IN 105C
PEH536SBG3470M2S,1000,33.18978,KEMET,CAP ALUM SNAP-IN 105C
ALC70C332DC100,200,33.19855,KEMET,CAP ALUM 3300UF 20% 100V SNAP TH
ALC70D332DC100,200,33.19855,KEMET,CAP ALUM 3300UF 20% 100V SNAP TH
ALC70E332DC100,200,33.19855,KEMET,CAP ALUM 3300UF 20% 100V SNAP TH
ALC70F332DC100,200,33.19855,KEMET,CAP ALUM 3300UF 20% 100V SNAP TH
ELG108M180AT2AA,400,33.22583,KEMET,CAP ALUM SNAP-IN 105C
ALA8AF331CD400,1120,33.23707,KEMET,CAP ALUM 400V POLAR
ALA8AD331CD400,1120,33.23707,KEMET,CAP ALUM 400V POLAR
PEG228KLQ4280QE4,1224,33.24699,KEMET,CAP ALUM 2800UF 40V AXIAL TH
PEG228KLL4170QE4,1290,33.30526,KEMET,CAP ALUM 1700UF 40V AXIAL TH
PEH506RBC3330M2S,1000,33.32027,KEMET,CAP ALUM SNAP-IN 85C
ALC80A111BD500,360,33.34611,KEMET,CAP ALUM 110UF 20% 500V SNAP TH
ALC80D111BD500,360,33.34611,KEMET,CAP ALUM 110UF 20% 500V SNAP TH
ALC80F111BD500,360,33.34611,KEMET,CAP ALUM 110UF 20% 500V SNAP TH
ELG687M250AS4AA,1000,33.3469,KEMET,CAP ALUM SNAP-IN 105C
PEH536MAG4270M2,1000,33.37361,KEMET,CAP ALUM SNAP-IN 105C
PEH532VDB3220M2,1000,33.37576,KEMET,CAP ALUM SNAP-IN 105C
ELD158M200AT5AA,1000,33.37998,KEMET,CAP ALUM SNAP-IN 105C
PEH532JDC5100M4,1000,33.38693,KEMET,CAP ALUM SNAP-IN 105C
PEH532JDC5100M4S,1000,33.38693,KEMET,CAP ALUM SNAP-IN 105C
PEH506PBC4100M2,2800,33.41305,KEMET,CAP ALUM SNAP-IN 85C
ALC80A123DC040,200,33.4454,KEMET,CAP ALUM 12000UF 20% 40V SNAP TH
ALC80C123DC040,200,33.4454,KEMET,CAP ALUM 12000UF 20% 40V SNAP TH
ALC80D123DC040,200,33.4454,KEMET,CAP ALUM 12000UF 20% 40V SNAP TH
ALC80E123DC040,200,33.4454,KEMET,CAP ALUM 12000UF 20% 40V SNAP TH
ALC80F123DC040,200,33.4454,KEMET,CAP ALUM 12000UF 20% 40V SNAP TH
PEG228MKP3750QE4,1056,33.50327,KEMET,CAP ALUM 750UF 63V AXIAL TH
ALA8AF271BE450,1080,33.59121,KEMET,CAP ALUM 450V POLAR
PEH532SAG3470M2S,1000,33.61682,KEMET,CAP ALUM SNAP-IN 105C
ELH229M035AT5AA,400,33.63745,KEMET,CAP ALUM SNAP-IN 85C
ELG277M400AR6AA,1000,33.64758,KEMET,CAP ALUM SNAP-IN 105C
ALA8AD181BE500,1080,33.68799,KEMET,CAP ALUM 500V POLAR
ALC40A680CB450,1120,33.71552,KEMET,CAP ALUM SNAP-IN 105C
ALC40D331DC350,1000,33.72052,KEMET,CAP ALUM SNAP-IN 105C
PEH536SBG3470M3,1000,33.73077,KEMET,CAP ALUM SNAP-IN 105C
ALC40A820CB500,1120,33.79142,KEMET,CAP ALUM SNAP-IN 105C
ALC70C822DC063,200,33.84935,KEMET,CAP ALUM 8200UF 20% 63V SNAP TH
ALC70D822DC063,200,33.84935,KEMET,CAP ALUM 8200UF 20% 63V SNAP TH
ALC70E822DC063,200,33.84935,KEMET,CAP ALUM 8200UF 20% 63V SNAP TH
ALC70F822DC063,200,33.84935,KEMET,CAP ALUM 8200UF 20% 63V SNAP TH
ELH337M450AS4AA,1000,33.9022,KEMET,CAP ALUM SNAP-IN 85C
PEH534YCC3150M2S,1000,33.93097,KEMET,CAP ALUM SNAP-IN HIGH RIPPLE
ALC80A273DC025,200,33.95025,KEMET,CAP ALUM 27000UF 20% 25V SNAP TH
ALC80D273DC025,200,33.95025,KEMET,CAP ALUM 27000UF 20% 25V SNAP TH
ALC80E273DC025,200,33.95025,KEMET,CAP ALUM 27000UF 20% 25V SNAP TH
ALC80F273DC025,200,33.95025,KEMET,CAP ALUM 27000UF 20% 25V SNAP TH
PEG124VD1470QT1,1200,33.98498,KEMET,CAP ALUM AXL GEN PUR 105C
ALC40D151CB400,1120,34.00259,KEMET,CAP ALUM SNAP-IN 105C
PEH526MBD422AM3,1000,34.00482,KEMET,CAP ALUM SNAP-IN HIGH RIPPLE
PEH526HBD4680M3,1000,34.00482,KEMET,CAP ALUM SNAP-IN HIGH RIPPLE
PEG124YD1470QT1,1200,34.04438,KEMET,CAP ALUM AXL GEN PUR 105C
PEH532YAG3180M2,1000,34.05295,KEMET,CAP ALUM SNAP-IN 105C
ALC40D182CD100,1120,34.05863,KEMET,CAP ALUM SNAP-IN 105C
PEH506PBG4220M2S,1000,34.09719,KEMET,CAP ALUM SNAP-IN 85C
PEH536JBG5100M2,1000,34.10025,KEMET,CAP ALUM SNAP-IN 105C
PEH534RBF3680M2,1000,34.13093,KEMET,CAP ALUM SNAP-IN HIGH RIPPLE
ELH109M063AS6AA,1000,34.15144,KEMET,CAP ALUM SNAP-IN 85C
ALC80A752DC063,200,34.19665,KEMET,CAP ALUM 7500UF 20% 63V SNAP TH
ALC80C752DC063,200,34.19665,KEMET,CAP ALUM 7500UF 20% 63V SNAP TH
ALC80D752DC063,200,34.19665,KEMET,CAP ALUM 7500UF 20% 63V SNAP TH
ALC80E752DC063,200,34.19665,KEMET,CAP ALUM 7500UF 20% 63V SNAP TH
ALC80F752DC063,200,34.19665,KEMET,CAP ALUM 7500UF 20% 63V SNAP TH
PEG124KJ422AQE4,1161,34.2324,KEMET,CAP ALUM AXL 125C
ELH568M080AT3AA,400,34.311,KEMET,CAP ALUM SNAP-IN 85C
PEG227KLL4210QE4,1290,34.33362,KEMET,CAP ALUM 2100UF 40V AXIAL TH
PEH536YBF3150M3,1000,34.34684,KEMET,CAP ALUM SNAP-IN 105C
ELH477M400AS6AA,1000,34.36438,KEMET,CAP ALUM SNAP-IN 85C
ALC70A163DC040,200,34.36495,KEMET,CAP ALUM 16000UF 20% 40V SNAP TH
ALC70C163DC040,200,34.36495,KEMET,CAP ALUM 16000UF 20% 40V SNAP TH
ALC70D163DC040,200,34.36495,KEMET,CAP ALUM 16000UF 20% 40V SNAP TH
ALC70E163DC040,200,34.36495,KEMET,CAP ALUM 16000UF 20% 40V SNAP TH
ALC70F163DC040,200,34.36495,KEMET,CAP ALUM 16000UF 20% 40V SNAP TH
ALC40D271CD350,1120,34.38203,KEMET,CAP ALUM SNAP-IN 105C
ALC70A112DC200,200,34.3873,KEMET,CAP ALUM 1100UF 20% 200V SNAP TH
ALC70C112DC200,200,34.3873,KEMET,CAP ALUM 1100UF 20% 200V SNAP TH
ALC70D112DC200,200,34.3873,KEMET,CAP ALUM 1100UF 20% 200V SNAP TH
ALC70E112DC200,200,34.3873,KEMET,CAP ALUM 1100UF 20% 200V SNAP TH
ALC70F112DC200,200,34.3873,KEMET,CAP ALUM 1100UF 20% 200V SNAP TH
PEG126MF325EQE1,1,,KEMET,CAP ALUM AXL 150C
ALC80A331BB200,1080,34.51287,KEMET,CAP ALUM 330UF 20% 200V SNAP TH
PEH536SBG3470M2,1000,34.52059,KEMET,CAP ALUM SNAP-IN 105C
ELG567M250AS3AA,400,34.53738,KEMET,CAP ALUM SNAP-IN 105C
ELX477M250AT2AA,400,34.56528,KEMET,CAP ALUM SNAP-IN 105C
ELG277M400AS4AA,1000,34.5745,KEMET,CAP ALUM SNAP-IN 105C
ALC80A911DC200,200,34.6672,KEMET,CAP ALUM 910UF 20% 200V SNAP TH
ALC80C911DC200,200,34.6672,KEMET,CAP ALUM 910UF 20% 200V SNAP TH
ALC80D911DC200,200,34.6672,KEMET,CAP ALUM 910UF 20% 200V SNAP TH
ALC80E911DC200,200,34.6672,KEMET,CAP ALUM 910UF 20% 200V SNAP TH
ALC80F911DC200,200,34.6672,KEMET,CAP ALUM 910UF 20% 200V SNAP TH
ALC80A361DC350,200,34.7342,KEMET,CAP ALUM 360UF 20% 350V SNAP TH
ALC80C361DC350,200,34.7342,KEMET,CAP ALUM 360UF 20% 350V SNAP TH
ALC80D361DC350,200,34.7342,KEMET,CAP ALUM 360UF 20% 350V SNAP TH
ALC80E361DC350,200,34.7342,KEMET,CAP ALUM 360UF 20% 350V SNAP TH
ALC80F361DC350,200,34.7342,KEMET,CAP ALUM 360UF 20% 350V SNAP TH
ELG337M400AS5AA,400,34.7466,KEMET,CAP ALUM SNAP-IN 105C
ALC80D103CD040,320,34.78494,KEMET,CAP ALUM 10000UF 20% 40V SNAP TH
ALC80F103CD040,320,34.78494,KEMET,CAP ALUM 10000UF 20% 40V SNAP TH
ALC40F101BB400,1080,34.81754,KEMET,CAP ALUM SNAP-IN 105C
ALC40A151DC500,1000,34.82854,KEMET,CAP ALUM SNAP-IN 105C
ALC70A271BB250,1080,34.83293,KEMET,CAP ALUM 270UF 20% 250V SNAP TH
PEG228MML3990QE4,1161,34.83626,KEMET,CAP ALUM 990UF 63V AXIAL TH
PEG124UD2100QT1,1200,34.84397,KEMET,CAP ALUM AXL GEN PUR 105C
PEH534JCD5100M2,1000,34.84723,KEMET,CAP ALUM SNAP-IN HIGH RIPPLE
ALC40A470BB450,1080,34.85934,KEMET,CAP ALUM SNAP-IN 105C
PEH226KG4120QE1,1000,34.86484,KEMET,CAP ALUM RAD 150C
PEH532VBF3270M2,1000,34.89015,KEMET,CAP ALUM SNAP-IN 105C
PEH526KBD4390M3,1000,34.90884,KEMET,CAP ALUM SNAP-IN HIGH RIPPLE
PEH532UBG3330M3,1000,34.92091,KEMET,CAP ALUM SNAP-IN 105C
PEH532YCC3180M2,1200,34.92866,KEMET,CAP ALUM SNAP-IN 105C
ELG227M450AT2AA,400,34.92873,KEMET,CAP ALUM SNAP-IN 105C
ALA8AF271CC450,1120,34.95063,KEMET,CAP ALUM 450V POLAR
ELH687M400AT6AV,1000,34.98913,KEMET,CAP ALUM SNAP-IN 85C
ALC40C151DD450,1000,34.99352,KEMET,CAP ALUM SNAP-IN 105C
PEH534RCD3680M2,1000,35.0122,KEMET,CAP ALUM SNAP-IN HIGH RIPPLE
ALC70C471DC350,200,35.03645,KEMET,CAP ALUM 470UF 20% 350V SNAP TH
ALC70D471DC350,200,35.03645,KEMET,CAP ALUM 470UF 20% 350V SNAP TH
ALC70E471DC350,200,35.03645,KEMET,CAP ALUM 470UF 20% 350V SNAP TH
ALC70F471DC350,200,35.03645,KEMET,CAP ALUM 470UF 20% 350V SNAP TH
ALA8AD181CC500,1120,35.05731,KEMET,CAP ALUM 500V POLAR
ALA8AF181CC500,1120,35.05731,KEMET,CAP ALUM 500V POLAR
PEH526KBD4270M3,1000,35.1618,KEMET,CAP ALUM SNAP-IN HIGH RIPPLE
ALA7DA361CC400,320,35.19763,KEMET,CAP ALUM 360UF 20% 400V SNAP TH
ALA7DD361CC400,320,35.19763,KEMET,CAP ALUM 360UF 20% 400V SNAP TH
ALA7DF361CC400,320,35.19763,KEMET,CAP ALUM 360UF 20% 400V SNAP TH
PEH532JDD5150M2S,1000,35.21018,KEMET,CAP ALUM SNAP-IN 105C
PEH506UCE3330M2,1000,35.21902,KEMET,CAP ALUM SNAP-IN 85C
PEH506UDC3330M2,1000,35.21902,KEMET,CAP ALUM SNAP-IN 85C
PEG228MLP4110QE4,1290,35.22781,KEMET,CAP ALUM 1100UF 63V AXIAL TH
PEH534YCC3150M2,1000,35.23002,KEMET,CAP ALUM SNAP-IN HIGH RIPPLE
ALO8AD331CB400,1120,36.4569,KEMET,CAP ALUM 105C 330UF 400VDC
PEG124YD1680QT1,1200,35.2575,KEMET,CAP ALUM AXL GEN PUR 105C
ALC80A622CD063,320,35.30619,KEMET,CAP ALUM 6200UF 20% 63V SNAP TH
ALC80D622CD063,320,35.30619,KEMET,CAP ALUM 6200UF 20% 63V SNAP TH
ALC80F622CD063,320,35.30619,KEMET,CAP ALUM 6200UF 20% 63V SNAP TH
ELH158M250AT5AA,1000,35.33008,KEMET,CAP ALUM SNAP-IN 85C
ALA8DD271CC400,320,35.38216,KEMET,CAP ALUM 270UF 20% 400V SNAP TH
ALA8DF271CC400,320,35.38216,KEMET,CAP ALUM 270UF 20% 400V SNAP TH
ALC40F222CF100,1120,35.40596,KEMET,CAP ALUM SNAP-IN 105C
ALO8AD271CB450,1120,36.66056,KEMET,CAP ALUM 105C 270UF 450VDC
ALC70C821DC250,200,35.43875,KEMET,CAP ALUM 820UF 20% 250V SNAP TH
ALC70D821DC250,200,35.43875,KEMET,CAP ALUM 820UF 20% 250V SNAP TH
ALC70E821DC250,200,35.43875,KEMET,CAP ALUM 820UF 20% 250V SNAP TH
ALC70F821DC250,200,35.43875,KEMET,CAP ALUM 820UF 20% 250V SNAP TH
ALA8AD271BE450,1080,35.43897,KEMET,CAP ALUM 450V POLAR
PEH532MAG4330M2,1000,35.44222,KEMET,CAP ALUM SNAP-IN 105C
PEH532MBE4330M2,1000,35.44222,KEMET,CAP ALUM SNAP-IN 105C
ALC70A911CD200,320,35.45813,KEMET,CAP ALUM 910UF 20% 200V SNAP TH
ALC70D911CD200,320,35.45813,KEMET,CAP ALUM 910UF 20% 200V SNAP TH
ALC70F911CD200,320,35.45813,KEMET,CAP ALUM 910UF 20% 200V SNAP TH
ALC80A621DC250,200,35.46105,KEMET,CAP ALUM 620UF 20% 250V SNAP TH
ALC80C621DC250,200,35.46105,KEMET,CAP ALUM 620UF 20% 250V SNAP TH
ALC80D621DC250,200,35.46105,KEMET,CAP ALUM 620UF 20% 250V SNAP TH
ALC80E621DC250,200,35.46105,KEMET,CAP ALUM 620UF 20% 250V SNAP TH
ALC80F621DC250,200,35.46105,KEMET,CAP ALUM 620UF 20% 250V SNAP TH
ALF40C271DC400,1000,35.48183,KEMET,CAP ALUM 270UF 20% 400V PRESS
PEH506SBF3560M2,1000,35.48737,KEMET,CAP ALUM SNAP-IN 85C
PEH506SAG3560M2S,1200,35.48733,KEMET,CAP ALUM SNAP-IN 85C
PEH506SAG3560M2,1000,35.48737,KEMET,CAP ALUM SNAP-IN 85C
ALC70A302CD100,320,35.49044,KEMET,CAP ALUM 3000UF 20% 100V SNAP TH
ALC70D302CD100,320,35.49044,KEMET,CAP ALUM 3000UF 20% 100V SNAP TH
ALC70F302CD100,320,35.49044,KEMET,CAP ALUM 3000UF 20% 100V SNAP TH
ALC40D471CD250,1120,35.50387,KEMET,CAP ALUM SNAP-IN 105C
ALC40F103CD040,1120,35.50497,KEMET,CAP ALUM SNAP-IN 105C
PEG124UD1680QT1,1200,35.51923,KEMET,CAP ALUM AXL GEN PUR 105C
ALA8AF181BE500,1080,35.54127,KEMET,CAP ALUM 500V POLAR
ALC70A121BD550,1080,35.5467,KEMET,CAP ALUM 120UF 20% 550V SNAP TH
PEH536SCE3470M2,1000,35.59512,KEMET,CAP ALUM SNAP-IN 105C
PEH536YBF3150M2,1000,35.59512,KEMET,CAP ALUM SNAP-IN 105C
PEH126KF347EQE1,1000,35.63473,KEMET,CAP ALUM RAD 150C
ELD477M400AT5AA,1000,35.63804,KEMET,CAP ALUM SNAP-IN 105C
PEH534VBF3220M2S,1000,35.64134,KEMET,CAP ALUM SNAP-IN HIGH RIPPLE
PEH534VBF3220M2,1000,35.64134,KEMET,CAP ALUM SNAP-IN HIGH RIPPLE
PEH534VBF3220M3,1000,35.64134,KEMET,CAP ALUM SNAP-IN HIGH RIPPLE
PEG228MLQ4120QE4,1224,35.69519,KEMET,CAP ALUM 1200UF 63V AXIAL TH
ELH188M160AT3AA,400,35.7075,KEMET,CAP ALUM SNAP-IN 85C
ALC80A301DC400,200,35.729,KEMET,CAP ALUM 300UF 20% 400V SNAP TH
ALC80D301DC400,200,35.729,KEMET,CAP ALUM 300UF 20% 400V SNAP TH
ALC80E301DC400,200,35.729,KEMET,CAP ALUM 300UF 20% 400V SNAP TH
ALC80F301DC400,200,35.729,KEMET,CAP ALUM 300UF 20% 400V SNAP TH
ALH82A910CC600,1120,35.72929,KEMET,CAP ALUM 91UF 20% 600V SNAP TH
PEH536VCD3180M2,1000,35.73041,KEMET,CAP ALUM 180UF 20% 400V SNAP TH
ALC40A680BD450,1080,35.7304,KEMET,CAP ALUM SNAP-IN 105C
ALC80A111CB500,320,35.77263,KEMET,CAP ALUM 110UF 20% 500V SNAP TH
ALC80D111CB500,320,35.77263,KEMET,CAP ALUM 110UF 20% 500V SNAP TH
ALC80F111CB500,320,35.77263,KEMET,CAP ALUM 110UF 20% 500V SNAP TH
PEH532VCD3270M2,1000,35.78325,KEMET,CAP ALUM SNAP-IN 105C
ALC70A122BB100,1080,35.79862,KEMET,CAP ALUM 1200UF 20% 100V SNAP TH
PEH532UCE3330M2,1000,35.81509,KEMET,CAP ALUM SNAP-IN 105C
PEH532JCC4680M2,1000,35.82832,KEMET,CAP ALUM SNAP-IN 105C
ALC40A821BB100,1080,35.85689,KEMET,CAP ALUM SNAP-IN 105C
ALC40A271BB200,1080,35.85911,KEMET,CAP ALUM SNAP-IN 105C
PEH506MCE4560M2,1000,35.86131,KEMET,CAP ALUM SNAP-IN 85C
PEH536UBG3270M2,1000,35.86462,KEMET,CAP ALUM SNAP-IN 105C
ALC40A391BC200,1260,35.86462,KEMET,CAP ALUM SNAP-IN 105C
ALC40D101BB400,1080,35.86569,KEMET,CAP ALUM SNAP-IN 105C
ALC80A243CD025,320,35.89175,KEMET,CAP ALUM 24000UF 20% 25V SNAP TH
ALC80D243CD025,320,35.89175,KEMET,CAP ALUM 24000UF 20% 25V SNAP TH
ALC80F243CD025,320,35.89175,KEMET,CAP ALUM 24000UF 20% 25V SNAP TH
ALA8AD331BF400,1080,35.9042,KEMET,CAP ALUM 400V POLAR
ALA8AF331BF400,1080,35.9042,KEMET,CAP ALUM 400V POLAR
PEH532RBG3820M2,1000,35.92945,KEMET,CAP ALUM SNAP-IN 105C
ELG477M400AS5AA,1000,35.94045,KEMET,CAP ALUM SNAP-IN 105C
ALC70C391DC400,200,35.9411,KEMET,CAP ALUM 390UF 20% 400V SNAP TH
ALC70D391DC400,200,35.9411,KEMET,CAP ALUM 390UF 20% 400V SNAP TH
ALC70E391DC400,200,35.9411,KEMET,CAP ALUM 390UF 20% 400V SNAP TH
ALC70F391DC400,200,35.9411,KEMET,CAP ALUM 390UF 20% 400V SNAP TH
ALC40A101BB400,1080,35.94272,KEMET,CAP ALUM SNAP-IN 105C
ALC40A121BB350,1080,35.96247,KEMET,CAP ALUM SNAP-IN 105C
ALC70A391CD350,320,36.02175,KEMET,CAP ALUM 390UF 20% 350V SNAP TH
ALC70D391CD350,320,36.02175,KEMET,CAP ALUM 390UF 20% 350V SNAP TH
ALC70F391CD350,320,36.02175,KEMET,CAP ALUM 390UF 20% 350V SNAP TH
PEH532YBC3100M2S,1000,36.08343,KEMET,CAP ALUM SNAP-IN 105C
ALC70A752CD063,320,36.11916,KEMET,CAP ALUM 7500UF 20% 63V SNAP TH
ALC70D752CD063,320,36.11916,KEMET,CAP ALUM 7500UF 20% 63V SNAP TH
ALC70F752CD063,320,36.11916,KEMET,CAP ALUM 7500UF 20% 63V SNAP TH
PEH506RCD3820M2,1000,36.11973,KEMET,CAP ALUM SNAP-IN 85C
ELG828M063AT5AA,1000,36.13958,KEMET,CAP ALUM SNAP-IN 105C
ALC70A510BB600,1080,36.14839,KEMET,CAP ALUM 51UF 20% 600V SNAP TH
ELD397M400AS6AA,1000,36.15165,KEMET,CAP ALUM SNAP-IN 105C
ALA7DA431CD400,320,36.16259,KEMET,CAP ALUM 430UF 20% 400V SNAP TH
ALA7DF431CD400,320,36.16259,KEMET,CAP ALUM 430UF 20% 400V SNAP TH
ALC80A302DC100,200,36.16395,KEMET,CAP ALUM 3000UF 20% 100V SNAP TH
ALC80C302DC100,200,36.16395,KEMET,CAP ALUM 3000UF 20% 100V SNAP TH
ALC80D302DC100,200,36.16395,KEMET,CAP ALUM 3000UF 20% 100V SNAP TH
ALC80E302DC100,200,36.16395,KEMET,CAP ALUM 3000UF 20% 100V SNAP TH
ALC80F302DC100,200,36.16395,KEMET,CAP ALUM 3000UF 20% 100V SNAP TH
ALO8AF331CB400,1120,37.52088,KEMET,CAP ALUM 105C 330UF 400VDC
ALC40A103BC025,1260,36.26713,KEMET,CAP ALUM SNAP-IN 105C
ALC40A221BB250,1080,36.28805,KEMET,CAP ALUM SNAP-IN 105C
ALC70D681CD250,320,36.33597,KEMET,CAP ALUM 680UF 20% 250V SNAP TH
ALC70F681CD250,320,36.33597,KEMET,CAP ALUM 680UF 20% 250V SNAP TH
PEH506PBB3680M2,1000,36.35293,KEMET,CAP ALUM SNAP-IN 85C
ALC40A222BB063,1080,36.4101,KEMET,CAP ALUM SNAP-IN 105C
ELH688M080AT4AA,1000,36.41561,KEMET,CAP ALUM SNAP-IN 85C
ALC70C331DC450,200,36.44305,KEMET,CAP ALUM 330UF 20% 450V SNAP TH
ALC70E331DC450,200,36.44305,KEMET,CAP ALUM 330UF 20% 450V SNAP TH
ALC70F331DC450,200,36.44305,KEMET,CAP ALUM 330UF 20% 450V SNAP TH
ALF40C223DC025,200,36.4662,KEMET,CAP ALUM 22000UF 20% 25V PRESS
ALC80A242CD100,320,36.47656,KEMET,CAP ALUM 2400UF 20% 100V SNAP TH
ALC80D242CD100,320,36.47656,KEMET,CAP ALUM 2400UF 20% 100V SNAP TH
ALC80F242CD100,320,36.47656,KEMET,CAP ALUM 2400UF 20% 100V SNAP TH
ALH82A131CE600,1120,36.50137,KEMET,CAP ALUM 130UF 20% 600V SNAP TH
ELG337M350AT3AA,400,36.515,KEMET,CAP ALUM SNAP-IN 105C
ALA8AF391CE400,1120,36.51791,KEMET,CAP ALUM 400V POLAR
ALA8AD391CE400,1120,36.51791,KEMET,CAP ALUM 400V POLAR
ELH477M400AS5AA,1000,36.53114,KEMET,CAP ALUM 470UF 20% 400V SNAP TH
PEH536PBB3560M2,1000,36.53114,KEMET,CAP ALUM SNAP-IN 105C
PEH534VCD3220M3,1000,36.53436,KEMET,CAP ALUM SNAP-IN HIGH RIPPLE
PEH534VCD3220M2S,1000,36.53436,KEMET,CAP ALUM SNAP-IN HIGH RIPPLE
PEH536YCD3150M2,1000,36.53552,KEMET,CAP ALUM SNAP-IN 105C
ALC40A560BB500,1080,36.53766,KEMET,CAP ALUM SNAP-IN 105C
ELH397M400AT3AA,400,36.59213,KEMET,CAP ALUM SNAP-IN 85C
ALC70A151CB450,1120,36.60481,KEMET,CAP ALUM SNAP-IN 85C
ELG478M080AT4AA,400,36.6188,KEMET,CAP ALUM SNAP-IN 105C
ALC80D821CD200,320,36.66056,KEMET,CAP ALUM 820UF 20% 200V SNAP TH
ALC80F821CD200,320,36.66056,KEMET,CAP ALUM 820UF 20% 200V SNAP TH
ALC40A820CC450,1120,36.66971,KEMET,CAP ALUM SNAP-IN 105C
ALF40C222DC100,200,36.6903,KEMET,CAP ALUM 2200UF 20% 100V PRESS
ALC40F123DC040,1000,36.70711,KEMET,CAP ALUM SNAP-IN 105C
ALA7DF301CC450,320,36.73628,KEMET,CAP ALUM 300UF 20% 450V SNAP TH
ALC80A221BB250,1080,36.73674,KEMET,CAP ALUM 220UF 20% 250V SNAP TH
ALC80A123EB040,216,36.75468,KEMET,CAP ALUM 12000UF 20% 40V SNAP TH
ALC80C123EB040,216,36.75468,KEMET,CAP ALUM 12000UF 20% 40V SNAP TH
ALC80D123EB040,216,36.75468,KEMET,CAP ALUM 12000UF 20% 40V SNAP TH
ALC80E123EB040,216,36.75468,KEMET,CAP ALUM 12000UF 20% 40V SNAP TH
ALC80F123EB040,216,36.75468,KEMET,CAP ALUM 12000UF 20% 40V SNAP TH
ELG158M200AT5AA,400,36.77695,KEMET,CAP ALUM SNAP-IN 105C
ALF40C181DF450,200,36.8028,KEMET,CAP ALUM 180UF 20% 450V PRESS
ALC40A331CB250,1120,36.80497,KEMET,CAP ALUM SNAP-IN 105C
ELH337M450AS6AA,400,36.86338,KEMET,CAP ALUM SNAP-IN 85C
ALA8AD271CC450,1120,36.87313,KEMET,CAP ALUM SNAP-IN 105C
ALC70D153CD040,320,36.87713,KEMET,CAP ALUM 15000UF 20% 40V SNAP TH
ALC70F153CD040,320,36.87713,KEMET,CAP ALUM 15000UF 20% 40V SNAP TH
ALA7AA151BD550,1080,36.89623,KEMET,CAP ALUM SNAP-IN 85C
ELH228M160AT5AA,1000,36.93584,KEMET,CAP ALUM SNAP-IN 85C
PEH536UCE3270M2,1000,36.93915,KEMET,CAP ALUM SNAP-IN 105C
ALC40A151BC350,1080,36.93911,KEMET,CAP ALUM SNAP-IN 105C
ALC80D331CD350,320,36.94172,KEMET,CAP ALUM 330UF 20% 350V SNAP TH
ALC80F331CD350,320,36.94172,KEMET,CAP ALUM 330UF 20% 350V SNAP TH
PEH532SBC3270M2,1000,36.95784,KEMET,CAP ALUM SNAP-IN 105C
ALA8AF331CD450,1120,36.99081,KEMET,CAP ALUM 450V POLAR
ELG827M250AS5AA,1000,37.02821,KEMET,CAP ALUM SNAP-IN 105C
PEH532YBC3120M2,1000,37.03814,KEMET,CAP ALUM SNAP-IN 105C
ALC40A123CB025,1120,37.07218,KEMET,CAP ALUM SNAP-IN 105C
ALC40A471CB200,1120,37.07218,KEMET,CAP ALUM SNAP-IN 105C
ALA8AF221CD500,1120,37.08215,KEMET,CAP ALUM 500V POLAR
ALA8AD221CD500,1120,37.08215,KEMET,CAP ALUM 500V POLAR
PEH532JDD5150M4,1000,37.17673,KEMET,CAP ALUM SNAP-IN 105C
PEH536VDC3180M2,1000,37.2075,KEMET,CAP ALUM SNAP-IN 105C
ALC80A181CB400,1120,37.22953,KEMET,CAP ALUM 180UF 20% 400V SNAP TH
PEH506YBF3220M2,1000,37.26141,KEMET,CAP ALUM SNAP-IN 85C
ALC70A820BD600,360,37.27961,KEMET,CAP ALUM 82UF 20% 600V SNAP TH
ALC70D820BD600,360,37.27961,KEMET,CAP ALUM 82UF 20% 600V SNAP TH
ALC70F820BD600,360,37.27961,KEMET,CAP ALUM 82UF 20% 600V SNAP TH
PEG126MG337EQE1,1,,KEMET,CAP ALUM AXL 150C
ALC70A471CB250,1120,37.34389,KEMET,CAP ALUM 470UF 20% 250V SNAP TH
ALC80A561CB200,1120,37.34611,KEMET,CAP ALUM 560UF 20% 200V SNAP TH
ALC80D561CD250,320,37.38516,KEMET,CAP ALUM 560UF 20% 250V SNAP TH
ALC80F561CD250,320,37.38516,KEMET,CAP ALUM 560UF 20% 250V SNAP TH
PEG226KF3800QE4,1056,37.39993,KEMET,CAP ALUM 800UF 40V AXIAL TH
ALF40C331DC350,200,37.44945,KEMET,CAP ALUM 330UF 20% 350V PRESS
ALC40A121BC400,1200,37.47585,KEMET,CAP ALUM SNAP-IN 105C
PEG124PL347VQE4,1088,37.48137,KEMET,CAP ALUM 470UF 100V AXIAL TH
PEH534SCE3560M2,1000,37.48138,KEMET,CAP ALUM SNAP-IN HIGH RIPPLE
ALC80A752EB063,216,37.48588,KEMET,CAP ALUM 7500UF 20% 63V SNAP TH
ALC80C752EB063,216,37.48588,KEMET,CAP ALUM 7500UF 20% 63V SNAP TH
ALC80D752EB063,216,37.48588,KEMET,CAP ALUM 7500UF 20% 63V SNAP TH
ALC80E752EB063,216,37.48588,KEMET,CAP ALUM 7500UF 20% 63V SNAP TH
ALC80F752EB063,216,37.48588,KEMET,CAP ALUM 7500UF 20% 63V SNAP TH
ELH189M050AT6AA,400,37.5307,KEMET,CAP ALUM SNAP-IN 85C
PEH534PDC4220M2S,1000,37.56713,KEMET,CAP ALUM SNAP-IN HIGH RIPPLE
ALC70A362EB100,216,37.57435,KEMET,CAP ALUM 3600UF 20% 100V SNAP TH
ALC70C362EB100,216,37.57435,KEMET,CAP ALUM 3600UF 20% 100V SNAP TH
ALC70D362EB100,216,37.57435,KEMET,CAP ALUM 3600UF 20% 100V SNAP TH
ALC70E362EB100,216,37.57435,KEMET,CAP ALUM 3600UF 20% 100V SNAP TH
ALC70F362EB100,216,37.57435,KEMET,CAP ALUM 3600UF 20% 100V SNAP TH
ALC80D271CD400,320,37.59063,KEMET,CAP ALUM 270UF 20% 400V SNAP TH
ALC80F271CD400,320,37.59063,KEMET,CAP ALUM 270UF 20% 400V SNAP TH
ALC40A102BC100,1080,37.61116,KEMET,CAP ALUM SNAP-IN 105C
ALA7DD241CC500,320,37.63378,KEMET,CAP ALUM 240UF 20% 500V SNAP TH
ALA7DF241CC500,320,37.63378,KEMET,CAP ALUM 240UF 20% 500V SNAP TH
PEG228KML4220QE4,1161,37.66832,KEMET,CAP ALUM 2200UF 40V AXIAL TH
PEG228HMP4530QE4,1161,37.67601,KEMET,CAP ALUM 5300UF 25V AXIAL TH
ALC70A112EB200,216,37.68495,KEMET,CAP ALUM 1100UF 20% 200V SNAP TH
ALC70C112EB200,216,37.68495,KEMET,CAP ALUM 1100UF 20% 200V SNAP TH
ALC70D112EB200,216,37.68495,KEMET,CAP ALUM 1100UF 20% 200V SNAP TH
ALC70E112EB200,216,37.68495,KEMET,CAP ALUM 1100UF 20% 200V SNAP TH
ALC70F112EB200,216,37.68495,KEMET,CAP ALUM 1100UF 20% 200V SNAP TH
PEH532JBD4680M2,1000,37.81786,KEMET,CAP ALUM SNAP-IN 105C
ALC70A561BD200,1080,37.8267,KEMET,CAP ALUM 560UF 20% 200V SNAP TH
PEH536PCG4220M2,1000,37.8564,KEMET,CAP ALUM SNAP-IN 105C
PEH536PCG4220M3,1000,37.8564,KEMET,CAP ALUM SNAP-IN 105C
ALH82A151CE550,1120,37.90917,KEMET,CAP ALUM 150UF 20% 550V SNAP TH
PEH506YCD3220M2S,1000,37.92016,KEMET,CAP ALUM SNAP-IN 85C
PEH506YCD3220M2,1000,37.92016,KEMET,CAP ALUM SNAP-IN 85C
PEH506YDC3220M2S,1000,37.92016,KEMET,CAP ALUM SNAP-IN 85C
PEH506YDC3220M2,1000,37.92016,KEMET,CAP ALUM SNAP-IN 85C
ALC80A133DD040,200,37.93445,KEMET,CAP ALUM 13000UF 20% 40V SNAP TH
ALC80C133DD040,200,37.93445,KEMET,CAP ALUM 13000UF 20% 40V SNAP TH
ALC80D133DD040,200,37.93445,KEMET,CAP ALUM 13000UF 20% 40V SNAP TH
ALC80E133DD040,200,37.93445,KEMET,CAP ALUM 13000UF 20% 40V SNAP TH
ALC80F133DD040,200,37.93445,KEMET,CAP ALUM 13000UF 20% 40V SNAP TH
ALC40C821DC200,1000,37.98292,KEMET,CAP ALUM SNAP-IN 105C
ALC80A133CF040,320,37.99013,KEMET,CAP ALUM 13000UF 20% 40V SNAP TH
ALC80D133CF040,320,37.99013,KEMET,CAP ALUM 13000UF 20% 40V SNAP TH
ALC80F133CF040,320,37.99013,KEMET,CAP ALUM 13000UF 20% 40V SNAP TH
ALC40A331BD250,1080,38.01369,KEMET,CAP ALUM SNAP-IN 105C
ALC80A153BD025,1080,38.01475,KEMET,CAP ALUM 15000UF 20% 25V SNAP TH
ALA7DD271CD500,320,38.03328,KEMET,CAP ALUM 270UF 20% 500V SNAP TH
ALA7DF271CD500,320,38.03328,KEMET,CAP ALUM 270UF 20% 500V SNAP TH
PEH225MF3470QE1,1000,38.05437,KEMET,CAP ALUM RAD 125C
ALA7DA361CD450,320,38.05472,KEMET,CAP ALUM 360UF 20% 450V SNAP TH
ALA7DD361CD450,320,38.05472,KEMET,CAP ALUM 360UF 20% 450V SNAP TH
ALA8DD361CD400,320,38.05472,KEMET,CAP ALUM 360UF 20% 400V SNAP TH
ALA7DF361CD450,320,38.05472,KEMET,CAP ALUM 360UF 20% 450V SNAP TH
ALA8DF361CD400,320,38.05472,KEMET,CAP ALUM 360UF 20% 400V SNAP TH
ELH337M450AT4AA,400,38.05975,KEMET,CAP ALUM SNAP-IN 85C
ALF40C221DF450,200,38.061,KEMET,CAP ALUM 220UF 20% 450V PRESS
ALC70A361CD400,320,38.08728,KEMET,CAP ALUM 360UF 20% 400V SNAP TH
ALC70F361CD400,320,38.08728,KEMET,CAP ALUM 360UF 20% 400V SNAP TH
PEG227HMP4810QE4,1161,38.10715,KEMET,CAP ALUM 8100UF 25V AXIAL TH
PEG228MLL3750QE4,1290,38.15007,KEMET,CAP ALUM 750UF 63V AXIAL TH
ELH108M250AT4AA,400,38.19723,KEMET,CAP ALUM SNAP-IN 85C
ALC70A472BD063,1080,38.20173,KEMET,CAP ALUM 4700UF 20% 63V SNAP TH
ALA7DF471DC400,200,38.2123,KEMET,CAP ALUM 470UF 20% 400V SNAP TH
ALA7DC471DC400,200,38.2123,KEMET,CAP ALUM 470UF 20% 400V SNAP TH
ALA7DE471DC400,200,38.2123,KEMET,CAP ALUM 470UF 20% 400V SNAP TH
ALC70C471EB350,216,38.27111,KEMET,CAP ALUM 470UF 20% 350V SNAP TH
ALC70D471EB350,216,38.27111,KEMET,CAP ALUM 470UF 20% 350V SNAP TH
ALC70E471EB350,216,38.27111,KEMET,CAP ALUM 470UF 20% 350V SNAP TH
ALC70F471EB350,216,38.27111,KEMET,CAP ALUM 470UF 20% 350V SNAP TH
ALC40A471BD200,1080,38.28206,KEMET,CAP ALUM SNAP-IN 105C
PEG127KA3110QT1,1,,KEMET,CAP ALUM 110UF 40V AXIAL TH
ALC80C273DC025,1000,38.33371,KEMET,CAP ALUM 27000UF 20% 25V SNAP TH
ALC70A301CD450,320,38.35681,KEMET,CAP ALUM 300UF 20% 450V SNAP TH
ALC70D301CD450,320,38.35681,KEMET,CAP ALUM 300UF 20% 450V SNAP TH
ALC70F301CD450,320,38.35681,KEMET,CAP ALUM 300UF 20% 450V SNAP TH
ALC40D331DD400,1000,38.3964,KEMET,CAP ALUM SNAP-IN 105C
ALA8DD301CD450,320,38.508,KEMET,CAP ALUM 300UF 20% 450V SNAP TH
ALA8DF301CD450,320,38.508,KEMET,CAP ALUM 300UF 20% 450V SNAP TH
ALA7AF391CE450,1120,38.52621,KEMET,CAP ALUM SNAP-IN 85C
ALA8DD201CC500,320,38.54056,KEMET,CAP ALUM 200UF 20% 500V SNAP TH
ALA8DF201CC500,320,38.54056,KEMET,CAP ALUM 200UF 20% 500V SNAP TH
ALC70A912EB063,216,38.54713,KEMET,CAP ALUM 9100UF 20% 63V SNAP TH
ALC70C912EB063,216,38.54713,KEMET,CAP ALUM 9100UF 20% 63V SNAP TH
ALC70D912EB063,216,38.54713,KEMET,CAP ALUM 9100UF 20% 63V SNAP TH
ALC70E912EB063,216,38.54713,KEMET,CAP ALUM 9100UF 20% 63V SNAP TH
ALC70F912EB063,216,38.54713,KEMET,CAP ALUM 9100UF 20% 63V SNAP TH
ALC70A221BD400,1080,38.56911,KEMET,CAP ALUM 220UF 20% 400V SNAP TH
PEG227HLL4430QE4,1290,38.57898,KEMET,CAP ALUM 4300UF 25V AXIAL TH
PEG124VE2100QT1,1200,38.59003,KEMET,CAP ALUM AXL GEN PUR 105C
PEH534MCC4330M2,1000,38.59552,KEMET,CAP ALUM SNAP-IN HIGH RIPPLE
ALO8AF271CB450,1120,39.94921,KEMET,CAP ALUM 105C 270UF 450VDC
ELD337M450AS6AA,1000,38.62298,KEMET,CAP ALUM SNAP-IN 105C
ALF40C272DD100,200,38.632,KEMET,CAP ALUM 2700UF 20% 100V PRESS
ALA7DA511CE400,320,38.65891,KEMET,CAP ALUM 510UF 20% 400V SNAP TH
ALA7DD511CE400,320,38.65891,KEMET,CAP ALUM 510UF 20% 400V SNAP TH
ALA7DF511CE400,320,38.65891,KEMET,CAP ALUM 510UF 20% 400V SNAP TH
ALC80A303EB025,216,38.66889,KEMET,CAP ALUM 30000UF 20% 25V SNAP TH
ALC80C303EB025,216,38.66889,KEMET,CAP ALUM 30000UF 20% 25V SNAP TH
ALC80D303EB025,216,38.66889,KEMET,CAP ALUM 30000UF 20% 25V SNAP TH
ALC80E303EB025,216,38.66889,KEMET,CAP ALUM 30000UF 20% 25V SNAP TH
ALC80F303EB025,216,38.66889,KEMET,CAP ALUM 30000UF 20% 25V SNAP TH
ALC70C821EB250,216,38.70181,KEMET,CAP ALUM 820UF 20% 250V SNAP TH
ALC70D821EB250,216,38.70181,KEMET,CAP ALUM 820UF 20% 250V SNAP TH
ALC70E821EB250,216,38.70181,KEMET,CAP ALUM 820UF 20% 250V SNAP TH
ALC70F821EB250,216,38.70181,KEMET,CAP ALUM 820UF 20% 250V SNAP TH
ALC80A621EB250,216,38.71292,KEMET,CAP ALUM 620UF 20% 250V SNAP TH
ALC80C621EB250,216,38.71292,KEMET,CAP ALUM 620UF 20% 250V SNAP TH
ALC80D621EB250,216,38.71292,KEMET,CAP ALUM 620UF 20% 250V SNAP TH
ALC80E621EB250,216,38.71292,KEMET,CAP ALUM 620UF 20% 250V SNAP TH
ALC80F621EB250,216,38.71292,KEMET,CAP ALUM 620UF 20% 250V SNAP TH
PEH536MBG4330M2,1000,38.72089,KEMET,CAP ALUM SNAP-IN 105C
PEH536MBG4330M3,1000,38.72089,KEMET,CAP ALUM SNAP-IN 105C
ELG478M100AT4AA,1000,38.73404,KEMET,CAP ALUM SNAP-IN 105C
ALH82A131DC600,1000,38.76372,KEMET,CAP ALUM 130UF 20% 600V SNAP TH
ALO8AD391CC400,1120,40.14951,KEMET,CAP ALUM 105C 390UF 400VDC
ALC40A181CB350,1120,38.81873,KEMET,CAP ALUM SNAP-IN 105C
ALC70A392CF100,320,38.93931,KEMET,CAP ALUM 3900UF 20% 100V SNAP TH
ALC70D392CF100,320,38.93931,KEMET,CAP ALUM 3900UF 20% 100V SNAP TH
ALC70F392CF100,320,38.93931,KEMET,CAP ALUM 3900UF 20% 100V SNAP TH
ALC40A181DD500,1000,38.97278,KEMET,CAP ALUM SNAP-IN 105C
ALA8AD331CD450,1120,39.02554,KEMET,CAP ALUM SNAP-IN 105C
ALH82A131CD550,1120,39.0409,KEMET,CAP ALUM 130UF 20% 550V SNAP TH
ALC80A391EB350,216,39.11032,KEMET,CAP ALUM 390UF 20% 350V SNAP TH
ALC80C391EB350,216,39.11032,KEMET,CAP ALUM 390UF 20% 350V SNAP TH
ALC80D391EB350,216,39.11032,KEMET,CAP ALUM 390UF 20% 350V SNAP TH
ALC80E391EB350,216,39.11032,KEMET,CAP ALUM 390UF 20% 350V SNAP TH
ALC80F391EB350,216,39.11032,KEMET,CAP ALUM 390UF 20% 350V SNAP TH
ALF20C271DC400,200,39.11535,KEMET,CAP ALUM 270UF 20% 400V PRESS
ELH228M160AT4AA,400,39.15255,KEMET,CAP ALUM SNAP-IN 85C
PEH506VDD3330M2,1000,39.17397,KEMET,CAP ALUM SNAP-IN 85C
ALC80A241DC450,200,39.24395,KEMET,CAP ALUM 240UF 20% 450V SNAP TH
ALC80C241DC450,200,39.24395,KEMET,CAP ALUM 240UF 20% 450V SNAP TH
ALC80D241DC450,200,39.24395,KEMET,CAP ALUM 240UF 20% 450V SNAP TH
ALC80E241DC450,200,39.24395,KEMET,CAP ALUM 240UF 20% 450V SNAP TH
ALC80F241DC450,200,39.24395,KEMET,CAP ALUM 240UF 20% 450V SNAP TH
ALC80C102EB200,216,39.27532,KEMET,CAP ALUM 1000UF 20% 200V SNAP TH
ALC80D102EB200,216,39.27532,KEMET,CAP ALUM 1000UF 20% 200V SNAP TH
ALC80E102EB200,216,39.27532,KEMET,CAP ALUM 1000UF 20% 200V SNAP TH
ALC80F102EB200,216,39.27532,KEMET,CAP ALUM 1000UF 20% 200V SNAP TH
ALC70A183EB040,216,39.30861,KEMET,CAP ALUM 18000UF 20% 40V SNAP TH
ALC70C183EB040,216,39.30861,KEMET,CAP ALUM 18000UF 20% 40V SNAP TH
ALC70D183EB040,216,39.30861,KEMET,CAP ALUM 18000UF 20% 40V SNAP TH
ALC70E183EB040,216,39.30861,KEMET,CAP ALUM 18000UF 20% 40V SNAP TH
ALC70F183EB040,216,39.30861,KEMET,CAP ALUM 18000UF 20% 40V SNAP TH
ALC70A221CD450,1120,39.35765,KEMET,CAP ALUM SNAP-IN 85C
ALF20C221DD500,1000,39.3951,KEMET,CAP ALUM 220UF 20% 500V PRESS
ALC80A302EB100,216,39.40815,KEMET,CAP ALUM 3000UF 20% 100V SNAP TH
ALC80C302EB100,216,39.40815,KEMET,CAP ALUM 3000UF 20% 100V SNAP TH
ALC80D302EB100,216,39.40815,KEMET,CAP ALUM 3000UF 20% 100V SNAP TH
ALC80E302EB100,216,39.40815,KEMET,CAP ALUM 3000UF 20% 100V SNAP TH
ALC80F302EB100,216,39.40815,KEMET,CAP ALUM 3000UF 20% 100V SNAP TH
ELH688M080AS6AA,400,39.4302,KEMET,CAP ALUM SNAP-IN 85C
ALC70C221DC550,200,39.4325,KEMET,CAP ALUM 220UF 20% 550V SNAP TH
ALC70D221DC550,200,39.4325,KEMET,CAP ALUM 220UF 20% 550V SNAP TH
ALC70E221DC550,200,39.4325,KEMET,CAP ALUM 220UF 20% 550V SNAP TH
ALC70F221DC550,200,39.4325,KEMET,CAP ALUM 220UF 20% 550V SNAP TH
ALC40F123CF040,1120,39.43577,KEMET,CAP ALUM SNAP-IN 105C
ALF40C391DD350,200,39.45645,KEMET,CAP ALUM 390UF 20% 350V PRESS
ALO8AF391CC400,1120,40.83795,KEMET,CAP ALUM 105C 390UF 400VDC
ALC40A101CD450,1120,39.49188,KEMET,CAP ALUM SNAP-IN 105C
ELH188M200AT5AA,400,39.56085,KEMET,CAP ALUM SNAP-IN 85C
PEH532YBF3220M2S,1000,39.61507,KEMET,CAP ALUM SNAP-IN 105C
PEH532YBF3220M2,1000,39.61507,KEMET,CAP ALUM SNAP-IN 105C
PEH536MCD4330M2,1000,39.61722,KEMET,CAP ALUM SNAP-IN 105C
PEG226MH3470QE4,1161,39.62386,KEMET,CAP ALUM 470UF 63V AXIAL TH
ALC40A151CB400,1120,39.62493,KEMET,CAP ALUM SNAP-IN 105C
ALC40A122CB100,1120,39.62493,KEMET,CAP ALUM SNAP-IN 105C
PEH534VCB3150M2,1000,39.62937,KEMET,CAP ALUM 150UF 20% 400V SNAP TH
PEH532UBG3390M2,1000,39.64583,KEMET,CAP ALUM SNAP-IN 105C
ALO8AD331CC450,1120,41.02679,KEMET,CAP ALUM 105C 330UF 450VDC
ALF20C221DC450,200,39.66235,KEMET,CAP ALUM 220UF 20% 450V PRESS
ALC70A820CB600,320,39.70397,KEMET,CAP ALUM 82UF 20% 600V SNAP TH
ALC70D820CB600,320,39.70397,KEMET,CAP ALUM 82UF 20% 600V SNAP TH
ALC70F820CB600,320,39.70397,KEMET,CAP ALUM 82UF 20% 600V SNAP TH
ALA8AF221BF500,1080,39.73273,KEMET,CAP ALUM 500V POLAR
ALA8AD221BF500,1080,39.73273,KEMET,CAP ALUM 500V POLAR
ALF40C331DD400,200,39.89515,KEMET,CAP ALUM 330UF 20% 400V PRESS
ALC40D331CF400,1120,39.90211,KEMET,CAP ALUM SNAP-IN 105C
ALO8AD471DC400,1000,41.38067,KEMET,CAP ALUM 105C 470UF 400VDC
ALC40A562CB040,1120,40.02859,KEMET,CAP ALUM SNAP-IN 105C
ALO8AA351DB450,1000,41.42054,KEMET,CAP ALUM 105C 350UF 450VDC
ALV70A510CB700,1120,41.43304,KEMET,CAP ALUM 85C 51UF 700VDC
ALC70A241DC500,200,40.05225,KEMET,CAP ALUM 240UF 20% 500V SNAP TH
ALC70C241DC500,200,40.05225,KEMET,CAP ALUM 240UF 20% 500V SNAP TH
ALC70D241DC500,200,40.05225,KEMET,CAP ALUM 240UF 20% 500V SNAP TH
ALC70E241DC500,200,40.05225,KEMET,CAP ALUM 240UF 20% 500V SNAP TH
ALC70F241DC500,200,40.05225,KEMET,CAP ALUM 240UF 20% 500V SNAP TH
ALC70F103CF063,320,40.06963,KEMET,CAP ALUM 10000UF 20% 63V SNAP TH
ALC70C103DD063,200,40.1077,KEMET,CAP ALUM 10000UF 20% 63V SNAP TH
ALC70D103DD063,200,40.1077,KEMET,CAP ALUM 10000UF 20% 63V SNAP TH
ALC70F103DD063,200,40.1077,KEMET,CAP ALUM 10000UF 20% 63V SNAP TH
ALF40C123DC040,200,40.10975,KEMET,CAP ALUM 12000UF 20% 40V PRESS
PEG227KMP4420QE4,1161,40.11767,KEMET,CAP ALUM 4200UF 40V AXIAL TH
ALC40A181CF500,1120,40.1276,KEMET,CAP ALUM SNAP-IN 105C
ALF40C821DC200,200,40.13085,KEMET,CAP ALUM 820UF 20% 200V PRESS
ALF20C181DC500,200,40.13825,KEMET,CAP ALUM 180UF 20% 500V PRESS
ALC40A332BC063,1080,40.16274,KEMET,CAP ALUM SNAP-IN 105C
ALA8DD241CD500,320,40.17713,KEMET,CAP ALUM 240UF 20% 500V SNAP TH
ALA7DD391DC450,200,40.19615,KEMET,CAP ALUM 390UF 20% 450V SNAP TH
ALA8DD391DC400,200,40.19615,KEMET,CAP ALUM 390UF 20% 400V SNAP TH
ALA7DF391DC450,200,40.19615,KEMET,CAP ALUM 390UF 20% 450V SNAP TH
ALA8DF391DC400,200,40.19615,KEMET,CAP ALUM 390UF 20% 400V SNAP TH
ALA7DC391DC450,200,40.19615,KEMET,CAP ALUM 390UF 20% 450V SNAP TH
ALA8DC391DC400,200,40.19615,KEMET,CAP ALUM 390UF 20% 400V SNAP TH
ALA7DE391DC450,200,40.19615,KEMET,CAP ALUM 390UF 20% 450V SNAP TH
ALA8DE391DC400,200,40.19615,KEMET,CAP ALUM 390UF 20% 400V SNAP TH
ALC40E123DC040,1000,40.20567,KEMET,CAP ALUM SNAP-IN 105C
ALC70A132CF200,320,40.20944,KEMET,CAP ALUM 1300UF 20% 200V SNAP TH
ALC70D132CF200,320,40.20944,KEMET,CAP ALUM 1300UF 20% 200V SNAP TH
ALC70F132CF200,320,40.20944,KEMET,CAP ALUM 1300UF 20% 200V SNAP TH
ALC80D333CF025,320,40.23116,KEMET,CAP ALUM 33000UF 20% 25V SNAP TH
ALC80F333CF025,320,40.23116,KEMET,CAP ALUM 33000UF 20% 25V SNAP TH
ALC70A132DD200,200,40.25155,KEMET,CAP ALUM 1300UF 20% 200V SNAP TH
ALC70C132DD200,200,40.25155,KEMET,CAP ALUM 1300UF 20% 200V SNAP TH
ALC70D132DD200,200,40.25155,KEMET,CAP ALUM 1300UF 20% 200V SNAP TH
ALC70E132DD200,200,40.25155,KEMET,CAP ALUM 1300UF 20% 200V SNAP TH
ALC70F132DD200,200,40.25155,KEMET,CAP ALUM 1300UF 20% 200V SNAP TH
PEH532MBF4390M2,1000,40.26174,KEMET,CAP ALUM SNAP-IN 105C
ALC80C333DD025,200,40.2623,KEMET,CAP ALUM 33000UF 20% 25V SNAP TH
ALC80D333DD025,200,40.2623,KEMET,CAP ALUM 33000UF 20% 25V SNAP TH
ALC80E333DD025,200,40.2623,KEMET,CAP ALUM 33000UF 20% 25V SNAP TH
ALC80F333DD025,200,40.2623,KEMET,CAP ALUM 33000UF 20% 25V SNAP TH
PEH536UDI3680M3,1000,40.26397,KEMET,CAP ALUM SNAP-IN 105C
PEG226MG3370QE4,1056,40.26723,KEMET,CAP ALUM 370UF 63V AXIAL TH
ALF20C103DC040,200,40.2768,KEMET,CAP ALUM 10000UF 20% 40V PRESS
ALF20C331DD400,200,40.2801,KEMET,CAP ALUM 330UF 20% 400V PRESS
ALF40C561DC250,200,40.3111,KEMET,CAP ALUM 560UF 20% 250V PRESS
ALC80A472CC063,1120,40.35523,KEMET,CAP ALUM 4700UF 20% 63V SNAP TH
ALC40C123DC040,1000,40.37065,KEMET,CAP ALUM SNAP-IN 105C
ALC70A432DD100,200,40.37315,KEMET,CAP ALUM 4300UF 20% 100V SNAP TH
ALC70C432DD100,200,40.37315,KEMET,CAP ALUM 4300UF 20% 100V SNAP TH
ALC70D432DD100,200,40.37315,KEMET,CAP ALUM 4300UF 20% 100V SNAP TH
ALC70E432DD100,200,40.37315,KEMET,CAP ALUM 4300UF 20% 100V SNAP TH
ALC70F432DD100,200,40.37315,KEMET,CAP ALUM 4300UF 20% 100V SNAP TH
ALF40C102DD200,1000,40.38057,KEMET,CAP ALUM 1000UF 20% 200V PRESS
ALF40C682DC063,200,40.40165,KEMET,CAP ALUM 6800UF 20% 63V PRESS
ALC80F912CF063,320,40.40325,KEMET,CAP ALUM 9100UF 20% 63V SNAP TH
ALC80C331EB400,216,40.41046,KEMET,CAP ALUM 330UF 20% 400V SNAP TH
ALC80E331EB400,216,40.41046,KEMET,CAP ALUM 330UF 20% 400V SNAP TH
ALC80F331EB400,216,40.41046,KEMET,CAP ALUM 330UF 20% 400V SNAP TH
PEH534UDC3330M2,1000,40.41902,KEMET,CAP ALUM SNAP-IN HIGH RIPPLE
ALC70A911CF250,320,40.42472,KEMET,CAP ALUM 910UF 20% 250V SNAP TH
ALC70D911CF250,320,40.42472,KEMET,CAP ALUM 910UF 20% 250V SNAP TH
ALC70F911CF250,320,40.42472,KEMET,CAP ALUM 910UF 20% 250V SNAP TH
ALC40A153CC025,1120,40.43003,KEMET,CAP ALUM SNAP-IN 105C
ALC80C912DD063,200,40.45045,KEMET,CAP ALUM 9100UF 20% 63V SNAP TH
ALC80E912DD063,200,40.45045,KEMET,CAP ALUM 9100UF 20% 63V SNAP TH
ALC80F912DD063,200,40.45045,KEMET,CAP ALUM 9100UF 20% 63V SNAP TH
ALO8AD351DB450,1000,41.8586,KEMET,CAP ALUM 105C 350UF 450VDC
ALF20C821DC200,200,40.50255,KEMET,CAP ALUM 820UF 20% 200V PRESS
PEH532YDC3220M2,1000,40.50701,KEMET,CAP ALUM SNAP-IN 105C
PEH532YCD3220M2,1200,40.50703,KEMET,CAP ALUM SNAP-IN 105C
PEH532YCD3220M2S,1000,40.50701,KEMET,CAP ALUM SNAP-IN 105C
PEH532UCE3390M2,1000,40.54108,KEMET,CAP ALUM SNAP-IN 105C
ALC80A331BD250,1080,40.56419,KEMET,CAP ALUM 330UF 20% 250V SNAP TH
ELG108M250AT3AA,1000,40.61592,KEMET,CAP ALUM SNAP-IN 105C
ELG337M450AT4AA,1000,40.61592,KEMET,CAP ALUM SNAP-IN 105C
ALA8AF391DC400,1000,40.62253,KEMET,CAP ALUM 400V POLAR
ALA8AD391DC400,1000,40.62253,KEMET,CAP ALUM 400V POLAR
ALF40C181EC450,216,40.66426,KEMET,CAP ALUM 180UF 20% 450V PRESS
ALF40C151DC500,200,40.6671,KEMET,CAP ALUM 150UF 20% 500V PRESS
ALC70A431EB400,216,40.68532,KEMET,CAP ALUM 430UF 20% 400V SNAP TH
ALC70C431EB400,216,40.68532,KEMET,CAP ALUM 430UF 20% 400V SNAP TH
ALC70D431EB400,216,40.68532,KEMET,CAP ALUM 430UF 20% 400V SNAP TH
ALC70E431EB400,216,40.68532,KEMET,CAP ALUM 430UF 20% 400V SNAP TH
ALC70F431EB400,216,40.68532,KEMET,CAP ALUM 430UF 20% 400V SNAP TH
PEG227MLL4110QE4,1290,40.6984,KEMET,CAP ALUM 1100UF 63V AXIAL TH
ALC40A122BD100,1080,40.69949,KEMET,CAP ALUM SNAP-IN 105C
ALV70D510CB700,1120,42.11926,KEMET,CAP ALUM 85C 51UF 700VDC
PEG228KMP4320QE4,1161,40.71484,KEMET,CAP ALUM 3200UF 40V AXIAL TH
PEG228MMP4140QE4,1161,40.72588,KEMET,CAP ALUM 1400UF 63V AXIAL TH
PEH506PDD4270M2,1200,40.7897,KEMET,CAP ALUM SNAP-IN 85C
ALF40C273DD025,200,40.8197,KEMET,CAP ALUM 27000UF 20% 25V PRESS
ALC80A431CF350,320,40.833,KEMET,CAP ALUM 430UF 20% 350V SNAP TH
ALC80D431CF350,320,40.833,KEMET,CAP ALUM 430UF 20% 350V SNAP TH
ALC80F431CF350,320,40.833,KEMET,CAP ALUM 430UF 20% 350V SNAP TH
ALC40A151BD400,1080,40.83479,KEMET,CAP ALUM SNAP-IN 105C
ALC80A431DD350,200,40.85935,KEMET,CAP ALUM 430UF 20% 350V SNAP TH
ALC80C431DD350,200,40.85935,KEMET,CAP ALUM 430UF 20% 350V SNAP TH
ALC80D431DD350,200,40.85935,KEMET,CAP ALUM 430UF 20% 350V SNAP TH
ALC80E431DD350,200,40.85935,KEMET,CAP ALUM 430UF 20% 350V SNAP TH
ALC80F431DD350,200,40.85935,KEMET,CAP ALUM 430UF 20% 350V SNAP TH
ELH478M100AT4AA,1000,40.87988,KEMET,CAP ALUM SNAP-IN 85C
ELH228M200AT6AA,1000,40.88426,KEMET,CAP ALUM SNAP-IN 85C
ALC80A112CF200,320,40.89734,KEMET,CAP ALUM 1100UF 20% 200V SNAP TH
ALC80D112CF200,320,40.89734,KEMET,CAP ALUM 1100UF 20% 200V SNAP TH
ALC80F112CF200,320,40.89734,KEMET,CAP ALUM 1100UF 20% 200V SNAP TH
ALC70A201CD550,320,40.94025,KEMET,CAP ALUM 200UF 20% 550V SNAP TH
ALC70D201CD550,320,40.94025,KEMET,CAP ALUM 200UF 20% 550V SNAP TH
ALC70F201CD550,320,40.94025,KEMET,CAP ALUM 200UF 20% 550V SNAP TH
ALA8AF391CE450,1120,40.94037,KEMET,CAP ALUM 450V POLAR
ALC80D221CD450,320,40.95109,KEMET,CAP ALUM 220UF 20% 450V SNAP TH
ALC80F221CD450,320,40.95109,KEMET,CAP ALUM 220UF 20% 450V SNAP TH
PEG220HL4470QE1,1,,KEMET,CAP ALUM AXL 150C
ALV70F510CB700,1120,42.4333,KEMET,CAP ALUM 85C 51UF 700VDC
ALA8DD241DC500,200,41.014,KEMET,CAP ALUM 240UF 20% 500V SNAP TH
ALA8DF241DC500,200,41.014,KEMET,CAP ALUM 240UF 20% 500V SNAP TH
ALA8DC241DC500,200,41.014,KEMET,CAP ALUM 240UF 20% 500V SNAP TH
ALC70A361EB450,216,41.01532,KEMET,CAP ALUM 360UF 20% 450V SNAP TH
ALC70C361EB450,216,41.01532,KEMET,CAP ALUM 360UF 20% 450V SNAP TH
ALC70D361EB450,216,41.01532,KEMET,CAP ALUM 360UF 20% 450V SNAP TH
ALC70E361EB450,216,41.01532,KEMET,CAP ALUM 360UF 20% 450V SNAP TH
ALC70F361EB450,216,41.01532,KEMET,CAP ALUM 360UF 20% 450V SNAP TH
ALA7DA431CE450,320,41.02631,KEMET,CAP ALUM 430UF 20% 450V SNAP TH
ALA8DA431CE400,320,41.02631,KEMET,CAP ALUM 430UF 20% 400V SNAP TH
ALA7DD431CE450,320,41.02631,KEMET,CAP ALUM 430UF 20% 450V SNAP TH
ALA8DD431CE400,320,41.02631,KEMET,CAP ALUM 430UF 20% 400V SNAP TH
ALA7DF431CE450,320,41.02631,KEMET,CAP ALUM 430UF 20% 450V SNAP TH
ALA8DF431CE400,320,41.02631,KEMET,CAP ALUM 430UF 20% 400V SNAP TH
ALO8AA461DB400,1000,42.45948,KEMET,CAP ALUM 105C 460UF 400VDC
ALC80D332CF100,320,41.04775,KEMET,CAP ALUM 3300UF 20% 100V SNAP TH
ALC80F332CF100,320,41.04775,KEMET,CAP ALUM 3300UF 20% 100V SNAP TH
ALC70A203CF040,320,41.06922,KEMET,CAP ALUM 20000UF 20% 40V SNAP TH
ALC70D203CF040,320,41.06922,KEMET,CAP ALUM 20000UF 20% 40V SNAP TH
ALC70F203CF040,320,41.06922,KEMET,CAP ALUM 20000UF 20% 40V SNAP TH
ALF20C682DC063,200,41.0785,KEMET,CAP ALUM 6800UF 20% 63V PRESS
PEH536VBG3220M2,1000,41.10315,KEMET,CAP ALUM SNAP-IN 105C
ALC70A561CF350,320,41.11209,KEMET,CAP ALUM 560UF 20% 350V SNAP TH
ALC70D561CF350,320,41.11209,KEMET,CAP ALUM 560UF 20% 350V SNAP TH
ALC70F561CF350,320,41.11209,KEMET,CAP ALUM 560UF 20% 350V SNAP TH
ALC70C203DD040,200,41.1248,KEMET,CAP ALUM 20000UF 20% 40V SNAP TH
ALC70D203DD040,200,41.1248,KEMET,CAP ALUM 20000UF 20% 40V SNAP TH
ALC70E203DD040,200,41.1248,KEMET,CAP ALUM 20000UF 20% 40V SNAP TH
ALC70A561DD350,200,41.1579,KEMET,CAP ALUM 560UF 20% 350V SNAP TH
ALC70C561DD350,200,41.1579,KEMET,CAP ALUM 560UF 20% 350V SNAP TH
ALC70D561DD350,200,41.1579,KEMET,CAP ALUM 560UF 20% 350V SNAP TH
ALC70E561DD350,200,41.1579,KEMET,CAP ALUM 560UF 20% 350V SNAP TH
ALC70F561DD350,200,41.1579,KEMET,CAP ALUM 560UF 20% 350V SNAP TH
PEG220ML3900QE1,1,,KEMET,CAP ALUM AXL 150C
ALA8AF331DC450,1000,41.22298,KEMET,CAP ALUM 450V POLAR
ALC40A682CC040,1120,41.23733,KEMET,CAP ALUM SNAP-IN 105C
ALF20C331DC400,200,41.24845,KEMET,CAP ALUM 330UF 20% 400V PRESS
ALC40C331DD400,1000,41.27466,KEMET,CAP ALUM SNAP-IN 105C
ALC40A221CC350,1120,41.37148,KEMET,CAP ALUM SNAP-IN 105C
ALA7DF331CE500,320,41.40206,KEMET,CAP ALUM 330UF 20% 500V SNAP TH
ELH278M160AT6AA,1000,41.43418,KEMET,CAP ALUM SNAP-IN 85C
ALC70D331DC450,1000,41.45948,KEMET,CAP ALUM 330UF 20% 450V SNAP TH
ALO8AD461DB400,1000,42.89753,KEMET,CAP ALUM 105C 460UF 400VDC
PEG226KH4150QE4,1161,41.49136,KEMET,CAP ALUM 1500UF 40V AXIAL TH
PEH506SBG3680M2S,1000,41.49463,KEMET,CAP ALUM SNAP-IN 85C
ALF20C271DD450,200,41.5296,KEMET,CAP ALUM 270UF 20% 450V PRESS
ALC70C133DF063,200,41.55525,KEMET,CAP ALUM 13000UF 20% 63V SNAP TH
ALC70D133DF063,200,41.55525,KEMET,CAP ALUM 13000UF 20% 63V SNAP TH
ALC70E133DF063,200,41.55525,KEMET,CAP ALUM 13000UF 20% 63V SNAP TH
ALC70F133DF063,200,41.55525,KEMET,CAP ALUM 13000UF 20% 63V SNAP TH
ALF20C272DC100,200,41.5685,KEMET,CAP ALUM 2700UF 20% 100V PRESS
ALC70D221CD500,320,41.64884,KEMET,CAP ALUM 220UF 20% 500V SNAP TH
ALC70F221CD500,320,41.64884,KEMET,CAP ALUM 220UF 20% 500V SNAP TH
ALA8DD361CE450,320,41.65969,KEMET,CAP ALUM 360UF 20% 450V SNAP TH
ALA8DF361CE450,320,41.65969,KEMET,CAP ALUM 360UF 20% 450V SNAP TH
PEH506RCE4100M2,1000,41.66291,KEMET,CAP ALUM SNAP-IN 85C
PEH506RDD4100M2,1000,41.66291,KEMET,CAP ALUM SNAP-IN 85C
ELG128M200AT4AA,1000,41.77075,KEMET,CAP ALUM SNAP-IN 105C
ALV70A470CB750,1120,43.23328,KEMET,CAP ALUM 85C 47UF 750VDC
PEH506MCF4680M2,1000,41.80482,KEMET,CAP ALUM SNAP-IN 85C
PEH506MDE4680M2,1000,41.80482,KEMET,CAP ALUM SNAP-IN 85C
ALC80A751CF250,320,41.83128,KEMET,CAP ALUM 750UF 20% 250V SNAP TH
ALC80D751CF250,320,41.83128,KEMET,CAP ALUM 750UF 20% 250V SNAP TH
ALC80F751CF250,320,41.83128,KEMET,CAP ALUM 750UF 20% 250V SNAP TH
ALC80A203DF040,200,41.8641,KEMET,CAP ALUM 20000UF 20% 40V SNAP TH
ALC80C203DF040,200,41.8641,KEMET,CAP ALUM 20000UF 20% 40V SNAP TH
ALC80D203DF040,200,41.8641,KEMET,CAP ALUM 20000UF 20% 40V SNAP TH
ALC80E203DF040,200,41.8641,KEMET,CAP ALUM 20000UF 20% 40V SNAP TH
ALC80F203DF040,200,41.8641,KEMET,CAP ALUM 20000UF 20% 40V SNAP TH
ALF40C333DF025,200,41.8947,KEMET,CAP ALUM 33000UF 20% 25V PRESS
ALC80A751DD250,200,41.90795,KEMET,CAP ALUM 750UF 20% 250V SNAP TH
ALC80C751DD250,200,41.90795,KEMET,CAP ALUM 750UF 20% 250V SNAP TH
ALC80D751DD250,200,41.90795,KEMET,CAP ALUM 750UF 20% 250V SNAP TH
ALC80E751DD250,200,41.90795,KEMET,CAP ALUM 750UF 20% 250V SNAP TH
ALC80F751DD250,200,41.90795,KEMET,CAP ALUM 750UF 20% 250V SNAP TH
ALA8AD271CE500,1120,41.96977,KEMET,CAP ALUM 500V POLAR
ALA8AF271CE500,1120,41.96977,KEMET,CAP ALUM 500V POLAR
ALC70D562DF100,200,41.98525,KEMET,CAP ALUM 5600UF 20% 100V SNAP TH
ALC70E562DF100,200,41.98525,KEMET,CAP ALUM 5600UF 20% 100V SNAP TH
ALC70F562DF100,200,41.98525,KEMET,CAP ALUM 5600UF 20% 100V SNAP TH
PEH506JDD5150M2S,1000,41.98633,KEMET,CAP ALUM SNAP-IN 85C
ALC70C102DD250,200,42.01835,KEMET,CAP ALUM 1000UF 20% 250V SNAP TH
ALC70D102DD250,200,42.01835,KEMET,CAP ALUM 1000UF 20% 250V SNAP TH
ALC70E102DD250,200,42.01835,KEMET,CAP ALUM 1000UF 20% 250V SNAP TH
ALC70F102DD250,200,42.01835,KEMET,CAP ALUM 1000UF 20% 250V SNAP TH
ALC40A392CB063,1120,42.04235,KEMET,CAP ALUM SNAP-IN 105C
ALC80A361CF400,320,42.05638,KEMET,CAP ALUM 360UF 20% 400V SNAP TH
ALC80D361CF400,320,42.05638,KEMET,CAP ALUM 360UF 20% 400V SNAP TH
ALC80F361CF400,320,42.05638,KEMET,CAP ALUM 360UF 20% 400V SNAP TH
PEH506SDC3680M2,1000,42.15238,KEMET,CAP ALUM SNAP-IN 85C
PEH506SCE3680M2,1000,42.15238,KEMET,CAP ALUM SNAP-IN 85C
ELG477M400AT4AA,1000,42.17,KEMET,CAP ALUM SNAP-IN 105C
ELH567M400AT5AA,400,42.17855,KEMET,CAP ALUM SNAP-IN 85C
ALF20C102DD200,200,42.21765,KEMET,CAP ALUM 1000UF 20% 200V PRESS
PEH532YCB3120M2,1000,42.21945,KEMET,CAP ALUM SNAP-IN 105C
PEH532PCE4220M2S,1000,42.22937,KEMET,CAP ALUM SNAP-IN 105C
ALA8DD271CE500,320,42.26,KEMET,CAP ALUM 270UF 20% 500V SNAP TH
ALC80C123DF063,200,42.28295,KEMET,CAP ALUM 12000UF 20% 63V SNAP TH
ALC80D123DF063,200,42.28295,KEMET,CAP ALUM 12000UF 20% 63V SNAP TH
ALC80E123DF063,200,42.28295,KEMET,CAP ALUM 12000UF 20% 63V SNAP TH
ALC80F123DF063,200,42.28295,KEMET,CAP ALUM 12000UF 20% 63V SNAP TH
ELG109M063AT6AA,1000,42.30743,KEMET,CAP ALUM SNAP-IN 105C
ALC40A471CD250,1120,42.31184,KEMET,CAP ALUM SNAP-IN 105C
ALC40C102DD200,1000,42.31405,KEMET,CAP ALUM SNAP-IN 105C
ALF20C271DC450,200,42.32925,KEMET,CAP ALUM 270UF 20% 450V PRESS
ALC70D471CF400,320,42.33494,KEMET,CAP ALUM 470UF 20% 400V SNAP TH
ALO8AF351DB450,1000,43.8557,KEMET,CAP ALUM 105C 350UF 450VDC
ALF40C471DF350,200,42.39955,KEMET,CAP ALUM 470UF 20% 350V PRESS
ALC80C122DD200,200,42.42645,KEMET,CAP ALUM 1200UF 20% 200V SNAP TH
ALC80D122DD200,200,42.42645,KEMET,CAP ALUM 1200UF 20% 200V SNAP TH
ALC80E122DD200,200,42.42645,KEMET,CAP ALUM 1200UF 20% 200V SNAP TH
ALC80F122DD200,200,42.42645,KEMET,CAP ALUM 1200UF 20% 200V SNAP TH
ALV70D470CB750,1120,43.91943,KEMET,CAP ALUM 85C 47UF 750VDC
PEH506YCB3120M2,1000,42.4548,KEMET,CAP ALUM SNAP-IN 85C
PES227HKP4460ME4,1200,42.46798,KEMET,CAP ALUM 4600UF 20% 25V SMD
ALA7DD331DC500,200,42.47025,KEMET,CAP ALUM 330UF 20% 500V SNAP TH
ALA7DF331DC500,200,42.47025,KEMET,CAP ALUM 330UF 20% 500V SNAP TH
ALA7DC331DC500,200,42.47025,KEMET,CAP ALUM 330UF 20% 500V SNAP TH
ALA7DE331DC500,200,42.47025,KEMET,CAP ALUM 330UF 20% 500V SNAP TH
ALF40C332DF100,200,42.4835,KEMET,CAP ALUM 3300UF 20% 100V PRESS
ELG688M080AT6AA,1000,42.4911,KEMET,CAP ALUM SNAP-IN 105C
ALO8AF331CC450,1120,44.00361,KEMET,CAP ALUM 105C 330UF 450VDC
PEH536VCE3220M2,1000,42.56809,KEMET,CAP ALUM SNAP-IN 105C
ALC80A362DD100,200,42.5914,KEMET,CAP ALUM 3600UF 20% 100V SNAP TH
ALC80C362DD100,200,42.5914,KEMET,CAP ALUM 3600UF 20% 100V SNAP TH
ALC80D362DD100,200,42.5914,KEMET,CAP ALUM 3600UF 20% 100V SNAP TH
ALC80E362DD100,200,42.5914,KEMET,CAP ALUM 3600UF 20% 100V SNAP TH
ALC80F362DD100,200,42.5914,KEMET,CAP ALUM 3600UF 20% 100V SNAP TH
ALF40C822DD063,200,42.60255,KEMET,CAP ALUM 8200UF 20% 63V PRESS
PES227KLP4300QE4,1260,42.6121,KEMET,CAP ALUM 3000UF 40V SMD
ALF20C123DD040,200,42.6365,KEMET,CAP ALUM 12000UF 20% 40V PRESS
ALC70D391CF450,320,42.64556,KEMET,CAP ALUM 390UF 20% 450V SNAP TH
ALC70F391CF450,320,42.64556,KEMET,CAP ALUM 390UF 20% 450V SNAP TH
ALF40C681DD250,200,42.65095,KEMET,CAP ALUM 680UF 20% 250V PRESS
ALA8DD361DC450,200,42.6795,KEMET,CAP ALUM 360UF 20% 450V SNAP TH
ALA8DC361DC450,200,42.6795,KEMET,CAP ALUM 360UF 20% 450V SNAP TH
ALA8DE361DC450,200,42.6795,KEMET,CAP ALUM 360UF 20% 450V SNAP TH
ALF40G181EC450,216,42.68032,KEMET,CAP ALUM 180UF 20% 450V PRESS
PEG227MMP4210QE4,1161,42.70778,KEMET,CAP ALUM 2100UF 63V AXIAL TH
ALC70C391DD450,200,42.71255,KEMET,CAP ALUM 390UF 20% 450V SNAP TH
ALC70D391DD450,200,42.71255,KEMET,CAP ALUM 390UF 20% 450V SNAP TH
ALC70E391DD450,200,42.71255,KEMET,CAP ALUM 390UF 20% 450V SNAP TH
ALC70F391DD450,200,42.71255,KEMET,CAP ALUM 390UF 20% 450V SNAP TH
PEH532VDD3330M2,1000,42.71545,KEMET,CAP ALUM SNAP-IN 105C
ALC40A181CC400,1120,42.71549,KEMET,CAP ALUM SNAP-IN 105C
PEH532RCE4100M2S,1200,42.74846,KEMET,CAP ALUM SNAP-IN 105C
PEH532RCE4100M2,1000,42.74844,KEMET,CAP ALUM SNAP-IN 105C
ALV70F470CB750,1120,44.23347,KEMET,CAP ALUM 85C 47UF 750VDC
ALA8AD471CF400,1120,42.75396,KEMET,CAP ALUM 400V POLAR
ALA8AF471CF400,1120,42.75396,KEMET,CAP ALUM 400V POLAR
ALA7DA621CF400,320,42.77425,KEMET,CAP ALUM 620UF 20% 400V SNAP TH
ALA7DD621CF400,320,42.77425,KEMET,CAP ALUM 620UF 20% 400V SNAP TH
ALA7DF621CF400,320,42.77425,KEMET,CAP ALUM 620UF 20% 400V SNAP TH
ELG477M400AT5AA,1000,42.82328,KEMET,CAP ALUM 470UF 20% 400V SNAP TH
PEH228KLP4240QE4,1280,42.8255,KEMET,CAP ALUM 2400UF 40V SOLDER LUG
ALC40A121DC450,1000,42.84966,KEMET,CAP ALUM SNAP-IN 105C
ALF40C181DD500,200,42.8701,KEMET,CAP ALUM 180UF 20% 500V PRESS
PEH227KLP4300QE4,1280,42.91123,KEMET,CAP ALUM 3000UF 40V SOLDER LUG
ALC70A681CD250,1120,42.97288,KEMET,CAP ALUM 680UF 20% 250V SNAP TH
ALC40A392BD063,1080,42.9827,KEMET,CAP ALUM SNAP-IN 105C
ALC40A681CD200,1120,42.98278,KEMET,CAP ALUM SNAP-IN 105C
ALC70C182DF200,200,43.03175,KEMET,CAP ALUM 1800UF 20% 200V SNAP TH
ALC70D182DF200,200,43.03175,KEMET,CAP ALUM 1800UF 20% 200V SNAP TH
ALC70E182DF200,200,43.03175,KEMET,CAP ALUM 1800UF 20% 200V SNAP TH
ALC70F182DF200,200,43.03175,KEMET,CAP ALUM 1800UF 20% 200V SNAP TH
ALF20C471DD350,1000,43.03994,KEMET,CAP ALUM 470UF 20% 350V PRESS
ELH567M450AT6AA,400,43.04333,KEMET,CAP ALUM SNAP-IN 85C
PEH536RBE3470M2S,1000,43.06417,KEMET,CAP ALUM SNAP-IN 105C
PEH536VCE3220M2S,1000,43.08617,KEMET,CAP ALUM SNAP-IN 105C
PEH536JCE5100M3,1000,43.12793,KEMET,CAP ALUM SNAP-IN 105C
ALF20C391DC350,200,43.1649,KEMET,CAP ALUM 390UF 20% 350V PRESS
ALA8AD391CE450,1120,43.19172,KEMET,CAP ALUM 450V POLAR
ALO8AD441DC450,1000,44.82063,KEMET,CAP ALUM 105C 440UF 450VDC
ALA8DA471CF400,320,43.33116,KEMET,CAP ALUM 470UF 20% 400V SNAP TH
ALA8DD471CF400,320,43.33116,KEMET,CAP ALUM 470UF 20% 400V SNAP TH
ALA8DF471CF400,320,43.33116,KEMET,CAP ALUM 470UF 20% 400V SNAP TH
ALF40C271EC400,216,43.35833,KEMET,CAP ALUM 270UF 20% 400V PRESS
ALF40C391DF400,200,43.3828,KEMET,CAP ALUM 390UF 20% 400V PRESS
ALO8AF461DB400,1000,44.89353,KEMET,CAP ALUM 105C 460UF 400VDC
ALC80A821CD200,1120,43.393,KEMET,CAP ALUM 820UF 20% 200V SNAP TH
PEH534SCF3680M2,1000,43.40835,KEMET,CAP ALUM SNAP-IN HIGH RIPPLE
ALF20C331EC400,216,43.43912,KEMET,CAP ALUM 330UF 20% 400V PRESS
ALF40C153DD040,200,43.4837,KEMET,CAP ALUM 15000UF 20% 40V PRESS
PEH536YCE3180M2,1000,43.48757,KEMET,CAP ALUM SNAP-IN 105C
ALA8AD331DC450,1000,43.4898,KEMET,CAP ALUM SNAP-IN 105C
PEH532PDD4270M2,1200,43.49747,KEMET,CAP ALUM SNAP-IN 105C
PEH532PCF4270M2,1000,43.49749,KEMET,CAP ALUM SNAP-IN 105C
ALH82A161DD600,1000,43.50956,KEMET,CAP ALUM 160UF 20% 600V SNAP TH
ALF20C822DD063,200,43.51925,KEMET,CAP ALUM 8200UF 20% 63V PRESS
ALC80C391DD400,200,43.55975,KEMET,CAP ALUM 390UF 20% 400V SNAP TH
ALC80D391DD400,200,43.55975,KEMET,CAP ALUM 390UF 20% 400V SNAP TH
ALC80E391DD400,200,43.55975,KEMET,CAP ALUM 390UF 20% 400V SNAP TH
ALC80F391DD400,200,43.55975,KEMET,CAP ALUM 390UF 20% 400V SNAP TH
ELH228M200AT5AA,1000,43.57332,KEMET,CAP ALUM 2200UF 20% 200V SNAP TH
ALC70A751DF350,200,43.59285,KEMET,CAP ALUM 750UF 20% 350V SNAP TH
ALC70C751DF350,200,43.59285,KEMET,CAP ALUM 750UF 20% 350V SNAP TH
ALC70D751DF350,200,43.59285,KEMET,CAP ALUM 750UF 20% 350V SNAP TH
ALC70E751DF350,200,43.59285,KEMET,CAP ALUM 750UF 20% 350V SNAP TH
ALC70F751DF350,200,43.59285,KEMET,CAP ALUM 750UF 20% 350V SNAP TH
ALF20C332DD100,200,43.6094,KEMET,CAP ALUM 3300UF 20% 100V PRESS
ALC40D331DF450,1000,43.61517,KEMET,CAP ALUM SNAP-IN 105C
ALC80C473DF025,200,43.64785,KEMET,CAP ALUM 47000UF 20% 25V SNAP TH
ALC80D473DF025,200,43.64785,KEMET,CAP ALUM 47000UF 20% 25V SNAP TH
ALC80E473DF025,200,43.64785,KEMET,CAP ALUM 47000UF 20% 25V SNAP TH
ALC80F473DF025,200,43.64785,KEMET,CAP ALUM 47000UF 20% 25V SNAP TH
PEH536UCF3330M2,1000,43.65478,KEMET,CAP ALUM SNAP-IN 105C
ALC40F561DF350,1000,43.66792,KEMET,CAP ALUM SNAP-IN 105C
ALC70A273DF040,200,43.66975,KEMET,CAP ALUM 27000UF 20% 40V SNAP TH
ALC70C273DF040,200,43.66975,KEMET,CAP ALUM 27000UF 20% 40V SNAP TH
ALC70D273DF040,200,43.66975,KEMET,CAP ALUM 27000UF 20% 40V SNAP TH
ALC70E273DF040,200,43.66975,KEMET,CAP ALUM 27000UF 20% 40V SNAP TH
ALC70F273DF040,200,43.66975,KEMET,CAP ALUM 27000UF 20% 40V SNAP TH
PEH506VBE3220M2,1000,43.6943,KEMET,CAP ALUM SNAP-IN 85C
PEH534RBE3560M2S,1000,43.72515,KEMET,CAP ALUM SNAP-IN HIGH RIPPLE
ALA7DD431CD400,1120,43.80101,KEMET,CAP ALUM 430UF 20% 400V SNAP TH
ALA7DD561DD400,200,43.82355,KEMET,CAP ALUM 560UF 20% 400V SNAP TH
ALA7DF561DD400,200,43.82355,KEMET,CAP ALUM 560UF 20% 400V SNAP TH
ALA7DC561DD400,200,43.82355,KEMET,CAP ALUM 560UF 20% 400V SNAP TH
ALA7DE561DD400,200,43.82355,KEMET,CAP ALUM 560UF 20% 400V SNAP TH
PEG220KL4270QE4,1088,43.87363,KEMET,CAP ALUM 2700UF 40V AXIAL TH
PEH228KKP4170QE4,1056,43.87689,KEMET,CAP ALUM 1700UF 40V SOLDER LUG
PEH532YBE3180M2S,1000,43.88574,KEMET,CAP ALUM SNAP-IN 105C
ALC70A511DD400,200,43.9228,KEMET,CAP ALUM 510UF 20% 400V SNAP TH
ALC70C511DD400,200,43.9228,KEMET,CAP ALUM 510UF 20% 400V SNAP TH
ALC70D511DD400,200,43.9228,KEMET,CAP ALUM 510UF 20% 400V SNAP TH
ALC70E511DD400,200,43.9228,KEMET,CAP ALUM 510UF 20% 400V SNAP TH
ALC70F511DD400,200,43.9228,KEMET,CAP ALUM 510UF 20% 400V SNAP TH
PEH532VBE3220M2,1000,43.92312,KEMET,CAP ALUM SNAP-IN 105C
ALF20C331DF450,200,43.9381,KEMET,CAP ALUM 330UF 20% 450V PRESS
ALF40C331DF450,200,43.9381,KEMET,CAP ALUM 330UF 20% 450V PRESS
ALC70A822DC063,1000,43.97373,KEMET,CAP ALUM 8200UF 20% 63V SNAP TH
ALC70A132DF250,200,44.0212,KEMET,CAP ALUM 1300UF 20% 250V SNAP TH
ALC70C132DF250,200,44.0212,KEMET,CAP ALUM 1300UF 20% 250V SNAP TH
ALC70D132DF250,200,44.0212,KEMET,CAP ALUM 1300UF 20% 250V SNAP TH
ALC70E132DF250,200,44.0212,KEMET,CAP ALUM 1300UF 20% 250V SNAP TH
ALC70F132DF250,200,44.0212,KEMET,CAP ALUM 1300UF 20% 250V SNAP TH
PEH532YBE3180M2,1200,44.02981,KEMET,CAP ALUM SNAP-IN 105C
ELG158M180AT4AA,400,44.0799,KEMET,CAP ALUM SNAP-IN 105C
PEH506VCE3330M2,1000,44.09355,KEMET,CAP ALUM SNAP-IN 85C
ALC40A682BD040,1080,44.19257,KEMET,CAP ALUM SNAP-IN 105C
ALO8AF471DC400,1000,45.76289,KEMET,CAP ALUM 105C 470UF 400VDC
ALF20C103DF063,200,44.2325,KEMET,CAP ALUM 10000UF 20% 63V PRESS
PEG228HMS4700QE4,1088,44.24538,KEMET,CAP ALUM 7000UF 25V AXIAL TH
PES227MLP4160QE4,1260,44.26737,KEMET,CAP ALUM 1600UF 63V SMD
ALC70C241EB550,216,44.2925,KEMET,CAP ALUM 240UF 20% 550V SNAP TH
ALC70D241EB550,216,44.2925,KEMET,CAP ALUM 240UF 20% 550V SNAP TH
ALC70E241EB550,216,44.2925,KEMET,CAP ALUM 240UF 20% 550V SNAP TH
ALC70F241EB550,216,44.2925,KEMET,CAP ALUM 240UF 20% 550V SNAP TH
ALA8DD241CC450,1120,44.32456,KEMET,CAP ALUM 240UF 20% 450V SNAP TH
ALA8DF241CC450,1120,44.32456,KEMET,CAP ALUM 240UF 20% 450V SNAP TH
ALF20C122DF200,1000,44.35421,KEMET,CAP ALUM 1200UF 20% 200V PRESS
PEH225KF4120ME1,1000,44.43343,KEMET,CAP ALUM RAD 125C
ALC80C102DF250,200,44.4607,KEMET,CAP ALUM 1000UF 20% 250V SNAP TH
ALC80D102DF250,200,44.4607,KEMET,CAP ALUM 1000UF 20% 250V SNAP TH
ALC80E102DF250,200,44.4607,KEMET,CAP ALUM 1000UF 20% 250V SNAP TH
ALC80F102DF250,200,44.4607,KEMET,CAP ALUM 1000UF 20% 250V SNAP TH
PEH534SBE3390M2,1000,44.47635,KEMET,CAP ALUM 390UF 20% 250V SNAP TH
PEH228MKL3520QE4,1056,44.48951,KEMET,CAP ALUM 520UF 63V SOLDER LUG TH
ALF20C391DF400,200,44.5037,KEMET,CAP ALUM 390UF 20% 400V PRESS
PEH228KKL4110QE4,1056,44.50712,KEMET,CAP ALUM 1100UF 40V SOLDER LUG
ALF20C331DD450,200,44.52895,KEMET,CAP ALUM 330UF 20% 450V PRESS
PEH126MF325EQE1,1000,44.54341,KEMET,CAP ALUM RAD 150C
ALA8DD301CF500,320,44.54934,KEMET,CAP ALUM 300UF 20% 500V SNAP TH
ALF20C271EC450,216,44.5513,KEMET,CAP ALUM 270UF 20% 450V PRESS
PEH534YBE3150M2,1000,44.55879,KEMET,CAP ALUM SNAP-IN HIGH RIPPLE
ALA7DD301CC450,1120,44.56098,KEMET,CAP ALUM 300UF 20% 450V SNAP TH
ALF20G331EC400,216,44.56583,KEMET,CAP ALUM 330UF 20% 400V PRESS
PEH532SBG3680M2,1000,44.5731,KEMET,CAP ALUM SNAP-IN 105C
PEH532SBG3680M3,1000,44.5731,KEMET,CAP ALUM SNAP-IN 105C
PEH532SBG3680M2S,1000,44.5731,KEMET,CAP ALUM SNAP-IN 105C
ALC80C271EB450,216,44.58769,KEMET,CAP ALUM 270UF 20% 450V SNAP TH
ALC80D271EB450,216,44.58769,KEMET,CAP ALUM 270UF 20% 450V SNAP TH
ALC80E271EB450,216,44.58769,KEMET,CAP ALUM 270UF 20% 450V SNAP TH
ALC80F271EB450,216,44.58769,KEMET,CAP ALUM 270UF 20% 450V SNAP TH
PEH506YCE3270M2,1200,44.69302,KEMET,CAP ALUM SNAP-IN 85C
PEH506YDD3270M2S,1000,44.69301,KEMET,CAP ALUM SNAP-IN 85C
PEH506YDD3270M2,1000,44.69301,KEMET,CAP ALUM SNAP-IN 85C
ALF40C471DE400,1000,44.71939,KEMET,CAP ALUM 470UF 20% 400V PRESS
PEH532YDD3270M2,1000,44.72931,KEMET,CAP ALUM SNAP-IN 105C
ALV70C820DC750,1000,46.29087,KEMET,CAP ALUM 85C 82UF 750VDC
ELD397M450AT5AA,1000,44.75015,KEMET,CAP ALUM SNAP-IN 105C
ALV70A680CC700,1120,46.31934,KEMET,CAP ALUM 85C 68UF 700VDC
ALA7DD471DC400,1000,44.77545,KEMET,CAP ALUM 470UF 20% 400V SNAP TH
ALH82A181DD550,1000,44.77876,KEMET,CAP ALUM 180UF 20% 550V SNAP TH
ALF40C682EC063,1008,44.80412,KEMET,CAP ALUM 6800UF 20% 63V PRESS
PEH536SCG3680M3,1000,44.80737,KEMET,CAP ALUM SNAP-IN 105C
PEH506VCG3390M2,1000,44.81837,KEMET,CAP ALUM SNAP-IN 85C
ALC80A621DF350,200,44.8341,KEMET,CAP ALUM 620UF 20% 350V SNAP TH
ALC80C621DF350,200,44.8341,KEMET,CAP ALUM 620UF 20% 350V SNAP TH
ALC80D621DF350,200,44.8341,KEMET,CAP ALUM 620UF 20% 350V SNAP TH
ALC80E621DF350,200,44.8341,KEMET,CAP ALUM 620UF 20% 350V SNAP TH
ALC80F621DF350,200,44.8341,KEMET,CAP ALUM 620UF 20% 350V SNAP TH
ALC80A561CD250,1120,44.85248,KEMET,CAP ALUM 560UF 20% 250V SNAP TH
PEH536UDD3330M2,1000,44.8646,KEMET,CAP ALUM SNAP-IN 105C
ALC80C472DF100,200,44.86715,KEMET,CAP ALUM 4700UF 20% 100V SNAP TH
ALC80D472DF100,200,44.86715,KEMET,CAP ALUM 4700UF 20% 100V SNAP TH
ALC80E472DF100,200,44.86715,KEMET,CAP ALUM 4700UF 20% 100V SNAP TH
ALA7DD391CF500,320,44.94447,KEMET,CAP ALUM 390UF 20% 500V SNAP TH
ALA7DF391CF500,320,44.94447,KEMET,CAP ALUM 390UF 20% 500V SNAP TH
PEH506SBE3470M2,1000,44.95912,KEMET,CAP ALUM SNAP-IN 85C
ALA8AD471DD400,1000,44.96135,KEMET,CAP ALUM 400V POLAR
ALA8AF471DD400,1000,44.96135,KEMET,CAP ALUM 400V POLAR
ALC80A201DC500,200,44.97675,KEMET,CAP ALUM 200UF 20% 500V SNAP TH
ALC80D201DC500,200,44.97675,KEMET,CAP ALUM 200UF 20% 500V SNAP TH
ALC80E201DC500,200,44.97675,KEMET,CAP ALUM 200UF 20% 500V SNAP TH
ALC80F201DC500,200,44.97675,KEMET,CAP ALUM 200UF 20% 500V SNAP TH
ALF20C391EC350,216,45.00384,KEMET,CAP ALUM 390UF 20% 350V PRESS
ELG478M100AT6AA,400,45.02985,KEMET,CAP ALUM SNAP-IN 105C
ALV70E820DC750,1000,46.60495,KEMET,CAP ALUM 85C 82UF 750VDC
ALF20C681DC250,200,45.1326,KEMET,CAP ALUM 680UF 20% 250V PRESS
ALC80C162DF200,200,45.1413,KEMET,CAP ALUM 1600UF 20% 200V SNAP TH
ALC80D162DF200,200,45.1413,KEMET,CAP ALUM 1600UF 20% 200V SNAP TH
ALC80E162DF200,200,45.1413,KEMET,CAP ALUM 1600UF 20% 200V SNAP TH
ALC80F162DF200,200,45.1413,KEMET,CAP ALUM 1600UF 20% 200V SNAP TH
PEH534YDC3220M2S,1000,46.70617,KEMET,CAP ALUMINUM
ALA8AF391DD450,1000,45.19786,KEMET,CAP ALUM 450V POLAR
ALC70D361CD400,1120,45.24292,KEMET,CAP ALUM 360UF 20% 400V SNAP TH
ALO8AF441DC450,1000,46.81662,KEMET,CAP ALUM 105C 440UF 450VDC
ALF20C221EC500,216,45.25574,KEMET,CAP ALUM 220UF 20% 500V PRESS
PES227HLP4620QE4,1260,45.3386,KEMET,CAP ALUM 6200UF 25V SMD
ELH828M080AT5AA,1000,45.34298,KEMET,CAP ALUM SNAP-IN 85C
ALF40G271EC400,216,45.36486,KEMET,CAP ALUM 270UF 20% 400V PRESS
ALF20C271DF500,200,45.37365,KEMET,CAP ALUM 270UF 20% 500V PRESS
PEH228MKP3750QE4,1056,45.4134,KEMET,CAP ALUM 750UF 63V SOLDER LUG TH
PEH228HKL4210ME4,1056,45.43101,KEMET,CAP ALUM 2100UF 20% 25V SLD LUG
ALV70D680CC700,1120,47.00549,KEMET,CAP ALUM 85C 68UF 700VDC
PEH532SCE3680M2S,1000,45.4662,KEMET,CAP ALUM SNAP-IN 105C
PEH532SCE3680M2,1000,45.4662,KEMET,CAP ALUM SNAP-IN 105C
ALF40C471DF400,1000,45.5245,KEMET,CAP ALUM 470UF 20% 400V PRESS
ALC70A271EB500,216,45.52639,KEMET,CAP ALUM 270UF 20% 500V SNAP TH
ALC70C271EB500,216,45.52639,KEMET,CAP ALUM 270UF 20% 500V SNAP TH
ALC70D271EB500,216,45.52639,KEMET,CAP ALUM 270UF 20% 500V SNAP TH
ALC70E271EB500,216,45.52639,KEMET,CAP ALUM 270UF 20% 500V SNAP TH
ALC70F271EB500,216,45.52639,KEMET,CAP ALUM 270UF 20% 500V SNAP TH
ALF40C821EC200,216,45.62903,KEMET,CAP ALUM 820UF 20% 200V PRESS
ALC80F181CD500,320,45.64869,KEMET,CAP ALUM 180UF 20% 500V SNAP TH
ALF40C561DF350,200,45.6511,KEMET,CAP ALUM 560UF 20% 350V PRESS
ALC40A472CC063,1120,45.66968,KEMET,CAP ALUM SNAP-IN 105C
ALA8DA241CC450,1120,45.69826,KEMET,CAP ALUM 240UF 20% 450V SNAP TH
PEH506VDE3390M2,1000,45.71255,KEMET,CAP ALUM SNAP-IN 85C
ALC70A821DC250,1000,45.718,KEMET,CAP ALUM 820UF 20% 250V SNAP TH
ALV70F680CC700,1120,47.31954,KEMET,CAP ALUM 85C 68UF 700VDC
ALA7DA241CC500,1120,45.75872,KEMET,CAP ALUM 240UF 20% 500V SNAP TH
PEH534YCE3220M2S,1200,45.77191,KEMET,CAP ALUM SNAP-IN HIGH RIPPLE
ALF40C561EC250,216,45.8231,KEMET,CAP ALUM 560UF 20% 250V PRESS
ALC40F333EC025,1008,45.83903,KEMET,CAP ALUM SNAP-IN 105C
ALF40C393DF025,200,45.85245,KEMET,CAP ALUM 39000UF 20% 25V PRESS
ALF40C151EB450,216,45.86639,KEMET,CAP ALUM 150UF 20% 450V PRESS
PEH227HLQ4710QE4,1280,45.88849,KEMET,CAP ALUM 7100UF 25V SOLDER LUG
ELD477M450AT6AA,1000,45.91267,KEMET,CAP ALUM SNAP-IN 105C
ALF20C332EC100,216,45.98199,KEMET,CAP ALUM 3300UF 20% 100V PRESS
ALC40D471DF400,1000,45.9952,KEMET,CAP ALUM SNAP-IN 105C
PEH536YCF3220M3,1000,46.0425,KEMET,CAP ALUM SNAP-IN 105C
PEH227KKP4220ME4,1056,46.05569,KEMET,CAP ALUM 2200UF 20% 40V SLD LUG
ALC70E103DD063,1000,46.08211,KEMET,CAP ALUM 10000UF 20% 63V SNAP TH
ALF20C471DF400,200,46.1361,KEMET,CAP ALUM 470UF 20% 400V PRESS
PEH536PDE4220M2,1000,46.1591,KEMET,CAP ALUM SNAP-IN 105C
ALA8AD271DC500,1000,46.1734,KEMET,CAP ALUM 500V POLAR
ALA8AF271DC500,1000,46.1734,KEMET,CAP ALUM 500V POLAR
PEG225MJ4140QE4,1161,46.20196,KEMET,CAP ALUM 1400UF 63V AXIAL TH
ALC80A511DF400,200,46.2039,KEMET,CAP ALUM 510UF 20% 400V SNAP TH
ALC80C511DF400,200,46.2039,KEMET,CAP ALUM 510UF 20% 400V SNAP TH
ALC80D511DF400,200,46.2039,KEMET,CAP ALUM 510UF 20% 400V SNAP TH
ALC80E511DF400,200,46.2039,KEMET,CAP ALUM 510UF 20% 400V SNAP TH
ALC80F511DF400,200,46.2039,KEMET,CAP ALUM 510UF 20% 400V SNAP TH
ALC40A271CD350,1120,46.20638,KEMET,CAP ALUM SNAP-IN 105C
ALC40D471DE400,1000,46.32076,KEMET,CAP ALUM SNAP-IN 105C
ALA8DA361CD400,1120,46.32621,KEMET,CAP ALUM 360UF 20% 400V SNAP TH
ALA8DA471DD400,200,46.39,KEMET,CAP ALUM 470UF 20% 400V SNAP TH
ALA7DD471DD450,200,46.39,KEMET,CAP ALUM 470UF 20% 450V SNAP TH
ALA8DD471DD400,200,46.39,KEMET,CAP ALUM 470UF 20% 400V SNAP TH
ALA7DF471DD450,200,46.39,KEMET,CAP ALUM 470UF 20% 450V SNAP TH
ALA8DF471DD400,200,46.39,KEMET,CAP ALUM 470UF 20% 400V SNAP TH
ALA7DC471DD450,200,46.39,KEMET,CAP ALUM 470UF 20% 450V SNAP TH
ALA8DC471DD400,200,46.39,KEMET,CAP ALUM 470UF 20% 400V SNAP TH
ALA8DE471DD400,200,46.39,KEMET,CAP ALUM 470UF 20% 400V SNAP TH
ALC80A912DD063,1000,46.5165,KEMET,CAP ALUM 9100UF 20% 63V SNAP TH
ALF40C221ED450,216,46.54745,KEMET,CAP ALUM 220UF 20% 450V PRESS
ALF20G271EC450,216,46.55435,KEMET,CAP ALUM 270UF 20% 450V PRESS
PEG226KJ4220QE4,1161,46.58801,KEMET,CAP ALUM 2200UF 40V AXIAL
PEH532PBC3820M2,1000,46.61987,KEMET,CAP ALUM SNAP-IN 105C
ALC70A271CF550,320,46.65031,KEMET,CAP ALUM 270UF 20% 550V SNAP TH
ALC70D271CF550,320,46.65031,KEMET,CAP ALUM 270UF 20% 550V SNAP TH
ALC70F271CF550,320,46.65031,KEMET,CAP ALUM 270UF 20% 550V SNAP TH
ALF20C471DE400,200,46.6538,KEMET,CAP ALUM 470UF 20% 400V PRESS
PEH532MBG4470M2S,1000,46.68809,KEMET,CAP ALUM SNAP-IN 105C
PEH506UCF3470M2,1000,46.71447,KEMET,CAP ALUM SNAP-IN 85C
PEH506UDD3470M2,1000,46.71447,KEMET,CAP ALUM SNAP-IN 85C
ALV70A620CC750,1120,48.37671,KEMET,CAP ALUM 85C 62UF 750VDC
ALC80D331EB400,1008,46.76835,KEMET,CAP ALUM 330UF 20% 400V SNAP TH
ALA8AD561DE400,1000,46.81784,KEMET,CAP ALUM 400V POLAR
ALA8AF561DE400,1000,46.81784,KEMET,CAP ALUM 400V POLAR
PEH532UCF3470M2,1000,46.83984,KEMET,CAP ALUM SNAP-IN 105C
PEH534RCG4100M2,1000,46.86299,KEMET,CAP ALUM SNAP-IN HIGH RIPPLE
PEH534RDD4100M2S,1000,46.86299,KEMET,CAP ALUM SNAP-IN HIGH RIPPLE
PEH534RDD4100M2,1000,46.86299,KEMET,CAP ALUM SNAP-IN HIGH RIPPLE
ALC40A221CD400,1200,46.87836,KEMET,CAP ALUM SNAP-IN 105C
PEH228HML4370QE4,1296,46.90037,KEMET,CAP ALUM 3700UF 25V SOLDER LUG
ALC70C271DD550,200,46.90435,KEMET,CAP ALUM 270UF 20% 550V SNAP TH
ALC70D271DD550,200,46.90435,KEMET,CAP ALUM 270UF 20% 550V SNAP TH
ALC70E271DD550,200,46.90435,KEMET,CAP ALUM 270UF 20% 550V SNAP TH
ALC70F271DD550,200,46.90435,KEMET,CAP ALUM 270UF 20% 550V SNAP TH
PEH534YCE3220M2,1200,46.92784,KEMET,CAP ALUM SNAP-IN HIGH RIPPLE
ALA8DA301CD450,1120,46.92789,KEMET,CAP ALUM 300UF 20% 450V SNAP TH
ALF40G682EC063,1008,46.93448,KEMET,CAP ALUM 6800UF 20% 63V PRESS
ALF40C221EB400,216,46.95481,KEMET,CAP ALUM 220UF 20% 400V PRESS
ALF40C271EB350,216,46.96056,KEMET,CAP ALUM 270UF 20% 350V PRESS
ALF70C241DC500,1000,46.96305,KEMET,CAP ALUM 240UF 20% 500V PRESS
ALF20G391EC350,216,47.00727,KEMET,CAP ALUM 390UF 20% 350V PRESS
ELH158M250AT6AA,1000,47.01143,KEMET,CAP ALUM SNAP-IN 85C
ALC80A301CF450,320,47.01238,KEMET,CAP ALUM 300UF 20% 450V SNAP TH
ALC80D301CF450,320,47.01238,KEMET,CAP ALUM 300UF 20% 450V SNAP TH
ALC80F301CF450,320,47.01238,KEMET,CAP ALUM 300UF 20% 450V SNAP TH
ALC40A151DD450,1000,47.0125,KEMET,CAP ALUM SNAP-IN 105C
ALC40A821CF200,1120,47.01258,KEMET,CAP ALUM SNAP-IN 105C
ALF40C821DF250,200,47.0292,KEMET,CAP ALUM 820UF 20% 250V PRESS
PEH532JDF5220M2,1000,47.05542,KEMET,CAP ALUM SNAP-IN 105C
PEH532JDF5220M2S,1000,47.05542,KEMET,CAP ALUM SNAP-IN 105C
PEH536RDE4100M2S,1000,47.11926,KEMET,CAP ALUM SNAP-IN 105C
ALC70C681DF400,200,47.12305,KEMET,CAP ALUM 680UF 20% 400V SNAP TH
ALC70D681DF400,200,47.12305,KEMET,CAP ALUM 680UF 20% 400V SNAP TH
ALC70E681DF400,200,47.12305,KEMET,CAP ALUM 680UF 20% 400V SNAP TH
ALF40C103DF063,200,47.15695,KEMET,CAP ALUM 10000UF 20% 63V PRESS
ALC80C301DD450,200,47.19955,KEMET,CAP ALUM 300UF 20% 450V SNAP TH
ALC80D301DD450,200,47.19955,KEMET,CAP ALUM 300UF 20% 450V SNAP TH
ALC80E301DD450,200,47.19955,KEMET,CAP ALUM 300UF 20% 450V SNAP TH
PEG124YH2220QE4,1161,47.25013,KEMET,CAP ALUM AXL GEN PUR 105C
ALF20G221EC500,216,47.25954,KEMET,CAP ALUM 220UF 20% 500V PRESS
PEH536RCG4100M2,1000,47.28093,KEMET,CAP ALUM SNAP-IN 105C
PEH532VCG3390M2S,1000,47.31831,KEMET,CAP ALUM SNAP-IN 105C
PEH534JDD5150M2S,1000,47.35899,KEMET,CAP ALUM SNAP-IN HIGH RIPPLE
PEH534JCF5150M2S,1200,47.35903,KEMET,CAP ALUM SNAP-IN HIGH RIPPLE
ALC70A203DD040,1000,47.37107,KEMET,CAP ALUM 20000UF 20% 40V SNAP TH
ALC70F203DD040,1000,47.37107,KEMET,CAP ALUM 20000UF 20% 40V SNAP TH
ALF20C102EC200,216,47.37403,KEMET,CAP ALUM 1000UF 20% 200V PRESS
PEH228HLP4410QE4,1280,47.40852,KEMET,CAP ALUM 4100UF 25V SOLDER LUG
ALC40A182CD100,1120,47.41616,KEMET,CAP ALUM SNAP-IN 105C
ALC40A151CF450,1120,47.41616,KEMET,CAP ALUM SNAP-IN 105C
ALV70D620CC750,1120,49.06287,KEMET,CAP ALUM 85C 62UF 750VDC
ALF20C271EB400,216,47.4238,KEMET,CAP ALUM 270UF 20% 400V PRESS
ALC70C561DF450,200,47.42905,KEMET,CAP ALUM 560UF 20% 450V SNAP TH
ALC70D561DF450,200,47.42905,KEMET,CAP ALUM 560UF 20% 450V SNAP TH
ALC70E561DF450,200,47.42905,KEMET,CAP ALUM 560UF 20% 450V SNAP TH
ALC70F561DF450,200,47.42905,KEMET,CAP ALUM 560UF 20% 450V SNAP TH
ALA7AA471DD450,1000,49.07648,KEMET,CAP ALUMINUM
ALA8AD471DE450,1000,47.44698,KEMET,CAP ALUM 450V POLAR
ALA8AF471DE450,1000,47.44698,KEMET,CAP ALUM 450V POLAR
PEH532YDD3270M2S,1000,47.48105,KEMET,CAP ALUM SNAP-IN 105C
PEH532YCE3270M2S,1000,47.48105,KEMET,CAP ALUM SNAP-IN 105C
PEH532YCE3270M2,1000,47.48105,KEMET,CAP ALUM SNAP-IN 105C
ALC70A561DE400,1000,47.49205,KEMET,CAP ALUM SNAP-IN 85C
ALC80A333DD025,1000,47.52505,KEMET,CAP ALUM 33000UF 20% 25V SNAP TH
PEH228KLQ4280QE4,1280,47.54264,KEMET,CAP ALUM 2800UF 40V SOLDER LUG
ALC40A561DC250,1000,47.55035,KEMET,CAP ALUM SNAP-IN 105C
PEH532VDE3390M2,1000,47.55035,KEMET,CAP ALUM SNAP-IN 105C
PEH536JDE5150M2,1000,47.55589,KEMET,CAP ALUM SNAP-IN 105C
PEH536JDE5150M3,1000,47.55589,KEMET,CAP ALUM SNAP-IN 105C
PEH532MDC4470M2,1000,47.58227,KEMET,CAP ALUM SNAP-IN 105C
PEH532MCE4470M2,1000,47.58227,KEMET,CAP ALUM SNAP-IN 105C
ELH687M400AT6AA,400,47.58843,KEMET,CAP ALUM SNAP-IN 85C
PEH532VCE3330M2S,1200,47.62075,KEMET,CAP ALUM SNAP-IN 105C
PEH228KLL4170QE4,1440,47.62516,KEMET,CAP ALUM 1700UF 40V SOLDER LUG
ALF40G821EC200,216,47.62824,KEMET,CAP ALUM 820UF 20% 200V PRESS
PEH227KLQ4350QE4,1280,47.63502,KEMET,CAP ALUM 3500UF 40V SOLDER LUG
ALA8DD301DD500,200,47.6366,KEMET,CAP ALUM 300UF 20% 500V SNAP TH
ALA8DC301DD500,200,47.6366,KEMET,CAP ALUM 300UF 20% 500V SNAP TH
ALA8DE301DD500,200,47.6366,KEMET,CAP ALUM 300UF 20% 500V SNAP TH
ALC40E331DH450,1000,47.65157,KEMET,CAP ALUM SNAP-IN 105C
ALA8AD391DD450,1000,47.68349,KEMET,CAP ALUM SNAP-IN 105C
ALV70F620CC750,1120,49.37691,KEMET,CAP ALUM 85C 62UF 750VDC
PEH228HKP4300ME4,1056,47.72524,KEMET,CAP ALUM 3000UF 20% 25V SLD LUG
ALF40G561EC250,216,47.82194,KEMET,CAP ALUM 560UF 20% 250V PRESS
ALF40C183DF040,200,47.8607,KEMET,CAP ALUM 18000UF 20% 40V PRESS
ALF40G151EB450,216,47.86519,KEMET,CAP ALUM 150UF 20% 450V PRESS
PEH534YDC3220M3,1000,47.87815,KEMET,CAP ALUM SNAP-IN HIGH RIPPLE
ALC70A301CF500,320,47.91656,KEMET,CAP ALUM 300UF 20% 500V SNAP TH
ALC70D301CF500,320,47.91656,KEMET,CAP ALUM 300UF 20% 500V SNAP TH
ALC70F301CF500,320,47.91656,KEMET,CAP ALUM 300UF 20% 500V SNAP TH
ALC80A333CF025,1120,48.02988,KEMET,CAP ALUM 33000UF 20% 25V SNAP TH
ALF40C272ED100,216,48.04898,KEMET,CAP ALUM 2700UF 20% 100V PRESS
ALA7DD391DD500,200,48.05175,KEMET,CAP ALUM 390UF 20% 500V SNAP TH
ALA7DF391DD500,200,48.05175,KEMET,CAP ALUM 390UF 20% 500V SNAP TH
ALA7DC391DD500,200,48.05175,KEMET,CAP ALUM 390UF 20% 500V SNAP TH
ALA7DE391DD500,200,48.05175,KEMET,CAP ALUM 390UF 20% 500V SNAP TH
ALF40C222EB100,216,48.08264,KEMET,CAP ALUM 2200UF 20% 100V PRESS
ALF40C391ED350,216,48.09032,KEMET,CAP ALUM 390UF 20% 350V PRESS
ALF20G332EC100,216,48.11981,KEMET,CAP ALUM 3300UF 20% 100V PRESS
ALC70A301DD500,200,48.1497,KEMET,CAP ALUM 300UF 20% 500V SNAP TH
ALC70C301DD500,200,48.1497,KEMET,CAP ALUM 300UF 20% 500V SNAP TH
ALC70D301DD500,200,48.1497,KEMET,CAP ALUM 300UF 20% 500V SNAP TH
ALC70E301DD500,200,48.1497,KEMET,CAP ALUM 300UF 20% 500V SNAP TH
ALC70F301DD500,200,48.1497,KEMET,CAP ALUM 300UF 20% 500V SNAP TH
ALA7DD681DE400,200,48.17165,KEMET,CAP ALUM 680UF 20% 400V SNAP TH
ALA7DF681DE400,200,48.17165,KEMET,CAP ALUM 680UF 20% 400V SNAP TH
ALA7DE681DE400,200,48.17165,KEMET,CAP ALUM 680UF 20% 400V SNAP TH
ELG397M400AT4AA,400,48.18405,KEMET,CAP ALUM SNAP-IN 105C
PEH536RDE4100M2,1000,48.22233,KEMET,CAP ALUM SNAP-IN 105C
ALC80A912CF063,1200,48.25316,KEMET,CAP ALUM 9100UF 20% 63V SNAP TH
ALC80D912CF063,1200,48.25316,KEMET,CAP ALUM 9100UF 20% 63V SNAP TH
ALF20C821DD250,200,48.3453,KEMET,CAP ALUM 820UF 20% 250V PRESS
ALC40A271DF500,1000,48.34992,KEMET,CAP ALUM SNAP-IN 105C
ALF40C333EC025,216,48.35296,KEMET,CAP ALUM 33000UF 20% 25V PRESS
ALA8DA241DC500,1000,48.40384,KEMET,CAP ALUM 240UF 20% 500V SNAP TH
ALA8DE241DC500,1000,48.40384,KEMET,CAP ALUM 240UF 20% 500V SNAP TH
PEH227HLP4620QE4,1280,48.40602,KEMET,CAP ALUM 6200UF 25V SOLDER LUG
ALF20C391DF450,200,48.45445,KEMET,CAP ALUM 390UF 20% 450V PRESS
ALC70C562DF100,1000,48.46429,KEMET,CAP ALUM 5600UF 20% 100V SNAP TH
ALF40C331ED400,216,48.4762,KEMET,CAP ALUM 330UF 20% 400V PRESS
ALF40G221ED450,216,48.54667,KEMET,CAP ALUM 220UF 20% 450V PRESS
ALC80A562CC063,1120,48.54789,KEMET,CAP ALUM 5600UF 20% 63V SNAP TH
ALF20C181EB500,216,48.61903,KEMET,CAP ALUM 180UF 20% 500V PRESS
ALA8DD431DD450,200,48.619,KEMET,CAP ALUM 430UF 20% 450V SNAP TH
ALA8DC431DD450,200,48.619,KEMET,CAP ALUM 430UF 20% 450V SNAP TH
ALA8DE431DD450,200,48.619,KEMET,CAP ALUM 430UF 20% 450V SNAP TH
PEH506MDF4820M4,1000,48.73817,KEMET,CAP ALUM SNAP-IN 85C
PEH506MDF4820M2,1000,48.73817,KEMET,CAP ALUM SNAP-IN 85C
ALF20C391ED400,216,48.75495,KEMET,CAP ALUM 390UF 20% 400V PRESS
PEH534UDE3470M2,1000,48.7591,KEMET,CAP ALUM SNAP-IN HIGH RIPPLE
PEH506JDE5180M2,1000,48.7591,KEMET,CAP ALUM SNAP-IN 85C
ALF20C561DF350,200,48.88405,KEMET,CAP ALUM 560UF 20% 350V PRESS
ALF40G221EB400,216,48.95056,KEMET,CAP ALUM 220UF 20% 400V PRESS
ALF40G271EB350,216,48.95898,KEMET,CAP ALUM 270UF 20% 350V PRESS
ALF20C821EB200,216,48.97546,KEMET,CAP ALUM 820UF 20% 200V PRESS
ALF40C562EB063,216,49.08495,KEMET,CAP ALUM 5600UF 20% 63V PRESS
ALC80A332CF100,1120,49.09456,KEMET,CAP ALUM 3300UF 20% 100V SNAP TH
ALH82A201DE600,1000,49.10997,KEMET,CAP ALUM 200UF 20% 600V SNAP TH
PEH506SCF3820M2,1000,49.15727,KEMET,CAP ALUM SNAP-IN 85C
PEH506SCF3820M2S,1000,49.15727,KEMET,CAP ALUM SNAP-IN 85C
ALF40C681EB200,216,49.1837,KEMET,CAP ALUM 680UF 20% 200V PRESS
ALF20C331DF500,200,49.2297,KEMET,CAP ALUM 330UF 20% 500V PRESS
ALF70C432DD100,1000,49.2661,KEMET,CAP ALUM 4300UF 20% 100V PRESS
ALV70A910CE700,1120,50.97685,KEMET,CAP ALUM 85C 91UF 700VDC
ALF20C331EB350,216,49.29093,KEMET,CAP ALUM 330UF 20% 350V PRESS
PEH536VCF3270M2,1000,49.29694,KEMET,CAP ALUM SNAP-IN 105C
ALC70A331DE500,1000,49.31009,KEMET,CAP ALUM SNAP-IN 85C
PEH227MKP4110QE4,1056,49.32988,KEMET,CAP ALUM 1100UF 63V SOLDER LUG
PEH532RCF4120M2,1200,49.33322,KEMET,CAP ALUM SNAP-IN 105C
PEH228KML4220QE4,1296,49.36073,KEMET,CAP ALUM 2200UF 40V SOLDER LUG
PEH220MG3370QE1,1000,49.3827,KEMET,CAP ALUM RAD 150C
ALC70A391DD450,1000,49.38931,KEMET,CAP ALUM 390UF 20% 450V SNAP TH
ALF20G271EB400,216,49.41801,KEMET,CAP ALUM 270UF 20% 400V PRESS
PEH536YCF3220M2,1000,49.43107,KEMET,CAP ALUM SNAP-IN 105C
ALF80C201DC500,1000,49.49268,KEMET,CAP ALUM 200UF 20% 500V PRESS
ELG478M080AS6AA,1000,49.50806,KEMET,CAP ALUM SNAP-IN 105C
PEH228HLQ4470QE4,1280,49.54876,KEMET,CAP ALUM 4700UF 25V SOLDER LUG
ALF20C183DF040,200,49.59025,KEMET,CAP ALUM 18000UF 20% 40V PRESS
PEH220HG4220ME1,1000,49.60266,KEMET,CAP ALUM RAD 150C
ALF20C272EB100,216,49.65347,KEMET,CAP ALUM 2700UF 20% 100V PRESS
ALC80A271DE500,1000,49.67411,KEMET,CAP ALUM 270UF 20% 500V SNAP TH
ALV70C101DD750,1000,51.4343,KEMET,CAP ALUM 85C 100UF 750VDC
ALV70A820CD700,1120,51.43429,KEMET,CAP ALUM 85C 82UF 700VDC
ALA8AD331CF500,1120,49.72142,KEMET,CAP ALUM 500V POLAR
ALA8AF331CF500,1120,49.72142,KEMET,CAP ALUM 500V POLAR
ALF20C181DC550,200,49.7296,KEMET,CAP ALUM 180UF 20% 550V PRESS
ALF40C471EB250,216,49.73042,KEMET,CAP ALUM 470UF 20% 250V PRESS
ALA8DA201CC500,1120,49.75442,KEMET,CAP ALUM 200UF 20% 500V SNAP TH
ALF40C271EF450,216,49.77792,KEMET,CAP ALUM 270UF 20% 450V PRESS
ALC40A223DC025,1000,49.83363,KEMET,CAP ALUM SNAP-IN 105C
ALC70A221CD500,1120,49.87869,KEMET,CAP ALUM 220UF 20% 500V SNAP TH
PEH534VDD3330M2,1000,49.88862,KEMET,CAP ALUM SNAP-IN HIGH RIPPLE
PEH534VCF3330M2,1000,49.88862,KEMET,CAP ALUM SNAP-IN HIGH RIPPLE
ALV70D910CE700,1120,51.663,KEMET,CAP ALUM 85C 91UF 700VDC
ALF20C561DF400,200,49.9756,KEMET,CAP ALUM 560UF 20% 400V PRESS
ALH82A221DE550,1000,49.99315,KEMET,CAP ALUM 220UF 20% 550V SNAP TH
ALV70E101DD750,1000,51.74838,KEMET,CAP ALUM 85C 100UF 750VDC
ALF40G272ED100,216,50.04093,KEMET,CAP ALUM 2700UF 20% 100V PRESS
ALF70C221DC550,1000,50.0426,KEMET,CAP ALUM 220UF 20% 550V PRESS
ALF80C301DD450,1000,50.0426,KEMET,CAP ALUM 300UF 20% 450V PRESS
PEH536JCE5100M2,1000,50.07229,KEMET,CAP ALUM SNAP-IN 105C
ALF40G222EB100,216,50.07458,KEMET,CAP ALUM 2200UF 20% 100V PRESS
ALC40E471DE400,1000,50.07998,KEMET,CAP ALUM SNAP-IN 105C
ALF40G391ED350,216,50.08227,KEMET,CAP ALUM 390UF 20% 350V PRESS
ALF20C152DF200,200,50.1104,KEMET,CAP ALUM 1500UF 20% 200V PRESS
ALF20C221EB450,216,50.13431,KEMET,CAP ALUM 220UF 20% 450V PRESS
ALF20C471EE400,216,50.13546,KEMET,CAP ALUM 470UF 20% 400V PRESS
ALF40C471EE350,216,50.18181,KEMET,CAP ALUM 470UF 20% 350V PRESS
PEG228KMS4420QE4,1088,50.20204,KEMET,CAP ALUM 4200UF 40V AXIAL TH
ALV70F910CE700,1120,51.97712,KEMET,CAP ALUM 85C 91UF 700VDC
PEH225HF4220ME1,1000,50.26257,KEMET,CAP ALUM RAD 125C
ALF40G333EC025,216,50.34449,KEMET,CAP ALUM 33000UF 20% 25V PRESS
ALC80D221EB500,216,50.36287,KEMET,CAP ALUM 220UF 20% 500V SNAP TH
ALC80E221EB500,216,50.36287,KEMET,CAP ALUM 220UF 20% 500V SNAP TH
ALC80F221EB500,216,50.36287,KEMET,CAP ALUM 220UF 20% 500V SNAP TH
PEH226KF3800QE1,1000,50.37255,KEMET,CAP ALUM RAD 150C
ELG188M200AT6AA,1000,50.37478,KEMET,CAP ALUM SNAP-IN 105C
ALV70D820CD700,1120,52.12043,KEMET,CAP ALUM 85C 82UF 700VDC
PEH228HMP4530QE4,1152,50.37583,KEMET,CAP ALUM 5300UF 25V SOLDER LUG
ALV70A910DC700,1000,52.12048,KEMET,CAP ALUM 85C 91UF 700VDC
ALC80D912DD063,200,50.42095,KEMET,CAP ALUM 9100UF 20% 63V SNAP TH
PEH534JDD5150M2,1000,50.42316,KEMET,CAP ALUM SNAP-IN HIGH RIPPLE
ALF40G331ED400,216,50.46704,KEMET,CAP ALUM 330UF 20% 400V PRESS
ALC40C102DH250,1000,50.5496,KEMET,CAP ALUM SNAP-IN 105C
ALA8DF361DC450,1000,50.5639,KEMET,CAP ALUM 360UF 20% 450V SNAP TH
ALF20C271ED500,216,50.58264,KEMET,CAP ALUM 270UF 20% 500V PRESS
ALF20G181EB500,216,50.61171,KEMET,CAP ALUM 180UF 20% 500V PRESS
ELG188M180AT6AA,400,50.61403,KEMET,CAP ALUM SNAP-IN 105C
ALF20C471ED350,216,50.62704,KEMET,CAP ALUM 470UF 20% 350V PRESS
ALF20C122ED200,216,50.64542,KEMET,CAP ALUM 1200UF 20% 200V PRESS
ALF20G221EB450,216,50.64542,KEMET,CAP ALUM 220UF 20% 450V PRESS
ALV70F820CD700,1120,52.43455,KEMET,CAP ALUM 85C 82UF 700VDC
ALF20G391ED400,216,50.74537,KEMET,CAP ALUM 390UF 20% 400V PRESS
ALA7DD561DE450,200,50.78645,KEMET,CAP ALUM 560UF 20% 450V SNAP TH
ALA8DD561DE400,200,50.78645,KEMET,CAP ALUM 560UF 20% 400V SNAP TH
ALA7DF561DE450,200,50.78645,KEMET,CAP ALUM 560UF 20% 450V SNAP TH
ALA8DF561DE400,200,50.78645,KEMET,CAP ALUM 560UF 20% 400V SNAP TH
ALA7DC561DE450,200,50.78645,KEMET,CAP ALUM 560UF 20% 450V SNAP TH
ALA8DC561DE400,200,50.78645,KEMET,CAP ALUM 560UF 20% 400V SNAP TH
ALA7DE561DE450,200,50.78645,KEMET,CAP ALUM 560UF 20% 450V SNAP TH
ALA8DE561DE400,200,50.78645,KEMET,CAP ALUM 560UF 20% 400V SNAP TH
PEH534MCE4470M2,1000,50.80149,KEMET,CAP ALUM SNAP-IN HIGH RIPPLE
PEH534MDC4470M2,1000,50.80149,KEMET,CAP ALUM SNAP-IN HIGH RIPPLE
PEH534MDC4470M4,1000,50.80149,KEMET,CAP ALUM SNAP-IN HIGH RIPPLE
ALV70D910DC700,1000,52.57676,KEMET,CAP ALUM 85C 91UF 700VDC
ALF40C273EB025,216,50.92375,KEMET,CAP ALUM 27000UF 20% 25V PRESS
ALC40A121CC500,1120,50.94227,KEMET,CAP ALUM SNAP-IN 105C
ALF20G821EB200,216,50.96509,KEMET,CAP ALUM 820UF 20% 200V PRESS
ALC70C361DF550,200,50.97125,KEMET,CAP ALUM 360UF 20% 550V SNAP TH
ALC70D361DF550,200,50.97125,KEMET,CAP ALUM 360UF 20% 550V SNAP TH
ALC70E361DF550,200,50.97125,KEMET,CAP ALUM 360UF 20% 550V SNAP TH
ALC70F361DF550,200,50.97125,KEMET,CAP ALUM 360UF 20% 550V SNAP TH
PEH532PDE4330M2,1000,50.98184,KEMET,CAP ALUM 3300UF 20% 100V SNAP TH
PEH532PCG4330M2S,1200,50.98187,KEMET,CAP ALUM SNAP-IN 105C
PEH532PCG4330M2,1000,50.98184,KEMET,CAP ALUM SNAP-IN 105C
PEH227HML4560QE4,1296,50.99285,KEMET,CAP ALUM 5600UF 25V SOLDER LUG
ALF40C331DH450,200,51.0068,KEMET,CAP ALUM 330UF 20% 450V PRESS
ALF70C301DD500,1000,51.03245,KEMET,CAP ALUM 300UF 20% 500V PRESS
PEH228MLQ4120QE4,1280,51.04455,KEMET,CAP ALUM 1200UF 63V SOLDER LUG
ALF20C472DF100,200,51.06345,KEMET,CAP ALUM 4700UF 20% 100V PRESS
ALF40G562EB063,216,51.07537,KEMET,CAP ALUM 5600UF 20% 63V PRESS
ALF20C391EE450,216,51.12398,KEMET,CAP ALUM 390UF 20% 450V PRESS
ALA8DA361CE450,1120,51.13476,KEMET,CAP ALUM 360UF 20% 450V SNAP TH
ALF40G681EB200,216,51.17259,KEMET,CAP ALUM 680UF 20% 200V PRESS
ALC80A102EB200,1008,51.17652,KEMET,CAP ALUM 1000UF 20% 200V SNAP TH
ALC70A391CF450,1120,51.18312,KEMET,CAP ALUM 390UF 20% 450V SNAP TH
ALC70A131CD600,320,51.18353,KEMET,CAP ALUM 130UF 20% 600V SNAP TH
ALC70D131CD600,320,51.18353,KEMET,CAP ALUM 130UF 20% 600V SNAP TH
ALC70F131CD600,320,51.18353,KEMET,CAP ALUM 130UF 20% 600V SNAP TH
ALF40C123EB040,216,51.20514,KEMET,CAP ALUM 12000UF 20% 40V PRESS
ALF20G331EB350,216,51.27981,KEMET,CAP ALUM 330UF 20% 350V PRESS
PEG228MMS4180QE4,1088,51.28209,KEMET,CAP ALUM 1800UF 63V AXIAL TH
ALF20C471ED400,216,51.39005,KEMET,CAP ALUM 470UF 20% 400V PRESS
PEH534PDE4330M2,1000,51.43716,KEMET,CAP ALUM SNAP-IN HIGH RIPPLE
PEH534PCG4330M2,1000,51.43716,KEMET,CAP ALUM SNAP-IN HIGH RIPPLE
ALV70A820CE750,1120,53.23452,KEMET,CAP ALUM 85C 82UF 750VDC
ALF20C471DF450,200,51.45585,KEMET,CAP ALUM 470UF 20% 450V PRESS
ALF20G102EC200,216,51.47468,KEMET,CAP ALUM 1000UF 20% 200V PRESS
ALF70C102DD250,1000,51.48231,KEMET,CAP ALUM 1000UF 20% 250V PRESS
ALF40C391EE400,216,51.50796,KEMET,CAP ALUM 390UF 20% 400V PRESS
ALF20C392ED100,216,51.5206,KEMET,CAP ALUM 3900UF 20% 100V PRESS
ALF20C331ED450,216,51.53708,KEMET,CAP ALUM 330UF 20% 450V PRESS
ALF40C332EE100,216,51.55773,KEMET,CAP ALUM 3300UF 20% 100V PRESS
ALF70C331DE500,1000,51.58237,KEMET,CAP ALUM 330UF 20% 500V PRESS
ALF70C361EB450,1000,51.58237,KEMET,CAP ALUM 360UF 20% 450V PRESS
ALF20G471EE400,216,51.60866,KEMET,CAP ALUM 470UF 20% 400V PRESS
ALF20G272EB100,216,51.64083,KEMET,CAP ALUM 2700UF 20% 100V PRESS
ALF40C822ED063,216,51.64963,KEMET,CAP ALUM 8200UF 20% 63V PRESS
PEH532PCE4220M2,1000,51.67581,KEMET,CAP ALUM SNAP-IN 105C
ALF40G471EB250,216,51.71968,KEMET,CAP ALUM 470UF 20% 250V PRESS
ALF40C681ED250,216,51.72542,KEMET,CAP ALUM 680UF 20% 250V PRESS
ALC70A241EB550,1008,51.72863,KEMET,CAP ALUM 240UF 20% 550V SNAP TH
ALC70A821EB250,1008,51.75611,KEMET,CAP ALUM 820UF 20% 250V SNAP TH
ALF40G271EF450,216,51.76755,KEMET,CAP ALUM 270UF 20% 450V PRESS
ALF40C102ED200,216,51.78134,KEMET,CAP ALUM 1000UF 20% 200V PRESS
ALF20C561DH400,200,51.8098,KEMET,CAP ALUM 560UF 20% 400V PRESS
ALF20C183EC040,216,51.81273,KEMET,CAP ALUM 18000UF 20% 40V PRESS
PEH506UDF3680M2,1000,51.84964,KEMET,CAP ALUM SNAP-IN 85C
PEH536PDG4330M2,1000,51.87164,KEMET,CAP ALUM SNAP-IN 105C
PEH536PDG4330M3,1000,51.87164,KEMET,CAP ALUM SNAP-IN 105C
ALA8DF271CE500,1120,51.9321,KEMET,CAP ALUM 270UF 20% 500V SNAP TH
ALC40A103CD040,1120,51.98274,KEMET,CAP ALUM SNAP-IN 105C
ALF40C153ED040,216,51.9869,KEMET,CAP ALUM 15000UF 20% 40V PRESS
ALA8AD331DD500,1000,52.00362,KEMET,CAP ALUM 500V POLAR
ALA8AF331DD500,1000,52.00362,KEMET,CAP ALUM 500V POLAR
ALF20C822EB063,216,52.00722,KEMET,CAP ALUM 8200UF 20% 63V PRESS
PEH536SDF3820M3,1200,52.00804,KEMET,CAP ALUM SNAP-IN 105C
ELG567M400AT6AA,400,52.06325,KEMET,CAP ALUM SNAP-IN 105C
ALV70A750CD750,1120,53.89225,KEMET,CAP ALUM 85C 75UF 750VDC
ALV70D820CE750,1120,53.92067,KEMET,CAP ALUM 85C 82UF 750VDC
ALC40A681DD250,1000,52.11691,KEMET,CAP ALUM SNAP-IN 105C
PEH228MML3990QE4,1296,52.12678,KEMET,CAP ALUM 990UF 63V SOLDER LUG TH
ALC80F472DF100,1200,52.1356,KEMET,CAP ALUM 4700UF 20% 100V SNAP TH
PEH534PCE4220M2,1000,52.16859,KEMET,CAP ALUM SNAP-IN HIGH RIPPLE
ALF40G471EE350,216,52.16954,KEMET,CAP ALUM 470UF 20% 350V PRESS
ALC40E123EB040,1008,52.18616,KEMET,CAP ALUM SNAP-IN 105C
ALF20G331ED450,216,52.2331,KEMET,CAP ALUM 330UF 20% 450V PRESS
ELH109M080AT6AA,1000,52.24335,KEMET,CAP ALUM SNAP-IN 85C
PEH536MDD4470M2S,1000,52.2555,KEMET,CAP ALUM SNAP-IN 105C
PEH536MCF4470M3,1000,52.2555,KEMET,CAP ALUM SNAP-IN 105C
PEH536MCF4470M2,1000,52.2555,KEMET,CAP ALUM SNAP-IN 105C
ALC80C201DC500,1000,52.27527,KEMET,CAP ALUM 200UF 20% 500V SNAP TH
PEH506VDF3470M4,1000,52.3468,KEMET,CAP ALUM SNAP-IN 85C
PEH506VDF3470M2,1000,52.3468,KEMET,CAP ALUM SNAP-IN 85C
PEH506VDF3470M2S,1000,52.3468,KEMET,CAP ALUM SNAP-IN 85C
ALA7DD821DF400,200,52.394,KEMET,CAP ALUM 820UF 20% 400V SNAP TH
ALA7DF821DF400,200,52.394,KEMET,CAP ALUM 820UF 20% 400V SNAP TH
ALA7DC821DF400,200,52.394,KEMET,CAP ALUM 820UF 20% 400V SNAP TH
ALA7DE821DF400,200,52.394,KEMET,CAP ALUM 820UF 20% 400V SNAP TH
ALV70F820CE750,1120,54.23471,KEMET,CAP ALUM 85C 82UF 750VDC
ALC70C151DC600,200,52.43745,KEMET,CAP ALUM 150UF 20% 600V SNAP TH
ALC70D151DC600,200,52.43745,KEMET,CAP ALUM 150UF 20% 600V SNAP TH
ALC70E151DC600,200,52.43745,KEMET,CAP ALUM 150UF 20% 600V SNAP TH
ALC70F151DC600,200,52.43745,KEMET,CAP ALUM 150UF 20% 600V SNAP TH
PEH226HG4220ME1,1000,52.46224,KEMET,CAP ALUM RAD 150C
PEH226MG3370QE1,1000,52.46224,KEMET,CAP ALUM RAD 150C
ALC70A562DF100,1000,52.52385,KEMET,CAP ALUM 5600UF 20% 100V SNAP TH
ALF20G271ED500,216,52.56921,KEMET,CAP ALUM 270UF 20% 500V PRESS
ALF70C151DC630,1000,52.57222,KEMET,CAP ALUM 150UF 20% 630V PRESS
ALF70C151DC600,1000,52.57222,KEMET,CAP ALUM 150UF 20% 600V PRESS
ALF40C271DF500,200,52.60405,KEMET,CAP ALUM 270UF 20% 500V PRESS
ALF20G471ED350,216,52.61208,KEMET,CAP ALUM 470UF 20% 350V PRESS
ALV70A820DC750,1000,54.435,KEMET,CAP ALUM 85C 82UF 750VDC
PEH226HF4150ME1,1000,52.62722,KEMET,CAP ALUM RAD 150C
ALF20G122ED200,216,52.63088,KEMET,CAP ALUM 1200UF 20% 200V PRESS
PEH225HG4300ME1,1000,52.68221,KEMET,CAP ALUM RAD 125C
ALC80A241CF500,320,52.69606,KEMET,CAP ALUM 240UF 20% 500V SNAP TH
ALC80D241CF500,320,52.69606,KEMET,CAP ALUM 240UF 20% 500V SNAP TH
ALC80F241CF500,320,52.69606,KEMET,CAP ALUM 240UF 20% 500V SNAP TH
ALV70D750CD750,1120,54.57726,KEMET,CAP ALUM 85C 75UF 750VDC
ALC40A181EB500,1008,52.77568,KEMET,CAP ALUM SNAP-IN 105C
ALC40A222CF100,1120,52.78776,KEMET,CAP ALUM SNAP-IN 105C
ALC40A331DC350,1000,52.78781,KEMET,CAP ALUM SNAP-IN 105C
PEH532SDD3820M2,1000,52.80542,KEMET,CAP ALUM SNAP-IN 105C
PEH506YCG3330M2,1200,52.81968,KEMET,CAP ALUM SNAP-IN 85C
PEH506YCG3330M3,1200,52.81968,KEMET,CAP ALUM SNAP-IN 85C
ALV70F910DC700,1000,54.6637,KEMET,CAP ALUM 85C 91UF 700VDC
PEG124MG368AQL1,1,52.84,KEMET,CAP ALUM 680UF 20% 63V AXIAL TH
ALF20C102DF250,200,52.84595,KEMET,CAP ALUM 1000UF 20% 250V PRESS
ALF80C271EB450,1000,52.90217,KEMET,CAP ALUM 270UF 20% 450V PRESS
ALF40G273EB025,216,52.90806,KEMET,CAP ALUM 27000UF 20% 25V PRESS
PEH228HLL4280QE4,1440,52.91756,KEMET,CAP ALUM 2800UF 25V SOLDER LUG
ALA8DD361DE500,200,53.001,KEMET,CAP ALUM 360UF 20% 500V SNAP TH
ALA8DF361DE500,200,53.001,KEMET,CAP ALUM 360UF 20% 500V SNAP TH
ALA8DC361DE500,200,53.001,KEMET,CAP ALUM 360UF 20% 500V SNAP TH
ALA8DE361DE500,200,53.001,KEMET,CAP ALUM 360UF 20% 500V SNAP TH
ALF20C331EE500,216,53.00528,KEMET,CAP ALUM 330UF 20% 500V PRESS
ALF20C821ED250,216,53.00718,KEMET,CAP ALUM 820UF 20% 250V PRESS
ALF20C681EB250,216,53.02176,KEMET,CAP ALUM 680UF 20% 250V PRESS
PEH227HMP4810QE4,1152,53.03857,KEMET,CAP ALUM 8100UF 25V SOLDER LUG
ALV70F750CD750,1120,54.8913,KEMET,CAP ALUM 85C 75UF 750VDC
ALV70D820DC750,1000,54.89128,KEMET,CAP ALUM 85C 82UF 750VDC
ALC80A241DD500,200,53.05515,KEMET,CAP ALUM 240UF 20% 500V SNAP TH
ALC80E241DD500,200,53.05515,KEMET,CAP ALUM 240UF 20% 500V SNAP TH
ALC80F241DD500,200,53.05515,KEMET,CAP ALUM 240UF 20% 500V SNAP TH
ALC40C123EB040,1008,53.11442,KEMET,CAP ALUM SNAP-IN 105C
ALC70A133DF063,1000,53.11776,KEMET,CAP ALUM 13000UF 20% 63V SNAP TH
ALF20G391EE450,216,53.12088,KEMET,CAP ALUM 390UF 20% 450V PRESS
ALF40C221EC500,216,53.18981,KEMET,CAP ALUM 220UF 20% 500V PRESS
ALF40G123EB040,216,53.18981,KEMET,CAP ALUM 12000UF 20% 40V PRESS
ALA8DF511DE450,200,53.26105,KEMET,CAP ALUM 510UF 20% 450V SNAP TH
PEH228MLP4110QE4,1280,53.27059,KEMET,CAP ALUM 1100UF 63V SOLDER LUG
ALC40A102DD200,1000,53.32557,KEMET,CAP ALUM SNAP-IN 105C
ALV70C910DC700,1000,55.17808,KEMET,CAP ALUM 85C 91UF 700VDC
ALF20G471ED400,216,53.37551,KEMET,CAP ALUM 470UF 20% 400V PRESS
ALC40C331EG450,1008,53.41911,KEMET,CAP ALUM SNAP-IN 105C
ALF20C221DD550,200,53.43475,KEMET,CAP ALUM 220UF 20% 550V PRESS
ALF80C241DD500,1000,53.45209,KEMET,CAP ALUM 240UF 20% 500V PRESS
ALA8DD621DF400,200,53.47775,KEMET,CAP ALUM 620UF 20% 400V SNAP TH
ALA8DF621DF400,200,53.47775,KEMET,CAP ALUM 620UF 20% 400V SNAP TH
ALA8DC621DF400,200,53.47775,KEMET,CAP ALUM 620UF 20% 400V SNAP TH
ALA8DE621DF400,200,53.47775,KEMET,CAP ALUM 620UF 20% 400V SNAP TH
ALF40G391EE400,216,53.49074,KEMET,CAP ALUM 390UF 20% 400V PRESS
ALF20G392ED100,216,53.50375,KEMET,CAP ALUM 3900UF 20% 100V PRESS
ALF40G332EE100,216,53.54241,KEMET,CAP ALUM 3300UF 20% 100V PRESS
ALV70A111CF700,1120,55.43529,KEMET,CAP ALUM 85C 110UF 700VDC
ALC40F471DH450,1000,53.61153,KEMET,CAP ALUM SNAP-IN 105C
ALA7DD471DE500,200,53.61915,KEMET,CAP ALUM 470UF 20% 500V SNAP TH
ALA7DF471DE500,200,53.61915,KEMET,CAP ALUM 470UF 20% 500V SNAP TH
ALA7DC471DE500,200,53.61915,KEMET,CAP ALUM 470UF 20% 500V SNAP TH
ALA7DE471DE500,200,53.61915,KEMET,CAP ALUM 470UF 20% 500V SNAP TH
ALF40G822ED063,216,53.63199,KEMET,CAP ALUM 8200UF 20% 63V PRESS
ALV70E910DC700,1000,55.49216,KEMET,CAP ALUM 85C 91UF 700VDC
ALF70G361EB450,1000,53.67206,KEMET,CAP ALUM 360UF 20% 450V PRESS
ALF40G681ED250,216,53.70856,KEMET,CAP ALUM 680UF 20% 250V PRESS
ALC80A431DF450,200,53.7597,KEMET,CAP ALUM 430UF 20% 450V SNAP TH
ALC80C431DF450,200,53.7597,KEMET,CAP ALUM 430UF 20% 450V SNAP TH
ALC80D431DF450,200,53.7597,KEMET,CAP ALUM 430UF 20% 450V SNAP TH
ALC80E431DF450,200,53.7597,KEMET,CAP ALUM 430UF 20% 450V SNAP TH
ALC80F431DF450,200,53.7597,KEMET,CAP ALUM 430UF 20% 450V SNAP TH
ALF40G102ED200,216,53.76602,KEMET,CAP ALUM 1000UF 20% 200V PRESS
ALF20G183EC040,216,53.79699,KEMET,CAP ALUM 18000UF 20% 40V PRESS
ALC80A273EF040,216,53.83148,KEMET,CAP ALUM 27000UF 20% 40V SNAP TH
ALC80C273EF040,216,53.83148,KEMET,CAP ALUM 27000UF 20% 40V SNAP TH
ALC80D273EF040,216,53.83148,KEMET,CAP ALUM 27000UF 20% 40V SNAP TH
ALC80E273EF040,216,53.83148,KEMET,CAP ALUM 27000UF 20% 40V SNAP TH
ALC80F273EF040,216,53.83148,KEMET,CAP ALUM 27000UF 20% 40V SNAP TH
PEH534UDF3560M2,1000,53.86342,KEMET,CAP ALUM SNAP-IN HIGH RIPPLE
ALF70C271EB500,1000,53.89203,KEMET,CAP ALUM 270UF 20% 500V PRESS
ELG567M450AT8AV,1000,53.90303,KEMET,CAP ALUM SNAP-IN 105C
ELG567M450AT8AA,1000,53.90303,KEMET,CAP ALUM SNAP-IN 105C
ALF40C561DH350,200,53.9069,KEMET,CAP ALUM 560UF 20% 350V PRESS
ALF40G153ED040,216,53.96815,KEMET,CAP ALUM 15000UF 20% 40V PRESS
ALF20G822EB063,216,53.9888,KEMET,CAP ALUM 8200UF 20% 63V PRESS
ALF20C561EE350,216,54.08606,KEMET,CAP ALUM 560UF 20% 350V PRESS
ALF20C472EE100,216,54.09486,KEMET,CAP ALUM 4700UF 20% 100V PRESS
ALC70A183EF063,216,54.10097,KEMET,CAP ALUM 18000UF 20% 63V SNAP TH
ALC70C183EF063,216,54.10097,KEMET,CAP ALUM 18000UF 20% 63V SNAP TH
ALC70D183EF063,216,54.10097,KEMET,CAP ALUM 18000UF 20% 63V SNAP TH
ALC70E183EF063,216,54.10097,KEMET,CAP ALUM 18000UF 20% 63V SNAP TH
ALC70F183EF063,216,54.10097,KEMET,CAP ALUM 18000UF 20% 63V SNAP TH
PEH506UDE3560M2,1000,54.10431,KEMET,CAP ALUM SNAP-IN 85C
ALF40C122DF200,200,54.1364,KEMET,CAP ALUM 1200UF 20% 200V PRESS
ALF40C331EG450,216,54.17528,KEMET,CAP ALUM 330UF 20% 450V PRESS
ALF20G681EB250,216,54.20625,KEMET,CAP ALUM 680UF 20% 250V PRESS
ALF40C392EF100,216,54.2162,KEMET,CAP ALUM 3900UF 20% 100V PRESS
ALV70D111CF700,1120,56.12029,KEMET,CAP ALUM 85C 110UF 700VDC
ALA7AA471DE500,1000,54.24943,KEMET,CAP ALUM SNAP-IN 85C
ALF40C561EF350,216,54.25718,KEMET,CAP ALUM 560UF 20% 350V PRESS
ALC40A471EB250,1008,54.26599,KEMET,CAP ALUM SNAP-IN 105C
PEH536YDF3270M2S,1000,54.27036,KEMET,CAP ALUM SNAP-IN 105C
ALF20C471DH450,200,54.2989,KEMET,CAP ALUM 470UF 20% 450V PRESS
ALF40C471DH400,200,54.31955,KEMET,CAP ALUM 470UF 20% 400V PRESS
ALC40A222DC100,1000,54.40126,KEMET,CAP ALUM SNAP-IN 105C
ALV70C131DF750,1000,56.29213,KEMET,CAP ALUM 85C 130UF 750VDC
ALF20C153EB040,216,54.41264,KEMET,CAP ALUM 15000UF 20% 40V PRESS
ALF70C271DD550,1000,54.44195,KEMET,CAP ALUM 270UF 20% 550V PRESS
ALV70F111CF700,1120,56.43433,KEMET,CAP ALUM 85C 110UF 700VDC
ALF80C271DE500,1000,54.66191,KEMET,CAP ALUM 270UF 20% 500V PRESS
ALC40A331DH500,1000,54.66299,KEMET,CAP ALUM SNAP-IN 105C
ALV70E131DF750,1000,56.60613,KEMET,CAP ALUM 85C 130UF 750VDC
ALF20C123ED063,216,54.73,KEMET,CAP ALUM 12000UF 20% 63V PRESS
ALA7DF471CF450,1120,54.78616,KEMET,CAP ALUM 470UF 20% 450V SNAP TH
ALF20C391DH500,200,54.79755,KEMET,CAP ALUM 390UF 20% 500V PRESS
PEH532MCE4560M2,1000,54.81043,KEMET,CAP ALUM SNAP-IN 105C
ALA7DD331CE500,1120,54.82692,KEMET,CAP ALUM 330UF 20% 500V SNAP TH
ALF20C152EE200,216,54.83565,KEMET,CAP ALUM 1500UF 20% 200V PRESS
PEH225MG3680QE1,1000,54.88411,KEMET,CAP ALUM RAD 125C
ALC40A273DD025,1000,54.93795,KEMET,CAP ALUM SNAP-IN 105C
ALF20C102EE250,216,54.96583,KEMET,CAP ALUM 1000UF 20% 250V PRESS
ALF40C181EB500,216,54.97769,KEMET,CAP ALUM 180UF 20% 500V PRESS
ALF20G331EE500,216,54.98421,KEMET,CAP ALUM 330UF 20% 500V PRESS
ALF20G821ED250,216,54.98843,KEMET,CAP ALUM 820UF 20% 250V PRESS
ALF80G271EB450,1000,54.99187,KEMET,CAP ALUM 270UF 20% 450V PRESS
ALA8DF301CF500,1120,55.00065,KEMET,CAP ALUM 300UF 20% 500V SNAP TH
PEH532VDF3470M2,1000,55.00948,KEMET,CAP ALUM SNAP-IN 105C
PEH532VDF3470M3,1000,55.00948,KEMET,CAP ALUM SNAP-IN 105C
ALC70F681DF400,1000,55.02155,KEMET,CAP ALUM 680UF 20% 400V SNAP TH
ALC70A431DF500,200,55.0365,KEMET,CAP ALUM 430UF 20% 500V SNAP TH
ALC70C431DF500,200,55.0365,KEMET,CAP ALUM 430UF 20% 500V SNAP TH
ALC70D431DF500,200,55.0365,KEMET,CAP ALUM 430UF 20% 500V SNAP TH
ALC70E431DF500,200,55.0365,KEMET,CAP ALUM 430UF 20% 500V SNAP TH
ALC70F431DF500,200,55.0365,KEMET,CAP ALUM 430UF 20% 500V SNAP TH
ALV70C121DE750,1000,56.94871,KEMET,CAP ALUM 85C 120UF 750VDC
ALC70A242EF200,216,55.04889,KEMET,CAP ALUM 2400UF 20% 200V SNAP TH
ALC70C242EF200,216,55.04889,KEMET,CAP ALUM 2400UF 20% 200V SNAP TH
ALC70D242EF200,216,55.04889,KEMET,CAP ALUM 2400UF 20% 200V SNAP TH
ALC70E242EF200,216,55.04889,KEMET,CAP ALUM 2400UF 20% 200V SNAP TH
ALC70F242EF200,216,55.04889,KEMET,CAP ALUM 2400UF 20% 200V SNAP TH
ALV70F820DC750,1000,56.97831,KEMET,CAP ALUM 85C 82UF 750VDC
PEH536VCG3330M2,1000,55.07216,KEMET,CAP ALUM SNAP-IN 105C
PEH536JDG5180M2,1000,55.10185,KEMET,CAP ALUM SNAP-IN 105C
ALC80A181CD500,1120,55.11946,KEMET,CAP ALUM 180UF 20% 500V SNAP TH
ALC80A301DD450,1000,55.11946,KEMET,CAP ALUM 300UF 20% 450V SNAP TH
ALC80D181CD500,1120,55.11946,KEMET,CAP ALUM 180UF 20% 500V SNAP TH
ALC80F301DD450,1000,55.11946,KEMET,CAP ALUM 300UF 20% 450V SNAP TH
ALF40G221EC500,216,55.17065,KEMET,CAP ALUM 220UF 20% 500V PRESS
ALH82A241DG600,1000,55.18107,KEMET,CAP ALUM 240UF 20% 600V SNAP TH
ALF20C561DF450,1000,55.21952,KEMET,CAP ALUM 560UF 20% 450V PRESS
ALA7DD471CF450,1120,55.26136,KEMET,CAP ALUM 470UF 20% 450V SNAP TH
PEH536UDE3470M2,1000,55.34051,KEMET,CAP ALUM SNAP-IN 105C
PEH536YCG3270M2,1000,55.34051,KEMET,CAP ALUM SNAP-IN 105C
ALV70E121DE750,1000,57.2639,KEMET,CAP ALUM 85C 120UF 750VDC
ALF80C391DF450,1008,55.43184,KEMET,CAP ALUM 390UF 20% 450V PRESS
ALF40C122EE200,216,55.45014,KEMET,CAP ALUM 1200UF 20% 200V PRESS
ALC40A682CF063,1120,55.47578,KEMET,CAP ALUM SNAP-IN 105C
ALC80A623EF025,216,55.50065,KEMET,CAP ALUM 62000UF 20% 25V SNAP TH
ALC80C623EF025,216,55.50065,KEMET,CAP ALUM 62000UF 20% 25V SNAP TH
ALC80D623EF025,216,55.50065,KEMET,CAP ALUM 62000UF 20% 25V SNAP TH
ALC80E623EF025,216,55.50065,KEMET,CAP ALUM 62000UF 20% 25V SNAP TH
ALC80F623EF025,216,55.50065,KEMET,CAP ALUM 62000UF 20% 25V SNAP TH
ALF20C221EC550,216,55.50181,KEMET,CAP ALUM 220UF 20% 550V PRESS
PEH532JDG5270M2,1000,55.51755,KEMET,CAP ALUM SNAP-IN 105C
ALF20C561EF400,216,55.52898,KEMET,CAP ALUM 560UF 20% 400V PRESS
ALV70C181DH750,1000,57.4926,KEMET,CAP ALUM 85C 180UF 750VDC
ALA8AD681DF400,1000,55.61439,KEMET,CAP ALUM 400V POLAR
ALA8AF681DF400,1000,55.61439,KEMET,CAP ALUM 400V POLAR
ALF40G393ED025,216,55.61593,KEMET,CAP ALUM 39000UF 20% 25V PRESS
ALF40C471EF400,216,55.66569,KEMET,CAP ALUM 470UF 20% 400V PRESS
ALF20C681DH400,1000,55.67922,KEMET,CAP ALUM 680UF 20% 400V PRESS
ALF80C162DF200,1000,55.69684,KEMET,CAP ALUM 1600UF 20% 200V PRESS
ALA8AD561DF450,1000,55.70122,KEMET,CAP ALUM 450V POLAR
ALA8AF561DF450,1000,55.70122,KEMET,CAP ALUM 450V POLAR
ALA7DD681DF450,200,55.739,KEMET,CAP ALUM 680UF 20% 450V SNAP TH
ALA7DF681DF450,200,55.739,KEMET,CAP ALUM 680UF 20% 450V SNAP TH
ALA7DC681DF450,200,55.739,KEMET,CAP ALUM 680UF 20% 450V SNAP TH
ALA7DE681DF450,200,55.739,KEMET,CAP ALUM 680UF 20% 450V SNAP TH
PEH228KMP4320QE4,1152,55.73977,KEMET,CAP ALUM 3200UF 40V SOLDER LUG
PEH536VDE3330M2,1000,55.74414,KEMET,CAP ALUM SNAP-IN 105C
ALF40C821EE250,216,55.78051,KEMET,CAP ALUM 820UF 20% 250V PRESS
ALC70A363EF040,216,55.83412,KEMET,CAP ALUM 36000UF 20% 40V SNAP TH
ALC70C363EF040,216,55.83412,KEMET,CAP ALUM 36000UF 20% 40V SNAP TH
ALC70D363EF040,216,55.83412,KEMET,CAP ALUM 36000UF 20% 40V SNAP TH
ALC70E363EF040,216,55.83412,KEMET,CAP ALUM 36000UF 20% 40V SNAP TH
ALC70F363EF040,216,55.83412,KEMET,CAP ALUM 36000UF 20% 40V SNAP TH
PEH532YDE3330M2,1200,55.84865,KEMET,CAP ALUM SNAP-IN 105C
PEH532YCG3330M3,1000,55.84866,KEMET,CAP ALUM SNAP-IN 105C
PEH532YCG3330M2,1000,55.84866,KEMET,CAP ALUM SNAP-IN 105C
ALV70E181DH750,1000,57.80669,KEMET,CAP ALUM 85C 180UF 750VDC
ALF40C103EE063,216,55.89347,KEMET,CAP ALUM 10000UF 20% 63V PRESS
ALF40C183EE040,216,55.90227,KEMET,CAP ALUM 18000UF 20% 40V PRESS
ALV70A111DD700,1000,57.86358,KEMET,CAP ALUM 85C 110UF 700VDC
PEH227HLL4430QE4,1440,55.93665,KEMET,CAP ALUM 4300UF 25V SOLDER LUG
ALA7DD511DF500,200,55.9441,KEMET,CAP ALUM 510UF 20% 500V SNAP TH
ALA7DF511DF500,200,55.9441,KEMET,CAP ALUM 510UF 20% 500V SNAP TH
ALA7DC511DF500,200,55.9441,KEMET,CAP ALUM 510UF 20% 500V SNAP TH
ALA7DE511DF500,200,55.9441,KEMET,CAP ALUM 510UF 20% 500V SNAP TH
ALF70G271EB500,1000,55.98172,KEMET,CAP ALUM 270UF 20% 500V PRESS
ALF20G561EE350,216,56.06306,KEMET,CAP ALUM 560UF 20% 350V PRESS
ALF20G472EE100,216,56.07074,KEMET,CAP ALUM 4700UF 20% 100V PRESS
ALF40G331EG450,216,56.15343,KEMET,CAP ALUM 330UF 20% 450V PRESS
ALF40G392EF100,216,56.19208,KEMET,CAP ALUM 3900UF 20% 100V PRESS
ALF80C221EB500,1000,56.20169,KEMET,CAP ALUM 220UF 20% 500V PRESS
ALA8DF561DF450,200,56.2356,KEMET,CAP ALUM 560UF 20% 450V SNAP TH
ALA8DC561DF450,200,56.2356,KEMET,CAP ALUM 560UF 20% 450V SNAP TH
ALA8DE561DF450,200,56.2356,KEMET,CAP ALUM 560UF 20% 450V SNAP TH
ALF40G561EF350,216,56.23611,KEMET,CAP ALUM 560UF 20% 350V PRESS
ALC70A822EF100,216,56.28588,KEMET,CAP ALUM 8200UF 20% 100V SNAP TH
ALC70C822EF100,216,56.28588,KEMET,CAP ALUM 8200UF 20% 100V SNAP TH
ALC70E822EF100,216,56.28588,KEMET,CAP ALUM 8200UF 20% 100V SNAP TH
ALC70F822EF100,216,56.28588,KEMET,CAP ALUM 8200UF 20% 100V SNAP TH
ALC40D471DH450,1000,56.28637,KEMET,CAP ALUM SNAP-IN 105C
ALV70D111DD700,1000,58.32106,KEMET,CAP ALUM 85C 110UF 700VDC
ALF20G153EB040,216,56.39,KEMET,CAP ALUM 15000UF 20% 40V PRESS
ALC80A472DF100,1000,56.39635,KEMET,CAP ALUM 4700UF 20% 100V SNAP TH
ALS71H822DA063,100,56.4026,KEMET,CAP ALUM 8200UF 20% 63V SCREW CH
ALV70A101CF750,1120,58.46329,KEMET,CAP ALUM 85C 100UF 750VDC
ALF70C681DH450,1008,56.53164,KEMET,CAP ALUM 680UF 20% 450V PRESS
PEH225KG4180ME1,1000,56.6207,KEMET,CAP ALUM RAD 125C
ALF20G123ED063,216,56.70699,KEMET,CAP ALUM 12000UF 20% 63V PRESS
ALP22A102DD200,1008,56.7351,KEMET,CAP ALUM 1000UF 20% 200V SLD LUG
ELG687M450AT8AV,1000,56.79229,KEMET,CAP ALUM SNAP-IN 105C
ALF20G152EE200,216,56.81,KEMET,CAP ALUM 1500UF 20% 200V PRESS
ALC80A162DF200,1000,56.87366,KEMET,CAP ALUM 1600UF 20% 200V SNAP TH
ALF20C181EB550,216,56.93366,KEMET,CAP ALUM 180UF 20% 550V PRESS
ALF20G102EE250,216,56.94019,KEMET,CAP ALUM 1000UF 20% 250V PRESS
ALF40G181EB500,216,56.95319,KEMET,CAP ALUM 180UF 20% 500V PRESS
ALA8DD431CF450,1120,56.95727,KEMET,CAP ALUM 430UF 20% 450V SNAP TH
ALS70H303DA025,100,56.9658,KEMET,CAP ALUM 30000UF 20% 25V SCREW
ALS71A303DA025,100,56.9658,KEMET,CAP ALUM 30000UF 20% 25V SCREW
ALS71H303DA025,100,56.9658,KEMET,CAP ALUM 30000UF 20% 25V SCREW
PEH126KJ422EQE1,1020,56.97159,KEMET,CAP ALUM RAD 150C
ALH82A271DG550,1000,57.00126,KEMET,CAP ALUM 270UF 20% 550V SNAP TH
PEH536JBE4680M2,1000,57.03756,KEMET,CAP ALUM SNAP-IN 105C
PEH228MLL3750QE4,1440,57.07933,KEMET,CAP ALUM 750UF 63V SOLDER LUG TH
ALF70C181DD600,1000,57.08156,KEMET,CAP ALUM 180UF 20% 600V PRESS
ALF70C241EB550,1000,57.08156,KEMET,CAP ALUM 240UF 20% 550V PRESS
ALF70C181DD630,1000,57.08156,KEMET,CAP ALUM 180UF 20% 630V PRESS
ALC80A821EF350,216,57.11319,KEMET,CAP ALUM 820UF 20% 350V SNAP TH
ALC80C821EF350,216,57.11319,KEMET,CAP ALUM 820UF 20% 350V SNAP TH
ALC80D821EF350,216,57.11319,KEMET,CAP ALUM 820UF 20% 350V SNAP TH
ALC80E821EF350,216,57.11319,KEMET,CAP ALUM 820UF 20% 350V SNAP TH
ALC80F821EF350,216,57.11319,KEMET,CAP ALUM 820UF 20% 350V SNAP TH
ALF80C511DF400,1000,57.13986,KEMET,CAP ALUM 510UF 20% 400V PRESS
ALV70D101CF750,1120,59.14944,KEMET,CAP ALUM 85C 100UF 750VDC
PEH536VDF3390M3,1000,57.17285,KEMET,CAP ALUM SNAP-IN 105C
ALC40A682DC063,1000,57.22123,KEMET,CAP ALUM SNAP-IN 105C
ALC70A271DD550,1000,57.24215,KEMET,CAP ALUM 270UF 20% 550V SNAP TH
ALF20C391EF500,216,57.26329,KEMET,CAP ALUM 390UF 20% 500V PRESS
ALC70A161EB600,216,57.34944,KEMET,CAP ALUM 160UF 20% 600V SNAP TH
ALC70C161EB600,216,57.34944,KEMET,CAP ALUM 160UF 20% 600V SNAP TH
ALC70D161EB600,216,57.34944,KEMET,CAP ALUM 160UF 20% 600V SNAP TH
ALC70F161EB600,216,57.34944,KEMET,CAP ALUM 160UF 20% 600V SNAP TH
ALC10A331CF450,1120,57.35648,KEMET,CAP ALUM 330UF 20% 450V SNAP TH
ALC80C183EF063,216,57.35977,KEMET,CAP ALUM 18000UF 20% 63V SNAP TH
ALC80E183EF063,216,57.35977,KEMET,CAP ALUM 18000UF 20% 63V SNAP TH
ALC80F183EF063,216,57.35977,KEMET,CAP ALUM 18000UF 20% 63V SNAP TH
ALC70A182EF250,216,57.41338,KEMET,CAP ALUM 1800UF 20% 250V SNAP TH
ALC70C182EF250,216,57.41338,KEMET,CAP ALUM 1800UF 20% 250V SNAP TH
ALC70D182EF250,216,57.41338,KEMET,CAP ALUM 1800UF 20% 250V SNAP TH
ALC70E182EF250,216,57.41338,KEMET,CAP ALUM 1800UF 20% 250V SNAP TH
ALC70F182EF250,216,57.41338,KEMET,CAP ALUM 1800UF 20% 250V SNAP TH
ALF40G122EE200,216,57.4256,KEMET,CAP ALUM 1200UF 20% 200V PRESS
ALV70F101CF750,1120,59.46348,KEMET,CAP ALUM 85C 100UF 750VDC
ALF20G221EC550,216,57.475,KEMET,CAP ALUM 220UF 20% 550V PRESS
ELH568M100AT6AA,400,57.48408,KEMET,CAP ALUM SNAP-IN 85C
ALF40C473EF025,216,57.49949,KEMET,CAP ALUM 47000UF 20% 25V PRESS
ALF20G561EF400,216,57.50181,KEMET,CAP ALUM 560UF 20% 400V PRESS
ALF70C151EB630,1000,57.52149,KEMET,CAP ALUM 150UF 20% 630V PRESS
ALF80C431DF450,1008,57.52152,KEMET,CAP ALUM 430UF 20% 450V PRESS
ALC40C391EH450,1008,57.5677,KEMET,CAP ALUM SNAP-IN 105C
ALA8DF241CD500,1120,57.6062,KEMET,CAP ALUM 240UF 20% 500V SNAP TH
ALA7DA391DD500,1000,57.61171,KEMET,CAP ALUM 390UF 20% 500V SNAP TH
ALF40G471EF400,216,57.63769,KEMET,CAP ALUM 470UF 20% 400V PRESS
ALS81H133DA040,100,57.6422,KEMET,CAP ALUM 13000UF 20% 40V SCREW
PEH506MDG5100M2,1000,57.65347,KEMET,CAP ALUM SNAP-IN 85C
ALF20C681EF350,216,57.68097,KEMET,CAP ALUM 680UF 20% 350V PRESS
ALS71H332DA100,100,57.7208,KEMET,CAP ALUM 3300UF 20% 100V SCREW
ALF40G821EE250,216,57.75486,KEMET,CAP ALUM 820UF 20% 250V PRESS
ALC40A821DF250,1000,57.75907,KEMET,CAP ALUM SNAP-IN 105C
ALC40A561EC250,1008,57.7591,KEMET,CAP ALUM SNAP-IN 105C
ALC40E471DL450,1000,57.78653,KEMET,CAP ALUM SNAP-IN 105C
PEH506JDF5220M2,1000,57.78876,KEMET,CAP ALUM SNAP-IN 85C
ALC40C473EF025,1008,57.80307,KEMET,CAP ALUM SNAP-IN 105C
ALA8DD431DF500,200,57.82125,KEMET,CAP ALUM 430UF 20% 500V SNAP TH
ALA8AF391DE500,1000,57.84268,KEMET,CAP ALUM SNAP-IN 105C
ALA8AD391DE500,1000,57.84268,KEMET,CAP ALUM SNAP-IN 105C
ALF70C331DE550,1000,57.85144,KEMET,CAP ALUM 330UF 20% 550V PRESS
ALF40G103EE063,216,57.86625,KEMET,CAP ALUM 10000UF 20% 63V PRESS
ELD397M500AT6AA,1000,57.86682,KEMET,CAP ALUM SNAP-IN 105C
ALF40G183EE040,216,57.87394,KEMET,CAP ALUM 18000UF 20% 40V PRESS
PEH534MBE4330M2,1000,57.89874,KEMET,CAP ALUM SNAP-IN HIGH RIPPLE
ALC40C471DL450,1000,57.94935,KEMET,CAP ALUM SNAP-IN 105C
ALF40C391EH450,216,58.07111,KEMET,CAP ALUM 390UF 20% 450V PRESS
PEH506SDE4100M2,1000,58.16486,KEMET,CAP ALUM SNAP-IN 85C
ALF20C223ED040,216,58.19704,KEMET,CAP ALUM 22000UF 20% 40V PRESS
ALF80G221EB500,1000,58.29138,KEMET,CAP ALUM 220UF 20% 500V PRESS
PEH226MH3470QE1,1000,58.29138,KEMET,CAP ALUM RAD 150C
PEH225ML4180QE1,1003,58.3046,KEMET,CAP ALUM RAD 125C
ALF80C331DE450,1000,58.36283,KEMET,CAP ALUM 330UF 20% 450V PRESS
ALV70F111DD700,1000,60.40681,KEMET,CAP ALUM 85C 110UF 700VDC
ALS80H303DA025,100,58.3956,KEMET,CAP ALUM 30000UF 20% 25V SCREW
ALS81A303DA025,100,58.3956,KEMET,CAP ALUM 30000UF 20% 25V SCREW
ALS81H303DA025,100,58.3956,KEMET,CAP ALUM 30000UF 20% 25V SCREW
ALF20C471EF450,216,58.5194,KEMET,CAP ALUM 470UF 20% 450V PRESS
ALS80A752DA063,100,58.5419,KEMET,CAP ALUM 7500UF 20% 63V SCREW CH
ALS80H752DA063,100,58.5419,KEMET,CAP ALUM 7500UF 20% 63V SCREW CH
ALS81H752DA063,100,58.5419,KEMET,CAP ALUM 7500UF 20% 63V SCREW CH
ALC70A112EF350,216,58.55042,KEMET,CAP ALUM 1100UF 20% 350V SNAP TH
ALC70C112EF350,216,58.55042,KEMET,CAP ALUM 1100UF 20% 350V SNAP TH
ALC70D112EF350,216,58.55042,KEMET,CAP ALUM 1100UF 20% 350V SNAP TH
ALC70E112EF350,216,58.55042,KEMET,CAP ALUM 1100UF 20% 350V SNAP TH
ALC70F112EF350,216,58.55042,KEMET,CAP ALUM 1100UF 20% 350V SNAP TH
ALC40F152EF200,1008,58.55208,KEMET,CAP ALUM SNAP-IN 105C
ELG397M450AT5AA,1000,58.59495,KEMET,CAP ALUM SNAP-IN 105C
PEH534MDD4560M2,1000,58.64663,KEMET,CAP ALUM SNAP-IN HIGH RIPPLE
ALS80H302DA100,100,58.6544,KEMET,CAP ALUM 3000UF 20% 100V SCREW
ALS81A302DA100,100,58.6544,KEMET,CAP ALUM 3000UF 20% 100V SCREW
ALS81H302DA100,100,58.6544,KEMET,CAP ALUM 3000UF 20% 100V SCREW
ALA7AA681DF450,1000,58.67301,KEMET,CAP ALUM SNAP-IN 85C
ALF20G103EC063,216,58.68134,KEMET,CAP ALUM 10000UF 20% 63V PRESS
ALC80C222EF200,216,58.68977,KEMET,CAP ALUM 2200UF 20% 200V SNAP TH
ALC80D222EF200,216,58.68977,KEMET,CAP ALUM 2200UF 20% 200V SNAP TH
ALC80E222EF200,216,58.68977,KEMET,CAP ALUM 2200UF 20% 200V SNAP TH
ALC80F222EF200,216,58.68977,KEMET,CAP ALUM 2200UF 20% 200V SNAP TH
ALC40A221EB400,1008,58.69835,KEMET,CAP ALUM SNAP-IN 105C
ALC40A821EC200,1008,58.69835,KEMET,CAP ALUM SNAP-IN 105C
ALF20C562EF100,216,58.70088,KEMET,CAP ALUM 5600UF 20% 100V PRESS
ALF20G471EF450,216,58.8069,KEMET,CAP ALUM 470UF 20% 450V PRESS
ALF40C471DH450,200,58.81525,KEMET,CAP ALUM 470UF 20% 450V PRESS
ALV70C111DD700,1000,60.92118,KEMET,CAP ALUM 85C 110UF 700VDC
ALF40C472EG100,216,58.89537,KEMET,CAP ALUM 4700UF 20% 100V PRESS
ALF20G181EB550,216,58.90338,KEMET,CAP ALUM 180UF 20% 550V PRESS
ALC40A151EB450,1008,58.96777,KEMET,CAP ALUM SNAP-IN 105C
ALA8DA431CF450,1120,59.00078,KEMET,CAP ALUM 430UF 20% 450V SNAP TH
PEH534PDF4390M2,1000,59.00189,KEMET,CAP ALUM SNAP-IN HIGH RIPPLE
ALF70C431DF500,1008,59.06129,KEMET,CAP ALUM 430UF 20% 500V PRESS
ALF70G241EB550,1000,59.06126,KEMET,CAP ALUM 240UF 20% 550V PRESS
ALF70C161EB600,1000,59.06126,KEMET,CAP ALUM 160UF 20% 600V PRESS
ALF40C393ED025,216,59.0619,KEMET,CAP ALUM 39000UF 20% 25V PRESS
ALC80D681EF400,216,59.11856,KEMET,CAP ALUM 680UF 20% 400V SNAP TH
ALC80F681EF400,216,59.11856,KEMET,CAP ALUM 680UF 20% 400V SNAP TH
ALA7DE471DD450,1000,59.17232,KEMET,CAP ALUM 470UF 20% 450V SNAP TH
ALV70E111DD700,1000,61.23527,KEMET,CAP ALUM 85C 110UF 700VDC
ALF20C681EH400,216,59.20546,KEMET,CAP ALUM 680UF 20% 400V PRESS
PEH534SDF4100M2S,1000,59.21086,KEMET,CAP ALUM SNAP-IN HIGH RIPPLE
PEH534SDF4100M2,1000,59.21086,KEMET,CAP ALUM SNAP-IN HIGH RIPPLE
PEH532RDF4150M2,1000,59.21086,KEMET,CAP ALUM SNAP-IN 105C
ALF20G391EF500,216,59.23227,KEMET,CAP ALUM 390UF 20% 500V PRESS
ALC40A122DF200,1000,59.23616,KEMET,CAP ALUM SNAP-IN 105C
ALV70D101DD750,1000,61.37867,KEMET,CAP ALUM 85C 100UF 750VDC
ALV70C161DG750,1000,61.52086,KEMET,CAP ALUM 85C 160UF 750VDC
ALF40G473EF025,216,59.46847,KEMET,CAP ALUM 47000UF 20% 25V PRESS
ALC80A221EB500,1008,59.54737,KEMET,CAP ALUM 220UF 20% 500V SNAP TH
ALC80C221EB500,1008,59.54737,KEMET,CAP ALUM 220UF 20% 500V SNAP TH
PEH227MMP4210QE4,1152,59.5947,KEMET,CAP ALUM 2100UF 63V SOLDER LUG
ALS70A122DA200,100,59.598,KEMET,CAP ALUM 1200UF 20% 200V SCREW
ALS70H122DA200,100,59.598,KEMET,CAP ALUM 1200UF 20% 200V SCREW
ALS71H122DA200,100,59.598,KEMET,CAP ALUM 1200UF 20% 200V SCREW
ALF40C102DH250,200,59.64015,KEMET,CAP ALUM 1000UF 20% 250V PRESS
ALF20G681EF350,216,59.65111,KEMET,CAP ALUM 680UF 20% 350V PRESS
ALA8DA561DE400,1000,59.72886,KEMET,CAP ALUM 560UF 20% 400V SNAP TH
ALV70E161DG750,1000,61.83495,KEMET,CAP ALUM 85C 160UF 750VDC
ALC40A221DF450,1000,59.77285,KEMET,CAP ALUM SNAP-IN 105C
ALF70G151EB630,1000,59.83115,KEMET,CAP ALUM 150UF 20% 630V PRESS
ALC80A333EH040,216,59.85745,KEMET,CAP ALUM 33000UF 20% 40V SNAP TH
ALC80C333EH040,216,59.85745,KEMET,CAP ALUM 33000UF 20% 40V SNAP TH
ALC80D333EH040,216,59.85745,KEMET,CAP ALUM 33000UF 20% 40V SNAP TH
ALC80E333EH040,216,59.85745,KEMET,CAP ALUM 33000UF 20% 40V SNAP TH
ALC80F333EH040,216,59.85745,KEMET,CAP ALUM 33000UF 20% 40V SNAP TH
ALF40C223EF040,216,59.93208,KEMET,CAP ALUM 22000UF 20% 40V PRESS
ALF20C271DF550,200,59.93285,KEMET,CAP ALUM 270UF 20% 550V PRESS
ALC80C682EF100,216,59.94319,KEMET,CAP ALUM 6800UF 20% 100V SNAP TH
ALC80D682EF100,216,59.94319,KEMET,CAP ALUM 6800UF 20% 100V SNAP TH
ALC80F682EF100,216,59.94319,KEMET,CAP ALUM 6800UF 20% 100V SNAP TH
ALF40G391EH450,216,60.06838,KEMET,CAP ALUM 390UF 20% 450V PRESS
ALF20G223ED040,216,60.1637,KEMET,CAP ALUM 22000UF 20% 40V PRESS
ALF40C102EF250,216,60.19704,KEMET,CAP ALUM 1000UF 20% 250V PRESS
ALC40C681DL400,1000,60.20948,KEMET,CAP ALUM SNAP-IN 105C
PEH532RDG4180M2,1000,60.3107,KEMET,CAP ALUM SNAP-IN 105C
ALC80C331DF500,200,60.4038,KEMET,CAP ALUM 330UF 20% 500V SNAP TH
ALC80D331DF500,200,60.4038,KEMET,CAP ALUM 330UF 20% 500V SNAP TH
ALC70A911EF400,216,60.42444,KEMET,CAP ALUM 910UF 20% 400V SNAP TH
ALC70C911EF400,216,60.42444,KEMET,CAP ALUM 910UF 20% 400V SNAP TH
ALC70D911EF400,216,60.42444,KEMET,CAP ALUM 910UF 20% 400V SNAP TH
ALC70E911EF400,216,60.42444,KEMET,CAP ALUM 910UF 20% 400V SNAP TH
ALC70F911EF400,216,60.42444,KEMET,CAP ALUM 910UF 20% 400V SNAP TH
ALF20G182EF200,216,60.4344,KEMET,CAP ALUM 1800UF 20% 200V PRESS
ALF40C152EF200,216,60.45468,KEMET,CAP ALUM 1500UF 20% 200V PRESS
ALS70H183DA040,100,60.4729,KEMET,CAP ALUM 18000UF 20% 40V SCREW
ALS71A183DA040,100,60.4729,KEMET,CAP ALUM 18000UF 20% 40V SCREW
ALS71H183DA040,100,60.4729,KEMET,CAP ALUM 18000UF 20% 40V SCREW
ELG687M400AT6AA,1000,60.48005,KEMET,CAP ALUM SNAP-IN 105C
ALC80C152EF250,216,60.51019,KEMET,CAP ALUM 1500UF 20% 250V SNAP TH
ALC80D152EF250,216,60.51019,KEMET,CAP ALUM 1500UF 20% 250V SNAP TH
ALC80E152EF250,216,60.51019,KEMET,CAP ALUM 1500UF 20% 250V SNAP TH
ALC80F152EF250,216,60.51019,KEMET,CAP ALUM 1500UF 20% 250V SNAP TH
ALF20C153EF063,216,60.57222,KEMET,CAP ALUM 15000UF 20% 63V PRESS
ALC40A272DD100,1000,60.57904,KEMET,CAP ALUM SNAP-IN 105C
ALS80H751DA250,100,60.5853,KEMET,CAP ALUM 750UF 20% 250V SCREW CH
ALS81H751DA250,100,60.5853,KEMET,CAP ALUM 750UF 20% 250V SCREW CH
ALF40C123EF063,216,60.60435,KEMET,CAP ALUM 12000UF 20% 63V PRESS
ALF40C561EG400,216,60.60856,KEMET,CAP ALUM 560UF 20% 400V PRESS
ALF40G472EG100,1008,60.63626,KEMET,CAP ALUM 4700UF 20% 100V PRESS
ALF20G562EF100,216,60.66639,KEMET,CAP ALUM 5600UF 20% 100V PRESS
ALF20C122DH250,200,60.7011,KEMET,CAP ALUM 1200UF 20% 250V PRESS
ALF40C681EH350,216,60.72,KEMET,CAP ALUM 680UF 20% 350V PRESS
ALS70H911DA250,100,60.7424,KEMET,CAP ALUM 910UF 20% 250V SCREW CH
ALS71A911DA250,100,60.7424,KEMET,CAP ALUM 910UF 20% 250V SCREW CH
ALS71H911DA250,100,60.7424,KEMET,CAP ALUM 910UF 20% 250V SCREW CH
ALF40C271ED500,216,60.8119,KEMET,CAP ALUM 270UF 20% 500V PRESS
PEH506VDG3560M2,1000,60.81555,KEMET,CAP ALUM SNAP-IN 85C
ALV70A131DE700,1000,62.97852,KEMET,CAP ALUM 85C 130UF 700VDC
ALC70A751EF450,216,60.87389,KEMET,CAP ALUM 750UF 20% 450V SNAP TH
ALC70C751EF450,216,60.87389,KEMET,CAP ALUM 750UF 20% 450V SNAP TH
ALC70D751EF450,216,60.87389,KEMET,CAP ALUM 750UF 20% 450V SNAP TH
ALC70E751EF450,216,60.87389,KEMET,CAP ALUM 750UF 20% 450V SNAP TH
ALC70F751EF450,216,60.87389,KEMET,CAP ALUM 750UF 20% 450V SNAP TH
ALS70H113DB063,100,60.8764,KEMET,CAP ALUM 11000UF 20% 63V SCREW
ALS71A113DB063,100,60.8764,KEMET,CAP ALUM 11000UF 20% 63V SCREW
ALF70C221DE600,1000,60.93099,KEMET,CAP ALUM 220UF 20% 600V PRESS
ALS80H163DB040,100,61.0559,KEMET,CAP ALUM 16000UF 20% 40V SCREW
ALS81A163DB040,100,61.0559,KEMET,CAP ALUM 16000UF 20% 40V SCREW
ALS81H163DB040,100,61.0559,KEMET,CAP ALUM 16000UF 20% 40V SCREW
ALS70H393DB025,100,61.1005,KEMET,CAP ALUM 39000UF 20% 25V SCREW
ALS71A393DB025,100,61.1005,KEMET,CAP ALUM 39000UF 20% 25V SCREW
ALS71H393DB025,100,61.1005,KEMET,CAP ALUM 39000UF 20% 25V SCREW
ALF80C331DF500,1008,61.15097,KEMET,CAP ALUM 330UF 20% 500V PRESS
ALF70G161EB600,1000,61.15095,KEMET,CAP ALUM 160UF 20% 600V PRESS
PEH536UDF3560M2,1000,61.25102,KEMET,CAP ALUM SNAP-IN 105C
PEH536SDG4100M2,1000,61.26755,KEMET,CAP ALUM SNAP-IN 105C
PEH536SDG4100M2S,1000,61.26755,KEMET,CAP ALUM SNAP-IN 105C
ALV70D131DE700,1000,63.436,KEMET,CAP ALUM 85C 130UF 700VDC
ALC70A181CF600,320,61.33997,KEMET,CAP ALUM 180UF 20% 600V SNAP TH
ALC70D181CF600,320,61.33997,KEMET,CAP ALUM 180UF 20% 600V SNAP TH
ALC70F181CF600,320,61.33997,KEMET,CAP ALUM 180UF 20% 600V SNAP TH
ALV70F101DD750,1000,63.46449,KEMET,CAP ALUM 85C 100UF 750VDC
ALS80H112DA200,100,61.3469,KEMET,CAP ALUM 1100UF 20% 200V SCREW
ALS81A112DA200,100,61.3469,KEMET,CAP ALUM 1100UF 20% 200V SCREW
ALS81H112DA200,100,61.3469,KEMET,CAP ALUM 1100UF 20% 200V SCREW
PEH536UDG3560M2,1000,61.38523,KEMET,CAP ALUM SNAP-IN 105C
ALF70C471DG500,1000,61.48091,KEMET,CAP ALUM 470UF 20% 500V PRESS
ALC40F152DL250,1000,61.5249,KEMET,CAP ALUM SNAP-IN 105C
ALF20C182EF200,216,61.54926,KEMET,CAP ALUM 1800UF 20% 200V PRESS
ALF70C361DF550,1008,61.70087,KEMET,CAP ALUM 360UF 20% 550V PRESS
ALF20C821DH350,200,61.7104,KEMET,CAP ALUM 820UF 20% 350V PRESS
ALF20G153EF063,216,61.72574,KEMET,CAP ALUM 15000UF 20% 63V PRESS
ALS70H561DA350,100,61.7836,KEMET,CAP ALUM 560UF 20% 350V SCREW CH
ALS71H561DA350,100,61.7836,KEMET,CAP ALUM 560UF 20% 350V SCREW CH
ALC40A333DF025,1000,61.78886,KEMET,CAP ALUM SNAP-IN 105C
ALV70C241DL750,1000,63.97879,KEMET,CAP ALUM 85C 240UF 750VDC
ALS80H362DB100,100,61.8398,KEMET,CAP ALUM 3600UF 20% 100V SCREW
ALS81A362DB100,100,61.8398,KEMET,CAP ALUM 3600UF 20% 100V SCREW
ALS81H362DB100,100,61.8398,KEMET,CAP ALUM 3600UF 20% 100V SCREW
ALC70A151DC600,1000,61.85923,KEMET,CAP ALUM 150UF 20% 600V SNAP TH
ALF40G223EF040,216,61.89764,KEMET,CAP ALUM 22000UF 20% 40V PRESS
ALC40A562EB063,1008,61.92196,KEMET,CAP ALUM SNAP-IN 105C
ALC70A181DD600,200,61.92785,KEMET,CAP ALUM 180UF 20% 600V SNAP TH
ALC70C181DD600,200,61.92785,KEMET,CAP ALUM 180UF 20% 600V SNAP TH
ALC70D181DD600,200,61.92785,KEMET,CAP ALUM 180UF 20% 600V SNAP TH
ALC70E181DD600,200,61.92785,KEMET,CAP ALUM 180UF 20% 600V SNAP TH
ALC70F181DD600,200,61.92785,KEMET,CAP ALUM 180UF 20% 600V SNAP TH
ALF20C561EH450,216,61.95736,KEMET,CAP ALUM 560UF 20% 450V PRESS
PEH226MF3250QE1,1000,61.99452,KEMET,CAP ALUM RAD 150C
ALF20C122EF250,216,62.0362,KEMET,CAP ALUM 1200UF 20% 250V PRESS
ALC40A822CF063,1120,62.05834,KEMET,CAP ALUM SNAP-IN 105C
ALC70A302EH200,216,62.10282,KEMET,CAP ALUM 3000UF 20% 200V SNAP TH
ALC70C302EH200,216,62.10282,KEMET,CAP ALUM 3000UF 20% 200V SNAP TH
ALC70D302EH200,216,62.10282,KEMET,CAP ALUM 3000UF 20% 200V SNAP TH
ALC70E302EH200,216,62.10282,KEMET,CAP ALUM 3000UF 20% 200V SNAP TH
ALC70F302EH200,216,62.10282,KEMET,CAP ALUM 3000UF 20% 200V SNAP TH
ALS70A432DB100,100,62.1086,KEMET,CAP ALUM 4300UF 20% 100V SCREW
ALS70H432DB100,100,62.1086,KEMET,CAP ALUM 4300UF 20% 100V SCREW
ALS71A432DB100,100,62.1086,KEMET,CAP ALUM 4300UF 20% 100V SCREW
ALS71H432DB100,100,62.1086,KEMET,CAP ALUM 4300UF 20% 100V SCREW
ALV70E241DL750,1000,64.29287,KEMET,CAP ALUM 85C 240UF 750VDC
ALF40G102EF250,216,62.15912,KEMET,CAP ALUM 1000UF 20% 250V PRESS
ALF20G681EH400,216,62.22111,KEMET,CAP ALUM 680UF 20% 400V PRESS
PEH532SCG4100M2S,1000,62.23872,KEMET,CAP ALUM SNAP-IN 105C
PEH532SCG4100M2,1000,62.23872,KEMET,CAP ALUM SNAP-IN 105C
PEH532SDE4100M2,1000,62.23872,KEMET,CAP ALUM SNAP-IN 105C
PEH532SDE4100M2S,1000,62.23872,KEMET,CAP ALUM SNAP-IN 105C
ALF70C221DF630,1008,62.25077,KEMET,CAP ALUM 220UF 20% 630V PRESS
ALS70H511DA400,100,62.2988,KEMET,CAP ALUM 510UF 20% 400V SCREW CH
ALS71A511DA400,100,62.2988,KEMET,CAP ALUM 510UF 20% 400V SCREW CH
ALS71H511DA400,100,62.2988,KEMET,CAP ALUM 510UF 20% 400V SCREW CH
ALC40D562EH100,1008,62.30796,KEMET,CAP ALUM SNAP-IN 105C
ALF40G152EF200,216,62.41944,KEMET,CAP ALUM 1500UF 20% 200V PRESS
ALC40A681ED250,1008,62.45972,KEMET,CAP ALUM SNAP-IN 105C
ALF40C471DL450,200,62.48525,KEMET,CAP ALUM 470UF 20% 450V PRESS
ALF40G123EF063,1008,62.49057,KEMET,CAP ALUM 12000UF 20% 63V PRESS
ALF40G561EG400,216,62.57218,KEMET,CAP ALUM 560UF 20% 400V PRESS
ALC80C241DD500,1000,62.65666,KEMET,CAP ALUM 240UF 20% 500V SNAP TH
ALC80D241DD500,1000,62.65666,KEMET,CAP ALUM 240UF 20% 500V SNAP TH
ALF40G681EH350,216,62.70889,KEMET,CAP ALUM 680UF 20% 350V PRESS
ALF40G271ED500,216,62.77509,KEMET,CAP ALUM 270UF 20% 500V PRESS
PEH534YCG3330M2S,1000,62.80179,KEMET,CAP ALUM SNAP-IN HIGH RIPPLE
PEH534YCG3330M3,1000,62.80179,KEMET,CAP ALUM SNAP-IN HIGH RIPPLE
PEH534YCG3330M2,1000,62.80179,KEMET,CAP ALUM SNAP-IN HIGH RIPPLE
ALS80A511DA350,100,62.8131,KEMET,CAP ALUM 510UF 20% 350V SCREW CH
ALS80H511DA350,100,62.8131,KEMET,CAP ALUM 510UF 20% 350V SCREW CH
ALS81A511DA350,100,62.8131,KEMET,CAP ALUM 510UF 20% 350V SCREW CH
ALS81H511DA350,100,62.8131,KEMET,CAP ALUM 510UF 20% 350V SCREW CH
ALC70C103EH100,216,62.82833,KEMET,CAP ALUM 10000UF 20% 100V SNAP
ALC70E103EH100,216,62.82833,KEMET,CAP ALUM 10000UF 20% 100V SNAP
ALC70F103EH100,216,62.82833,KEMET,CAP ALUM 10000UF 20% 100V SNAP
ALS80H393DB025,100,62.9471,KEMET,CAP ALUM 39000UF 20% 25V SCREW
ALS81A393DB025,100,62.9471,KEMET,CAP ALUM 39000UF 20% 25V SCREW
ALS81H393DB025,100,62.9471,KEMET,CAP ALUM 39000UF 20% 25V SCREW
ALF20C271ED550,216,63.03352,KEMET,CAP ALUM 270UF 20% 550V PRESS
ALC70A243EH063,216,63.10551,KEMET,CAP ALUM 24000UF 20% 63V SNAP TH
ALC70C243EH063,216,63.10551,KEMET,CAP ALUM 24000UF 20% 63V SNAP TH
ALC70D243EH063,216,63.10551,KEMET,CAP ALUM 24000UF 20% 63V SNAP TH
ALC70E243EH063,216,63.10551,KEMET,CAP ALUM 24000UF 20% 63V SNAP TH
ALC70F243EH063,216,63.10551,KEMET,CAP ALUM 24000UF 20% 63V SNAP TH
ALP20A102DE250,1008,63.18453,KEMET,CAP ALUM 1000UF 250V SOLDER LUG
ALC40D152EF200,1008,63.26591,KEMET,CAP ALUM SNAP-IN 105C
PEH228HMS4700QE4,1152,63.27144,KEMET,CAP ALUM 7000UF 25V SOLDER LUG
ALV70F131DE700,1000,65.52183,KEMET,CAP ALUM 85C 130UF 700VDC
ALC40C562EH100,1008,63.33302,KEMET,CAP ALUM SNAP-IN 105C
ALC40E562EH100,1008,63.33302,KEMET,CAP ALUM SNAP-IN 105C
PEH532UDF3680M2,1000,63.37701,KEMET,CAP ALUM SNAP-IN 105C
ALF20C821EH350,216,63.46384,KEMET,CAP ALUM 820UF 20% 350V PRESS
ALC40A181EC450,1008,63.53435,KEMET,CAP ALUM SNAP-IN 105C
ALF20C273EF040,216,63.55153,KEMET,CAP ALUM 27000UF 20% 40V PRESS
ALC40E822ED063,1008,63.55189,KEMET,CAP ALUM SNAP-IN 105C
ALS80H103DB063,100,63.6062,KEMET,CAP ALUM 10000UF 20% 63V SCREW
ALS81A103DB063,100,63.6062,KEMET,CAP ALUM 10000UF 20% 63V SCREW
ALS81H103DB063,100,63.6062,KEMET,CAP ALUM 10000UF 20% 63V SCREW
ALS80H431DA400,100,63.6177,KEMET,CAP ALUM 430UF 20% 400V SCREW CH
ALS81A431DA400,100,63.6177,KEMET,CAP ALUM 430UF 20% 400V SCREW CH
ALS81H431DA400,100,63.6177,KEMET,CAP ALUM 430UF 20% 400V SCREW CH
ALC40D681EH400,1008,63.65642,KEMET,CAP ALUM SNAP-IN 105C
PEH532VDG3560M4,1000,63.66189,KEMET,CAP ALUM SNAP-IN 105C
PEH532VDG3560M2,1000,63.66189,KEMET,CAP ALUM SNAP-IN 105C
ALC40A153DD040,1000,63.66958,KEMET,CAP ALUM SNAP-IN 105C
ALC40A102ED200,1008,63.66954,KEMET,CAP ALUM SNAP-IN 105C
ALA7AA561DF500,1000,63.7125,KEMET,CAP ALUM SNAP-IN 85C
ALS70A152DB200,100,63.7624,KEMET,CAP ALUM 1500UF 20% 200V SCREW
ALS70H152DB200,100,63.7624,KEMET,CAP ALUM 1500UF 20% 200V SCREW
ALS71H152DB200,100,63.7624,KEMET,CAP ALUM 1500UF 20% 200V SCREW
ALV70C131DE700,1000,66.03621,KEMET,CAP ALUM 85C 130UF 700VDC
PEH534YDE3330M2,1000,63.86979,KEMET,CAP ALUM SNAP-IN HIGH RIPPLE
ALF40C562EH100,216,63.91639,KEMET,CAP ALUM 5600UF 20% 100V PRESS
ALF20G561EH450,216,63.94468,KEMET,CAP ALUM 560UF 20% 450V PRESS
PEH506UDF3680M3,1000,63.95777,KEMET,CAP ALUM SNAP-IN 85C
ALF20G122EF250,216,63.99486,KEMET,CAP ALUM 1200UF 20% 250V PRESS
ALF70C391DF500,1008,64.0105,KEMET,CAP ALUM 390UF 20% 500V PRESS
ALF70C391DF550,1008,64.0105,KEMET,CAP ALUM 390UF 20% 550V PRESS
ALV70E131DE700,1000,66.35021,KEMET,CAP ALUM 85C 130UF 700VDC
ALC80C223EH063,216,64.13958,KEMET,CAP ALUM 22000UF 20% 63V SNAP TH
ALC80E223EH063,216,64.13958,KEMET,CAP ALUM 22000UF 20% 63V SNAP TH
ALC80F223EH063,216,64.13958,KEMET,CAP ALUM 22000UF 20% 63V SNAP TH
PEH536YDG3330M2,1000,64.14913,KEMET,CAP ALUM SNAP-IN 105C
ALF20C821DL400,200,64.16805,KEMET,CAP ALUM 820UF 20% 400V PRESS
PEH532YDE3390M2,1200,64.21513,KEMET,CAP ALUM SNAP-IN 105C
ALF20C471EH500,216,64.32407,KEMET,CAP ALUM 470UF 20% 500V PRESS
ALC40A471DF350,1000,64.34156,KEMET,CAP ALUM SNAP-IN 105C
ALC70A132EH350,216,64.39532,KEMET,CAP ALUM 1300UF 20% 350V SNAP TH
ALC70C132EH350,216,64.39532,KEMET,CAP ALUM 1300UF 20% 350V SNAP TH
ALC70D132EH350,216,64.39532,KEMET,CAP ALUM 1300UF 20% 350V SNAP TH
ALC70E132EH350,216,64.39532,KEMET,CAP ALUM 1300UF 20% 350V SNAP TH
ALC70F132EH350,216,64.39532,KEMET,CAP ALUM 1300UF 20% 350V SNAP TH
PEH532MCF4680M2,1000,64.45154,KEMET,CAP ALUM SNAP-IN 105C
PEH532MDE4680M2,1000,64.45154,KEMET,CAP ALUM SNAP-IN 105C
PEH532MCF4680M2S,1000,64.45154,KEMET,CAP ALUM SNAP-IN 105C
ALA8DD511DE450,1000,64.47792,KEMET,CAP ALUM 510UF 20% 450V SNAP TH
ALA8DC511DE450,1000,64.47792,KEMET,CAP ALUM 510UF 20% 450V SNAP TH
ALA8DE511DE450,1000,64.47792,KEMET,CAP ALUM 510UF 20% 450V SNAP TH
ALC70C473EH040,216,64.60856,KEMET,CAP ALUM 47000UF 20% 40V SNAP TH
ALC70D473EH040,216,64.60856,KEMET,CAP ALUM 47000UF 20% 40V SNAP TH
ALC70E473EH040,216,64.60856,KEMET,CAP ALUM 47000UF 20% 40V SNAP TH
ALC70F473EH040,216,64.60856,KEMET,CAP ALUM 47000UF 20% 40V SNAP TH
ALC80A823EH025,216,64.64069,KEMET,CAP ALUM 82000UF 20% 25V SNAP TH
ALC80C823EH025,216,64.64069,KEMET,CAP ALUM 82000UF 20% 25V SNAP TH
ALC80D823EH025,216,64.64069,KEMET,CAP ALUM 82000UF 20% 25V SNAP TH
ALC80E823EH025,216,64.64069,KEMET,CAP ALUM 82000UF 20% 25V SNAP TH
ALC80F823EH025,216,64.64069,KEMET,CAP ALUM 82000UF 20% 25V SNAP TH
ALC40A222EB100,1008,64.74416,KEMET,CAP ALUM SNAP-IN 105C
PEH227KMS4520QE4,1152,64.77272,KEMET,CAP ALUM 5200UF 40V SOLDER LUG
ALF70C241DF600,1008,64.78042,KEMET,CAP ALUM 240UF 20% 600V PRESS
ALS70A431DA450,100,64.8449,KEMET,CAP ALUM 430UF 20% 450V SCREW CH
ALS70H431DA450,100,64.8449,KEMET,CAP ALUM 430UF 20% 450V SCREW CH
ALS71A431DA450,100,64.8449,KEMET,CAP ALUM 430UF 20% 450V SCREW CH
ALS71H431DA450,100,64.8449,KEMET,CAP ALUM 430UF 20% 450V SCREW CH
ELD477M500AT8AA,1000,64.85633,KEMET,CAP ALUM SNAP-IN 105C
ALC40E561EL450,1008,64.87173,KEMET,CAP ALUM SNAP-IN 105C
PEH534JDG5220M2,1000,64.87279,KEMET,CAP ALUM SNAP-IN HIGH RIPPLE
PEH534JDG5220M4,1000,64.87279,KEMET,CAP ALUM SNAP-IN HIGH RIPPLE
ALV70A121DE750,1000,67.17867,KEMET,CAP ALUM 85C 120UF 750VDC
PEH506PDG4470M2,1000,64.98715,KEMET,CAP ALUM SNAP-IN 85C
PEH506PDG4470M2S,1000,64.98715,KEMET,CAP ALUM SNAP-IN 85C
ALF20G271ED550,216,64.98986,KEMET,CAP ALUM 270UF 20% 550V PRESS
ALA8DF431DD450,1000,65.14444,KEMET,CAP ALUM 430UF 20% 450V SNAP TH
ALF40C561EL450,1008,65.36445,KEMET,CAP ALUM 560UF 20% 450V PRESS
ALV70D121DE750,1000,67.63607,KEMET,CAP ALUM 85C 120UF 750VDC
PEH534RDF4150M2,1000,65.3831,KEMET,CAP ALUM SNAP-IN HIGH RIPPLE
ALF20G821EH350,216,65.44773,KEMET,CAP ALUM 820UF 20% 350V PRESS
ALF20G273EF040,216,65.50787,KEMET,CAP ALUM 27000UF 20% 40V PRESS
ALF70C751EF450,1000,65.5503,KEMET,CAP ALUM 750UF 20% 450V PRESS
ALS80H361DA450,100,65.614,KEMET,CAP ALUM 360UF 20% 450V SCREW CH
ALS81A361DA450,100,65.614,KEMET,CAP ALUM 360UF 20% 450V SCREW CH
ALS81H361DA450,100,65.614,KEMET,CAP ALUM 360UF 20% 450V SCREW CH
ALF20C222EH200,216,65.61773,KEMET,CAP ALUM 2200UF 20% 200V PRESS
ALF40C681EH400,216,65.68704,KEMET,CAP ALUM 680UF 20% 400V PRESS
ALF20C681DL450,200,65.8699,KEMET,CAP ALUM 680UF 20% 450V PRESS
ALF40G562EH100,216,65.89875,KEMET,CAP ALUM 5600UF 20% 100V PRESS
ALA8DA301DD500,1000,65.92756,KEMET,CAP ALUM 300UF 20% 500V SNAP TH
ALC80C272EH200,216,65.92824,KEMET,CAP ALUM 2700UF 20% 200V SNAP TH
ALC80D272EH200,216,65.92824,KEMET,CAP ALUM 2700UF 20% 200V SNAP TH
ALC80E272EH200,216,65.92824,KEMET,CAP ALUM 2700UF 20% 200V SNAP TH
ALC80F272EH200,216,65.92824,KEMET,CAP ALUM 2700UF 20% 200V SNAP TH
ALC40A102DH250,1000,65.95286,KEMET,CAP ALUM SNAP-IN 105C
ELH687M450AT8AA,1000,65.97924,KEMET,CAP ALUM 680UF 20% 450V SNAP TH
ALC40H562EH100,1008,66.00895,KEMET,CAP ALUM SNAP-IN 105C
ALF20C682EG100,1008,66.04742,KEMET,CAP ALUM 6800UF 20% 100V PRESS
ALF20C183EH063,216,66.12384,KEMET,CAP ALUM 18000UF 20% 63V PRESS
ALS70H243DB040,100,66.1598,KEMET,CAP ALUM 24000UF 20% 40V SCREW
ALS71H243DB040,100,66.1598,KEMET,CAP ALUM 24000UF 20% 40V SCREW
ALF40C122EG250,216,66.18241,KEMET,CAP ALUM 1200UF 20% 250V PRESS
ALC40A391DF400,1000,66.2212,KEMET,CAP ALUM SNAP-IN 105C
ALC40A391EF500,1008,66.29928,KEMET,CAP ALUM SNAP-IN 105C
ALS70H122DB250,100,66.3045,KEMET,CAP ALUM 1200UF 20% 250V SCREW
ALS71A122DB250,100,66.3045,KEMET,CAP ALUM 1200UF 20% 250V SCREW
ALS71H122DB250,100,66.3045,KEMET,CAP ALUM 1200UF 20% 250V SCREW
ALS80A142DB200,100,66.3152,KEMET,CAP ALUM 1400UF 20% 200V SCREW
ALS80H142DB200,100,66.3152,KEMET,CAP ALUM 1400UF 20% 200V SCREW
ALS81A142DB200,100,66.3152,KEMET,CAP ALUM 1400UF 20% 200V SCREW
ALS81H142DB200,100,66.3152,KEMET,CAP ALUM 1400UF 20% 200V SCREW
ALF80C391DG500,1000,66.32019,KEMET,CAP ALUM 390UF 20% 500V PRESS
ALS80H102DB250,100,66.3376,KEMET,CAP ALUM 1000UF 20% 250V SCREW
ALS81A102DB250,100,66.3376,KEMET,CAP ALUM 1000UF 20% 250V SCREW
ALS81H102DB250,100,66.3376,KEMET,CAP ALUM 1000UF 20% 250V SCREW
ALC40D153EH063,1008,66.44883,KEMET,CAP ALUM SNAP-IN 105C
ALF40C821DL350,200,66.46865,KEMET,CAP ALUM 820UF 20% 350V PRESS
ALS70A361DA500,100,66.4715,KEMET,CAP ALUM 360UF 20% 500V SCREW CH
ALS70H361DA500,100,66.4715,KEMET,CAP ALUM 360UF 20% 500V SCREW CH
ALS71A361DA500,100,66.4715,KEMET,CAP ALUM 360UF 20% 500V SCREW CH
ALS71H361DA500,100,66.4715,KEMET,CAP ALUM 360UF 20% 500V SCREW CH
ALS70A621DB400,100,66.5046,KEMET,CAP ALUM 620UF 20% 400V SCREW CH
ALS70H621DB400,100,66.5046,KEMET,CAP ALUM 620UF 20% 400V SCREW CH
ALS71A621DB400,100,66.5046,KEMET,CAP ALUM 620UF 20% 400V SCREW CH
ALS71H621DB400,100,66.5046,KEMET,CAP ALUM 620UF 20% 400V SCREW CH
ALC80A822EH100,216,66.76819,KEMET,CAP ALUM 8200UF 20% 100V SNAP TH
ALC80C822EH100,216,66.76819,KEMET,CAP ALUM 8200UF 20% 100V SNAP TH
ALC80D822EH100,216,66.76819,KEMET,CAP ALUM 8200UF 20% 100V SNAP TH
ALC80E822EH100,216,66.76819,KEMET,CAP ALUM 8200UF 20% 100V SNAP TH
ALC80F822EH100,216,66.76819,KEMET,CAP ALUM 8200UF 20% 100V SNAP TH
PEH534VDF3470M2S,1000,66.88441,KEMET,CAP ALUM SNAP-IN HIGH RIPPLE
PEH534VDF3470M3,1000,66.88441,KEMET,CAP ALUM SNAP-IN HIGH RIPPLE
PEH536VDG3470M2S,1000,66.88441,KEMET,CAP ALUM SNAP-IN 105C
PEH536VDG3470M3,1000,66.88441,KEMET,CAP ALUM SNAP-IN 105C
ALF70C221DE630,1000,67.01201,KEMET,CAP ALUM 220UF 20% 630V PRESS
ELG228M180AT6AA,1000,67.03508,KEMET,CAP ALUM SNAP-IN 105C
ALS80A621DB350,100,67.1165,KEMET,CAP ALUM 620UF 20% 350V SCREW CH
ALS80H621DB350,100,67.1165,KEMET,CAP ALUM 620UF 20% 350V SCREW CH
ALS81A621DB350,100,67.1165,KEMET,CAP ALUM 620UF 20% 350V SCREW CH
ALS81H621DB350,100,67.1165,KEMET,CAP ALUM 620UF 20% 350V SCREW CH
ALF40C182EH200,216,67.12843,KEMET,CAP ALUM 1800UF 20% 200V PRESS
PEG124UL2680QE4,1088,67.13626,KEMET,CAP ALUM 350V POLAR
ALF40G561EL450,216,67.18778,KEMET,CAP ALUM 560UF 20% 450V PRESS
ALC70D822EF100,1000,67.23967,KEMET,CAP ALUM 8200UF 20% 100V SNAP TH
ALC80C182EH250,216,67.25708,KEMET,CAP ALUM 1800UF 20% 250V SNAP TH
ALC80D182EH250,216,67.25708,KEMET,CAP ALUM 1800UF 20% 250V SNAP TH
ALC80E182EH250,216,67.25708,KEMET,CAP ALUM 1800UF 20% 250V SNAP TH
ALC80F182EH250,216,67.25708,KEMET,CAP ALUM 1800UF 20% 250V SNAP TH
ALC40A682EC063,1008,67.29571,KEMET,CAP ALUM SNAP-IN 105C
ALC80A112EH350,216,67.34245,KEMET,CAP ALUM 1100UF 20% 350V SNAP TH
ALC80D112EH350,216,67.34245,KEMET,CAP ALUM 1100UF 20% 350V SNAP TH
ALC80E112EH350,216,67.34245,KEMET,CAP ALUM 1100UF 20% 350V SNAP TH
ALV70F121DE750,1000,69.72189,KEMET,CAP ALUM 85C 120UF 750VDC
ALC70A242EH250,216,67.46954,KEMET,CAP ALUM 2400UF 20% 250V SNAP TH
ALC70C242EH250,216,67.46954,KEMET,CAP ALUM 2400UF 20% 250V SNAP TH
ALC70D242EH250,216,67.46954,KEMET,CAP ALUM 2400UF 20% 250V SNAP TH
ALC70E242EH250,216,67.46954,KEMET,CAP ALUM 2400UF 20% 250V SNAP TH
ALC70F242EH250,216,67.46954,KEMET,CAP ALUM 2400UF 20% 250V SNAP TH
ALF40C331DH500,200,67.47545,KEMET,CAP ALUM 330UF 20% 500V PRESS
ALF40C681DL400,1000,67.51132,KEMET,CAP ALUM 680UF 20% 400V PRESS
ALF40C153EH063,216,67.52505,KEMET,CAP ALUM 15000UF 20% 63V PRESS
ALC70A511EF550,216,67.55417,KEMET,CAP ALUM 510UF 20% 550V SNAP TH
ALC70C511EF550,216,67.55417,KEMET,CAP ALUM 510UF 20% 550V SNAP TH
ALC70D511EF550,216,67.55417,KEMET,CAP ALUM 510UF 20% 550V SNAP TH
ALC70E511EF550,216,67.55417,KEMET,CAP ALUM 510UF 20% 550V SNAP TH
ALC70F511EF550,216,67.55417,KEMET,CAP ALUM 510UF 20% 550V SNAP TH
ALF20G222EH200,216,67.59894,KEMET,CAP ALUM 2200UF 20% 200V PRESS
ALF70G751EF450,1000,67.63999,KEMET,CAP ALUM 750UF 20% 450V PRESS
PEH228MMS4180QE4,1152,67.70486,KEMET,CAP ALUM 1800UF 63V SOLDER LUG
ALF40C563EG025,216,67.74481,KEMET,CAP ALUM 56000UF 20% 25V PRESS
ALF20G682EG100,216,67.78463,KEMET,CAP ALUM 6800UF 20% 100V PRESS
ALC40A271ED500,1008,67.83577,KEMET,CAP ALUM SNAP-IN 105C
ALC80D561EF450,216,67.95806,KEMET,CAP ALUM 560UF 20% 450V SNAP TH
ALC80E561EF450,216,67.95806,KEMET,CAP ALUM 560UF 20% 450V SNAP TH
ALC80F561EF450,216,67.95806,KEMET,CAP ALUM 560UF 20% 450V SNAP TH
ALF20C821EG350,216,68.01509,KEMET,CAP ALUM 820UF 20% 350V PRESS
ALS70A751DB350,100,68.0394,KEMET,CAP ALUM 750UF 20% 350V SCREW CH
ALS70H751DB350,100,68.0394,KEMET,CAP ALUM 750UF 20% 350V SCREW CH
ALS71A751DB350,100,68.0394,KEMET,CAP ALUM 750UF 20% 350V SCREW CH
ALS71H751DB350,100,68.0394,KEMET,CAP ALUM 750UF 20% 350V SCREW CH
ALF20C561DL500,200,68.0754,KEMET,CAP ALUM 560UF 20% 500V PRESS
ALF20G183EH063,216,68.10241,KEMET,CAP ALUM 18000UF 20% 63V PRESS
ALF40G122EG250,216,68.13343,KEMET,CAP ALUM 1200UF 20% 250V PRESS
ALS70H163DE063,100,68.2172,KEMET,CAP ALUM 16000UF 20% 63V SCREW
ALS71A163DE063,100,68.2172,KEMET,CAP ALUM 16000UF 20% 63V SCREW
ALS71H163DE063,100,68.2172,KEMET,CAP ALUM 16000UF 20% 63V SCREW
ALC40A393DF025,1000,68.37027,KEMET,CAP ALUM SNAP-IN 105C
ALF20C331EE550,216,68.38343,KEMET,CAP ALUM 330UF 20% 550V PRESS
PEH532PDG4470M2,1000,68.44064,KEMET,CAP ALUM SNAP-IN 105C
ALF40C102EL350,216,68.47833,KEMET,CAP ALUM 1000UF 20% 350V PRESS
PEH506RDG4180M2,1000,68.49564,KEMET,CAP ALUM SNAP-IN 85C
ALF40G681EH400,216,68.53042,KEMET,CAP ALUM 680UF 20% 400V PRESS
ALA8DA511DE450,1000,68.56717,KEMET,CAP ALUM 510UF 20% 450V SNAP TH
ALC70E161EB600,1008,68.62547,KEMET,CAP ALUM 160UF 20% 600V SNAP TH
ALC40A332DF100,1000,68.63977,KEMET,CAP ALUM SNAP-IN 105C
ALC80A183EF063,1008,68.64081,KEMET,CAP ALUM 18000UF 20% 63V SNAP TH
ALC80D183EF063,1008,68.64081,KEMET,CAP ALUM 18000UF 20% 63V SNAP TH
ALC40A471DL500,1000,68.69807,KEMET,CAP ALUM SNAP-IN 105C
ALF20C152EG250,216,68.86921,KEMET,CAP ALUM 1500UF 20% 250V PRESS
ALF20C331DH550,200,68.9544,KEMET,CAP ALUM 330UF 20% 550V PRESS
ALF70C271DG630,1000,68.9598,KEMET,CAP ALUM 270UF 20% 630V PRESS
ALF70C271DG600,1000,68.9598,KEMET,CAP ALUM 270UF 20% 600V PRESS
ALS70H511DB450,100,68.9714,KEMET,CAP ALUM 510UF 20% 450V SCREW CH
ALS71A511DB450,100,68.9714,KEMET,CAP ALUM 510UF 20% 450V SCREW CH
ALS71H511DB450,100,68.9714,KEMET,CAP ALUM 510UF 20% 450V SCREW CH
PEH506JDG5270M2,1000,69.0764,KEMET,CAP ALUM SNAP-IN 85C
PEH534PDG4470M4,1000,69.08955,KEMET,CAP ALUM SNAP-IN HIGH RIPPLE
PEH534PDG4470M2,1000,69.08955,KEMET,CAP ALUM SNAP-IN HIGH RIPPLE
ALF40G182EH200,216,69.10468,KEMET,CAP ALUM 1800UF 20% 200V PRESS
PEH534MDE4680M2,1000,69.10716,KEMET,CAP ALUM SNAP-IN HIGH RIPPLE
PEH534MCG4680M2,1000,69.10716,KEMET,CAP ALUM SNAP-IN HIGH RIPPLE
ALC40C821DF250,1000,69.17646,KEMET,CAP ALUM SNAP-IN 105C
ALS80A243DE040,100,69.1822,KEMET,CAP ALUM 24000UF 20% 40V SCREW
ALS80H243DE040,100,69.1822,KEMET,CAP ALUM 24000UF 20% 40V SCREW
ALS81A243DE040,100,69.1822,KEMET,CAP ALUM 24000UF 20% 40V SCREW
ALS81H243DE040,100,69.1822,KEMET,CAP ALUM 24000UF 20% 40V SCREW
ALF20C102DL350,200,69.3038,KEMET,CAP ALUM 1000UF 20% 350V PRESS
PEH536VDG3470M2,1000,69.30951,KEMET,CAP ALUM SNAP-IN 105C
ALF20C822EH100,216,69.45079,KEMET,CAP ALUM 8200UF 20% 100V PRESS
ALC70C561EF500,216,69.53843,KEMET,CAP ALUM 560UF 20% 500V SNAP TH
ALC70D561EF500,216,69.53843,KEMET,CAP ALUM 560UF 20% 500V SNAP TH
ALC70E561EF500,216,69.53843,KEMET,CAP ALUM 560UF 20% 500V SNAP TH
ALC70F561EF500,216,69.53843,KEMET,CAP ALUM 560UF 20% 500V SNAP TH
ALS70A301DA550,100,69.5709,KEMET,CAP ALUM 300UF 20% 550V SCREW CH
ALS70H301DA550,100,69.5709,KEMET,CAP ALUM 300UF 20% 550V SCREW CH
ALS71H301DA550,100,69.5709,KEMET,CAP ALUM 300UF 20% 550V SCREW CH
ALS80A301DA500,100,69.604,KEMET,CAP ALUM 300UF 20% 500V SCREW CH
ALS80H301DA500,100,69.604,KEMET,CAP ALUM 300UF 20% 500V SCREW CH
ALS81A301DA500,100,69.604,KEMET,CAP ALUM 300UF 20% 500V SCREW CH
ALS81H301DA500,100,69.604,KEMET,CAP ALUM 300UF 20% 500V SCREW CH
ALF40G563EG025,216,69.69236,KEMET,CAP ALUM 56000UF 20% 25V PRESS
PEH536PDH4470M2,1000,69.70992,KEMET,CAP ALUM SNAP-IN 105C
PEH536PDH4470M3,1000,69.70992,KEMET,CAP ALUM SNAP-IN 105C
ALC40A221ED450,1008,69.71321,KEMET,CAP ALUM SNAP-IN 105C
ALF20C333EF035,216,69.73139,KEMET,CAP ALUM 33000UF 20% 35V PRESS
ALS80A561DB400,100,69.7479,KEMET,CAP ALUM 560UF 20% 400V SCREW CH
ALS80H561DB400,100,69.7479,KEMET,CAP ALUM 560UF 20% 400V SCREW CH
ALS81A561DB400,100,69.7479,KEMET,CAP ALUM 560UF 20% 400V SCREW CH
ALS81H561DB400,100,69.7479,KEMET,CAP ALUM 560UF 20% 400V SCREW CH
ALC80A911EH400,216,69.90981,KEMET,CAP ALUM 910UF 20% 400V SNAP TH
ALC80C911EH400,216,69.90981,KEMET,CAP ALUM 910UF 20% 400V SNAP TH
ALC80D911EH400,216,69.90981,KEMET,CAP ALUM 910UF 20% 400V SNAP TH
ALC80E911EH400,216,69.90981,KEMET,CAP ALUM 910UF 20% 400V SNAP TH
ALC80F911EH400,216,69.90981,KEMET,CAP ALUM 910UF 20% 400V SNAP TH
ALF20G821EG350,216,69.96264,KEMET,CAP ALUM 820UF 20% 350V PRESS
ALF20G471EH500,216,69.97949,KEMET,CAP ALUM 470UF 20% 500V PRESS
PEH200ZA3100MB2,100,70.0241,KEMET,CAP ALUM SCRW TERM 85C
ALV70D151DF700,1000,72.4939,KEMET,CAP ALUM 85C 150UF 700VDC
PEH169HA468VMB2,100,70.1456,KEMET,CAP ALUM SCRW TERM 105C
ALS70H822DA063,100,70.206,KEMET,CAP ALUM 8200UF 20% 63V SCREW CH
ALF70C561EF500,1008,70.2796,KEMET,CAP ALUM 560UF 20% 500V PRESS
ALF20G331EE550,216,70.33019,KEMET,CAP ALUM 330UF 20% 550V PRESS
ALC80A222EF200,1008,70.37748,KEMET,CAP ALUM 2200UF 20% 200V SNAP TH
ALF40G153EH063,216,70.38644,KEMET,CAP ALUM 15000UF 20% 63V PRESS
ALF20C333EH040,216,70.40102,KEMET,CAP ALUM 33000UF 20% 40V PRESS
ALF40G102EL350,216,70.45231,KEMET,CAP ALUM 1000UF 20% 350V PRESS
ALF80G561EF450,1000,70.49957,KEMET,CAP ALUM 560UF 20% 450V PRESS
ALA8DC431DF500,1000,70.54357,KEMET,CAP ALUM 430UF 20% 500V SNAP TH
ALS71A623DE025,100,70.6567,KEMET,CAP ALUM 62000UF 20% 25V SCREW
ALS71H623DE025,100,70.6567,KEMET,CAP ALUM 62000UF 20% 25V SCREW
ALC80D473EL040,216,70.67245,KEMET,CAP ALUM 47000UF 20% 40V SNAP TH
ALC80E473EL040,216,70.67245,KEMET,CAP ALUM 47000UF 20% 40V SNAP TH
ALC80F473EL040,216,70.67245,KEMET,CAP ALUM 47000UF 20% 40V SNAP TH
ALC40G562EH100,1008,70.70744,KEMET,CAP ALUM SNAP-IN 105C
ALF70G821EH450,1008,70.71958,KEMET,CAP ALUM 820UF 20% 450V PRESS
ALA8DA621DF400,1000,70.81298,KEMET,CAP ALUM 620UF 20% 400V SNAP TH
ALF20G152EG250,216,70.8156,KEMET,CAP ALUM 1500UF 20% 250V PRESS
ALC80C681EF400,1008,70.93731,KEMET,CAP ALUM 680UF 20% 400V SNAP TH
ALC80E681EF400,1008,70.93731,KEMET,CAP ALUM 680UF 20% 400V SNAP TH
ALC70A122EH400,216,70.97949,KEMET,CAP ALUM 1200UF 20% 400V SNAP TH
ALC70C122EH400,216,70.97949,KEMET,CAP ALUM 1200UF 20% 400V SNAP TH
ALC70D122EH400,216,70.97949,KEMET,CAP ALUM 1200UF 20% 400V SNAP TH
ALC70E122EH400,216,70.97949,KEMET,CAP ALUM 1200UF 20% 400V SNAP TH
ALC70F122EH400,216,70.97949,KEMET,CAP ALUM 1200UF 20% 400V SNAP TH
ALC70A241DF600,200,70.992,KEMET,CAP ALUM 240UF 20% 600V SNAP TH
ALC70C241DF600,200,70.992,KEMET,CAP ALUM 240UF 20% 600V SNAP TH
ALC70D241DF600,200,70.992,KEMET,CAP ALUM 240UF 20% 600V SNAP TH
ALC70E241DF600,200,70.992,KEMET,CAP ALUM 240UF 20% 600V SNAP TH
ALC70F241DF600,200,70.992,KEMET,CAP ALUM 240UF 20% 600V SNAP TH
ALF20G102EL400,1008,71.0264,KEMET,CAP ALUM 1000UF 20% 400V PRESS
ALV70A131DF750,1000,73.63636,KEMET,CAP ALUM 85C 130UF 750VDC
PEH536MDF4680M3,1000,71.21339,KEMET,CAP ALUM SNAP-IN 105C
PEH536MDF4680M2,1000,71.21339,KEMET,CAP ALUM SNAP-IN 105C
PEH200PA4150MU2,100,71.2215,KEMET,CAP ALUM SCRW TERM 85C
ALS80A562DE100,100,71.4208,KEMET,CAP ALUM 5600UF 20% 100V SCREW
ALS81A562DE100,100,71.4208,KEMET,CAP ALUM 5600UF 20% 100V SCREW
ALS81H562DE100,100,71.4208,KEMET,CAP ALUM 5600UF 20% 100V SCREW
ALC40A561DF350,1000,71.59395,KEMET,CAP ALUM SNAP-IN 105C
ALV70D131DF750,1000,74.09384,KEMET,CAP ALUM 85C 130UF 750VDC
ALF20G333EF035,216,71.67551,KEMET,CAP ALUM 33000UF 20% 35V PRESS
PEH536YDF3270M2,1000,71.74462,KEMET,CAP ALUM SNAP-IN 105C
ALS80H133DA040,100,71.7582,KEMET,CAP ALUM 13000UF 20% 40V SCREW
PEH506YDG3470M2,1000,71.78084,KEMET,CAP ALUM SNAP-IN 85C
PEH506YDG3470M4,1000,71.78084,KEMET,CAP ALUM SNAP-IN 85C
PEH506YDG3470M3,1000,71.78084,KEMET,CAP ALUM SNAP-IN 85C
ALF40C273EG040,216,71.84394,KEMET,CAP ALUM 27000UF 20% 40V PRESS
ALC40A103DF063,1000,71.8623,KEMET,CAP ALUM SNAP-IN 105C
PEH169GA515VMU2,100,71.8938,KEMET,CAP ALUM SCREW TERM 105C
ELG688M100AT6AA,1000,71.9679,KEMET,CAP ALUM SNAP-IN 105C
ALC80A682EF100,1008,72.01734,KEMET,CAP ALUM 6800UF 20% 100V SNAP TH
ALC80E682EF100,1008,72.01734,KEMET,CAP ALUM 6800UF 20% 100V SNAP TH
ALV70F151DF700,1000,74.57973,KEMET,CAP ALUM 85C 150UF 700VDC
PEH169HA510VMU2,100,72.0914,KEMET,CAP ALUM SCREW TERM 105C
ALC70D102EH450,216,72.12227,KEMET,CAP ALUM 1000UF 20% 450V SNAP TH
ALC70F102EH450,216,72.12227,KEMET,CAP ALUM 1000UF 20% 450V SNAP TH
ALC80E331DF500,1000,72.19878,KEMET,CAP ALUM 330UF 20% 500V SNAP TH
ALC80F331DF500,1000,72.19878,KEMET,CAP ALUM 330UF 20% 500V SNAP TH
ALC40A333EC025,1008,72.26591,KEMET,CAP ALUM SNAP-IN 105C
ALS70H682DE100,100,72.2725,KEMET,CAP ALUM 6800UF 20% 100V SCREW
ALS71A682DE100,100,72.2725,KEMET,CAP ALUM 6800UF 20% 100V SCREW
ALS71H682DE100,100,72.2725,KEMET,CAP ALUM 6800UF 20% 100V SCREW
ALF70G561EF500,1000,72.3693,KEMET,CAP ALUM 560UF 20% 500V PRESS
ALS80H471DB450,100,72.4049,KEMET,CAP ALUM 470UF 20% 450V SCREW CH
ALS81A471DB450,100,72.4049,KEMET,CAP ALUM 470UF 20% 450V SCREW CH
ALS81H471DB450,100,72.4049,KEMET,CAP ALUM 470UF 20% 450V SCREW CH
ELG567M450AT6AA,1000,72.41552,KEMET,CAP ALUM SNAP-IN 105C
PEH534YDF3390M3,1000,72.43305,KEMET,CAP ALUM SNAP-IN HIGH RIPPLE
PEH534YDF3390M2S,1000,72.43305,KEMET,CAP ALUM SNAP-IN HIGH RIPPLE
PEH169MA4150QB2,100,72.4983,KEMET,CAP ALUM SCRW TERM 105C
PEH169EA510VMB2,100,72.5487,KEMET,CAP ALUM SCRW TERM 105C
ALV70C151DF700,1000,75.09411,KEMET,CAP ALUM 85C 150UF 700VDC
ALF40C391EF500,216,72.61806,KEMET,CAP ALUM 390UF 20% 500V PRESS
PEH169EA510VMU2,100,72.791,KEMET,CAP ALUM SCREW TERM 105C
ALF20G822EH100,216,72.83282,KEMET,CAP ALUM 8200UF 20% 100V PRESS
ALF20C102DL400,200,72.8456,KEMET,CAP ALUM 1000UF 20% 400V PRESS
ALV70E151DF700,1000,75.40811,KEMET,CAP ALUM 85C 150UF 700VDC
ALS81A752DA063,100,72.8853,KEMET,CAP ALUM 7500UF 20% 63V SCREW CH
ALS80H153DE063,100,72.9688,KEMET,CAP ALUM 15000UF 20% 63V SCREW
ALS81A153DE063,100,72.9688,KEMET,CAP ALUM 15000UF 20% 63V SCREW
ALS81H153DE063,100,72.9688,KEMET,CAP ALUM 15000UF 20% 63V SCREW
ALF20C151DC600,200,73.0813,KEMET,CAP ALUM 150UF 20% 600V PRESS
PEH169UA3150QU2,100,73.102,KEMET,CAP ALUM SCREW TERM 105C
ALF20G333EH040,216,73.29644,KEMET,CAP ALUM 33000UF 20% 40V PRESS
ALC40A331DH450,1000,73.47459,KEMET,CAP ALUM SNAP-IN 105C
ALS70H471DB500,100,73.5212,KEMET,CAP ALUM 470UF 20% 500V SCREW CH
ALS71A471DB500,100,73.5212,KEMET,CAP ALUM 470UF 20% 500V SCREW CH
ALS71H471DB500,100,73.5212,KEMET,CAP ALUM 470UF 20% 500V SCREW CH
ALS80H623DE025,100,73.5651,KEMET,CAP ALUM 62000UF 20% 25V SCREW
ALS81A623DE025,100,73.5651,KEMET,CAP ALUM 62000UF 20% 25V SCREW
ALS81H623DE025,100,73.5651,KEMET,CAP ALUM 62000UF 20% 25V SCREW
ALA7DE181DC600,1000,73.57143,KEMET,CAP ALUM SNAP-IN 85C
ALF70C331DH630,1008,73.57911,KEMET,CAP ALUM 330UF 20% 630V PRESS
ALF70C471EF550,1000,73.57912,KEMET,CAP ALUM 470UF 20% 550V PRESS
ALC70C333EL063,216,73.58093,KEMET,CAP ALUM 33000UF 20% 63V SNAP TH
ALC70D333EL063,216,73.58093,KEMET,CAP ALUM 33000UF 20% 63V SNAP TH
ALC70E333EL063,216,73.58093,KEMET,CAP ALUM 33000UF 20% 63V SNAP TH
ALC70F333EL063,216,73.58093,KEMET,CAP ALUM 33000UF 20% 63V SNAP TH
ALV70F131DF750,1000,76.17967,KEMET,CAP ALUM 85C 130UF 750VDC
ALF40G273EG040,216,73.78421,KEMET,CAP ALUM 27000UF 20% 40V PRESS
PEH536YDH3390M3,1000,74.02567,KEMET,CAP ALUM SNAP-IN 105C
PEH536YDH3390M2,1000,74.02567,KEMET,CAP ALUM SNAP-IN 105C
ALF20C122EL350,216,74.0338,KEMET,CAP ALUM 1200UF 20% 350V PRESS
ALC40E272EL200,1008,74.13893,KEMET,CAP ALUM SNAP-IN 105C
ALC70A432EL200,216,74.14023,KEMET,CAP ALUM 4300UF 20% 200V SNAP TH
ALC70C432EL200,216,74.14023,KEMET,CAP ALUM 4300UF 20% 200V SNAP TH
ALC70D432EL200,216,74.14023,KEMET,CAP ALUM 4300UF 20% 200V SNAP TH
ALC70E432EL200,216,74.14023,KEMET,CAP ALUM 4300UF 20% 200V SNAP TH
ALC70F432EL200,216,74.14023,KEMET,CAP ALUM 4300UF 20% 200V SNAP TH
ALF40C822EL100,216,74.14903,KEMET,CAP ALUM 8200UF 20% 100V PRESS
ALF20G681EL500,216,74.17088,KEMET,CAP ALUM 680UF 20% 500V PRESS
ALT22A471DD385,1008,74.18291,KEMET,CAP ALUM 470UF 20% 385V SNAP TH
ALS71A122DA200,100,74.2076,KEMET,CAP ALUM 1200UF 20% 200V SCREW
ALF20C821EL450,1008,74.29399,KEMET,CAP ALUM 820UF 20% 450V PRESS
ALC40A471EE350,1008,74.41499,KEMET,CAP ALUM SNAP-IN 105C
ALC80A114EL025,216,74.46796,KEMET,CAP ALUM 110000UF 20% 25V SNAP
ALC80C114EL025,216,74.46796,KEMET,CAP ALUM 110000UF 20% 25V SNAP
ALC80D114EL025,216,74.46796,KEMET,CAP ALUM 110000UF 20% 25V SNAP
ALC80F114EL025,216,74.46796,KEMET,CAP ALUM 110000UF 20% 25V SNAP
ALF40G391EF500,216,74.55755,KEMET,CAP ALUM 390UF 20% 500V PRESS
ALC80A303EL063,216,74.57324,KEMET,CAP ALUM 30000UF 20% 63V SNAP TH
ALC80C303EL063,216,74.57324,KEMET,CAP ALUM 30000UF 20% 63V SNAP TH
ALC80D303EL063,216,74.57324,KEMET,CAP ALUM 30000UF 20% 63V SNAP TH
ALC80E303EL063,216,74.57324,KEMET,CAP ALUM 30000UF 20% 63V SNAP TH
ALC80F303EL063,216,74.57324,KEMET,CAP ALUM 30000UF 20% 63V SNAP TH
ALC40A471EG500,1008,74.61959,KEMET,CAP ALUM SNAP-IN 105C
ALS80A361DB500,100,74.9444,KEMET,CAP ALUM 360UF 20% 500V SCREW CH
ALS80H361DB500,100,74.9444,KEMET,CAP ALUM 360UF 20% 500V SCREW CH
ALS81A361DB500,100,74.9444,KEMET,CAP ALUM 360UF 20% 500V SCREW CH
ALS81H361DB500,100,74.9444,KEMET,CAP ALUM 360UF 20% 500V SCREW CH
ALC40C272EL200,1008,75.06277,KEMET,CAP ALUM SNAP-IN 105C
ALS70A242DE200,100,75.1106,KEMET,CAP ALUM 2400UF 20% 200V SCREW
ALS70H242DE200,100,75.1106,KEMET,CAP ALUM 2400UF 20% 200V SCREW
ALS71H242DE200,100,75.1106,KEMET,CAP ALUM 2400UF 20% 200V SCREW
ALF20C391EF550,216,75.20301,KEMET,CAP ALUM 390UF 20% 550V PRESS
ALS31A101DA500,100,75.2768,KEMET,CAP ALUM SCREW TERM 85C
ALC40A271EF450,1008,75.35532,KEMET,CAP ALUM SNAP-IN 105C
PEH532YDG3470M4,1000,75.37293,KEMET,CAP ALUM SNAP-IN 105C
PEH532YDG3470M2S,1000,75.37293,KEMET,CAP ALUM SNAP-IN 105C
PEH532YDG3470M4S,1000,75.37293,KEMET,CAP ALUM SNAP-IN 105C
PEH532YDG3470M3,1000,75.37293,KEMET,CAP ALUM SNAP-IN 105C
ALS81A751DA250,100,75.4431,KEMET,CAP ALUM 750UF 20% 250V SCREW CH
ALS80A202DE200,100,75.5398,KEMET,CAP ALUM 2000UF 20% 200V SCREW
ALS80H202DE200,100,75.5398,KEMET,CAP ALUM 2000UF 20% 200V SCREW
ALS81A202DE200,100,75.5398,KEMET,CAP ALUM 2000UF 20% 200V SCREW
ALS81H202DE200,100,75.5398,KEMET,CAP ALUM 2000UF 20% 200V SCREW
ALC40A102EF250,1008,75.62481,KEMET,CAP ALUM SNAP-IN 105C
ALC40C471DF350,1000,75.62481,KEMET,CAP ALUM SNAP-IN 105C
ALF70G471EF550,1000,75.66881,KEMET,CAP ALUM 470UF 20% 550V PRESS
ALF80C681EH450,1008,75.66878,KEMET,CAP ALUM 680UF 20% 450V PRESS
ALS70A181DA630,100,75.7821,KEMET,CAP ALUM SCREW TERM CV
ALC70D103EH100,1008,75.79971,KEMET,CAP ALUM 10000UF 20% 100V SNAP
ALS71H113DB063,100,75.8086,KEMET,CAP ALUM 11000UF 20% 63V SCREW
ALV70A181DG700,1000,78.5226,KEMET,CAP ALUM 85C 180UF 700VDC
ALF20G122EL350,216,75.99856,KEMET,CAP ALUM 1200UF 20% 350V PRESS
ALF40G822EL100,216,76.11306,KEMET,CAP ALUM 8200UF 20% 100V PRESS
ALF20C182EH250,216,76.14366,KEMET,CAP ALUM 1800UF 20% 250V PRESS
ALC70A621EH550,216,76.1762,KEMET,CAP ALUM 620UF 20% 550V SNAP TH
ALC70C621EH550,216,76.1762,KEMET,CAP ALUM 620UF 20% 550V SNAP TH
ALC70D621EH550,216,76.1762,KEMET,CAP ALUM 620UF 20% 550V SNAP TH
ALC70E621EH550,216,76.1762,KEMET,CAP ALUM 620UF 20% 550V SNAP TH
ALC70F621EH550,216,76.1762,KEMET,CAP ALUM 620UF 20% 550V SNAP TH
ALS31A151DA450,100,76.2196,KEMET,CAP ALUM SCREW TERM 85C
ALF40C823EL025,216,76.2344,KEMET,CAP ALUM 82000UF 20% 25V PRESS
PEH169UA322VMU2,100,76.3171,KEMET,CAP ALUM SCREW TERM 105C
ALV70D181DG700,1000,78.98009,KEMET,CAP ALUM 85C 180UF 700VDC
ALS80A112DA200,100,76.3965,KEMET,CAP ALUM 1100UF 20% 200V SCREW
ALF80C471EF500,1000,76.43869,KEMET,CAP ALUM 470UF 20% 500V PRESS
ALF40C152DL250,200,76.6661,KEMET,CAP ALUM 1500UF 20% 250V PRESS
ALS70H363DE040,100,76.719,KEMET,CAP ALUM 36000UF 20% 40V SCREW
ALS71H363DE040,100,76.719,KEMET,CAP ALUM 36000UF 20% 40V SCREW
ALS70A561DA350,100,76.9448,KEMET,CAP ALUM 560UF 20% 350V SCREW CH
ALS71A561DA350,100,76.9448,KEMET,CAP ALUM 560UF 20% 350V SCREW CH
ALF20C681EL500,216,76.96028,KEMET,CAP ALUM 680UF 20% 500V PRESS
ALS70H182DE250,100,77.0159,KEMET,CAP ALUM 1800UF 20% 250V SCREW
ALS71A182DE250,100,77.0159,KEMET,CAP ALUM 1800UF 20% 250V SCREW
ALS71H182DE250,100,77.0159,KEMET,CAP ALUM 1800UF 20% 250V SCREW
ALS80A362DB100,100,77.0159,KEMET,CAP ALUM 3600UF 20% 100V SCREW
ALS80A152DE250,100,77.0597,KEMET,CAP ALUM 1500UF 20% 250V SCREW
ALS80H152DE250,100,77.0597,KEMET,CAP ALUM 1500UF 20% 250V SCREW
ALS81A152DE250,100,77.0597,KEMET,CAP ALUM 1500UF 20% 250V SCREW
ALS81H152DE250,100,77.0597,KEMET,CAP ALUM 1500UF 20% 250V SCREW
ALF40C102EL400,216,77.11838,KEMET,CAP ALUM 1000UF 20% 400V PRESS
ALF20G391EF550,216,77.1387,KEMET,CAP ALUM 390UF 20% 550V PRESS
ALS40A332DA063,100,77.1623,KEMET,CAP ALUM SCRW TERM 105C
ALF20C182DL250,200,77.3322,KEMET,CAP ALUM 1800UF 20% 250V PRESS
ELG108M400AT6AA,1000,77.38125,KEMET,CAP ALUM SNAP-IN 105C
ALS70H391DB550,100,77.4004,KEMET,CAP ALUM 390UF 20% 550V SCREW CH
ALS71H391DB550,100,77.4004,KEMET,CAP ALUM 390UF 20% 550V SCREW CH
ALC70F153EL100,216,77.51426,KEMET,CAP ALUM 15000UF 20% 100V SNAP
ALC80D223EH063,1008,77.52424,KEMET,CAP ALUM 22000UF 20% 63V SNAP TH
ALF70C681EH500,1008,77.53851,KEMET,CAP ALUM 680UF 20% 500V PRESS
ALF80G681EH450,1008,77.75846,KEMET,CAP ALUM 680UF 20% 450V PRESS
PEH534VDG3560M2S,1000,77.81018,KEMET,CAP ALUM SNAP-IN HIGH RIPPLE
PEH534VDG3560M2,1000,77.81018,KEMET,CAP ALUM SNAP-IN HIGH RIPPLE
PEH536VDH3560M3,1000,77.81018,KEMET,CAP ALUM SNAP-IN 105C
PEH536VDH3560M2S,1000,77.81018,KEMET,CAP ALUM SNAP-IN 105C
PEH536VDH3560M2,1000,77.90702,KEMET,CAP ALUM SNAP-IN 105C
ALC70C102EH400,1008,78.02796,KEMET,CAP ALUM SNAP-IN 85C
ALF20G332EL200,216,78.0931,KEMET,CAP ALUM 3300UF 20% 200V PRESS
ALS41A332DA063,100,78.1,KEMET,CAP ALUM SCRW TERM 105C
ALF20G182EH250,216,78.10616,KEMET,CAP ALUM 1800UF 20% 250V PRESS
ALC70A683EL040,216,78.1563,KEMET,CAP ALUM 68000UF 20% 40V SNAP TH
ALC70C683EL040,216,78.1563,KEMET,CAP ALUM 68000UF 20% 40V SNAP TH
ALC70D683EL040,216,78.1563,KEMET,CAP ALUM 68000UF 20% 40V SNAP TH
ALC70E683EL040,216,78.1563,KEMET,CAP ALUM 68000UF 20% 40V SNAP TH
ALF40G823EL025,216,78.19495,KEMET,CAP ALUM 82000UF 20% 25V PRESS
ALS40A153DA025,100,78.2365,KEMET,CAP ALUM SCRW TERM 105C
ALF20C681DL500,200,78.3043,KEMET,CAP ALUM 680UF 20% 500V PRESS
ALV70F181DG700,1000,81.06591,KEMET,CAP ALUM 85C 180UF 700VDC
ALS31A471DA250,100,78.5036,KEMET,CAP ALUM SCREW TERM 85C
ALF80G471EF500,1000,78.52838,KEMET,CAP ALUM 470UF 20% 500V PRESS
ALC40A393ED025,1008,78.57901,KEMET,CAP ALUM SNAP-IN 105C
ALC70A821EH450,1008,78.82537,KEMET,CAP ALUM SNAP-IN 85C
ALS70H112DE350,100,78.8294,KEMET,CAP ALUM 1100UF 20% 350V SCREW
ALS71H112DE350,100,78.8294,KEMET,CAP ALUM 1100UF 20% 350V SCREW
ALV70C181DG700,1000,81.58029,KEMET,CAP ALUM 85C 180UF 700VDC
ALF70G511EF550,1000,78.85834,KEMET,CAP ALUM 510UF 20% 550V PRESS
PEH169EB5150QU2,100,78.8947,KEMET,CAP ALUM SCREW TERM 105C
ALV70A161DG750,1000,81.86588,KEMET,CAP ALUM 85C 160UF 750VDC
PEH200ZB3150MB2,100,79.1345,KEMET,CAP ALUM SCRW TERM 85C
ALV70E181DG700,1000,81.89429,KEMET,CAP ALUM 85C 180UF 700VDC
ALC40C822DD063,1000,79.25097,KEMET,CAP ALUM SNAP-IN 105C
ALS30A681DB200,100,79.3082,KEMET,CAP ALUM SCRW TERM 85C
ALC40A821EL450,1008,79.33786,KEMET,CAP ALUM SNAP-IN 105C
ALF40C821EL450,1008,79.37855,KEMET,CAP ALUM 820UF 20% 450V PRESS
ALF40C182EL250,216,79.42694,KEMET,CAP ALUM 1800UF 20% 250V PRESS
ALS40A221DA350,100,79.4422,KEMET,CAP ALUM SCRW TERM 105C
ALS70H823DF025,100,79.4562,KEMET,CAP ALUM 82000UF 20% 25V SCREW
ALS71A823DF025,100,79.4562,KEMET,CAP ALUM 82000UF 20% 25V SCREW
ALS71H823DF025,100,79.4562,KEMET,CAP ALUM 82000UF 20% 25V SCREW
ALC70D332EL250,216,79.51347,KEMET,CAP ALUM 3300UF 20% 250V SNAP TH
ALC70E332EL250,216,79.51347,KEMET,CAP ALUM 3300UF 20% 250V SNAP TH
ALC70F332EL250,216,79.51347,KEMET,CAP ALUM 3300UF 20% 250V SNAP TH
ALS70A332DA100,100,79.5348,KEMET,CAP ALUM 3300UF 20% 100V SCREW
ALV70D161DG750,1000,82.32328,KEMET,CAP ALUM 85C 160UF 750VDC
ALF70G681EH500,1008,79.84821,KEMET,CAP ALUM 680UF 20% 500V PRESS
ALF70C511EF550,1000,79.84819,KEMET,CAP ALUM 510UF 20% 550V PRESS
ALC80A272EH200,1008,79.87677,KEMET,CAP ALUM 2700UF 20% 200V SNAP TH
ALC80A392EL200,216,79.97597,KEMET,CAP ALUM 3900UF 20% 200V SNAP TH
ALC80C392EL200,216,79.97597,KEMET,CAP ALUM 3900UF 20% 200V SNAP TH
ALC80D392EL200,216,79.97597,KEMET,CAP ALUM 3900UF 20% 200V SNAP TH
ALC80E392EL200,216,79.97597,KEMET,CAP ALUM 3900UF 20% 200V SNAP TH
ALC80F392EL200,216,79.97597,KEMET,CAP ALUM 3900UF 20% 200V SNAP TH
ALF20G821EL450,216,80.02801,KEMET,CAP ALUM 820UF 20% 450V PRESS
ALF40G821EL450,216,80.02801,KEMET,CAP ALUM 820UF 20% 450V PRESS
ALF70C331EF600,1000,80.06816,KEMET,CAP ALUM 330UF 20% 600V PRESS
ALF70C331EF630,1000,80.06816,KEMET,CAP ALUM 330UF 20% 630V PRESS
ALF40G102EL400,216,80.09231,KEMET,CAP ALUM 1000UF 20% 400V PRESS
ALS70H243DF063,100,80.2244,KEMET,CAP ALUM 24000UF 20% 63V SCREW
ALS71H243DF063,100,80.2244,KEMET,CAP ALUM 24000UF 20% 63V SCREW
ALF20C222EL250,216,80.27727,KEMET,CAP ALUM 2200UF 20% 250V PRESS
ALA8DF431DF500,1000,80.35519,KEMET,CAP ALUM 430UF 20% 500V SNAP TH
ALF40C272EL200,216,80.41815,KEMET,CAP ALUM 2700UF 20% 200V PRESS
ALS40A471DA250,100,80.5147,KEMET,CAP ALUM SCRW TERM 105C
ALC80A152EF250,1008,80.56417,KEMET,CAP ALUM 1500UF 20% 250V SNAP TH
ALS80H102DE350,100,80.6958,KEMET,CAP ALUM 1000UF 20% 350V SCREW
ALS81A102DE350,100,80.6958,KEMET,CAP ALUM 1000UF 20% 350V SCREW
ALS81H102DE350,100,80.6958,KEMET,CAP ALUM 1000UF 20% 350V SCREW
ALC80C471EF500,216,80.79523,KEMET,CAP ALUM 470UF 20% 500V SNAP TH
ALC80F471EF500,216,80.79523,KEMET,CAP ALUM 470UF 20% 500V SNAP TH
ALA8DD561DF450,1000,80.80397,KEMET,CAP ALUM 560UF 20% 450V SNAP TH
ALF70C561EH550,1008,80.83801,KEMET,CAP ALUM 560UF 20% 550V PRESS
PEH169RB3470QB2,100,80.9406,KEMET,CAP ALUM SCRW TERM 105C
ALF20C181DD600,200,80.9559,KEMET,CAP ALUM 180UF 20% 600V PRESS
ALC70A202EL350,216,81.14171,KEMET,CAP ALUM 2000UF 20% 350V SNAP TH
ALC70C202EL350,216,81.14171,KEMET,CAP ALUM 2000UF 20% 350V SNAP TH
ALC70D202EL350,216,81.14171,KEMET,CAP ALUM 2000UF 20% 350V SNAP TH
ALC70E202EL350,216,81.14171,KEMET,CAP ALUM 2000UF 20% 350V SNAP TH
ALC70F202EL350,216,81.14171,KEMET,CAP ALUM 2000UF 20% 350V SNAP TH
ALF40C471EG500,216,81.14287,KEMET,CAP ALUM 470UF 20% 500V PRESS
PEH169RB3470QU2,100,81.1705,KEMET,CAP ALUM SCREW TERM 105C
ALS80H821DE400,100,81.2441,KEMET,CAP ALUM 820UF 20% 400V SCREW CH
ALS81A821DE400,100,81.2441,KEMET,CAP ALUM 820UF 20% 400V SCREW CH
ALS81H821DE400,100,81.2441,KEMET,CAP ALUM 820UF 20% 400V SCREW CH
ALF20C332EL200,216,81.25505,KEMET,CAP ALUM 3300UF 20% 200V PRESS
ALF20G102EL450,216,81.25505,KEMET,CAP ALUM 1000UF 20% 450V PRESS
ALS40A681DA200,100,81.3177,KEMET,CAP ALUM SCRW TERM 105C
ALF40G182EL250,216,81.38292,KEMET,CAP ALUM 1800UF 20% 250V PRESS
ALV70F161DG750,1000,84.40911,KEMET,CAP ALUM 85C 160UF 750VDC
PEH169UC333VMB2,100,81.5988,KEMET,CAP ALUM SCRW TERM 105C
ALS80A363DF040,100,81.6493,KEMET,CAP ALUM 36000UF 20% 40V SCREW
ALS80H363DF040,100,81.6493,KEMET,CAP ALUM 36000UF 20% 40V SCREW
ALS81A363DF040,100,81.6493,KEMET,CAP ALUM 36000UF 20% 40V SCREW
ALS81H363DF040,100,81.6493,KEMET,CAP ALUM 36000UF 20% 40V SCREW
ALC80A751EH450,216,81.69838,KEMET,CAP ALUM 750UF 20% 450V SNAP TH
ALC80D751EH450,216,81.69838,KEMET,CAP ALUM 750UF 20% 450V SNAP TH
ALC80E751EH450,216,81.69838,KEMET,CAP ALUM 750UF 20% 450V SNAP TH
ALC80F751EH450,216,81.69838,KEMET,CAP ALUM 750UF 20% 450V SNAP TH
ALC80C112EH350,1008,81.741,KEMET,CAP ALUM 1100UF 20% 350V SNAP TH
ALC80F112EH350,1008,81.741,KEMET,CAP ALUM 1100UF 20% 350V SNAP TH
ALS80A361DA450,100,81.7427,KEMET,CAP ALUM 360UF 20% 450V SCREW CH
ALS40A681DB200,100,81.8519,KEMET,CAP ALUM SCRW TERM 105C
ALC80A123EL100,216,81.89745,KEMET,CAP ALUM 12000UF 20% 100V SNAP
ALC80C123EL100,216,81.89745,KEMET,CAP ALUM 12000UF 20% 100V SNAP
ALC80D123EL100,216,81.89745,KEMET,CAP ALUM 12000UF 20% 100V SNAP
ALC80E123EL100,216,81.89745,KEMET,CAP ALUM 12000UF 20% 100V SNAP
ALC80F123EL100,216,81.89745,KEMET,CAP ALUM 12000UF 20% 100V SNAP
PEH506RDH4220M2S,1000,81.91043,KEMET,CAP ALUM SNAP-IN 85C
PEH506RDH4220M2,1000,81.91043,KEMET,CAP ALUM SNAP-IN 85C
ALF70C751EH500,1008,81.9379,KEMET,CAP ALUM 750UF 20% 500V PRESS
ALS70A912DF100,100,81.9892,KEMET,CAP ALUM 9100UF 20% 100V SCREW
ALS70H912DF100,100,81.9892,KEMET,CAP ALUM 9100UF 20% 100V SCREW
ALS71H912DF100,100,81.9892,KEMET,CAP ALUM 9100UF 20% 100V SCREW
ALF40C223EL063,216,81.99278,KEMET,CAP ALUM 22000UF 20% 63V PRESS
PEH169UC333VMU2,100,82.0793,KEMET,CAP ALUM SCREW TERM 105C
PEH169YC3150MB2,100,82.0983,KEMET,CAP ALUM SCRW TERM 85C
ALV70A201DH700,1000,84.95198,KEMET,CAP ALUM 85C 200UF 700VDC
ALF70G331EF630,1000,82.15785,KEMET,CAP ALUM 330UF 20% 630V PRESS
ALF70G331EF600,1000,82.15785,KEMET,CAP ALUM 330UF 20% 600V PRESS
PEH532RDH4220M3,1000,82.25576,KEMET,CAP ALUM SNAP-IN 105C
PEH532RDH4220M2S,1000,82.25576,KEMET,CAP ALUM SNAP-IN 105C
PEH532RDH4220M4S,1000,82.25576,KEMET,CAP ALUM SNAP-IN 105C
ALC40A561EF350,1008,82.33931,KEMET,CAP ALUM SNAP-IN 105C
ALF40G272EL200,216,82.37255,KEMET,CAP ALUM 2700UF 20% 200V PRESS
ALS30A331DA350,100,82.3886,KEMET,CAP ALUM SCRW TERM 85C
ALC80A162EL350,216,82.40088,KEMET,CAP ALUM 1600UF 20% 350V SNAP TH
ALC80C162EL350,216,82.40088,KEMET,CAP ALUM 1600UF 20% 350V SNAP TH
ALC80D162EL350,216,82.40088,KEMET,CAP ALUM 1600UF 20% 350V SNAP TH
ALC80E162EL350,216,82.40088,KEMET,CAP ALUM 1600UF 20% 350V SNAP TH
ALC80F162EL350,216,82.40088,KEMET,CAP ALUM 1600UF 20% 350V SNAP TH
ALS71A243DB040,100,82.4266,KEMET,CAP ALUM 24000UF 20% 40V SCREW
ALF80C821EJ450,1008,82.4878,KEMET,CAP ALUM 820UF 20% 450V PRESS
PEH205HD5220QU0,100,82.511,KEMET,CAP ALUM SCREW TERM 125C
ALV70D201DH700,1000,85.40937,KEMET,CAP ALUM 85C 200UF 700VDC
ALC80C561EF450,1008,82.55269,KEMET,CAP ALUM 560UF 20% 450V SNAP TH
ALC70A162EL400,216,82.56935,KEMET,CAP ALUM 1600UF 20% 400V SNAP TH
ALC70C162EL400,216,82.56935,KEMET,CAP ALUM 1600UF 20% 400V SNAP TH
ALC70D162EL400,216,82.56935,KEMET,CAP ALUM 1600UF 20% 400V SNAP TH
ALC70E162EL400,216,82.56935,KEMET,CAP ALUM 1600UF 20% 400V SNAP TH
ALC70F162EL400,216,82.56935,KEMET,CAP ALUM 1600UF 20% 400V SNAP TH
ALT22A103CD063,1000,82.74299,KEMET,CAP ALUM 10000UF 20% 63V SNAP CH
ALC70C132EL450,216,82.74699,KEMET,CAP ALUM 1300UF 20% 450V SNAP TH
ALC70D132EL450,216,82.74699,KEMET,CAP ALUM 1300UF 20% 450V SNAP TH
ALC70E132EL450,216,82.74699,KEMET,CAP ALUM 1300UF 20% 450V SNAP TH
ALC70F132EL450,216,82.74699,KEMET,CAP ALUM 1300UF 20% 450V SNAP TH
ALF70G561EH550,1008,82.92777,KEMET,CAP ALUM 560UF 20% 550V PRESS
ALC40C561DF350,1000,83.01241,KEMET,CAP ALUM SNAP-IN 105C
PEH506SDG4150M2,1000,83.18624,KEMET,CAP ALUM SNAP-IN 85C
PEH506SDG4150M3,1000,83.18624,KEMET,CAP ALUM SNAP-IN 85C
PEH506SDG4150M4,1000,83.18624,KEMET,CAP ALUM SNAP-IN 85C
ALF70C471DH550,1000,83.19831,KEMET,CAP ALUM 470UF 20% 550V PRESS
ALS80A823DF025,100,83.2585,KEMET,CAP ALUM 82000UF 20% 25V SCREW
ALS80H823DF025,100,83.2585,KEMET,CAP ALUM 82000UF 20% 25V SCREW
ALS81A823DF025,100,83.2585,KEMET,CAP ALUM 82000UF 20% 25V SCREW
ALS81H823DF025,100,83.2585,KEMET,CAP ALUM 82000UF 20% 25V SCREW
ALF40C821EP450,216,83.26727,KEMET,CAP ALUM 820UF 20% 450V PRESS
ALS31A331DA350,100,83.3238,KEMET,CAP ALUM SCREW TERM 85C
ALC40A122EG250,1008,83.41385,KEMET,CAP ALUM SNAP-IN 105C
ALF20G102EJ450,1008,83.47217,KEMET,CAP ALUM 1000UF 20% 450V PRESS
ALS70H821DE450,100,83.653,KEMET,CAP ALUM 820UF 20% 450V SCREW CH
ALS71A821DE450,100,83.653,KEMET,CAP ALUM 820UF 20% 450V SCREW CH
ALS71H821DE450,100,83.653,KEMET,CAP ALUM 820UF 20% 450V SCREW CH
ALC70A751EH500,216,83.72208,KEMET,CAP ALUM 750UF 20% 500V SNAP TH
ALC70C751EH500,216,83.72208,KEMET,CAP ALUM 750UF 20% 500V SNAP TH
ALC70D751EH500,216,83.72208,KEMET,CAP ALUM 750UF 20% 500V SNAP TH
ALC70E751EH500,216,83.72208,KEMET,CAP ALUM 750UF 20% 500V SNAP TH
ALC70F751EH500,216,83.72208,KEMET,CAP ALUM 750UF 20% 500V SNAP TH
ALS41A151DA450,100,83.7257,KEMET,CAP ALUM SCRW TERM 105C
PEH536MDG4820M3,1000,83.85052,KEMET,CAP ALUM SNAP-IN 105C
ALF40G223EL063,216,83.94606,KEMET,CAP ALUM 22000UF 20% 63V PRESS
ALC80A272EL250,216,83.96329,KEMET,CAP ALUM 2700UF 20% 250V SNAP TH
ALC80C272EL250,216,83.96329,KEMET,CAP ALUM 2700UF 20% 250V SNAP TH
ALC80D272EL250,216,83.96329,KEMET,CAP ALUM 2700UF 20% 250V SNAP TH
ALC80E272EL250,216,83.96329,KEMET,CAP ALUM 2700UF 20% 250V SNAP TH
ALC80F272EL250,216,83.96329,KEMET,CAP ALUM 2700UF 20% 250V SNAP TH
ALF20C221ED600,216,83.97782,KEMET,CAP ALUM 220UF 20% 600V PRESS
ALS31A221DB450,100,83.9912,KEMET,CAP ALUM SCREW TERM 85C
ALF70C122EL450,1008,84.02757,KEMET,CAP ALUM 1200UF 20% 450V PRESS
ALF70G751EH500,1008,84.02757,KEMET,CAP ALUM 750UF 20% 500V PRESS
ALC10A181DC550,1000,84.07925,KEMET,CAP ALUM 180UF 20% 550V SNAP TH
ALC40A331EG450,1008,84.08697,KEMET,CAP ALUM SNAP-IN 105C
ALS80H822DF100,100,84.0904,KEMET,CAP ALUM 8200UF 20% 100V SCREW
ALS81A822DF100,100,84.0904,KEMET,CAP ALUM 8200UF 20% 100V SCREW
ALS81H822DF100,100,84.0904,KEMET,CAP ALUM 8200UF 20% 100V SCREW
ALF80C561EH500,1008,84.24752,KEMET,CAP ALUM 560UF 20% 500V PRESS
ALS41A151DB450,100,84.2591,KEMET,CAP ALUM SCRW TERM 105C
ALS41A472DB063,100,84.3914,KEMET,CAP ALUM SCRW TERM 105C
ALF80G821EJ450,1008,84.46755,KEMET,CAP ALUM 820UF 20% 450V PRESS
ALV70F201DH700,1000,87.4952,KEMET,CAP ALUM 85C 200UF 700VDC
ALC40D821EL450,1008,84.62366,KEMET,CAP ALUM SNAP-IN 105C
ALF20C181EC600,216,84.7037,KEMET,CAP ALUM 180UF 20% 600V PRESS
ALS80A681DE450,100,84.7346,KEMET,CAP ALUM 680UF 20% 450V SCREW CH
ALS80H681DE450,100,84.7346,KEMET,CAP ALUM 680UF 20% 450V SCREW CH
ALS81A681DE450,100,84.7346,KEMET,CAP ALUM 680UF 20% 450V SCREW CH
ALS81H681DE450,100,84.7346,KEMET,CAP ALUM 680UF 20% 450V SCREW CH
ALF20C471EH550,216,84.98241,KEMET,CAP ALUM 470UF 20% 550V PRESS
ALF40G471EG500,1008,84.99103,KEMET,CAP ALUM 470UF 20% 500V PRESS
ALF70C821EJ500,1008,85.01745,KEMET,CAP ALUM 820UF 20% 500V PRESS
ALC80A132EL400,216,85.04213,KEMET,CAP ALUM 1300UF 20% 400V SNAP TH
ALC80C132EL400,216,85.04213,KEMET,CAP ALUM 1300UF 20% 400V SNAP TH
ALC80D132EL400,216,85.04213,KEMET,CAP ALUM 1300UF 20% 400V SNAP TH
ALC80E132EL400,216,85.04213,KEMET,CAP ALUM 1300UF 20% 400V SNAP TH
ALC80F132EL400,216,85.04213,KEMET,CAP ALUM 1300UF 20% 400V SNAP TH
ALV70C201DH700,1000,88.00958,KEMET,CAP ALUM 85C 200UF 700VDC
ALF20C102EJ450,1008,85.1373,KEMET,CAP ALUM 1000UF 20% 450V PRESS
ALF40G821EP450,216,85.21903,KEMET,CAP ALUM 820UF 20% 450V PRESS
ALF20G222EL250,1008,85.23518,KEMET,CAP ALUM 2200UF 20% 250V PRESS
PEH534YDG3470M3,1000,85.27477,KEMET,CAP ALUM SNAP-IN HIGH RIPPLE
PEH534YDG3470M2S,1000,85.27477,KEMET,CAP ALUM SNAP-IN HIGH RIPPLE
ALC40A471EF400,1008,85.29457,KEMET,CAP ALUM SNAP-IN 105C
ALV70E201DH700,1000,88.32358,KEMET,CAP ALUM 85C 200UF 700VDC
ALF40C471DL500,200,85.38085,KEMET,CAP ALUM 470UF 20% 500V PRESS
ALF70C621EH550,1008,85.56735,KEMET,CAP ALUM 620UF 20% 550V PRESS
ALC40C471DF400,1000,85.83354,KEMET,CAP ALUM SNAP-IN 105C
PEH200ZC3220MU2,100,86.0412,KEMET,CAP ALUM SCRW TERM 85C
ALF70G122EL450,1008,86.11725,KEMET,CAP ALUM 1200UF 20% 450V PRESS
ALC80C473EL040,1008,86.13924,KEMET,CAP ALUM 47000UF 20% 40V SNAP TH
ALC40E821EP450,1008,86.13924,KEMET,CAP ALUM SNAP-IN 105C
ALS70H681DE500,100,86.176,KEMET,CAP ALUM 680UF 20% 500V SCREW CH
ALS71H681DE500,100,86.176,KEMET,CAP ALUM 680UF 20% 500V SCREW CH
ALF20G221ED600,216,86.24468,KEMET,CAP ALUM 220UF 20% 600V PRESS
ALF40C103EP100,216,86.24773,KEMET,CAP ALUM 10000UF 20% 100V PRESS
PEH534YDG3470M4,1000,86.33392,KEMET,CAP ALUM SNAP-IN HIGH RIPPLE
ALF80G561EH500,1008,86.33719,KEMET,CAP ALUM 560UF 20% 500V PRESS
ALV70A181DH750,1000,89.43875,KEMET,CAP ALUM 85C 180UF 750VDC
ALS80A163DB040,100,86.4819,KEMET,CAP ALUM 16000UF 20% 40V SCREW
ALC40E473EL040,1008,86.49339,KEMET,CAP ALUM SNAP-IN 105C
ALS71A301DA550,100,86.7011,KEMET,CAP ALUM 300UF 20% 550V SCREW CH
PEH169GD533VMB2,100,86.7358,KEMET,CAP ALUM SCRW TERM 105C
ALF80G112EH350,1008,86.74853,KEMET,CAP ALUM 1100UF 20% 350V PRESS
ALS70H332DF200,100,86.8309,KEMET,CAP ALUM 3300UF 20% 200V SCREW
ALS71A332DF200,100,86.8309,KEMET,CAP ALUM 3300UF 20% 200V SCREW
ALS71H332DF200,100,86.8309,KEMET,CAP ALUM 3300UF 20% 200V SCREW
ALF70G393EM063,1008,86.83107,KEMET,CAP ALUM 39000UF 20% 63V PRESS
ALV70D181DH750,1000,89.89623,KEMET,CAP ALUM 85C 180UF 750VDC
ALF20G471EH550,216,86.93148,KEMET,CAP ALUM 470UF 20% 550V PRESS
ALF20G181EC600,216,86.96898,KEMET,CAP ALUM 180UF 20% 600V PRESS
ALC40C471DH400,1000,87.04113,KEMET,CAP ALUM SNAP-IN 105C
ALF70G821EJ500,1008,87.10712,KEMET,CAP ALUM 820UF 20% 500V PRESS
ALC40A392EF100,1008,87.1753,KEMET,CAP ALUM SNAP-IN 105C
PEH536YDI3470M2,1000,87.19403,KEMET,CAP ALUM SNAP-IN 105C
PEH536YDI3470M4,1000,87.19403,KEMET,CAP ALUM SNAP-IN 105C
ALC40A182EH200,1008,87.31058,KEMET,CAP ALUM SNAP-IN 105C
ALN20S1106DD,1008,87.33922,KEMET,CAP ALUM SNAP-IN 85C
ALF20G123EL100,216,87.34343,KEMET,CAP ALUM 12000UF 20% 100V PRESS
ALF20C471DL550,200,87.3883,KEMET,CAP ALUM 470UF 20% 550V PRESS
ALF20G473EL040,216,87.58194,KEMET,CAP ALUM 47000UF 20% 40V PRESS
ALF70G621EH550,1008,87.65702,KEMET,CAP ALUM 620UF 20% 550V PRESS
ALF20C473EL040,1008,87.83078,KEMET,CAP ALUM 47000UF 20% 40V PRESS
ALF70C102EH450,1008,87.84399,KEMET,CAP ALUM 1000UF 20% 450V PRESS
ALC40C103EP100,1008,87.88247,KEMET,CAP ALUM SNAP-IN 105C
ALS40A331DB350,100,87.9911,KEMET,CAP ALUM SCRW TERM 105C
ALS41A331DB350,100,87.9911,KEMET,CAP ALUM SCRW TERM 105C
ALC70E102EH450,1008,88.05959,KEMET,CAP ALUM 1000UF 20% 450V SNAP TH
ALC40D103EP100,1008,88.06065,KEMET,CAP ALUM SNAP-IN 105C
ALS70H623DE025,100,88.0614,KEMET,CAP ALUM 62000UF 20% 25V SCREW
ALF70C391EH630,1008,88.09699,KEMET,CAP ALUM 390UF 20% 630V PRESS
ALF70C391EH600,1008,88.09699,KEMET,CAP ALUM 390UF 20% 600V PRESS
ALS70A242DF250,100,88.1499,KEMET,CAP ALUM 2400UF 20% 250V SCREW
ALS70H242DF250,100,88.1499,KEMET,CAP ALUM 2400UF 20% 250V SCREW
ALS71A242DF250,100,88.1499,KEMET,CAP ALUM 2400UF 20% 250V SCREW
ALS71H242DF250,100,88.1499,KEMET,CAP ALUM 2400UF 20% 250V SCREW
ALS31A102DE200,100,88.3905,KEMET,CAP ALUM SCREW TERM 85C
ALS40A103DA040,100,88.3905,KEMET,CAP ALUM SCRW TERM 105C
ALS41A103DA040,100,88.3905,KEMET,CAP ALUM SCRW TERM 105C
ALS30A102DE200,100,88.3905,KEMET,CAP ALUM SCRW TERM 85C
PEH200XC3330MU2,100,88.4286,KEMET,CAP ALUM SCRW TERM 85C
PEH532SDG4150M2S,1000,88.44453,KEMET,CAP ALUM SNAP-IN 105C
PEH532SDG4150M3,1000,88.44453,KEMET,CAP ALUM SNAP-IN 105C
PEH532SDG4150M2,1000,88.44453,KEMET,CAP ALUM SNAP-IN 105C
ALF20C123EL100,216,88.47551,KEMET,CAP ALUM 12000UF 20% 100V PRESS
ALC70C471EJ630,1008,88.86685,KEMET,CAP ALUM SNAP-IN 85C
ALA8DE431DF500,1000,88.87893,KEMET,CAP ALUM 430UF 20% 500V SNAP TH
ALV70F181DH750,1000,91.98206,KEMET,CAP ALUM 85C 180UF 750VDC
ALS30A331DB400,100,88.9239,KEMET,CAP ALUM SCRW TERM 85C
ALS40A103DB040,100,88.9239,KEMET,CAP ALUM SCRW TERM 105C
ALS41A103DB040,100,88.9239,KEMET,CAP ALUM SCRW TERM 105C
ALN20S1053DD,1008,88.93617,KEMET,CAP ALUM SNAP-IN 85C
ALF40C152EP350,216,88.95481,KEMET,CAP ALUM 1500UF 20% 350V PRESS
ALC40A152DL250,1000,89.05606,KEMET,CAP ALUM SNAP-IN 105C
ALF80C621EH500,1008,89.41675,KEMET,CAP ALUM 620UF 20% 500V PRESS
ALS40A681DB250,100,89.4548,KEMET,CAP ALUM SCRW TERM 105C
PEH169KD515VMU2,100,89.5044,KEMET,CAP ALUM SCREW TERM 105C
PEH200SC3680MB2,100,89.64,KEMET,CAP ALUM SCRW TERM 85C
PEH169SA3150QB2,100,89.6425,KEMET,CAP ALUM SCRW TERM 105C
ALC80A182EH250,1008,89.78083,KEMET,CAP ALUM 1800UF 20% 250V SNAP TH
PEH169PD433VMB2,100,89.841,KEMET,CAP ALUM SCRW TERM 105C
ALS80A102DB250,100,89.8484,KEMET,CAP ALUM 1000UF 20% 250V SCREW
ALF70G132EL450,1008,89.96674,KEMET,CAP ALUM 1300UF 20% 450V PRESS
ALS31A331DB400,100,89.9865,KEMET,CAP ALUM SCREW TERM 85C
ALC40C152EP350,1008,90.09537,KEMET,CAP ALUM SNAP-IN 105C
PEH200SC3680MU2,100,90.1189,KEMET,CAP ALUM SCRW TERM 85C
PEH532MDG5100M2,1000,90.15805,KEMET,CAP ALUM SNAP-IN 105C
ALF70C681EH550,1008,90.18668,KEMET,CAP ALUM 680UF 20% 550V PRESS
ALF70G391EH600,1008,90.18668,KEMET,CAP ALUM 390UF 20% 600V PRESS
ALF70G391EH630,1008,90.18668,KEMET,CAP ALUM 390UF 20% 630V PRESS
ALF20C221DF600,200,90.4769,KEMET,CAP ALUM 220UF 20% 600V PRESS
ALS71H132DF400,100,90.6208,KEMET,CAP ALUM 1300UF 20% 400V SCREW
ALF40G103EP100,1008,90.6739,KEMET,CAP ALUM 10000UF 20% 100V PRESS
PEH169PD433VMU2,100,90.8309,KEMET,CAP ALUM SCREW TERM 105C
ALF40G152EP350,216,90.89815,KEMET,CAP ALUM 1500UF 20% 350V PRESS
ALC70A333EL063,1008,90.99172,KEMET,CAP ALUM 33000UF 20% 63V SNAP TH
ALN20S1067DD,1008,91.02035,KEMET,CAP ALUM SNAP-IN 85C
ALS80A302DF200,100,91.1104,KEMET,CAP ALUM 3000UF 20% 200V SCREW
ALS80H302DF200,100,91.1104,KEMET,CAP ALUM 3000UF 20% 200V SCREW
ALS81A302DF200,100,91.1104,KEMET,CAP ALUM 3000UF 20% 200V SCREW
ALS81H302DF200,100,91.1104,KEMET,CAP ALUM 3000UF 20% 200V SCREW
ALC80E114EL025,1008,91.17105,KEMET,CAP ALUM 110000UF 20% 25V SNAP
ALS70A561DE550,100,91.3816,KEMET,CAP ALUM 560UF 20% 550V SCREW CH
ALS70H561DE550,100,91.3816,KEMET,CAP ALUM 560UF 20% 550V SCREW CH
ALS71H561DE550,100,91.3816,KEMET,CAP ALUM 560UF 20% 550V SCREW CH
ALS80A561DE500,100,91.4362,KEMET,CAP ALUM 560UF 20% 500V SCREW CH
ALS80H561DE500,100,91.4362,KEMET,CAP ALUM 560UF 20% 500V SCREW CH
ALS81A561DE500,100,91.4362,KEMET,CAP ALUM 560UF 20% 500V SCREW CH
ALS81H561DE500,100,91.4362,KEMET,CAP ALUM 560UF 20% 500V SCREW CH
ALF80G621EH500,1008,91.50643,KEMET,CAP ALUM 620UF 20% 500V PRESS
ALS40A102DE200,100,91.7124,KEMET,CAP ALUM SCRW TERM 105C
ALS41A102DE200,100,91.7124,KEMET,CAP ALUM SCRW TERM 105C
ALF20C152EP400,1008,91.85951,KEMET,CAP ALUM 1500UF 20% 400V PRESS
ALS80A132DF350,100,91.8604,KEMET,CAP ALUM 1300UF 20% 350V SCREW
ALS80H132DF350,100,91.8604,KEMET,CAP ALUM 1300UF 20% 350V SCREW
ALS81A132DF350,100,91.8604,KEMET,CAP ALUM 1300UF 20% 350V SCREW
ALS81H132DF350,100,91.8604,KEMET,CAP ALUM 1300UF 20% 350V SCREW
ALS41A222DB100,100,92.111,KEMET,CAP ALUM SCRW TERM 105C
ALF20C563EL035,216,92.15653,KEMET,CAP ALUM 56000UF 20% 35V PRESS
ALF20G122EP450,216,92.2519,KEMET,CAP ALUM 1200UF 20% 450V PRESS
ALF70G681EH550,1008,92.27635,KEMET,CAP ALUM 680UF 20% 550V PRESS
ALC40A223EF040,1008,92.27963,KEMET,CAP ALUM SNAP-IN 105C
ALS80A222DF250,100,92.3268,KEMET,CAP ALUM 2200UF 20% 250V SCREW
ALS80H222DF250,100,92.3268,KEMET,CAP ALUM 2200UF 20% 250V SCREW
ALS81A222DF250,100,92.3268,KEMET,CAP ALUM 2200UF 20% 250V SCREW
ALC10C152EG250,1008,92.68326,KEMET,CAP ALUM 1500UF 20% 250V SNAP TH
PEH536UEM4100M4,1000,92.68329,KEMET,CAP ALUM SNAP-IN 105C
ALC40A681EL500,1008,92.94505,KEMET,CAP ALUM SNAP-IN 105C
ALC10A102DL350,1000,92.95163,KEMET,CAP ALUM 1000UF 20% 350V SNAP TH
ALF40G122EP400,216,93.0681,KEMET,CAP ALUM 1200UF 20% 400V PRESS
ALC70C331EF600,216,93.13472,KEMET,CAP ALUM 330UF 20% 600V SNAP TH
ALC70D331EF600,216,93.13472,KEMET,CAP ALUM 330UF 20% 600V SNAP TH
ALC70E331EF600,216,93.13472,KEMET,CAP ALUM 330UF 20% 600V SNAP TH
ALC70F331EF600,216,93.13472,KEMET,CAP ALUM 330UF 20% 600V SNAP TH
ALC40A391EH450,1008,93.22111,KEMET,CAP ALUM SNAP-IN 105C
PEH536VEI3680M2S,1050,93.41687,KEMET,CAP ALUM SNAP-IN 105C
PEH536VEI3680M4,1000,93.41687,KEMET,CAP ALUM SNAP-IN 105C
ALS71A242DE200,100,93.6441,KEMET,CAP ALUM 2400UF 20% 200V SCREW
ALS31A221DE500,100,93.7012,KEMET,CAP ALUM SCREW TERM 85C
ALC70E471EJ630,1008,93.70939,KEMET,CAP ALUM SNAP-IN 85C
PEH200ZD3330MB2,100,93.8385,KEMET,CAP ALUM SCRW TERM 85C
ALF40C122EP400,1008,93.93271,KEMET,CAP ALUM 1200UF 20% 400V PRESS
ALS71A162DF350,100,94.4975,KEMET,CAP ALUM 1600UF 20% 350V SCREW
ALS71H162DF350,100,94.4975,KEMET,CAP ALUM 1600UF 20% 350V SCREW
ALC40A561EG400,1008,94.69705,KEMET,CAP ALUM SNAP-IN 105C
ALS30A332DB100,100,94.8928,KEMET,CAP ALUM SCRW TERM 85C
ALS31A332DB100,100,94.8928,KEMET,CAP ALUM SCREW TERM 85C
ALS41A682DE063,100,94.8928,KEMET,CAP ALUM SCRW TERM 105C
ALF20G102EP500,216,94.92565,KEMET,CAP ALUM 1000UF 20% 500V PRESS
ALS30A331DE450,100,95.1574,KEMET,CAP ALUM SCRW TERM 85C
ALC70A153EL100,1008,95.21841,KEMET,CAP ALUM 15000UF 20% 100V SNAP
ALC70D153EL100,1008,95.21841,KEMET,CAP ALUM 15000UF 20% 100V SNAP
ALC70E153EL100,1008,95.21841,KEMET,CAP ALUM 15000UF 20% 100V SNAP
ALF70G431EH600,1008,95.3559,KEMET,CAP ALUM 430UF 20% 600V PRESS
ALF80G681EJ500,1008,95.3559,KEMET,CAP ALUM 680UF 20% 500V PRESS
ALF20C182EP350,216,95.37894,KEMET,CAP ALUM 1800UF 20% 350V PRESS
ALC70D911EL550,216,95.53861,KEMET,CAP ALUM 910UF 20% 550V SNAP TH
ALC70E911EL550,216,95.53861,KEMET,CAP ALUM 910UF 20% 550V SNAP TH
ALC70F911EL550,216,95.53861,KEMET,CAP ALUM 910UF 20% 550V SNAP TH
ALC70F683EL040,1008,96.07407,KEMET,CAP ALUM 68000UF 20% 40V SNAP TH
ALN20S1107DE,1008,96.1324,KEMET,CAP ALUM SNAP-IN 85C
ALF80C681EJ500,1008,96.34577,KEMET,CAP ALUM 680UF 20% 500V PRESS
ALS71A391DB550,100,96.5144,KEMET,CAP ALUM 390UF 20% 550V SCREW CH
ALF20C122EP450,216,96.75185,KEMET,CAP ALUM 1200UF 20% 450V PRESS
PEH169PC4150QU2,108,96.94324,KEMET,CAP ALUM SCREW TERM 105C
ALS31A102DE250,100,97.1413,KEMET,CAP ALUM SCREW TERM 85C
ALF20C273EL063,216,97.21241,KEMET,CAP ALUM 27000UF 20% 63V PRESS
ALF20G182EP350,216,97.3169,KEMET,CAP ALUM 1800UF 20% 350V PRESS
ALF20C472EP200,216,97.33454,KEMET,CAP ALUM 4700UF 20% 200V PRESS
ALF20G152EP400,216,97.34486,KEMET,CAP ALUM 1500UF 20% 400V PRESS
ALF70C471EJ630,1008,97.44559,KEMET,CAP ALUM 470UF 20% 630V PRESS
ALF70C471EJ600,1008,97.44559,KEMET,CAP ALUM 470UF 20% 600V PRESS
ALC80C621EH500,216,97.58606,KEMET,CAP ALUM 620UF 20% 500V SNAP TH
ALC80D621EH500,216,97.58606,KEMET,CAP ALUM 620UF 20% 500V SNAP TH
ALC80E621EH500,216,97.58606,KEMET,CAP ALUM 620UF 20% 500V SNAP TH
ALC80F621EH500,216,97.58606,KEMET,CAP ALUM 620UF 20% 500V SNAP TH
ALC40A472EG100,1008,97.65347,KEMET,CAP ALUM SNAP-IN 105C
ALC70A332EL250,1008,97.88112,KEMET,CAP ALUM 3300UF 20% 250V SNAP TH
ALC70C332EL250,1008,97.88112,KEMET,CAP ALUM 3300UF 20% 250V SNAP TH
ALC10A821DJ400,1000,98.19017,KEMET,CAP ALUM 820UF 20% 400V SNAP TH
ALF40C681EL500,216,98.21356,KEMET,CAP ALUM 680UF 20% 500V PRESS
ALS80H122DF400,100,98.2651,KEMET,CAP ALUM 1200UF 20% 400V SCREW
ALS81H122DF400,100,98.2651,KEMET,CAP ALUM 1200UF 20% 400V SCREW
PEH200ZG3220MU2,96,98.30396,KEMET,CAP ALUM SCRW TERM 85C
ALF20C271EE600,216,98.30468,KEMET,CAP ALUM 270UF 20% 600V PRESS
ALS71A112DE350,100,98.3073,KEMET,CAP ALUM 1100UF 20% 350V SCREW
PEH200ZA3100MU2,100,98.5603,KEMET,CAP ALUM SCRW TERM 85C
ALC40C272EP250,1008,98.56195,KEMET,CAP ALUM SNAP-IN 105C
ALC40C392EP200,1008,98.59379,KEMET,CAP ALUM SNAP-IN 105C
ALF20G563EL035,1008,98.60044,KEMET,CAP ALUM 56000UF 20% 35V PRESS
ALS40A333DE025,100,98.992,KEMET,CAP ALUM SCRW TERM 105C
ALF20G472EP200,216,99.26866,KEMET,CAP ALUM 4700UF 20% 200V PRESS
ALF70G102EL500,1008,99.31532,KEMET,CAP ALUM 1000UF 20% 500V PRESS
ALS30A333DE025,100,99.3864,KEMET,CAP ALUM SCRW TERM 85C
ALC70C102EL500,216,99.39231,KEMET,CAP ALUM 1000UF 20% 500V SNAP TH
ALC70D102EL500,216,99.39231,KEMET,CAP ALUM 1000UF 20% 500V SNAP TH
ALC70E102EL500,216,99.39231,KEMET,CAP ALUM 1000UF 20% 500V SNAP TH
ALC70F102EL500,216,99.39231,KEMET,CAP ALUM 1000UF 20% 500V SNAP TH
ALS70H102DE400,100,99.4493,KEMET,CAP ALUM 1000UF 20% 400V SCREW
ALS71A102DE400,100,99.4493,KEMET,CAP ALUM 1000UF 20% 400V SCREW
ALS71H102DE400,100,99.4493,KEMET,CAP ALUM 1000UF 20% 400V SCREW
ALF70G471EJ630,1008,99.53526,KEMET,CAP ALUM 470UF 20% 630V PRESS
ALF70C152EN450,1008,99.53526,KEMET,CAP ALUM 1500UF 20% 450V PRESS
ALC80A471EF500,1008,99.59031,KEMET,CAP ALUM 470UF 20% 500V SNAP TH
ALC80D471EF500,1008,99.59031,KEMET,CAP ALUM 470UF 20% 500V SNAP TH
ALS80H562DE100,100,99.642,KEMET,CAP ALUM 5600UF 20% 100V SCREW
ALF70C821EJ550,1008,99.75521,KEMET,CAP ALUM 820UF 20% 550V PRESS
ALC40G272EP250,1008,99.78056,KEMET,CAP ALUM SNAP-IN 105C
ALS71A243DF063,100,100.0546,KEMET,CAP ALUM 24000UF 20% 63V SCREW
ALF20G273EL063,216,100.43134,KEMET,CAP ALUM 27000UF 20% 63V PRESS
ALC40H392EP200,1008,100.502,KEMET,CAP ALUM SNAP-IN 105C
ALF20G271EE600,216,100.55083,KEMET,CAP ALUM 270UF 20% 600V PRESS
PEH200UD3680MB2,100,100.9659,KEMET,CAP ALUM SCRW TERM 85C
ALF40G681EL500,216,101.44593,KEMET,CAP ALUM 680UF 20% 500V PRESS
ALF70C132EL450,1008,101.68434,KEMET,CAP ALUM 1300UF 20% 450V PRESS
PEH200UD3680MU2,100,101.7672,KEMET,CAP ALUM SCRW TERM 85C
ALC40A471DL450,1000,101.81748,KEMET,CAP ALUM SNAP-IN 105C
ALF70G152EN450,1008,101.84496,KEMET,CAP ALUM 1500UF 20% 450V PRESS
ALC70E122EL450,1008,102.13309,KEMET,CAP ALUM SNAP-IN 85C
ALC70A132EL450,1008,102.19576,KEMET,CAP ALUM 1300UF 20% 450V SNAP TH
ALF20C102EP500,216,102.24528,KEMET,CAP ALUM 1000UF 20% 500V PRESS
ALS41A153DE040,100,102.418,KEMET,CAP ALUM SCRW TERM 105C
ALS40A102DE250,100,102.6818,KEMET,CAP ALUM SCRW TERM 105C
PEH536YEI3560M4,1000,103.04707,KEMET,CAP ALUM SNAP-IN 105C
ALS80H102DF450,100,103.5972,KEMET,CAP ALUM 1000UF 20% 450V SCREW
ALS81A102DF450,100,103.5972,KEMET,CAP ALUM 1000UF 20% 450V SCREW
ALS81H102DF450,100,103.5972,KEMET,CAP ALUM 1000UF 20% 450V SCREW
ALC80C112EL450,216,103.73417,KEMET,CAP ALUM 1100UF 20% 450V SNAP TH
ALC80D112EL450,216,103.73417,KEMET,CAP ALUM 1100UF 20% 450V SNAP TH
ALF20C271DH600,200,103.7502,KEMET,CAP ALUM 270UF 20% 600V PRESS
ALF40C392EP200,216,103.975,KEMET,CAP ALUM 3900UF 20% 200V PRESS
ALS41A102DF250,100,103.9975,KEMET,CAP ALUM SCRW TERM 105C
ALF20G393EP063,216,104.29199,KEMET,CAP ALUM 39000UF 20% 63V PRESS
ALS80A623DE025,100,104.5391,KEMET,CAP ALUM 62000UF 20% 25V SCREW
ALF70G563EJ040,1008,104.55715,KEMET,CAP ALUM 56000UF 20% 40V PRESS
ALV70D271DL700,1000,108.5833,KEMET,CAP ALUM 85C 270UF 700VDC
ALF20G681EL550,216,105.03125,KEMET,CAP ALUM 680UF 20% 550V PRESS
ALF40C272EP250,216,105.20968,KEMET,CAP ALUM 2700UF 20% 250V PRESS
ALC70C152EN450,1008,105.23462,KEMET,CAP ALUM SNAP-IN 85C
ALS40A153DE040,100,105.3115,KEMET,CAP ALUM SCRW TERM 105C
ALS70A391DB550,100,105.4926,KEMET,CAP ALUM 390UF 20% 550V SCREW CH
ALS70H102DF500,100,105.6638,KEMET,CAP ALUM 1000UF 20% 500V SCREW
ALS71A102DF500,100,105.6638,KEMET,CAP ALUM 1000UF 20% 500V SCREW
ALS71H102DF500,100,105.6638,KEMET,CAP ALUM 1000UF 20% 500V SCREW
ALF40G392EP200,216,105.90069,KEMET,CAP ALUM 3900UF 20% 200V PRESS
ALS31A681DF350,100,106.1004,KEMET,CAP ALUM SCREW TERM 85C
ALS80A102DE350,100,106.2302,KEMET,CAP ALUM 1000UF 20% 350V SCREW
ALF80C821EL500,1008,106.57423,KEMET,CAP ALUM 820UF 20% 500V PRESS
ALS70A821DE450,100,106.9505,KEMET,CAP ALUM 820UF 20% 450V SCREW CH
ALV70F271DL700,1000,110.66913,KEMET,CAP ALUM 85C 270UF 700VDC
ALS40A152DF200,100,107.02,KEMET,CAP ALUM SCRW TERM 105C
ALF40G272EP250,216,107.13653,KEMET,CAP ALUM 2700UF 20% 250V PRESS
ALF20C331EF600,216,107.33102,KEMET,CAP ALUM 330UF 20% 600V PRESS
ALV70C271DL700,1000,111.18342,KEMET,CAP ALUM 85C 270UF 700VDC
ALS71A681DE500,100,107.5194,KEMET,CAP ALUM 680UF 20% 500V SCREW CH
ALS30A681DF350,100,107.6749,KEMET,CAP ALUM SCRW TERM 85C
ALC40A681EH400,1008,107.72686,KEMET,CAP ALUM SNAP-IN 105C
ALS80H223DF063,100,107.7543,KEMET,CAP ALUM 22000UF 20% 63V SCREW
ALS81A223DF063,100,107.7543,KEMET,CAP ALUM 22000UF 20% 63V SCREW
ALS81H223DF063,100,107.7543,KEMET,CAP ALUM 22000UF 20% 63V SCREW
ALV70E271DL700,1000,111.49861,KEMET,CAP ALUM 85C 270UF 700VDC
ALC40A182EL250,1008,108.2647,KEMET,CAP ALUM SNAP-IN 105C
ALF70C431EH600,1008,108.30211,KEMET,CAP ALUM 430UF 20% 600V PRESS
ALF70C911EL550,1008,108.33394,KEMET,CAP ALUM 910UF 20% 550V PRESS
ALS70A332DF200,100,108.3406,KEMET,CAP ALUM 3300UF 20% 200V SCREW
ALF80G821EL500,1008,108.6639,KEMET,CAP ALUM 820UF 20% 500V PRESS
ALF40C333EP063,216,108.66634,KEMET,CAP ALUM 33000UF 20% 63V PRESS
ALF70G821EJ550,1008,108.74865,KEMET,CAP ALUM 820UF 20% 550V PRESS
PEH200VG3470MU2,96,108.8424,KEMET,CAP ALUM SCRW TERM 85C
PEH200YG3330MB2,96,109.01896,KEMET,CAP ALUM SCRW TERM 85C
ALC40A681DL400,1000,109.06979,KEMET,CAP ALUM 680UF 20% 400V SNAP TH
ALF40C473EL040,216,109.1319,KEMET,CAP ALUM 47000UF 20% 40V PRESS
ALS70H333KE063,96,109.21021,KEMET,CAP ALUM 33000UF 20% 63V SCREW
ALS71H333KE063,96,109.21021,KEMET,CAP ALUM 33000UF 20% 63V SCREW
ALF80C102EL450,1008,109.50643,KEMET,CAP ALUM 1000UF 20% 450V PRESS
ALF20G331EF600,216,109.56681,KEMET,CAP ALUM 330UF 20% 600V PRESS
ALV70D241DL750,1000,113.41264,KEMET,CAP ALUM 85C 240UF 750VDC
ALF80C122EN450,1008,109.87372,KEMET,CAP ALUM 1200UF 20% 450V PRESS
ALC40A562EH100,1008,110.01121,KEMET,CAP ALUM SNAP-IN 105C
ALS40A471DE400,100,110.0375,KEMET,CAP ALUM SCRW TERM 105C
ALF70G911EL550,1008,110.4237,KEMET,CAP ALUM 910UF 20% 550V PRESS
ALF40G333EP063,216,110.58903,KEMET,CAP ALUM 33000UF 20% 63V PRESS
ALF70C561EL630,1008,110.64365,KEMET,CAP ALUM 560UF 20% 630V PRESS
ALF70C561EL600,1008,110.64365,KEMET,CAP ALUM 560UF 20% 600V PRESS
ALS41A103DF063,100,110.6908,KEMET,CAP ALUM SCRW TERM 105C
ALS40A103DF063,100,110.6908,KEMET,CAP ALUM SCRW TERM 105C
ALF70C182EN450,1008,110.9736,KEMET,CAP ALUM 1800UF 20% 450V PRESS
ALF40G473EL040,216,111.05569,KEMET,CAP ALUM 47000UF 20% 40V PRESS
PEH200VG3470MB2,96,111.1199,KEMET,CAP ALUM SCRW TERM 85C
ALV70F241DL750,1000,115.49847,KEMET,CAP ALUM 85C 240UF 750VDC
ALN20S1108DF,1008,111.84904,KEMET,CAP ALUM SNAP-IN 85C
ALF80G102EL450,1008,111.91172,KEMET,CAP ALUM 1000UF 20% 450V PRESS
ALF80G122EN450,1008,111.96348,KEMET,CAP ALUM 1200UF 20% 450V PRESS
ALS80H513KE040,96,112.56365,KEMET,CAP ALUM 51000UF 20% 40V SCREW
ALS81A513KE040,96,112.56365,KEMET,CAP ALUM 51000UF 20% 40V SCREW
ALS81H513KE040,96,112.56365,KEMET,CAP ALUM 51000UF 20% 40V SCREW
ALC40A821EP500,1008,112.60247,KEMET,CAP ALUM SNAP-IN 105C
ALS70A513DF040,100,112.6457,KEMET,CAP ALUM 51000UF 20% 40V SCREW
ALS70H513DF040,100,112.6457,KEMET,CAP ALUM 51000UF 20% 40V SCREW
ALS71A513DF040,100,112.6457,KEMET,CAP ALUM 51000UF 20% 40V SCREW
ALS71H513DF040,100,112.6457,KEMET,CAP ALUM 51000UF 20% 40V SCREW
ALC70A431EH600,216,112.70806,KEMET,CAP ALUM 430UF 20% 600V SNAP TH
ALC70C431EH600,216,112.70806,KEMET,CAP ALUM 430UF 20% 600V SNAP TH
ALC70D431EH600,216,112.70806,KEMET,CAP ALUM 430UF 20% 600V SNAP TH
ALC70F431EH600,216,112.70806,KEMET,CAP ALUM 430UF 20% 600V SNAP TH
ALF70G561EL630,1008,112.73332,KEMET,CAP ALUM 560UF 20% 630V PRESS
ALF70G561EL600,1008,112.73332,KEMET,CAP ALUM 560UF 20% 600V PRESS
ALF20C393EP063,1008,112.76958,KEMET,CAP ALUM 39000UF 20% 63V PRESS
ALF70C102EL500,1008,112.8147,KEMET,CAP ALUM 1000UF 20% 500V PRESS
PEH200OG3330MU2,96,112.84531,KEMET,CAP ALUM SCRW TERM 85C
ALS70A821DF550,100,112.9417,KEMET,CAP ALUM 820UF 20% 550V SCREW CH
ALS70H821DF550,100,112.9417,KEMET,CAP ALUM 820UF 20% 550V SCREW CH
ALS71A821DF550,100,112.9417,KEMET,CAP ALUM 820UF 20% 550V SCREW CH
ALS71H821DF550,100,112.9417,KEMET,CAP ALUM 820UF 20% 550V SCREW CH
ALS80H821DF500,100,113.017,KEMET,CAP ALUM 820UF 20% 500V SCREW CH
ALS81A821DF500,100,113.017,KEMET,CAP ALUM 820UF 20% 500V SCREW CH
ALS81H821DF500,100,113.017,KEMET,CAP ALUM 820UF 20% 500V SCREW CH
ALF40C124EP025,216,113.04153,KEMET,CAP ALUM 120000UF 20% 25V PRESS
ALF70G182EN450,1008,113.06328,KEMET,CAP ALUM 1800UF 20% 450V PRESS
ALS70H132DF400,100,113.0955,KEMET,CAP ALUM 1300UF 20% 400V SCREW
ALS71A132DF400,100,113.0955,KEMET,CAP ALUM 1300UF 20% 400V SCREW
ALS70H133KE100,96,113.1976,KEMET,CAP ALUM 13000UF 20% 100V SCREW
ALS71A133KE100,96,113.1976,KEMET,CAP ALUM 13000UF 20% 100V SCREW
ALS71H133KE100,96,113.1976,KEMET,CAP ALUM 13000UF 20% 100V SCREW
ALC40A272EL200,1008,113.23376,KEMET,CAP ALUM SNAP-IN 105C
ALF70C122EN500,1008,113.28322,KEMET,CAP ALUM 1200UF 20% 500V PRESS
ALF20C183EP100,216,113.28426,KEMET,CAP ALUM 18000UF 20% 100V PRESS
ALC40E333EP063,1008,113.78481,KEMET,CAP ALUM SNAP-IN 105C
ALC40C333EP063,1008,113.94207,KEMET,CAP ALUM SNAP-IN 105C
ALS71A561DE550,100,114.0506,KEMET,CAP ALUM 560UF 20% 550V SCREW CH
PEH169RH4100QU2,96,114.48458,KEMET,CAP ALUM SCREW TERM 105C
ALS70A134KE025,96,114.92469,KEMET,CAP ALUM 130000UF 20% 25V SCREW
ALS70H134KE025,96,114.92469,KEMET,CAP ALUM 130000UF 20% 25V SCREW
ALS71A134KE025,96,114.92469,KEMET,CAP ALUM 130000UF 20% 25V SCREW
ALS71H134KE025,96,114.92469,KEMET,CAP ALUM 130000UF 20% 25V SCREW
ALF40G124EP025,216,114.95958,KEMET,CAP ALUM 120000UF 20% 25V PRESS
PEH200OG3330MB2,96,115.1151,KEMET,CAP ALUM SCRW TERM 85C
ALF20G183EP100,216,115.20343,KEMET,CAP ALUM 18000UF 20% 100V PRESS
ALS81H222DF250,100,115.2381,KEMET,CAP ALUM 2200UF 20% 250V SCREW
ALF70G122EN500,1008,115.37291,KEMET,CAP ALUM 1200UF 20% 500V PRESS
ALS31A473DF025,100,115.6607,KEMET,CAP ALUM SCREW TERM 85C
ALF40C821EP500,216,115.86042,KEMET,CAP ALUM 820UF 20% 500V PRESS
ALS80H124KE025,96,116.36073,KEMET,CAP ALUM 120000UF 20% 25V SCREW
ALS81A124KE025,96,116.36073,KEMET,CAP ALUM 120000UF 20% 25V SCREW
ALS81H124KE025,96,116.36073,KEMET,CAP ALUM 120000UF 20% 25V SCREW
ALC40H333EP063,1008,116.45843,KEMET,CAP ALUM SNAP-IN 105C
ALS80H303KE063,96,116.91719,KEMET,CAP ALUM 30000UF 20% 63V SCREW
ALS81H303KE063,96,116.91719,KEMET,CAP ALUM 30000UF 20% 63V SCREW
ALC80A821EL500,216,116.95917,KEMET,CAP ALUM 820UF 20% 500V SNAP TH
ALC80D821EL500,216,116.95917,KEMET,CAP ALUM 820UF 20% 500V SNAP TH
ALC80E821EL500,216,116.95917,KEMET,CAP ALUM 820UF 20% 500V SNAP TH
ALC80F821EL500,216,116.95917,KEMET,CAP ALUM 820UF 20% 500V SNAP TH
ALS80H123KE100,96,117.39958,KEMET,CAP ALUM 12000UF 20% 100V SCREW
ALS81A123KE100,96,117.39958,KEMET,CAP ALUM 12000UF 20% 100V SCREW
ALS81H123KE100,96,117.39958,KEMET,CAP ALUM 12000UF 20% 100V SCREW
ALS70A132DF400,100,117.4618,KEMET,CAP ALUM 1300UF 20% 400V SCREW
ALS41A681DF350,100,117.6197,KEMET,CAP ALUM SCRW TERM 105C
PEH169HH533VMU2,96,117.68375,KEMET,CAP ALUM SCREW TERM 105C
ALF40G821EP500,216,117.775,KEMET,CAP ALUM 820UF 20% 500V PRESS
ALS70H162DF350,100,117.9604,KEMET,CAP ALUM 1600UF 20% 350V SCREW
ALC10A331DH550,1000,118.14452,KEMET,CAP ALUM 330UF 20% 550V RADIAL
ALC40A561EL450,1008,118.3381,KEMET,CAP ALUM SNAP-IN 105C
ALF70C621EL600,1008,118.45246,KEMET,CAP ALUM 620UF 20% 600V PRESS
ALS30A681DF400,100,118.9255,KEMET,CAP ALUM SCRW TERM 85C
ALC80C823FP040,120,119.10633,KEMET,CAP ALUM 82000UF 20% 40V SNAP TH
ALC80E823FP040,120,119.10633,KEMET,CAP ALUM 82000UF 20% 40V SNAP TH
ALC80G823FP040,120,119.10633,KEMET,CAP ALUM 82000UF 20% 40V SNAP TH
ALC80H823FP040,120,119.10633,KEMET,CAP ALUM 82000UF 20% 40V SNAP TH
ALF70C102EN550,1008,119.22238,KEMET,CAP ALUM 1000UF 20% 550V PRESS
ALS70A162DF350,100,119.2389,KEMET,CAP ALUM 1600UF 20% 350V SCREW
ALC70C911EL550,1008,119.36094,KEMET,CAP ALUM 910UF 20% 550V SNAP TH
ALS40A223DF040,100,119.5746,KEMET,CAP ALUM SCRW TERM 105C
ALF20C392EP250,216,119.6919,KEMET,CAP ALUM 3900UF 20% 250V PRESS
ALC40A102EL350,1008,119.81519,KEMET,CAP ALUM SNAP-IN 105C
ALS71A472KE200,96,119.95708,KEMET,CAP ALUM 4700UF 20% 200V SCREW
ALS71H472KE200,96,119.95708,KEMET,CAP ALUM 4700UF 20% 200V SCREW
ALS31A681DF400,100,119.9666,KEMET,CAP ALUM SCREW TERM 85C
ALC40E122FP450,1020,120.41792,KEMET,CAP ALUM SNAP-IN 105C
ALC40C122FP450,1020,120.5037,KEMET,CAP ALUM SNAP-IN 105C
ALF70G621EL600,1008,120.54213,KEMET,CAP ALUM 620UF 20% 600V PRESS
ALC80C184FP025,120,120.54317,KEMET,CAP ALUM 180000UF 20% 25V SNAP
ALC80E184FP025,120,120.54317,KEMET,CAP ALUM 180000UF 20% 25V SNAP
ALC80G184FP025,120,120.54317,KEMET,CAP ALUM 180000UF 20% 25V SNAP
ALC80H184FP025,120,120.54317,KEMET,CAP ALUM 180000UF 20% 25V SNAP
ALS31A153DF063,100,120.8779,KEMET,CAP ALUM SCREW TERM 85C
ALF70G102EN550,1008,121.31206,KEMET,CAP ALUM 1000UF 20% 550V PRESS
ALS41A223DF040,100,121.5304,KEMET,CAP ALUM SCRW TERM 105C
ALF20G392EP250,216,121.60421,KEMET,CAP ALUM 3900UF 20% 250V PRESS
ALS30A153DF063,100,121.6594,KEMET,CAP ALUM SCRW TERM 85C
ALF20C681EL550,216,121.935,KEMET,CAP ALUM 680UF 20% 550V PRESS
ALC70C563FP063,120,121.95792,KEMET,CAP ALUM 56000UF 20% 63V SNAP TH
ALC70G563FP063,120,121.95792,KEMET,CAP ALUM 56000UF 20% 63V SNAP TH
ALC70H563FP063,120,121.95792,KEMET,CAP ALUM 56000UF 20% 63V SNAP TH
ALC80A621EH500,1008,122.12047,KEMET,CAP ALUM 620UF 20% 500V SNAP TH
ALS30A681DF415,100,122.1803,KEMET,CAP ALUM SCRW TERM 85C
ALS81A122DF400,100,122.6897,KEMET,CAP ALUM 1200UF 20% 400V SCREW
PEH536YEK3680M2,1000,122.80122,KEMET,CAP ALUM SNAP-IN 105C
PEH536YEK3680M4,1000,122.80122,KEMET,CAP ALUM SNAP-IN 105C
ALS41A472DF100,100,123.3513,KEMET,CAP ALUM SCRW TERM 105C
PEH200ZH3470MB2,96,123.57146,KEMET,CAP ALUM SCRW TERM 85C
ALC70C243FP100,120,123.79375,KEMET,CAP ALUM 24000UF 20% 100V SNAP
ALC70E243FP100,120,123.79375,KEMET,CAP ALUM 24000UF 20% 100V SNAP
ALC70G243FP100,120,123.79375,KEMET,CAP ALUM 24000UF 20% 100V SNAP
ALC70H243FP100,120,123.79375,KEMET,CAP ALUM 24000UF 20% 100V SNAP
ALC80C513FP063,120,123.79375,KEMET,CAP ALUM 51000UF 20% 63V SNAP TH
ALC80E513FP063,120,123.79375,KEMET,CAP ALUM 51000UF 20% 63V SNAP TH
ALC80G513FP063,120,123.79375,KEMET,CAP ALUM 51000UF 20% 63V SNAP TH
ALC80H513FP063,120,123.79375,KEMET,CAP ALUM 51000UF 20% 63V SNAP TH
ALC70A911EL550,1008,124.44437,KEMET,CAP ALUM 910UF 20% 550V SNAP TH
ALC40C222FP350,1020,124.68415,KEMET,CAP ALUM SNAP-IN 105C
ALS70H362KE250,96,124.7525,KEMET,CAP ALUM 3600UF 20% 250V SCREW
ALS71A362KE250,96,124.7525,KEMET,CAP ALUM 3600UF 20% 250V SCREW
ALS71H362KE250,96,124.7525,KEMET,CAP ALUM 3600UF 20% 250V SCREW
ALS80A302KE250,96,124.82656,KEMET,CAP ALUM 3000UF 20% 250V SCREW
ALS80H302KE250,96,124.82656,KEMET,CAP ALUM 3000UF 20% 250V SCREW
ALS81A302KE250,96,124.82656,KEMET,CAP ALUM 3000UF 20% 250V SCREW
ALS81H302KE250,96,124.82656,KEMET,CAP ALUM 3000UF 20% 250V SCREW
ALF20C391EH600,216,125.00083,KEMET,CAP ALUM 390UF 20% 600V PRESS
ALC70E752FP200,120,125.132,KEMET,CAP ALUM 7500UF 20% 200V SNAP TH
ALC70G752FP200,120,125.132,KEMET,CAP ALUM 7500UF 20% 200V SNAP TH
ALC70H752FP200,120,125.132,KEMET,CAP ALUM 7500UF 20% 200V SNAP TH
ALC70C114FP040,120,125.64883,KEMET,CAP ALUM 110000UF 20% 40V SNAP
ALC70E114FP040,120,125.64883,KEMET,CAP ALUM 110000UF 20% 40V SNAP
ALC70G114FP040,120,125.64883,KEMET,CAP ALUM 110000UF 20% 40V SNAP
ALC70H114FP040,120,125.64883,KEMET,CAP ALUM 110000UF 20% 40V SNAP
ALF80C102EN500,1008,125.71145,KEMET,CAP ALUM 1000UF 20% 500V PRESS
ALF20C823EP040,216,125.96866,KEMET,CAP ALUM 82000UF 20% 40V PRESS
ALC80C242FP350,120,125.9755,KEMET,CAP ALUM 2400UF 20% 350V SNAP TH
ALC80E242FP350,120,125.9755,KEMET,CAP ALUM 2400UF 20% 350V SNAP TH
ALC80G242FP350,120,125.9755,KEMET,CAP ALUM 2400UF 20% 350V SNAP TH
ALC80H242FP350,120,125.9755,KEMET,CAP ALUM 2400UF 20% 350V SNAP TH
ALS80A432KE200,96,126.23406,KEMET,CAP ALUM 4300UF 20% 200V SCREW
ALS80H432KE200,96,126.23406,KEMET,CAP ALUM 4300UF 20% 200V SCREW
ALS81A432KE200,96,126.23406,KEMET,CAP ALUM 4300UF 20% 200V SCREW
ALS81H432KE200,96,126.23406,KEMET,CAP ALUM 4300UF 20% 200V SCREW
ALS70H753KE040,96,126.58469,KEMET,CAP ALUM 75000UF 20% 40V SCREW
ALS71H753KE040,96,126.58469,KEMET,CAP ALUM 75000UF 20% 40V SCREW
ALS70H122DF450,100,127.0668,KEMET,CAP ALUM 1200UF 20% 450V SCREW
ALS71A122DF450,100,127.0668,KEMET,CAP ALUM 1200UF 20% 450V SCREW
ALS71H122DF450,100,127.0668,KEMET,CAP ALUM 1200UF 20% 450V SCREW
ALF20G391EH600,216,127.38097,KEMET,CAP ALUM 390UF 20% 600V PRESS
ALF80G102EN500,1008,127.80112,KEMET,CAP ALUM 1000UF 20% 500V PRESS
ALF20G823EP040,216,128.01648,KEMET,CAP ALUM 82000UF 20% 40V PRESS
ALC40C182FP400,1020,128.4962,KEMET,CAP ALUM SNAP-IN 105C
PEH169RJ4150QB2,96,128.67271,KEMET,CAP ALUM SCRW TERM 105C
ALS70H202KE400,96,129.93896,KEMET,CAP ALUM 2000UF 20% 400V SCREW
ALS71A202KE400,96,129.93896,KEMET,CAP ALUM 2000UF 20% 400V SCREW
ALS71H202KE400,96,129.93896,KEMET,CAP ALUM 2000UF 20% 400V SCREW
ALF40G122FP450,120,130.248,KEMET,CAP ALUM 1200UF 20% 450V PRESS
ALF40C122FP450,1020,130.29991,KEMET,CAP ALUM 1200UF 20% 450V PRESS
ALC80E112EL450,1008,130.42864,KEMET,CAP ALUM 1100UF 20% 450V SNAP TH
ALF70C681EN600,1008,130.4407,KEMET,CAP ALUM 680UF 20% 600V PRESS
ALS31A682DF100,100,130.8798,KEMET,CAP ALUM SCREW TERM 85C
ALS80H162KE400,96,131.12938,KEMET,CAP ALUM 1600UF 20% 400V SCREW
ALS81A162KE400,96,131.12938,KEMET,CAP ALUM 1600UF 20% 400V SCREW
ALS81H162KE400,96,131.12938,KEMET,CAP ALUM 1600UF 20% 400V SCREW
ALS80A202KE350,96,131.77802,KEMET,CAP ALUM 2000UF 20% 350V SCREW
ALS80H202KE350,96,131.77802,KEMET,CAP ALUM 2000UF 20% 350V SCREW
ALS81A202KE350,96,131.77802,KEMET,CAP ALUM 2000UF 20% 350V SCREW
ALS81H202KE350,96,131.77802,KEMET,CAP ALUM 2000UF 20% 350V SCREW
ALS70A102DF500,100,131.9755,KEMET,CAP ALUM 1000UF 20% 500V SCREW
ALC70E562FP250,120,132.02317,KEMET,CAP ALUM 5600UF 20% 250V SNAP TH
ALC70G562FP250,120,132.02317,KEMET,CAP ALUM 5600UF 20% 250V SNAP TH
ALC70H562FP250,120,132.02317,KEMET,CAP ALUM 5600UF 20% 250V SNAP TH
ALC10A681DL500,1000,132.03985,KEMET,CAP ALUM 680UF 20% 500V SNAP TH
PEH169QA3330QU2,100,132.088,KEMET,CAP ALUM SCREW TERM 105C
ALC70E332FP350,120,132.23342,KEMET,CAP ALUM 3300UF 20% 350V SNAP TH
ALC70G332FP350,120,132.23342,KEMET,CAP ALUM 3300UF 20% 350V SNAP TH
ALC70H332FP350,120,132.23342,KEMET,CAP ALUM 3300UF 20% 350V SNAP TH
PEH536VEM4100M3,1000,132.2642,KEMET,CAP ALUM SNAP-IN 105C
PEH536VEM4100M4,1000,132.2642,KEMET,CAP ALUM SNAP-IN 105C
PEH536VEM4100M2,1000,132.2642,KEMET,CAP ALUM SNAP-IN 105C
ALC10A331EE550,1000,132.3225,KEMET,CAP ALUM 330UF 20% 550V SNAP TH
ALF70G681EN600,1008,132.42045,KEMET,CAP ALUM 680UF 20% 600V PRESS
ALS80A102DF450,100,132.4436,KEMET,CAP ALUM 1000UF 20% 450V SCREW
PEH169SA322VMB2,100,133.1241,KEMET,CAP ALUM SCRW TERM 105C
PEH169SA322VMU2,100,133.4723,KEMET,CAP ALUM SCREW TERM 105C
ALS70H242KE350,96,133.97719,KEMET,CAP ALUM 2400UF 20% 350V SCREW
ALS71H242KE350,96,133.97719,KEMET,CAP ALUM 2400UF 20% 350V SCREW
PEH169PA3680QB2,100,134.0545,KEMET,CAP ALUM SCRW TERM 105C
ALS70H513KF063,96,134.36917,KEMET,CAP ALUM 51000UF 20% 63V SCREW
ALS71A513KF063,96,134.36917,KEMET,CAP ALUM 51000UF 20% 63V SCREW
ALS71H513KF063,96,134.36917,KEMET,CAP ALUM 51000UF 20% 63V SCREW
PEH169QA347VMB2,100,134.3877,KEMET,CAP ALUM SCRW TERM 105C
PEH169PA3680QU2,100,134.3952,KEMET,CAP ALUM SCREW TERM 105C
ALC80C203FP100,120,134.43717,KEMET,CAP ALUM 20000UF 20% 100V SNAP
ALC80E203FP100,120,134.43717,KEMET,CAP ALUM 20000UF 20% 100V SNAP
ALC80G203FP100,120,134.43717,KEMET,CAP ALUM 20000UF 20% 100V SNAP
ALC80H203FP100,120,134.43717,KEMET,CAP ALUM 20000UF 20% 100V SNAP
ALF70C122EN550,1008,134.51013,KEMET,CAP ALUM 1200UF 20% 550V PRESS
PEH169QA347VMU2,100,134.7251,KEMET,CAP ALUM SCREW TERM 105C
PEH169SH415VMU2,96,134.74646,KEMET,CAP ALUM SCREW TERM 105C
ALS70A184KF025,96,134.98417,KEMET,CAP ALUM 180000UF 20% 25V SCREW
ALS70H184KF025,96,134.98417,KEMET,CAP ALUM 180000UF 20% 25V SCREW
ALS71A184KF025,96,134.98417,KEMET,CAP ALUM 180000UF 20% 25V SCREW
ALS71H184KF025,96,134.98417,KEMET,CAP ALUM 180000UF 20% 25V SCREW
ALC80C682FP200,120,135.27583,KEMET,CAP ALUM 6800UF 20% 200V SNAP TH
ALC80E682FP200,120,135.27583,KEMET,CAP ALUM 6800UF 20% 200V SNAP TH
ALC80G682FP200,120,135.27583,KEMET,CAP ALUM 6800UF 20% 200V SNAP TH
ALC80H682FP200,120,135.27583,KEMET,CAP ALUM 6800UF 20% 200V SNAP TH
PEH169UA3100QB2,100,135.3619,KEMET,CAP ALUM SCRW TERM 105C
PEH200ZD3330MU2,100,135.4503,KEMET,CAP ALUM SCRW TERM 85C
ALS70H162KE450,96,135.46229,KEMET,CAP ALUM 1600UF 20% 450V SCREW
ALS71H162KE450,96,135.46229,KEMET,CAP ALUM 1600UF 20% 450V SCREW
ALF20C391DL600,200,135.6021,KEMET,CAP ALUM 390UF 20% 600V PRESS
PEH169KA4330QU2,100,135.8283,KEMET,CAP ALUM SCREW TERM 105C
ALS80A753KF040,96,135.86542,KEMET,CAP ALUM 75000UF 20% 40V SCREW
ALS80H163KF100,96,135.86542,KEMET,CAP ALUM 16000UF 20% 100V SCREW
ALS80H753KF040,96,135.86542,KEMET,CAP ALUM 75000UF 20% 40V SCREW
ALS81A163KF100,96,135.86542,KEMET,CAP ALUM 16000UF 20% 100V SCREW
ALS81A753KF040,96,135.86542,KEMET,CAP ALUM 75000UF 20% 40V SCREW
ALS81H163KF100,96,135.86542,KEMET,CAP ALUM 16000UF 20% 100V SCREW
ALS81H753KF040,96,135.86542,KEMET,CAP ALUM 75000UF 20% 40V SCREW
PEH200ZJ3680MB2,96,135.89208,KEMET,CAP ALUM SCRW TERM 85C
PEH200ZJ3680MU2,96,135.92656,KEMET,CAP ALUM SCRW TERM 85C
PEH169SA3220QB2,100,135.9639,KEMET,CAP ALUM SCRW TERM 105C
ALS80A132KE450,96,135.97135,KEMET,CAP ALUM 1300UF 20% 450V SCREW
ALS80H132KE450,96,135.97135,KEMET,CAP ALUM 1300UF 20% 450V SCREW
ALS81A132KE450,96,135.97135,KEMET,CAP ALUM 1300UF 20% 450V SCREW
ALS81H132KE450,96,135.97135,KEMET,CAP ALUM 1300UF 20% 450V SCREW
ALF20C222FP400,120,136.3895,KEMET,CAP ALUM 2200UF 20% 400V PRESS
PEH169GA510VMU2,100,136.4253,KEMET,CAP ALUM SCREW TERM 105C
ALF20C104EP035,216,136.57769,KEMET,CAP ALUM 100000UF 20% 35V PRESS
ALC80F112EL450,1008,136.61629,KEMET,CAP ALUM 1100UF 20% 450V SNAP TH
ALC70E272FP400,120,136.66033,KEMET,CAP ALUM 2700UF 20% 400V SNAP TH
ALC70G272FP400,120,136.66033,KEMET,CAP ALUM 2700UF 20% 400V SNAP TH
ALC70H272FP400,120,136.66033,KEMET,CAP ALUM 2700UF 20% 400V SNAP TH
ALF70G122EN550,1008,136.92976,KEMET,CAP ALUM 1200UF 20% 550V PRESS
PEH169EA5100QB2,100,136.9603,KEMET,CAP ALUM SCRW TERM 105C
ALF20C561EL600,216,137.03097,KEMET,CAP ALUM 560UF 20% 600V PRESS
ALC40C562FP200,1020,137.42251,KEMET,CAP ALUM SNAP-IN 105C
PEH169QA3470QB2,100,137.5723,KEMET,CAP ALUM SCRW TERM 105C
PEH169UA315VMB2,100,137.6624,KEMET,CAP ALUM SCRW TERM 105C
ALF40C222FP350,120,137.745,KEMET,CAP ALUM 2200UF 20% 350V PRESS
PEH169VA310VMB2,100,137.8518,KEMET,CAP ALUM SCRW TERM 85C
PEH169UA315VMU2,100,138.0023,KEMET,CAP ALUM SCREW TERM 105C
PEH169VA310VMU2,100,138.1917,KEMET,CAP ALUM SCREW TERM 105C
ALF20C102EP550,216,138.28824,KEMET,CAP ALUM 1000UF 20% 550V PRESS
ALF80C112EL450,1008,138.42991,KEMET,CAP ALUM 1100UF 20% 450V PRESS
ALF80G112EL450,1008,138.42991,KEMET,CAP ALUM 1100UF 20% 450V PRESS
ALF80G152FP450,1020,138.68952,KEMET,CAP ALUM 1500UF 20% 450V PRESS
ALS70H132KE500,96,138.77,KEMET,CAP ALUM 1300UF 20% 500V SCREW
ALS71A132KE500,96,138.77,KEMET,CAP ALUM 1300UF 20% 500V SCREW
ALS71H132KE500,96,138.77,KEMET,CAP ALUM 1300UF 20% 500V SCREW
PEH169HA468VMU2,100,138.811,KEMET,CAP ALUM SCREW TERM 105C
PEH169PA410VMB2,100,138.9831,KEMET,CAP ALUM SCRW TERM 105C
PEH169PA410VMU2,100,139.3238,KEMET,CAP ALUM SCREW TERM 105C
ALS31A152KE250,96,139.39885,KEMET,CAP ALUM SCREW TERM 85C
ALF20G561EL600,216,139.41111,KEMET,CAP ALUM 560UF 20% 600V PRESS
ALS30A152KE250,96,139.52896,KEMET,CAP ALUM SCRW TERM 85C
ALF20C182FP450,120,139.59458,KEMET,CAP ALUM 1800UF 20% 450V PRESS
PEH169HA4680QU2,100,139.7298,KEMET,CAP ALUM SCREW TERM 105C
ALF40G222FP350,120,140.00183,KEMET,CAP ALUM 2200UF 20% 350V PRESS
PEH169VA3100QB2,100,140.2061,KEMET,CAP ALUM SCRW TERM 85C
ALS70H203KF100,96,140.24135,KEMET,CAP ALUM 20000UF 20% 100V SCREW
ALS71H203KF100,96,140.24135,KEMET,CAP ALUM 20000UF 20% 100V SCREW
ALF20G102EP550,216,140.33722,KEMET,CAP ALUM 1000UF 20% 550V PRESS
PEH169VA3100QU2,100,140.5435,KEMET,CAP ALUM SCREW TERM 105C
PEH169KA447VMB2,100,140.7701,KEMET,CAP ALUM SCRW TERM 105C
PEH169MA422VMB2,100,140.9057,KEMET,CAP ALUM SCRW TERM 105C
ALC70C202FP450,120,140.9115,KEMET,CAP ALUM 2000UF 20% 450V SNAP TH
ALC70E202FP450,120,140.9115,KEMET,CAP ALUM 2000UF 20% 450V SNAP TH
ALC70G202FP450,120,140.9115,KEMET,CAP ALUM 2000UF 20% 450V SNAP TH
ALC70H202FP450,120,140.9115,KEMET,CAP ALUM 2000UF 20% 450V SNAP TH
ALC80C104KP040,96,141.05708,KEMET,CAP ALUM 100000UF 20% 40V SNAP
ALC80E104KP040,96,141.05708,KEMET,CAP ALUM 100000UF 20% 40V SNAP
ALC80G104KP040,96,141.05708,KEMET,CAP ALUM 100000UF 20% 40V SNAP
ALC80H104KP040,96,141.05708,KEMET,CAP ALUM 100000UF 20% 40V SNAP
PEH169KA447VMU2,100,141.1083,KEMET,CAP ALUM SCREW TERM 105C
ALC80E222FP400,120,141.11133,KEMET,CAP ALUM 2200UF 20% 400V SNAP TH
ALC80G222FP400,120,141.11133,KEMET,CAP ALUM 2200UF 20% 400V SNAP TH
ALC80H222FP400,120,141.11133,KEMET,CAP ALUM 2200UF 20% 400V SNAP TH
PEH169MA422VMU2,100,141.2514,KEMET,CAP ALUM SCREW TERM 105C
ALC40A102EL400,1000,141.57652,KEMET,CAP ALUM SNAP-IN 105C
PEH169SA333VMU2,100,141.6574,KEMET,CAP ALUM SCREW TERM 105C
PEH200KA4680MB2,100,141.9129,KEMET,CAP ALUM SCRW TERM 85C
ALF40C182FP400,120,141.93142,KEMET,CAP ALUM 1800UF 20% 400V PRESS
ALC40E562FP200,1020,142.26832,KEMET,CAP ALUM SNAP-IN 105C
ALC40A223EL063,1008,142.38162,KEMET,CAP ALUM SNAP-IN 105C
PEH169PA4100QU2,100,142.5703,KEMET,CAP ALUM SCREW TERM 105C
ALC70E431EH600,1008,142.60271,KEMET,CAP ALUM 430UF 20% 600V SNAP TH
PEH169QA368VMB2,100,142.7423,KEMET,CAP ALUM SCRW TERM 105C
PEH169QA368VMU2,100,142.7423,KEMET,CAP ALUM SCREW TERM 105C
ALS80H184KF025,96,142.92802,KEMET,CAP ALUM 180000UF 20% 25V SCREW
ALS81H184KF025,96,142.92802,KEMET,CAP ALUM 180000UF 20% 25V SCREW
ALF20G182FP450,120,143.2345,KEMET,CAP ALUM 1800UF 20% 450V PRESS
ALF20G272FP350,120,143.59217,KEMET,CAP ALUM 2700UF 20% 350V PRESS
ALF20G222FP400,1020,143.62776,KEMET,CAP ALUM 2200UF 20% 400V PRESS
ALS31A222KE200,96,143.79198,KEMET,CAP ALUM SCREW TERM 85C
ALS30A222KE200,96,143.92125,KEMET,CAP ALUM SCRW TERM 85C
ALF40G182FP400,120,144.18275,KEMET,CAP ALUM 1800UF 20% 400V PRESS
PEH169MA4220QU2,100,144.5244,KEMET,CAP ALUM SCREW TERM 105C
ALC40A822EL100,1008,144.53068,KEMET,CAP ALUM SNAP-IN 105C
ALC40C152KP450,1008,145.27969,KEMET,CAP ALUM SNAP-IN 105C
ALC40G102FP500,1020,145.47218,KEMET,CAP ALUM SNAP-IN 105C
ALS70A682KF200,96,145.48552,KEMET,CAP ALUM 6800UF 20% 200V SCREW
ALS70H682KF200,96,145.48552,KEMET,CAP ALUM 6800UF 20% 200V SCREW
ALS71A682KF200,96,145.48552,KEMET,CAP ALUM 6800UF 20% 200V SCREW
ALS71H682KF200,96,145.48552,KEMET,CAP ALUM 6800UF 20% 200V SCREW
ALS81A303KE063,96,146.0825,KEMET,CAP ALUM 30000UF 20% 63V SCREW
ALC40C102EL400,1008,146.14307,KEMET,CAP ALUM 1000UF 20% 400V SNAP TH
ALC40A392EP200,1008,146.14307,KEMET,CAP ALUM SNAP-IN 105C
ALF20G104EP035,1008,146.25193,KEMET,CAP ALUM 100000UF 20% 35V PRESS
ALF40C683EP040,216,146.37736,KEMET,CAP ALUM 68000UF 20% 40V PRESS
ALC80C623KP063,96,146.45719,KEMET,CAP ALUM 62000UF 20% 63V SNAP TH
ALC80E623KP063,96,146.45719,KEMET,CAP ALUM 62000UF 20% 63V SNAP TH
ALC80G623KP063,96,146.45719,KEMET,CAP ALUM 62000UF 20% 63V SNAP TH
ALC80H623KP063,96,146.45719,KEMET,CAP ALUM 62000UF 20% 63V SNAP TH
PEH200UA3220MB2,100,146.5488,KEMET,CAP ALUM SCRW TERM 85C
PEH169MA433VMB2,100,146.7654,KEMET,CAP ALUM SCRW TERM 105C
ALS80H473KF063,96,147.19542,KEMET,CAP ALUM 47000UF 20% 63V SCREW
ALS81A473KF063,96,147.19542,KEMET,CAP ALUM 47000UF 20% 63V SCREW
ALS81H473KF063,96,147.19542,KEMET,CAP ALUM 47000UF 20% 63V SCREW
ALS40A152KE250,96,147.40385,KEMET,CAP ALUM SCRW TERM 105C
ALF70C202FP450,1020,147.70817,KEMET,CAP ALUM 2000UF 20% 450V PRESS
ALC40H152KP450,1008,147.71696,KEMET,CAP ALUM SNAP-IN 105C
ALC40E822EL100,1044,147.88856,KEMET,CAP ALUM SNAP-IN 105C
ALC70C912KP200,96,147.89313,KEMET,CAP ALUM 9100UF 20% 200V SNAP TH
ALC70E912KP200,96,147.89313,KEMET,CAP ALUM 9100UF 20% 200V SNAP TH
ALC70G912KP200,96,147.89313,KEMET,CAP ALUM 9100UF 20% 200V SNAP TH
ALC70H912KP200,96,147.89313,KEMET,CAP ALUM 9100UF 20% 200V SNAP TH
ALF20C152FP500,120,147.93017,KEMET,CAP ALUM 1500UF 20% 500V PRESS
PEH169VA315VMU2,100,148.1994,KEMET,CAP ALUM SCREW TERM 105C
ALF70C821EN630,1008,148.2581,KEMET,CAP ALUM 820UF 20% 630V PRESS
ALF70C821EN600,1008,148.2581,KEMET,CAP ALUM 820UF 20% 600V PRESS
ALC70C621EL600,216,148.28009,KEMET,CAP ALUM 620UF 20% 600V SNAP TH
ALC70F621EL600,216,148.28009,KEMET,CAP ALUM 620UF 20% 600V SNAP TH
PEH200HA5150MB2,100,148.3507,KEMET,CAP ALUM SCRW TERM 85C
ALC80C821EL500,1008,148.39116,KEMET,CAP ALUM 820UF 20% 500V SNAP TH
PEH200HA5150MU2,100,148.6897,KEMET,CAP ALUM SCRW TERM 85C
ALS31A153KE063,96,148.82083,KEMET,CAP ALUM SCREW TERM 85C
PEH169PA415VMU2,100,148.8617,KEMET,CAP ALUM SCREW TERM 105C
PEH169HA460AQB2,100,148.9593,KEMET,CAP ALUM SCRW TERM 105C
ALF20G472FP250,1020,149.07084,KEMET,CAP ALUM 4700UF 20% 250V PRESS
ALC70C303KP100,96,149.305,KEMET,CAP ALUM 30000UF 20% 100V SNAP
ALC70E303KP100,96,149.305,KEMET,CAP ALUM 30000UF 20% 100V SNAP
ALC70G303KP100,96,149.305,KEMET,CAP ALUM 30000UF 20% 100V SNAP
ALC70H303KP100,96,149.305,KEMET,CAP ALUM 30000UF 20% 100V SNAP
ALC70E563FP063,1020,149.32825,KEMET,CAP ALUM 56000UF 20% 63V SNAP TH
ALS30A102KE350,96,149.46521,KEMET,CAP ALUM SCRW TERM 85C
ALF70G202FP450,1020,149.57787,KEMET,CAP ALUM 2000UF 20% 450V PRESS
ALS70A472KE200,96,149.90021,KEMET,CAP ALUM 4700UF 20% 200V SCREW
ALF70G821EN630,1008,150.34777,KEMET,CAP ALUM 820UF 20% 630V PRESS
ALF70G821EN600,1008,150.34777,KEMET,CAP ALUM 820UF 20% 600V PRESS
ALS70H512KF250,96,150.55917,KEMET,CAP ALUM 5100UF 20% 250V SCREW
ALS71A512KF250,96,150.55917,KEMET,CAP ALUM 5100UF 20% 250V SCREW
ALS71H512KF250,96,150.55917,KEMET,CAP ALUM 5100UF 20% 250V SCREW
ALS40A222KE200,96,150.62375,KEMET,CAP ALUM SCRW TERM 105C
ALC40C272KP350,1008,150.68757,KEMET,CAP ALUM SNAP-IN 105C
ALC80E152FP450,120,150.94575,KEMET,CAP ALUM 1500UF 20% 450V SNAP TH
ALC80H152FP450,120,150.94575,KEMET,CAP ALUM 1500UF 20% 450V SNAP TH
PEH169YB3100MB2,100,150.9705,KEMET,CAP ALUM SCRW TERM 85C
ALS31A102KE350,96,151.13802,KEMET,CAP ALUM SCREW TERM 85C
PEH200XA3220MU2,100,151.1433,KEMET,CAP ALUM SCRW TERM 85C
PEH169YB3100MU2,100,151.2467,KEMET,CAP ALUM SCREW TERM 105C
ALC80C244KP025,96,151.59292,KEMET,CAP ALUM 240000UF 20% 25V SNAP
ALC80E244KP025,96,151.59292,KEMET,CAP ALUM 240000UF 20% 25V SNAP
ALC80G244KP025,96,151.59292,KEMET,CAP ALUM 240000UF 20% 25V SNAP
ALS80H432KF250,96,151.65573,KEMET,CAP ALUM 4300UF 20% 250V SCREW
ALS81A432KF250,96,151.65573,KEMET,CAP ALUM 4300UF 20% 250V SCREW
ALS81H432KF250,96,151.65573,KEMET,CAP ALUM 4300UF 20% 250V SCREW
ALS41A222KE200,96,152.1674,KEMET,CAP ALUM SCRW TERM 105C
ALF80C122FP500,1020,152.21745,KEMET,CAP ALUM 1200UF 20% 500V PRESS
ALF80C182KP450,1000,152.21748,KEMET,CAP ALUM 1800UF 20% 450V PRESS
PEH169HC5100QB2,100,152.282,KEMET,CAP ALUM SCRW TERM 105C
PEH169HC5100QU2,100,152.282,KEMET,CAP ALUM SCREW TERM 105C
ALF70C152FP500,1020,152.65743,KEMET,CAP ALUM 1500UF 20% 500V PRESS
PEH169RB368VMU2,100,152.6806,KEMET,CAP ALUM SCRW TERM 105C
ALC40C222KP400,1008,152.81359,KEMET,CAP ALUM SNAP-IN 105C
ALS31A333KE040,96,153.06677,KEMET,CAP ALUM SCREW TERM 85C
ALF20C272FP350,120,153.122,KEMET,CAP ALUM 2700UF 20% 350V PRESS
PEH169KB4470QB2,100,153.4959,KEMET,CAP ALUM SCRW TERM 105C
ALC70C392KP350,96,153.6249,KEMET,CAP ALUM 3900UF 20% 350V SNAP TH
ALC70E392KP350,96,153.6249,KEMET,CAP ALUM 3900UF 20% 350V SNAP TH
ALC70G392KP350,96,153.6249,KEMET,CAP ALUM 3900UF 20% 350V SNAP TH
ALC70H392KP350,96,153.6249,KEMET,CAP ALUM 3900UF 20% 350V SNAP TH
PEH169KB4470QU2,100,153.7664,KEMET,CAP ALUM SCREW TERM 105C
ALF80G182KP450,1000,153.97722,KEMET,CAP ALUM 1800UF 20% 450V PRESS
ALC70C753KP063,96,153.9824,KEMET,CAP ALUM 75000UF 20% 63V SNAP TH
ALC70E753KP063,96,153.9824,KEMET,CAP ALUM 75000UF 20% 63V SNAP TH
ALC70G753KP063,96,153.9824,KEMET,CAP ALUM 75000UF 20% 63V SNAP TH
ALC70H753KP063,96,153.9824,KEMET,CAP ALUM 75000UF 20% 63V SNAP TH
PEH169KB468VMB2,100,154.0442,KEMET,CAP ALUM SCRW TERM 105C
ALS80H622KF200,96,154.12969,KEMET,CAP ALUM 6200UF 20% 200V SCREW
ALS81H622KF200,96,154.12969,KEMET,CAP ALUM 6200UF 20% 200V SCREW
ALF80G122FP500,1020,154.19718,KEMET,CAP ALUM 1200UF 20% 500V PRESS
ALS40A153KE063,96,154.22448,KEMET,CAP ALUM SCRW TERM 105C
PEH169KB468VMU2,100,154.3146,KEMET,CAP ALUM SCREW TERM 105C
PEH169VB3150QB2,100,154.5214,KEMET,CAP ALUM SCRW TERM 85C
PEH200VA3220MU2,100,154.7107,KEMET,CAP ALUM SCRW TERM 85C
ALF70G152FP500,1020,154.7471,KEMET,CAP ALUM 1500UF 20% 500V PRESS
PEH169SB347VMU2,100,154.9274,KEMET,CAP ALUM SCREW TERM 105C
ALF40C152KP450,96,154.93333,KEMET,CAP ALUM 1500UF 20% 450V PRESS
ALS30A681KE450,96,155.12292,KEMET,CAP ALUM SCRW TERM 85C
PEH200SB3470MB2,100,155.1887,KEMET,CAP ALUM SCRW TERM 85C
PEH200YA3150MU2,100,155.2193,KEMET,CAP ALUM SCRW TERM 85C
PEH200YA3150MB2,100,155.2193,KEMET,CAP ALUM SCRW TERM 85C
ALF40C102FP500,120,155.23417,KEMET,CAP ALUM 1000UF 20% 500V PRESS
ALC40A821EP450,1000,155.4114,KEMET,CAP ALUM SNAP-IN 105C
PEH200SB3470MU2,100,155.4674,KEMET,CAP ALUM SCRW TERM 85C
ALF70C222KP450,1000,155.517,KEMET,CAP ALUM 2200UF 20% 450V PRESS
ALS40A681KE400,96,155.76552,KEMET,CAP ALUM SCRW TERM 105C
ALS70H114KF040,96,155.97052,KEMET,CAP ALUM 110000UF 20% 40V SCREW
ALS71H114KF040,96,155.97052,KEMET,CAP ALUM 110000UF 20% 40V SCREW
ALC70E682KP250,96,156.25563,KEMET,CAP ALUM 6800UF 20% 250V SNAP TH
ALC70G682KP250,96,156.25563,KEMET,CAP ALUM 6800UF 20% 250V SNAP TH
ALC70H682KP250,96,156.25563,KEMET,CAP ALUM 6800UF 20% 250V SNAP TH
PEH169PO4680QU2,96,156.27375,KEMET,CAP ALUM SCREW TERM 105C
ALF20G152FP500,1020,156.43423,KEMET,CAP ALUM 1500UF 20% 500V PRESS
ALF40G683EP040,1008,156.58825,KEMET,CAP ALUM 68000UF 20% 40V PRESS
PEH200KB5100MU2,100,156.7028,KEMET,CAP ALUM SCRW TERM 85C
ALS30A683KE025,96,157.05073,KEMET,CAP ALUM SCRW TERM 85C
ALF40G152KP450,96,157.25146,KEMET,CAP ALUM 1500UF 20% 450V PRESS
ALS41A681KE400,96,157.30573,KEMET,CAP ALUM SCRW TERM 105C
ALF70G222KP450,1000,157.38672,KEMET,CAP ALUM 2200UF 20% 450V PRESS
PEH169PO4680QB2,96,157.4125,KEMET,CAP ALUM SCRW TERM 105C
ALF40G102FP500,120,157.4745,KEMET,CAP ALUM 1000UF 20% 500V PRESS
ALS40A683KE025,96,157.6925,KEMET,CAP ALUM SCRW TERM 105C
ALC80C243KP100,96,157.8949,KEMET,CAP ALUM 24000UF 20% 100V SNAP
ALC80E243KP100,96,157.8949,KEMET,CAP ALUM 24000UF 20% 100V SNAP
ALC80G243KP100,96,157.8949,KEMET,CAP ALUM 24000UF 20% 100V SNAP
ALC80H243KP100,96,157.8949,KEMET,CAP ALUM 24000UF 20% 100V SNAP
PEH169SC3470QB2,100,158.1384,KEMET,CAP ALUM SCRW TERM 105C
ALS71A753KE040,96,158.22563,KEMET,CAP ALUM 75000UF 20% 40V SCREW
ALS70H122KE550,96,158.31521,KEMET,CAP ALUM 1200UF 20% 550V SCREW
ALS71H122KE550,96,158.31521,KEMET,CAP ALUM 1200UF 20% 550V SCREW
PEH169QC410VMU2,100,158.4295,KEMET,CAP ALUM SCREW TERM 105C
PEH169QC410VMB2,100,158.4295,KEMET,CAP ALUM SCRW TERM 105C
ALS80A122KE500,96,158.42979,KEMET,CAP ALUM 1200UF 20% 500V SCREW
ALS80H122KE500,96,158.42979,KEMET,CAP ALUM 1200UF 20% 500V SCREW
ALS81H122KE500,96,158.42979,KEMET,CAP ALUM 1200UF 20% 500V SCREW
ALS80A303KE063,96,158.57969,KEMET,CAP ALUM 30000UF 20% 63V SCREW
ALS40A471KE450,96,158.59,KEMET,CAP ALUM SCRW TERM 105C
ALS31A683KE025,96,158.59,KEMET,CAP ALUM SCREW TERM 85C
PEH169YA2680MB2,100,158.7206,KEMET,CAP ALUM SCRW TERM 85C
ALF80C152FP450,1020,158.8429,KEMET,CAP ALUM 1500UF 20% 450V PRESS
PEH169SC3470QU2,100,158.8777,KEMET,CAP ALUM SCREW TERM 105C
PEH169KC4680QB2,100,159.0514,KEMET,CAP ALUM SCRW TERM 105C
PEH169YA2680MU2,100,159.058,KEMET,CAP ALUM SCREW TERM 105C
PEH169UC3220QB2,100,159.1779,KEMET,CAP ALUM SCRW TERM 105C
PEH169UC3220QU2,100,159.1779,KEMET,CAP ALUM SCREW TERM 105C
ALC80C822KP200,96,159.4075,KEMET,CAP ALUM 8200UF 20% 200V SNAP TH
ALC80E822KP200,96,159.4075,KEMET,CAP ALUM 8200UF 20% 200V SNAP TH
ALC80G822KP200,96,159.4075,KEMET,CAP ALUM 8200UF 20% 200V SNAP TH
ALC80H822KP200,96,159.4075,KEMET,CAP ALUM 8200UF 20% 200V SNAP TH
ALF70C162FP500,1020,159.69636,KEMET,CAP ALUM 1600UF 20% 500V PRESS
PEH169GC522VMU2,100,159.8212,KEMET,CAP ALUM SCREW TERM 105C
PEH169GC522VMB2,100,159.8212,KEMET,CAP ALUM SCRW TERM 105C
ALS41A471KE450,96,160.12854,KEMET,CAP ALUM SCRW TERM 105C
ALC40A152EP350,1008,160.38154,KEMET,CAP ALUM SNAP-IN 105C
ALS70H332KF350,96,160.58333,KEMET,CAP ALUM 3300UF 20% 350V SCREW
ALS71H332KF350,96,160.58333,KEMET,CAP ALUM 3300UF 20% 350V SCREW
ALC40A473EL040,1008,160.64997,KEMET,CAP ALUM SNAP-IN 105C
ALF80C132FP500,1020,160.68626,KEMET,CAP ALUM 1300UF 20% 500V PRESS
ALC70C154KP040,96,160.81417,KEMET,CAP ALUM 150000UF 20% 40V SNAP
ALC70E154KP040,96,160.81417,KEMET,CAP ALUM 150000UF 20% 40V SNAP
ALC70G154KP040,96,160.81417,KEMET,CAP ALUM 150000UF 20% 40V SNAP
ALC70H154KP040,96,160.81417,KEMET,CAP ALUM 150000UF 20% 40V SNAP
ALF40C562FP200,120,161.19925,KEMET,CAP ALUM 5600UF 20% 200V PRESS
PEH169RD3680QB2,100,161.7422,KEMET,CAP ALUM SCRW TERM 105C
ALF70G162FP500,1020,161.7861,KEMET,CAP ALUM 1600UF 20% 500V PRESS
ALC40A122EP400,1008,161.99392,KEMET,CAP ALUM SNAP-IN 105C
ALC80C332KP350,96,162.19927,KEMET,CAP ALUM 3300UF 20% 350V SNAP TH
ALC80E332KP350,96,162.19927,KEMET,CAP ALUM 3300UF 20% 350V SNAP TH
ALC80G332KP350,96,162.19927,KEMET,CAP ALUM 3300UF 20% 350V SNAP TH
ALC80H332KP350,96,162.19927,KEMET,CAP ALUM 3300UF 20% 350V SNAP TH
ALF80G132EL400,1,162.41,KEMET,CAP ALUM 1300UF 20% 400V PRESS
ALS31A222KE250,96,162.69375,KEMET,CAP ALUM SCREW TERM 85C
ALC70C562FP250,1020,162.72315,KEMET,CAP ALUM 5600UF 20% 250V SNAP TH
ALF80G132FP500,1020,162.77592,KEMET,CAP ALUM 1300UF 20% 500V PRESS
ALF20C272KP400,96,162.94698,KEMET,CAP ALUM 2700UF 20% 400V PRESS
ALS71A302KF400,96,163.15375,KEMET,CAP ALUM 3000UF 20% 400V SCREW
ALS71H302KF400,96,163.15375,KEMET,CAP ALUM 3000UF 20% 400V SCREW
PEH169RD3680QU2,100,163.1836,KEMET,CAP ALUM SCREW TERM 105C
PEH169EC5220QU2,100,163.3242,KEMET,CAP ALUM SCREW TERM 105C
ALF40G562FP200,120,163.43608,KEMET,CAP ALUM 5600UF 20% 200V PRESS
PEH200PB4220MB2,100,163.5111,KEMET,CAP ALUM SCRW TERM 85C
ALF80C202KP450,1000,163.54581,KEMET,CAP ALUM 2000UF 20% 450V PRESS
PEH169QD4100QB2,100,164.0031,KEMET,CAP ALUM SCRW TERM 105C
PEH200UB3330MU2,100,164.0337,KEMET,CAP ALUM SCRW TERM 85C
PEH200UB3330MB2,100,164.0337,KEMET,CAP ALUM SCRW TERM 85C
ALS40A102KE350,96,164.35708,KEMET,CAP ALUM SCRW TERM 105C
ALC80C432FP250,1020,164.85245,KEMET,CAP ALUM 4300UF 20% 250V SNAP TH
ALC80E432FP250,1020,164.85245,KEMET,CAP ALUM 4300UF 20% 250V SNAP TH
ALC80G432FP250,1020,164.85245,KEMET,CAP ALUM 4300UF 20% 250V SNAP TH
ALC80H432FP250,1020,164.85245,KEMET,CAP ALUM 4300UF 20% 250V SNAP TH
PEH169VB322VMU2,100,164.8549,KEMET,CAP ALUM SCREW TERM 105C
PEH169VB322VMB2,100,164.8549,KEMET,CAP ALUM SCRW TERM 85C
ALS70H472KE200,96,164.89458,KEMET,CAP ALUM 4700UF 20% 200V SCREW
ALF40C272KP350,96,164.92646,KEMET,CAP ALUM 2700UF 20% 350V PRESS
ALS80H242KF400,96,164.93688,KEMET,CAP ALUM 2400UF 20% 400V SCREW
ALS81A242KF400,96,164.93688,KEMET,CAP ALUM 2400UF 20% 400V SCREW
ALS81H242KF400,96,164.93688,KEMET,CAP ALUM 2400UF 20% 400V SCREW
ALF40C392FP250,120,164.9735,KEMET,CAP ALUM 3900UF 20% 250V PRESS
PEH169GC5150QB2,100,165.1145,KEMET,CAP ALUM SCRW TERM 105C
ALF80G202KP450,1000,165.41553,KEMET,CAP ALUM 2000UF 20% 450V PRESS
PEH169QD4100QU2,100,165.4511,KEMET,CAP ALUM SCREW TERM 105C
ALF20G272KP400,96,165.69396,KEMET,CAP ALUM 2700UF 20% 400V PRESS
ALF70C132FP550,1020,165.85548,KEMET,CAP ALUM 1300UF 20% 550V PRESS
ALS80A302KF350,96,165.86885,KEMET,CAP ALUM 3000UF 20% 350V SCREW
ALS80H302KF350,96,165.86885,KEMET,CAP ALUM 3000UF 20% 350V SCREW
ALS81A302KF350,96,165.86885,KEMET,CAP ALUM 3000UF 20% 350V SCREW
ALS81H302KF350,96,165.86885,KEMET,CAP ALUM 3000UF 20% 350V SCREW
ALS41A102KE350,96,166.02135,KEMET,CAP ALUM SCRW TERM 105C
ALC40G122KP500,1008,166.02487,KEMET,CAP ALUM SNAP-IN 105C
ALC80C562KP250,96,166.08854,KEMET,CAP ALUM 5600UF 20% 250V SNAP TH
ALC80E562KP250,96,166.08854,KEMET,CAP ALUM 5600UF 20% 250V SNAP TH
ALC80G562KP250,96,166.08854,KEMET,CAP ALUM 5600UF 20% 250V SNAP TH
ALC80H562KP250,96,166.08854,KEMET,CAP ALUM 5600UF 20% 250V SNAP TH
ALF40C472KP250,96,166.98958,KEMET,CAP ALUM 4700UF 20% 250V PRESS
ALF40G392FP250,120,167.207,KEMET,CAP ALUM 3900UF 20% 250V PRESS
ALF40G272KP350,96,167.23594,KEMET,CAP ALUM 2700UF 20% 350V PRESS
ALC40A103EP100,1008,167.50081,KEMET,CAP ALUM SNAP-IN 105C
ALS70A242KE350,96,167.50979,KEMET,CAP ALUM 2400UF 20% 350V SCREW
PEH169SO433VMU2,96,167.52625,KEMET,CAP ALUM SCREW TERM 105C
PEH169GO5680QU2,96,167.71052,KEMET,CAP ALUM SCREW TERM 105C
ALF70G132FP550,1020,167.94514,KEMET,CAP ALUM 1300UF 20% 550V PRESS
ALC80C272KP400,96,168.42375,KEMET,CAP ALUM 2700UF 20% 400V SNAP TH
ALC80E272KP400,96,168.42375,KEMET,CAP ALUM 2700UF 20% 400V SNAP TH
ALC80G272KP400,96,168.42375,KEMET,CAP ALUM 2700UF 20% 400V SNAP TH
ALC80H272KP400,96,168.42375,KEMET,CAP ALUM 2700UF 20% 400V SNAP TH
ALF20C472FP250,120,168.4405,KEMET,CAP ALUM 4700UF 20% 250V PRESS
ALS80A162KE400,96,168.53406,KEMET,CAP ALUM 1600UF 20% 400V SCREW
PEH169PC422VMB2,100,168.7382,KEMET,CAP ALUM SCRW TERM 105C
PEH169GO5680QB2,96,168.84333,KEMET,CAP ALUM SCRW TERM 105C
PEH169KC510VMB2,100,168.9772,KEMET,CAP ALUM SCRW TERM 105C
ALF20G222KP450,96,169.1276,KEMET,CAP ALUM 2200UF 20% 450V PRESS
PEH169RJ4150QU2,96,169.24552,KEMET,CAP ALUM SCREW TERM 105C
PEH169VC3220QB2,100,169.284,KEMET,CAP ALUM SCRW TERM 85C
ALF40G472KP250,96,169.29469,KEMET,CAP ALUM 4700UF 20% 250V PRESS
ALS71A162KE450,96,169.37646,KEMET,CAP ALUM 1600UF 20% 450V SCREW
PEH200MC4680MB2,100,169.4237,KEMET,CAP ALUM SCRW TERM 85C
PEH169PC422VMU2,100,169.4767,KEMET,CAP ALUM SCREW TERM 105C
ALF20G332KP350,96,169.5049,KEMET,CAP ALUM 3300UF 20% 350V PRESS
ALS40A333KE040,96,169.60135,KEMET,CAP ALUM SCRW TERM 105C
PEH169KC510VMU2,100,169.7165,KEMET,CAP ALUM SCREW TERM 105C
ALF40C222KP400,96,169.98896,KEMET,CAP ALUM 2200UF 20% 400V PRESS
PEH169VC3220QU2,100,170.0216,KEMET,CAP ALUM SCREW TERM 105C
PEH169MC447VMU2,100,170.4533,KEMET,CAP ALUM SCREW TERM 105C
ALS41A333KE040,96,171.13375,KEMET,CAP ALUM SCRW TERM 105C
ALF70C182KP500,1000,171.13469,KEMET,CAP ALUM 1800UF 20% 500V PRESS
ALS70H242KF450,96,171.46802,KEMET,CAP ALUM 2400UF 20% 450V SCREW
ALS71A242KF450,96,171.46802,KEMET,CAP ALUM 2400UF 20% 450V SCREW
ALS71H242KF450,96,171.46802,KEMET,CAP ALUM 2400UF 20% 450V SCREW
ALC40A124EP025,1008,172.06731,KEMET,CAP ALUM SNAP-IN 105C
ALF40G222KP400,96,172.29063,KEMET,CAP ALUM 2200UF 20% 400V PRESS
ALS30A332KF200,96,172.79281,KEMET,CAP ALUM SCRW TERM 85C
ALC70C362KP400,96,172.85833,KEMET,CAP ALUM 3600UF 20% 400V SNAP TH
ALC70E362KP400,96,172.85833,KEMET,CAP ALUM 3600UF 20% 400V SNAP TH
ALC70G362KP400,96,172.85833,KEMET,CAP ALUM 3600UF 20% 400V SNAP TH
ALC70H362KP400,96,172.85833,KEMET,CAP ALUM 3600UF 20% 400V SNAP TH
PEH169RD410VMU2,100,172.863,KEMET,CAP ALUM SCREW TERM 105C
ALF70G182KP500,1000,172.89443,KEMET,CAP ALUM 1800UF 20% 500V PRESS
PEH200KC5150MB2,100,173.0664,KEMET,CAP ALUM 15000UF 20% 40V SCREW
PEH169MC4330QB2,100,173.6163,KEMET,CAP ALUM SCRW TERM 105C
PEH200KC5150MU2,100,173.8024,KEMET,CAP ALUM SCRW TERM 85C
ALS41A682KE100,96,174.07031,KEMET,CAP ALUM SCRW TERM 105C
PEH169MC4330QU2,100,174.3532,KEMET,CAP ALUM SCREW TERM 105C
ALC70C162FP500,120,174.43725,KEMET,CAP ALUM 1600UF 20% 500V SNAP TH
ALC70E162FP500,120,174.43725,KEMET,CAP ALUM 1600UF 20% 500V SNAP TH
ALC70G162FP500,120,174.43725,KEMET,CAP ALUM 1600UF 20% 500V SNAP TH
ALC70H162FP500,120,174.43725,KEMET,CAP ALUM 1600UF 20% 500V SNAP TH
ALF20C222KP450,1008,174.46611,KEMET,CAP ALUM 2200UF 20% 450V PRESS
ALF20C182KP500,96,174.88604,KEMET,CAP ALUM 1800UF 20% 500V PRESS
ALS80A202KF450,96,174.95833,KEMET,CAP ALUM 2000UF 20% 450V SCREW
ALS81A202KF450,96,174.95833,KEMET,CAP ALUM 2000UF 20% 450V SCREW
ALS81H202KF450,96,174.95833,KEMET,CAP ALUM 2000UF 20% 450V SCREW
ALS71A203KF100,96,175.38396,KEMET,CAP ALUM 20000UF 20% 100V SCREW
PEH536YEQ4100M2,1000,175.47466,KEMET,CAP ALUM SNAP-IN 105C
PEH536YEQ4100M4,1000,175.47466,KEMET,CAP ALUM SNAP-IN 105C
PEH200ZO4100MB2,96,175.6776,KEMET,CAP ALUM SCRW TERM 85C
ALS41A222KF250,96,175.7276,KEMET,CAP ALUM SCRW TERM 105C
ALS40A222KF250,96,175.8551,KEMET,CAP ALUM SCRW TERM 105C
PEH200VC3330MU2,100,175.8615,KEMET,CAP ALUM SCRW TERM 85C
PEH200VC3330MB2,100,175.8615,KEMET,CAP ALUM SCRW TERM 85C
ALF20C822KP200,96,176.85865,KEMET,CAP ALUM 8200UF 20% 200V PRESS
ALF20G182KP500,96,177.03781,KEMET,CAP ALUM 1800UF 20% 500V PRESS
ALS41C152ND400,96,177.06448,KEMET,CAP ALUM SCRW TERM 105C
ALF80G152KP500,1000,177.29378,KEMET,CAP ALUM 1500UF 20% 500V PRESS
PEH169UD3330QB2,100,177.8164,KEMET,CAP ALUM SCRW TERM 105C
PEH169KD5100QU2,100,177.9942,KEMET,CAP ALUM SCREW TERM 105C
ALS81A184KF025,96,178.76063,KEMET,CAP ALUM 180000UF 20% 25V SCREW
ALF70C102FP630,1020,178.83358,KEMET,CAP ALUM 1000UF 20% 630V PRESS
ALF70C102FP600,1020,178.83358,KEMET,CAP ALUM 1000UF 20% 600V PRESS
ALS70H202KF500,96,179.03885,KEMET,CAP ALUM 2000UF 20% 500V SCREW
ALS71H202KF500,96,179.03885,KEMET,CAP ALUM 2000UF 20% 500V SCREW
ALF20G822KP200,96,179.09479,KEMET,CAP ALUM 8200UF 20% 200V PRESS
PEH169UD3330QU2,100,179.2569,KEMET,CAP ALUM SCREW TERM 105C
ALF20C332KP350,96,179.73135,KEMET,CAP ALUM 3300UF 20% 350V PRESS
PEH169GT6100QU2,96,179.82448,KEMET,CAP ALUM SCREW TERM 105C
ALF70C272KP450,1000,179.93338,KEMET,CAP ALUM 2700UF 20% 450V PRESS
PEH169PD4220QU2,100,179.9392,KEMET,CAP ALUM SCREW TERM 105C
ALS41C153MF100,96,180.61438,KEMET,CAP ALUM SCRW TERM 105C
ALF70G102FP630,1020,180.70328,KEMET,CAP ALUM 1000UF 20% 630V PRESS
ALF70G102FP600,1020,180.70328,KEMET,CAP ALUM 1000UF 20% 600V PRESS
ALF70C152KP550,1000,181.47316,KEMET,CAP ALUM 1500UF 20% 550V PRESS
ALF70G272KP450,1000,181.47316,KEMET,CAP ALUM 2700UF 20% 450V PRESS
ALS31A152KF350,96,182.22521,KEMET,CAP ALUM SCREW TERM 85C
ALF20G821EP600,216,182.54894,KEMET,CAP ALUM 820UF 20% 600V PRESS
PEH169MD468VMB2,100,182.8269,KEMET,CAP ALUM SCRW TERM 105C
ALF70G152KP550,1000,183.2329,KEMET,CAP ALUM 1500UF 20% 550V PRESS
ALS41A332KF200,96,183.36906,KEMET,CAP ALUM SCRW TERM 105C
ALF80C162KP500,1000,184.00278,KEMET,CAP ALUM 1600UF 20% 500V PRESS
PEH169MD468VMU2,100,184.2658,KEMET,CAP ALUM SCREW TERM 105C
PEH169HD522VMU2,100,184.3906,KEMET,CAP ALUM SCREW TERM 105C
ALS41A223KF063,96,185.40375,KEMET,CAP ALUM SCRW TERM 105C
ALF80G162KP500,1000,185.87251,KEMET,CAP ALUM 1600UF 20% 500V PRESS
PEH169GD5220QB2,100,186.2149,KEMET,CAP ALUM SCRW TERM 105C
PEH169YD3220MU2,100,186.4001,KEMET,CAP ALUM SCREW TERM 105C
ALF20C562FP200,120,187.13908,KEMET,CAP ALUM 5600UF 20% 200V PRESS
PEH169VC333VMB2,100,187.2221,KEMET,CAP ALUM SCRW TERM 85C
PEH169VC333VMU2,100,187.2221,KEMET,CAP ALUM SCREW TERM 105C
ALC80G152FP450,1020,188.06999,KEMET,CAP ALUM 1500UF 20% 450V SNAP TH
ALS40A102KF400,96,188.20073,KEMET,CAP ALUM SCRW TERM 105C
ALS70A512KF250,96,188.35313,KEMET,CAP ALUM 5100UF 20% 250V SCREW
ALC70A621EL600,1008,188.89597,KEMET,CAP ALUM 620UF 20% 600V SNAP TH
ALC70D621EL600,1008,188.89597,KEMET,CAP ALUM 620UF 20% 600V SNAP TH
ALC70E621EL600,1008,188.89597,KEMET,CAP ALUM 620UF 20% 600V SNAP TH
ALF20G562FP200,120,189.35742,KEMET,CAP ALUM 5600UF 20% 200V PRESS
ALS80A432KF250,96,189.72969,KEMET,CAP ALUM 4300UF 20% 250V SCREW
ALS70H162KF550,96,189.82615,KEMET,CAP ALUM 1600UF 20% 550V SCREW
ALS71A162KF550,96,189.82615,KEMET,CAP ALUM 1600UF 20% 550V SCREW
ALS71H162KF550,96,189.82615,KEMET,CAP ALUM 1600UF 20% 550V SCREW
ALS30A104KF025,96,189.85115,KEMET,CAP ALUM SCRW TERM 85C
ALS80H162KF500,96,189.96146,KEMET,CAP ALUM 1600UF 20% 500V SCREW
ALS81A162KF500,96,189.96146,KEMET,CAP ALUM 1600UF 20% 500V SCREW
ALS81H162KF500,96,189.96146,KEMET,CAP ALUM 1600UF 20% 500V SCREW
PEH200XD3470MB2,100,190.0345,KEMET,CAP ALUM SCRW TERM 85C
ALF20C821EP600,1008,190.07831,KEMET,CAP ALUM 820UF 20% 600V PRESS
ALS30C472MF250,96,190.19656,KEMET,CAP ALUM SCRW TERM 85C
ALS40A681KF450,96,190.73927,KEMET,CAP ALUM SCRW TERM 105C
ALF20C122FP550,120,190.80042,KEMET,CAP ALUM 1200UF 20% 550V PRESS
PEH200MD5100MB2,100,191.1311,KEMET,CAP ALUM 10000UF 20% 63V SCREW
ALC80E202KP450,96,191.62302,KEMET,CAP ALUM 2000UF 20% 450V SNAP TH
ALC80G202KP450,96,191.62302,KEMET,CAP ALUM 2000UF 20% 450V SNAP TH
ALC70E132FP550,120,191.63975,KEMET,CAP ALUM 1300UF 20% 550V SNAP TH
ALC70G132FP550,120,191.63975,KEMET,CAP ALUM 1300UF 20% 550V SNAP TH
ALC70H132FP550,120,191.63975,KEMET,CAP ALUM 1300UF 20% 550V SNAP TH
PEH200SD4100MB2,100,191.6694,KEMET,CAP ALUM SCRW TERM 85C
ALS41A681KF450,96,191.75573,KEMET,CAP ALUM SCRW TERM 105C
ALS81A622KF200,96,192.84198,KEMET,CAP ALUM 6200UF 20% 200V SCREW
ALS31A681KF500,96,192.89708,KEMET,CAP ALUM SCREW TERM 85C
ALF40C122KP500,96,192.935,KEMET,CAP ALUM 1200UF 20% 500V PRESS
PEH536VEQ4150M2S,1000,192.96538,KEMET,CAP ALUM SNAP-IN 105C
PEH536VEQ4150M4,1000,192.96538,KEMET,CAP ALUM SNAP-IN 105C
PEH200OD3330MU2,100,193.2886,KEMET,CAP ALUM SCRW TERM 85C
PEH200OD3330MB2,100,193.2886,KEMET,CAP ALUM SCRW TERM 85C
ALC40A333EP063,1008,193.69349,KEMET,CAP ALUM SNAP-IN 105C
ALS30A681KF500,96,193.78344,KEMET,CAP ALUM SCRW TERM 85C
ALF40C682KP200,96,194.32354,KEMET,CAP ALUM 6800UF 20% 200V PRESS
ALC40C102FL450,1020,194.49852,KEMET,CAP ALUM 1000UF 20% 450V SNAP TH
PEH169MD4470QU2,100,195.0185,KEMET,CAP ALUM SCREW TERM 105C
ALF20C562KP250,96,195.09104,KEMET,CAP ALUM 5600UF 20% 250V PRESS
ALS71A114KF040,96,195.15396,KEMET,CAP ALUM 110000UF 20% 40V SCREW
ALF40G122KP500,96,195.22458,KEMET,CAP ALUM 1200UF 20% 500V PRESS
ALC80C152FP450,1020,195.33438,KEMET,CAP ALUM 1500UF 20% 450V SNAP TH
ALS30C152NF500,96,195.44427,KEMET,CAP ALUM SCRW TERM 85C
ALF40G682KP200,96,196.61146,KEMET,CAP ALUM 6800UF 20% 200V PRESS
ALS41C152MF450,96,196.83708,KEMET,CAP ALUM SCRW TERM 105C
ALF20G562KP250,96,197.37896,KEMET,CAP ALUM 5600UF 20% 250V PRESS
ALS71A122KE550,96,198.1025,KEMET,CAP ALUM 1200UF 20% 550V SCREW
ALS81A122KE500,96,198.24813,KEMET,CAP ALUM 1200UF 20% 500V SCREW
ALF70C222KP500,1000,198.52064,KEMET,CAP ALUM 2200UF 20% 500V PRESS
PEH200KD5220MU2,100,199.5766,KEMET,CAP ALUM SCRW TERM 85C
ALS30C222NF450,96,199.78479,KEMET,CAP ALUM SCRW TERM 85C
PEH200VD3470MU2,100,199.8553,KEMET,CAP ALUM SCRW TERM 85C
PEH200VD3470MB2,100,199.8553,KEMET,CAP ALUM SCRW TERM 85C
ALF70G222KP500,1000,200.17039,KEMET,CAP ALUM 2200UF 20% 500V PRESS
ALS40A102KF415,96,200.24396,KEMET,CAP ALUM SCRW TERM 105C
ALS30A332KF250,96,200.49802,KEMET,CAP ALUM SCRW TERM 85C
ALF80C182KP500,1000,200.94028,KEMET,CAP ALUM 1800UF 20% 500V PRESS
ALS71A332KF350,96,200.95458,KEMET,CAP ALUM 3300UF 20% 350V SCREW
ALF70C122KP600,1000,202.1501,KEMET,CAP ALUM 1200UF 20% 600V PRESS
ALF80G182KP500,1000,202.70002,KEMET,CAP ALUM 1800UF 20% 500V PRESS
ALS41A152KF350,96,202.77385,KEMET,CAP ALUM SCRW TERM 105C
PEH200YD3330MB2,100,203.3086,KEMET,CAP ALUM SCRW TERM 85C
ALF80C152KP500,1008,203.66786,KEMET,CAP ALUM 1500UF 20% 500V PRESS
ALF70G122KP600,1000,203.79985,KEMET,CAP ALUM 1200UF 20% 600V PRESS
ALS40A473KF040,96,204.1651,KEMET,CAP ALUM SCRW TERM 105C
ALS70H302KF400,96,204.18573,KEMET,CAP ALUM 3000UF 20% 400V SCREW
ALS80A622KF200,96,204.60094,KEMET,CAP ALUM 6200UF 20% 200V SCREW
ALF20G122FP550,120,206.55717,KEMET,CAP ALUM 1200UF 20% 550V PRESS
ALF70C182KP550,1000,207.86925,KEMET,CAP ALUM 1800UF 20% 550V PRESS
ALS40C472MF250,96,208.04052,KEMET,CAP ALUM SCRW TERM 105C
ALS70A122KE550,96,208.54698,KEMET,CAP ALUM 1200UF 20% 550V SCREW
PEH169KU610VMU2,96,209.07417,KEMET,CAP ALUM SCREW TERM 105C
ALF70G182KP550,1000,209.73898,KEMET,CAP ALUM 1800UF 20% 550V PRESS
ALS31A332LF400,96,210.48521,KEMET,CAP ALUM SCREW TERM 85C
ALS70A304LM025,48,211.49813,KEMET,CAP ALUM 300000UF 20% 25V SCREW
ALS70C304LM025,48,211.49813,KEMET,CAP ALUM 300000UF 20% 25V SCREW
ALS70H304LM025,48,211.49813,KEMET,CAP ALUM 300000UF 20% 25V SCREW
ALS71A304LM025,48,211.49813,KEMET,CAP ALUM 300000UF 20% 25V SCREW
ALS71C304LM025,48,211.49813,KEMET,CAP ALUM 300000UF 20% 25V SCREW
ALS71H304LM025,48,211.49813,KEMET,CAP ALUM 300000UF 20% 25V SCREW
ALC40G562FP200,1020,211.55808,KEMET,CAP ALUM SNAP-IN 105C
ALS40G682NF200,96,211.75396,KEMET,CAP ALUM SCRW TERM 105C
ALS30A683KF040,96,211.86854,KEMET,CAP ALUM SCRW TERM 85C
ALS41A103KF100,96,212.37333,KEMET,CAP ALUM SCRW TERM 105C
ALS31A683KF040,96,212.7524,KEMET,CAP ALUM SCREW TERM 85C
PEH200PD4470MB2,100,212.9095,KEMET,CAP ALUM SCRW TERM 85C
ALC10A681EL550,1008,213.16715,KEMET,CAP ALUM 680UF 20% 550V SNAP TH
PEH169KU610VMB2,96,213.27177,KEMET,CAP ALUM SCRW TERM 105C
ALC40A683EP040,1008,214.2439,KEMET,CAP ALUM SNAP-IN 105C
ALS80A134MF040,48,214.42875,KEMET,CAP ALUM 130000UF 20% 40V SCREW
ALS80C134MF040,48,214.42875,KEMET,CAP ALUM 130000UF 20% 40V SCREW
ALS80H134MF040,48,214.42875,KEMET,CAP ALUM 130000UF 20% 40V SCREW
ALS81A134MF040,48,214.42875,KEMET,CAP ALUM 130000UF 20% 40V SCREW
ALS81C134MF040,48,214.42875,KEMET,CAP ALUM 130000UF 20% 40V SCREW
ALS81H134MF040,48,214.42875,KEMET,CAP ALUM 130000UF 20% 40V SCREW
ALS31A152KF415,96,215.14708,KEMET,CAP ALUM SCREW TERM 85C
ALS70C913MF063,48,215.2625,KEMET,CAP ALUM 91000UF 20% 63V SCREW
ALS70H913MF063,48,215.2625,KEMET,CAP ALUM 91000UF 20% 63V SCREW
ALS71A913MF063,48,215.2625,KEMET,CAP ALUM 91000UF 20% 63V SCREW
ALS71C913MF063,48,215.2625,KEMET,CAP ALUM 91000UF 20% 63V SCREW
ALS71H913MF063,48,215.2625,KEMET,CAP ALUM 91000UF 20% 63V SCREW
ALS30A152KF415,96,215.40031,KEMET,CAP ALUM SCRW TERM 85C
ALS31C332NF400,96,215.73198,KEMET,CAP ALUM SCREW TERM 85C
ALF70G132KP600,1000,216.66795,KEMET,CAP ALUM 1300UF 20% 600V PRESS
ALS80A134LM040,48,218.14646,KEMET,CAP ALUM 130000UF 20% 40V SCREW
ALS80C134LM040,48,218.14646,KEMET,CAP ALUM 130000UF 20% 40V SCREW
ALS80H134LM040,48,218.14646,KEMET,CAP ALUM 130000UF 20% 40V SCREW
ALS81A134LM040,48,218.14646,KEMET,CAP ALUM 130000UF 20% 40V SCREW
ALS81C134LM040,48,218.14646,KEMET,CAP ALUM 130000UF 20% 40V SCREW
ALS81H134LM040,48,218.14646,KEMET,CAP ALUM 130000UF 20% 40V SCREW
ALS41A473KF040,96,218.92865,KEMET,CAP ALUM SCRW TERM 105C
ALS80H202KF450,96,219.03198,KEMET,CAP ALUM 2000UF 20% 450V SCREW
ALS70A913LM063,48,219.15083,KEMET,CAP ALUM 91000UF 20% 63V SCREW
ALS70C913LM063,48,219.15083,KEMET,CAP ALUM 91000UF 20% 63V SCREW
ALS70H913LM063,48,219.15083,KEMET,CAP ALUM 91000UF 20% 63V SCREW
ALS71A913LM063,48,219.15083,KEMET,CAP ALUM 91000UF 20% 63V SCREW
ALS71C913LM063,48,219.15083,KEMET,CAP ALUM 91000UF 20% 63V SCREW
ALS71H913LM063,48,219.15083,KEMET,CAP ALUM 91000UF 20% 63V SCREW
ALS41A223ND063,96,219.55833,KEMET,CAP ALUM SCRW TERM 105C
ALS70A334MF025,48,219.80208,KEMET,CAP ALUM 330000UF 20% 25V SCREW
ALS70C334MF025,48,219.80208,KEMET,CAP ALUM 330000UF 20% 25V SCREW
ALS70H334MF025,48,219.80208,KEMET,CAP ALUM 330000UF 20% 25V SCREW
ALS71A334MF025,48,219.80208,KEMET,CAP ALUM 330000UF 20% 25V SCREW
ALS71C334MF025,48,219.80208,KEMET,CAP ALUM 330000UF 20% 25V SCREW
ALS71H334MF025,48,219.80208,KEMET,CAP ALUM 330000UF 20% 25V SCREW
PEH205HO6120QU0,96,221.26823,KEMET,CAP ALUM SCREW TERM 125C
ALF80G272KP400,1008,221.34776,KEMET,CAP ALUM 2700UF 20% 400V PRESS
ALS80A304MF025,48,221.66958,KEMET,CAP ALUM 300000UF 20% 25V SCREW
ALS80C304MF025,48,221.66958,KEMET,CAP ALUM 300000UF 20% 25V SCREW
ALS80H304MF025,48,221.66958,KEMET,CAP ALUM 300000UF 20% 25V SCREW
ALS81C304MF025,48,221.66958,KEMET,CAP ALUM 300000UF 20% 25V SCREW
ALS81H304MF025,48,221.66958,KEMET,CAP ALUM 300000UF 20% 25V SCREW
ALS31A222KF350,96,221.82552,KEMET,CAP ALUM SCREW TERM 85C
ALS30A222KF350,96,222.07615,KEMET,CAP ALUM SCRW TERM 85C
ALS40C332NF350,96,222.38021,KEMET,CAP ALUM SCRW TERM 105C
PEH200SG4100MU2,96,223.50521,KEMET,CAP ALUM SCRW TERM 85C
ALS71A202KF500,96,224.1651,KEMET,CAP ALUM 2000UF 20% 500V SCREW
ALC70C272KP450,1008,224.25905,KEMET,CAP ALUM 2700UF 20% 450V SNAP TH
ALC70E272KP450,1008,224.25905,KEMET,CAP ALUM 2700UF 20% 450V SNAP TH
ALC70G272KP450,1008,224.25905,KEMET,CAP ALUM 2700UF 20% 450V SNAP TH
ALC70H272KP450,1008,224.25905,KEMET,CAP ALUM 2700UF 20% 450V SNAP TH
PEH169QH4150QB2,96,224.47521,KEMET,CAP ALUM SCRW TERM 105C
PEH169QH4150QU2,96,224.47521,KEMET,CAP ALUM SCREW TERM 105C
ALS40C333QC063,96,224.81542,KEMET,CAP ALUM SCRW TERM 105C
ALS80A303MF100,48,224.87917,KEMET,CAP ALUM 30000UF 20% 100V SCREW
ALS80C303MF100,48,224.87917,KEMET,CAP ALUM 30000UF 20% 100V SCREW
ALS80H303MF100,48,224.87917,KEMET,CAP ALUM 30000UF 20% 100V SCREW
ALS81A303MF100,48,224.87917,KEMET,CAP ALUM 30000UF 20% 100V SCREW
ALS81C303MF100,48,224.87917,KEMET,CAP ALUM 30000UF 20% 100V SCREW
ALS81H303MF100,48,224.87917,KEMET,CAP ALUM 30000UF 20% 100V SCREW
PEH200ZT4150MB2,96,224.92135,KEMET,CAP ALUM SCRW TERM 85C
ALS80A304LM025,48,224.92229,KEMET,CAP ALUM 300000UF 20% 25V SCREW
ALS80C304LM025,48,224.92229,KEMET,CAP ALUM 300000UF 20% 25V SCREW
ALS80H304LM025,48,224.92229,KEMET,CAP ALUM 300000UF 20% 25V SCREW
ALS81A304LM025,48,224.92229,KEMET,CAP ALUM 300000UF 20% 25V SCREW
ALS81C304LM025,48,224.92229,KEMET,CAP ALUM 300000UF 20% 25V SCREW
ALS81H304LM025,48,224.92229,KEMET,CAP ALUM 300000UF 20% 25V SCREW
PEH200XG3470MB2,96,226.38573,KEMET,CAP ALUM SCRW TERM 85C
PEH200XG3470MU2,96,226.38573,KEMET,CAP ALUM SCRW TERM 85C
ALS70A202KF500,96,226.78802,KEMET,CAP ALUM 2000UF 20% 500V SCREW
PEH169HH5220QU2,96,227.06115,KEMET,CAP ALUM SCREW TERM 105C
ALS80A303LM100,48,227.17042,KEMET,CAP ALUM 30000UF 20% 100V SCREW
ALS80C303LM100,48,227.17042,KEMET,CAP ALUM 30000UF 20% 100V SCREW
ALS80H303LM100,48,227.17042,KEMET,CAP ALUM 30000UF 20% 100V SCREW
ALS81A303LM100,48,227.17042,KEMET,CAP ALUM 30000UF 20% 100V SCREW
ALS81C303LM100,48,227.17042,KEMET,CAP ALUM 30000UF 20% 100V SCREW
ALS81H303LM100,48,227.17042,KEMET,CAP ALUM 30000UF 20% 100V SCREW
ALS70C363MF100,48,227.58563,KEMET,CAP ALUM 36000UF 20% 100V SCREW
ALS70H363MF100,48,227.58563,KEMET,CAP ALUM 36000UF 20% 100V SCREW
ALS71A363MF100,48,227.58563,KEMET,CAP ALUM 36000UF 20% 100V SCREW
ALS71C363MF100,48,227.58563,KEMET,CAP ALUM 36000UF 20% 100V SCREW
ALS71H363MF100,48,227.58563,KEMET,CAP ALUM 36000UF 20% 100V SCREW
ALF70G362KP400,1008,227.65091,KEMET,CAP ALUM 3600UF 20% 400V PRESS
ALC40G122FP450,1020,227.67735,KEMET,CAP ALUM SNAP-IN 105C
ALC70C222KP500,96,227.89583,KEMET,CAP ALUM 2200UF 20% 500V SNAP TH
ALC70G222KP500,96,227.89583,KEMET,CAP ALUM 2200UF 20% 500V SNAP TH
ALC70H222KP500,96,227.89583,KEMET,CAP ALUM 2200UF 20% 500V SNAP TH
ALS70C753QC063,48,228.82104,KEMET,CAP ALUM 75000UF 20% 63V SCREW
ALS70H753QC063,48,228.82104,KEMET,CAP ALUM 75000UF 20% 63V SCREW
ALS71A753QC063,48,228.82104,KEMET,CAP ALUM 75000UF 20% 63V SCREW
ALS71C753QC063,48,228.82104,KEMET,CAP ALUM 75000UF 20% 63V SCREW
ALS71H753QC063,48,228.82104,KEMET,CAP ALUM 75000UF 20% 63V SCREW
ALF20C152KP550,96,229.47563,KEMET,CAP ALUM 1500UF 20% 550V PRESS
PEH200SG4100MB2,96,229.84865,KEMET,CAP ALUM SCRW TERM 85C
ALS70A363LM100,48,230.04583,KEMET,CAP ALUM 36000UF 20% 100V SCREW
ALS70C363LM100,48,230.04583,KEMET,CAP ALUM 36000UF 20% 100V SCREW
ALS70H363LM100,48,230.04583,KEMET,CAP ALUM 36000UF 20% 100V SCREW
ALS71A363LM100,48,230.04583,KEMET,CAP ALUM 36000UF 20% 100V SCREW
ALS71C363LM100,48,230.04583,KEMET,CAP ALUM 36000UF 20% 100V SCREW
ALS41C333QC063,96,230.64198,KEMET,CAP ALUM SCRW TERM 105C
PEH169RH415VMB2,96,230.83323,KEMET,CAP ALUM SCRW TERM 105C
PEH169RH415VMU2,96,230.83323,KEMET,CAP ALUM SCREW TERM 105C
ALS80C114QC040,48,230.86417,KEMET,CAP ALUM 110000UF 20% 40V SCREW
ALS80H114QC040,48,230.86417,KEMET,CAP ALUM 110000UF 20% 40V SCREW
ALS81A114QC040,48,230.86417,KEMET,CAP ALUM 110000UF 20% 40V SCREW
ALS81C114QC040,48,230.86417,KEMET,CAP ALUM 110000UF 20% 40V SCREW
ALS81H114QC040,48,230.86417,KEMET,CAP ALUM 110000UF 20% 40V SCREW
ALS30A332ND250,96,231.00115,KEMET,CAP ALUM SCRW TERM 85C
PEH200OT4220MU2,96,231.91083,KEMET,CAP ALUM SCRW TERM 85C
ALS70A274QC025,48,231.93917,KEMET,CAP ALUM 270000UF 20% 25V SCREW
ALS70C274QC025,48,231.93917,KEMET,CAP ALUM 270000UF 20% 25V SCREW
ALS70H274QC025,48,231.93917,KEMET,CAP ALUM 270000UF 20% 25V SCREW
ALS71A274QC025,48,231.93917,KEMET,CAP ALUM 270000UF 20% 25V SCREW
ALS71C274QC025,48,231.93917,KEMET,CAP ALUM 270000UF 20% 25V SCREW
ALS71H274QC025,48,231.93917,KEMET,CAP ALUM 270000UF 20% 25V SCREW
ALS31A333KF063,96,232.00385,KEMET,CAP ALUM 33000UF 20% 63V SCREW
ALS80C243QC100,48,232.09771,KEMET,CAP ALUM 24000UF 20% 100V SCREW
ALS80H243QC100,48,232.09771,KEMET,CAP ALUM 24000UF 20% 100V SCREW
ALS81A243QC100,48,232.09771,KEMET,CAP ALUM 24000UF 20% 100V SCREW
ALS81C243QC100,48,232.09771,KEMET,CAP ALUM 24000UF 20% 100V SCREW
ALS81H243QC100,48,232.09771,KEMET,CAP ALUM 24000UF 20% 100V SCREW
PEH169SH410VMU2,96,232.49656,KEMET,CAP ALUM SCREW TERM 105C
ALS31C224NF025,96,232.86177,KEMET,CAP ALUM SCREW TERM 85C
PEH169MH510VMU2,96,232.89365,KEMET,CAP ALUM SCREW TERM 105C
ALS30C473QD063,96,233.97208,KEMET,CAP ALUM SCRW TERM 85C
PEH169MH510VMB2,96,233.9799,KEMET,CAP ALUM SCRW TERM 105C
ALS70A123MF200,48,234.11854,KEMET,CAP ALUM 12000UF 20% 200V SCREW
ALS70C123MF200,48,234.11854,KEMET,CAP ALUM 12000UF 20% 200V SCREW
ALS70H123MF200,48,234.11854,KEMET,CAP ALUM 12000UF 20% 200V SCREW
ALS71C123MF200,48,234.11854,KEMET,CAP ALUM 12000UF 20% 200V SCREW
ALS71H123MF200,48,234.11854,KEMET,CAP ALUM 12000UF 20% 200V SCREW
ALS31A332ND250,96,234.1401,KEMET,CAP ALUM SCREW TERM 85C
ALS31A153KF100,96,234.51479,KEMET,CAP ALUM SCREW TERM 85C
PEH169KH5150QU2,96,234.63885,KEMET,CAP ALUM SCREW TERM 105C
ALS80C823MF063,48,235.19188,KEMET,CAP ALUM 82000UF 20% 63V SCREW
ALS80H823MF063,48,235.19188,KEMET,CAP ALUM 82000UF 20% 63V SCREW
ALS81A823MF063,48,235.19188,KEMET,CAP ALUM 82000UF 20% 63V SCREW
ALS81C823MF063,48,235.19188,KEMET,CAP ALUM 82000UF 20% 63V SCREW
ALS81H823MF063,48,235.19188,KEMET,CAP ALUM 82000UF 20% 63V SCREW
ALC40G222FP350,1020,235.46636,KEMET,CAP ALUM SNAP-IN 105C
PEH169KH5150QB2,96,235.72771,KEMET,CAP ALUM SCRW TERM 105C
ALS30C472QD250,96,236.27552,KEMET,CAP ALUM SCRW TERM 85C
ALS70A123LM200,48,236.31854,KEMET,CAP ALUM 12000UF 20% 200V SCREW
ALS70C123LM200,48,236.31854,KEMET,CAP ALUM 12000UF 20% 200V SCREW
ALS70H123LM200,48,236.31854,KEMET,CAP ALUM 12000UF 20% 200V SCREW
ALS71A123LM200,48,236.31854,KEMET,CAP ALUM 12000UF 20% 200V SCREW
ALS71C123LM200,48,236.31854,KEMET,CAP ALUM 12000UF 20% 200V SCREW
ALS71H123LM200,48,236.31854,KEMET,CAP ALUM 12000UF 20% 200V SCREW
PEH200UG3680MU2,96,236.43313,KEMET,CAP ALUM SCRW TERM 85C
ALS31G154NF040,96,236.78031,KEMET,CAP ALUM SCREW TERM 85C
PEH169QH422VMU2,96,237.23938,KEMET,CAP ALUM SCREW TERM 105C
ALS30A472ND200,96,237.39875,KEMET,CAP ALUM SCRW TERM 85C
ALS30C152QC500,96,237.52625,KEMET,CAP ALUM SCRW TERM 85C
ALS70A162KF550,96,237.73563,KEMET,CAP ALUM 1600UF 20% 550V SCREW
ALS30A152ND400,96,238.2774,KEMET,CAP ALUM SCRW TERM 85C
ALS31A152ND400,96,238.2774,KEMET,CAP ALUM SCREW TERM 85C
ALC70E102FP600,120,238.489,KEMET,CAP ALUM 1000UF 20% 600V SNAP TH
ALC70G102FP600,120,238.489,KEMET,CAP ALUM 1000UF 20% 600V SNAP TH
ALC70H102FP600,120,238.489,KEMET,CAP ALUM 1000UF 20% 600V SNAP TH
PEH169SH4100QB2,96,238.50656,KEMET,CAP ALUM SCRW TERM 105C
PEH169SH4100QU2,96,238.50656,KEMET,CAP ALUM SCREW TERM 105C
ALS71C303QC100,48,239.10083,KEMET,CAP ALUM 30000UF 20% 100V SCREW
ALS71H303QC100,48,239.10083,KEMET,CAP ALUM 30000UF 20% 100V SCREW
ALS80A823LM063,48,239.11125,KEMET,CAP ALUM 82000UF 20% 63V SCREW
ALS80C823LM063,48,239.11125,KEMET,CAP ALUM 82000UF 20% 63V SCREW
ALS80H823LM063,48,239.11125,KEMET,CAP ALUM 82000UF 20% 63V SCREW
ALS81A823LM063,48,239.11125,KEMET,CAP ALUM 82000UF 20% 63V SCREW
ALS81C823LM063,48,239.11125,KEMET,CAP ALUM 82000UF 20% 63V SCREW
ALS81H823LM063,48,239.11125,KEMET,CAP ALUM 82000UF 20% 63V SCREW
PEH169KH522VMB2,96,239.25333,KEMET,CAP ALUM SCRW TERM 105C
PEH169PH4330QU2,96,239.5075,KEMET,CAP ALUM SCREW TERM 105C
PEH169MH4680QB2,96,239.60396,KEMET,CAP ALUM SCRW TERM 105C
PEH169MH4680QU2,96,239.60396,KEMET,CAP ALUM SCREW TERM 105C
ALC80H202KP450,1008,239.72711,KEMET,CAP ALUM 2000UF 20% 450V SNAP TH
PEH169GH547VMU2,96,240.56271,KEMET,CAP ALUM SCREW TERM 105C
ALS70C184MF040,48,240.97021,KEMET,CAP ALUM 180000UF 20% 40V SCREW
ALS70H184MF040,48,240.97021,KEMET,CAP ALUM 180000UF 20% 40V SCREW
ALS71C184MF040,48,240.97021,KEMET,CAP ALUM 180000UF 20% 40V SCREW
ALS71H184MF040,48,240.97021,KEMET,CAP ALUM 180000UF 20% 40V SCREW
ALS30A222MF350,96,242.66448,KEMET,CAP ALUM SCRW TERM 85C
ALS80A274QC025,48,243.84375,KEMET,CAP ALUM 270000UF 20% 25V SCREW
ALS80C274QC025,48,243.84375,KEMET,CAP ALUM 270000UF 20% 25V SCREW
ALS80H274QC025,48,243.84375,KEMET,CAP ALUM 270000UF 20% 25V SCREW
ALS81A274QC025,48,243.84375,KEMET,CAP ALUM 270000UF 20% 25V SCREW
ALS81C274QC025,48,243.84375,KEMET,CAP ALUM 270000UF 20% 25V SCREW
ALS81H274QC025,48,243.84375,KEMET,CAP ALUM 270000UF 20% 25V SCREW
ALS70A184LM040,48,244.38479,KEMET,CAP ALUM 180000UF 20% 40V SCREW
ALS70C184LM040,48,244.38479,KEMET,CAP ALUM 180000UF 20% 40V SCREW
ALS70H184LM040,48,244.38479,KEMET,CAP ALUM 180000UF 20% 40V SCREW
ALS71A184LM040,48,244.38479,KEMET,CAP ALUM 180000UF 20% 40V SCREW
ALS71C184LM040,48,244.38479,KEMET,CAP ALUM 180000UF 20% 40V SCREW
ALS71H184LM040,48,244.38479,KEMET,CAP ALUM 180000UF 20% 40V SCREW
ALS70H912MF250,48,244.85,KEMET,CAP ALUM 9100UF 20% 250V SCREW
ALS71A912MF250,48,244.85,KEMET,CAP ALUM 9100UF 20% 250V SCREW
ALS71C912MF250,48,244.85,KEMET,CAP ALUM 9100UF 20% 250V SCREW
ALS71H912MF250,48,244.85,KEMET,CAP ALUM 9100UF 20% 250V SCREW
ALS70A103QC200,48,244.905,KEMET,CAP ALUM 10000UF 20% 200V SCREW
ALS70C103QC200,48,244.905,KEMET,CAP ALUM 10000UF 20% 200V SCREW
ALS70H103QC200,48,244.905,KEMET,CAP ALUM 10000UF 20% 200V SCREW
ALS71A103QC200,48,244.905,KEMET,CAP ALUM 10000UF 20% 200V SCREW
ALS71C103QC200,48,244.905,KEMET,CAP ALUM 10000UF 20% 200V SCREW
ALS71H103QC200,48,244.905,KEMET,CAP ALUM 10000UF 20% 200V SCREW
ALS30A152ND415,96,245.40635,KEMET,CAP ALUM SCRW TERM 85C
ALS40C222NP450,96,245.55969,KEMET,CAP ALUM SCRW TERM 105C
ALS31A222MF350,96,245.81125,KEMET,CAP ALUM SCREW TERM 85C
ALS80C683QC063,48,245.8475,KEMET,CAP ALUM 68000UF 20% 63V SCREW
ALS80H683QC063,48,245.8475,KEMET,CAP ALUM 68000UF 20% 63V SCREW
ALS81A683QC063,48,245.8475,KEMET,CAP ALUM 68000UF 20% 63V SCREW
ALS81C683QC063,48,245.8475,KEMET,CAP ALUM 68000UF 20% 63V SCREW
ALS81H683QC063,48,245.8475,KEMET,CAP ALUM 68000UF 20% 63V SCREW
ALF70C152KP630,1000,246.25357,KEMET,CAP ALUM 1500UF 20% 630V PRESS
ALS70A912LM250,48,246.81208,KEMET,CAP ALUM 9100UF 20% 250V SCREW
ALS70C912LM250,48,246.81208,KEMET,CAP ALUM 9100UF 20% 250V SCREW
ALS70H912LM250,48,246.81208,KEMET,CAP ALUM 9100UF 20% 250V SCREW
ALS71C912LM250,48,246.81208,KEMET,CAP ALUM 9100UF 20% 250V SCREW
ALS71H912LM250,48,246.81208,KEMET,CAP ALUM 9100UF 20% 250V SCREW
ALF70G152KP630,1000,248.1233,KEMET,CAP ALUM 1500UF 20% 630V PRESS
ALS31C222NP500,96,248.12583,KEMET,CAP ALUM SCREW TERM 85C
ALS80A752MF250,48,248.27313,KEMET,CAP ALUM 7500UF 20% 250V SCREW
ALS80C752MF250,48,248.27313,KEMET,CAP ALUM 7500UF 20% 250V SCREW
ALS80H752MF250,48,248.27313,KEMET,CAP ALUM 7500UF 20% 250V SCREW
ALS81C752MF250,48,248.27313,KEMET,CAP ALUM 7500UF 20% 250V SCREW
ALS81H752MF250,48,248.27313,KEMET,CAP ALUM 7500UF 20% 250V SCREW
ALS40A332ND250,96,248.36188,KEMET,CAP ALUM SCRW TERM 105C
PEH169VH347VMU2,96,249.07594,KEMET,CAP ALUM SCREW TERM 105C
PEH169MV568VMU2,96,249.11646,KEMET,CAP ALUM SCREW TERM 105C
ALF20G152KP550,96,249.19917,KEMET,CAP ALUM 1500UF 20% 550V PRESS
ALF70G272FP400,1,249.24,KEMET,CAP ALUM 2700UF 20% 400V PRESS
ALF70C132KP600,1008,249.39474,KEMET,CAP ALUM 1300UF 20% 600V PRESS
ALS80A752LM250,48,250.33708,KEMET,CAP ALUM 7500UF 20% 250V SCREW
ALS80C752LM250,48,250.33708,KEMET,CAP ALUM 7500UF 20% 250V SCREW
ALS80H752LM250,48,250.33708,KEMET,CAP ALUM 7500UF 20% 250V SCREW
ALS81A752LM250,48,250.33708,KEMET,CAP ALUM 7500UF 20% 250V SCREW
ALS81C752LM250,48,250.33708,KEMET,CAP ALUM 7500UF 20% 250V SCREW
ALS81H752LM250,48,250.33708,KEMET,CAP ALUM 7500UF 20% 250V SCREW
ALS80A113MF200,48,250.41292,KEMET,CAP ALUM 11000UF 20% 200V SCREW
ALS80C113MF200,48,250.41292,KEMET,CAP ALUM 11000UF 20% 200V SCREW
ALS80H113MF200,48,250.41292,KEMET,CAP ALUM 11000UF 20% 200V SCREW
ALS81A113MF200,48,250.41292,KEMET,CAP ALUM 11000UF 20% 200V SCREW
ALS81C113MF200,48,250.41292,KEMET,CAP ALUM 11000UF 20% 200V SCREW
ALS81H113MF200,48,250.41292,KEMET,CAP ALUM 11000UF 20% 200V SCREW
ALC40G682KP200,1008,250.64632,KEMET,CAP ALUM SNAP-IN 105C
PEH169VH347VMB2,96,251.2975,KEMET,CAP ALUM SCRW TERM 85C
PEH169UH3470QU2,96,251.40771,KEMET,CAP ALUM SCREW TERM 105C
ALS40A472ND200,96,251.85479,KEMET,CAP ALUM SCRW TERM 105C
ALF20C151EB600,216,251.96949,KEMET,CAP ALUM 150UF 20% 600V PRESS
PEH169MV568VMB2,96,252.04521,KEMET,CAP ALUM SCRW TERM 105C
ALS31G332NF450,96,252.31823,KEMET,CAP ALUM SCREW TERM 85C
PEH169UH3470QB2,96,252.57323,KEMET,CAP ALUM SCRW TERM 105C
PEH169QJ4220QB2,96,252.63781,KEMET,CAP ALUM SCRW TERM 105C
ALS80A113LM200,48,252.68688,KEMET,CAP ALUM 11000UF 20% 200V SCREW
ALS80C113LM200,48,252.68688,KEMET,CAP ALUM 11000UF 20% 200V SCREW
ALS80H113LM200,48,252.68688,KEMET,CAP ALUM 11000UF 20% 200V SCREW
ALS81A113LM200,48,252.68688,KEMET,CAP ALUM 11000UF 20% 200V SCREW
ALS81C113LM200,48,252.68688,KEMET,CAP ALUM 11000UF 20% 200V SCREW
ALS30A222ND350,96,252.9299,KEMET,CAP ALUM SCRW TERM 85C
ALC70C182KP550,96,253.2374,KEMET,CAP ALUM 1800UF 20% 550V SNAP TH
ALC70E182KP550,96,253.2374,KEMET,CAP ALUM 1800UF 20% 550V SNAP TH
ALC70G182KP550,96,253.2374,KEMET,CAP ALUM 1800UF 20% 550V SNAP TH
ALC70H182KP550,96,253.2374,KEMET,CAP ALUM 1800UF 20% 550V SNAP TH
PEH169PH447VMU2,96,253.36052,KEMET,CAP ALUM SCREW TERM 105C
PEH169EH5470QB2,96,254.2151,KEMET,CAP ALUM SCRW TERM 105C
ALF20G151EB600,216,254.34963,KEMET,CAP ALUM 150UF 20% 600V PRESS
PEH169PH447VMB2,96,254.52865,KEMET,CAP ALUM SCRW TERM 105C
ALS30C332NP450,96,254.6974,KEMET,CAP ALUM SCRW TERM 85C
PEH169HJ5330QB2,96,254.84219,KEMET,CAP ALUM SCRW TERM 105C
PEH200HH5470MU2,96,255.0325,KEMET,CAP ALUM SCRW TERM 85C
ALS30A152MF450,96,255.75094,KEMET,CAP ALUM SCRW TERM 85C
PEH169YH3330MU2,96,255.79229,KEMET,CAP ALUM SCREW TERM 105C
ALS31A102ND500,96,256.15323,KEMET,CAP ALUM SCREW TERM 85C
ALS41A333MF063,96,256.42021,KEMET,CAP ALUM SCRW TERM 105C
ALS70A562LM350,48,256.48396,KEMET,CAP ALUM 5600UF 20% 350V SCREW
ALS70C562LM350,48,256.48396,KEMET,CAP ALUM 5600UF 20% 350V SCREW
ALS70H562LM350,48,256.48396,KEMET,CAP ALUM 5600UF 20% 350V SCREW
ALS71A562LM350,48,256.48396,KEMET,CAP ALUM 5600UF 20% 350V SCREW
ALS71C562LM350,48,256.48396,KEMET,CAP ALUM 5600UF 20% 350V SCREW
ALS71H562LM350,48,256.48396,KEMET,CAP ALUM 5600UF 20% 350V SCREW
ALS80A912QC200,48,257.41438,KEMET,CAP ALUM 9100UF 20% 200V SCREW
ALS80C912QC200,48,257.41438,KEMET,CAP ALUM 9100UF 20% 200V SCREW
ALS80H912QC200,48,257.41438,KEMET,CAP ALUM 9100UF 20% 200V SCREW
ALS81A912QC200,48,257.41438,KEMET,CAP ALUM 9100UF 20% 200V SCREW
ALS81C912QC200,48,257.41438,KEMET,CAP ALUM 9100UF 20% 200V SCREW
ALS81H912QC200,48,257.41438,KEMET,CAP ALUM 9100UF 20% 200V SCREW
ALS40C473QH063,96,258.23438,KEMET,CAP ALUM SCRW TERM 105C
ALC70C152KP630,1008,258.57179,KEMET,CAP ALUM SNAP-IN 85C
ALS31A152MF450,96,258.97344,KEMET,CAP ALUM SCREW TERM 85C
ALS80A512MF350,48,259.39896,KEMET,CAP ALUM 5100UF 20% 350V SCREW
ALS80C512MF350,48,259.39896,KEMET,CAP ALUM 5100UF 20% 350V SCREW
ALS80H512MF350,48,259.39896,KEMET,CAP ALUM 5100UF 20% 350V SCREW
ALS81A512MF350,48,259.39896,KEMET,CAP ALUM 5100UF 20% 350V SCREW
ALS81C512MF350,48,259.39896,KEMET,CAP ALUM 5100UF 20% 350V SCREW
ALS81H512MF350,48,259.39896,KEMET,CAP ALUM 5100UF 20% 350V SCREW
ALS70A164QC040,48,259.43167,KEMET,CAP ALUM 160000UF 20% 40V SCREW
ALS70C164QC040,48,259.43167,KEMET,CAP ALUM 160000UF 20% 40V SCREW
ALS70H164QC040,48,259.43167,KEMET,CAP ALUM 160000UF 20% 40V SCREW
ALS71A164QC040,48,259.43167,KEMET,CAP ALUM 160000UF 20% 40V SCREW
ALS71C164QC040,48,259.43167,KEMET,CAP ALUM 160000UF 20% 40V SCREW
ALS71H164QC040,48,259.43167,KEMET,CAP ALUM 160000UF 20% 40V SCREW
PEH200XH3680MU2,96,259.49375,KEMET,CAP ALUM SCRW TERM 85C
PEH169OJ3470MB2,96,259.635,KEMET,CAP ALUM SCRW TERM 105C
ALS31A102MF500,96,259.78063,KEMET,CAP ALUM 1000UF 20% 500V SCREW
ALS30A154MF025,96,260.31719,KEMET,CAP ALUM SCRW TERM 85C
ALS80A184NF040,48,260.76167,KEMET,CAP ALUM 180000UF 20% 40V SCREW
ALS80C184NF040,48,260.76167,KEMET,CAP ALUM 180000UF 20% 40V SCREW
ALS80G184NF040,48,260.76167,KEMET,CAP ALUM 180000UF 20% 40V SCREW
ALS80H184NF040,48,260.76167,KEMET,CAP ALUM 180000UF 20% 40V SCREW
ALS80P184NF040,48,260.76167,KEMET,CAP ALUM 180000UF 20% 40V SCREW
ALS80U184NF040,48,260.76167,KEMET,CAP ALUM 180000UF 20% 40V SCREW
ALS81A184NF040,48,260.76167,KEMET,CAP ALUM 180000UF 20% 40V SCREW
ALS81C184NF040,48,260.76167,KEMET,CAP ALUM 180000UF 20% 40V SCREW
ALS81G184NF040,48,260.76167,KEMET,CAP ALUM 180000UF 20% 40V SCREW
ALS81H184NF040,48,260.76167,KEMET,CAP ALUM 180000UF 20% 40V SCREW
ALS81P184NF040,48,260.76167,KEMET,CAP ALUM 180000UF 20% 40V SCREW
ALS81U184NF040,48,260.76167,KEMET,CAP ALUM 180000UF 20% 40V SCREW
ALS30C332QC400,96,260.9874,KEMET,CAP ALUM SCRW TERM 85C
PEH169VH3470QU2,96,261.07271,KEMET,CAP ALUM SCREW TERM 105C
ALS80A512LM350,48,261.43708,KEMET,CAP ALUM 5100UF 20% 350V SCREW
ALS80C512LM350,48,261.43708,KEMET,CAP ALUM 5100UF 20% 350V SCREW
ALS80H512LM350,48,261.43708,KEMET,CAP ALUM 5100UF 20% 350V SCREW
ALS81A512LM350,48,261.43708,KEMET,CAP ALUM 5100UF 20% 350V SCREW
ALS81C512LM350,48,261.43708,KEMET,CAP ALUM 5100UF 20% 350V SCREW
ALS81H512LM350,48,261.43708,KEMET,CAP ALUM 5100UF 20% 350V SCREW
PEH169UH368VMU2,96,261.92719,KEMET,CAP ALUM SCREW TERM 105C
ALS40C222QC415,96,262.68438,KEMET,CAP ALUM SCRW TERM 105C
ALS31A222KF400,96,262.73427,KEMET,CAP ALUM SCREW TERM 85C
ALS40A102ND450,96,262.86875,KEMET,CAP ALUM SCRW TERM 105C
PEH200MH5150MU2,96,263.87396,KEMET,CAP ALUM SCRW TERM 85C
ALS70A822QC250,48,264.29688,KEMET,CAP ALUM 8200UF 20% 250V SCREW
ALS70C822QC250,48,264.29688,KEMET,CAP ALUM 8200UF 20% 250V SCREW
ALS70H822QC250,48,264.29688,KEMET,CAP ALUM 8200UF 20% 250V SCREW
ALS71C822QC250,48,264.29688,KEMET,CAP ALUM 8200UF 20% 250V SCREW
ALS71H822QC250,48,264.29688,KEMET,CAP ALUM 8200UF 20% 250V SCREW
PEH169GH5330QB2,96,264.36583,KEMET,CAP ALUM SCRW TERM 105C
PEH200MH5150MB2,96,265.0351,KEMET,CAP ALUM SCRW TERM 85C
PEH200SH4150MB2,96,265.47531,KEMET,CAP ALUM SCRW TERM 85C
ALS30A152ND450,96,265.82417,KEMET,CAP ALUM SCRW TERM 85C
ALC10G332KP350,1008,266.89858,KEMET,CAP ALUM 3300UF 20% 350V SNAP TH
ALS70C134NF063,48,267.09125,KEMET,CAP ALUM 130000UF 20% 63V SCREW
ALS70G134NF063,48,267.09125,KEMET,CAP ALUM 130000UF 20% 63V SCREW
ALS70H134NF063,48,267.09125,KEMET,CAP ALUM 130000UF 20% 63V SCREW
ALS70P134NF063,48,267.09125,KEMET,CAP ALUM 130000UF 20% 63V SCREW
ALS70U134NF063,48,267.09125,KEMET,CAP ALUM 130000UF 20% 63V SCREW
ALS71A134NF063,48,267.09125,KEMET,CAP ALUM 130000UF 20% 63V SCREW
ALS71C134NF063,48,267.09125,KEMET,CAP ALUM 130000UF 20% 63V SCREW
ALS71G134NF063,48,267.09125,KEMET,CAP ALUM 130000UF 20% 63V SCREW
ALS71H134NF063,48,267.09125,KEMET,CAP ALUM 130000UF 20% 63V SCREW
ALS71P134NF063,48,267.09125,KEMET,CAP ALUM 130000UF 20% 63V SCREW
ALS71U134NF063,48,267.09125,KEMET,CAP ALUM 130000UF 20% 63V SCREW
ALS80A432QC350,48,267.29458,KEMET,CAP ALUM 4300UF 20% 350V SCREW
ALS80C432QC350,48,267.29458,KEMET,CAP ALUM 4300UF 20% 350V SCREW
ALS80H432QC350,48,267.29458,KEMET,CAP ALUM 4300UF 20% 350V SCREW
ALS81A432QC350,48,267.29458,KEMET,CAP ALUM 4300UF 20% 350V SCREW
ALS81C432QC350,48,267.29458,KEMET,CAP ALUM 4300UF 20% 350V SCREW
ALS81H432QC350,48,267.29458,KEMET,CAP ALUM 4300UF 20% 350V SCREW
ALS81A304MF025,96,267.48406,KEMET,CAP ALUM 300000UF 20% 25V SCREW
ALS80A682QC250,48,268.36792,KEMET,CAP ALUM 6800UF 20% 250V SCREW
ALS80C682QC250,48,268.36792,KEMET,CAP ALUM 6800UF 20% 250V SCREW
ALS80H682QC250,48,268.36792,KEMET,CAP ALUM 6800UF 20% 250V SCREW
ALS81A682QC250,48,268.36792,KEMET,CAP ALUM 6800UF 20% 250V SCREW
ALS81C682QC250,48,268.36792,KEMET,CAP ALUM 6800UF 20% 250V SCREW
ALS81H682QC250,48,268.36792,KEMET,CAP ALUM 6800UF 20% 250V SCREW
PEH169KJ5220QU2,96,268.68406,KEMET,CAP ALUM SCREW TERM 105C
PEH169MJ515VMB2,96,269.74958,KEMET,CAP ALUM SCRW TERM 105C
PEH169MJ515VMU2,96,269.74958,KEMET,CAP ALUM SCREW TERM 105C
ALS31C472NF400,96,269.91406,KEMET,CAP ALUM SCREW TERM 85C
PEH169KJ5220QB2,96,269.93219,KEMET,CAP ALUM SCRW TERM 105C
ALS31G472NF400,96,270.23021,KEMET,CAP ALUM SCREW TERM 85C
PEH200VH3680MU2,96,270.69198,KEMET,CAP ALUM SCRW TERM 85C
ALS31A472MF250,96,271.1976,KEMET,CAP ALUM SCREW TERM 85C
PEH200KH5330MB2,96,271.53354,KEMET,CAP ALUM SCRW TERM 85C
PEH200KH5330MU2,96,271.53354,KEMET,CAP ALUM SCRW TERM 85C
PEH200VH3680MB2,96,271.8626,KEMET,CAP ALUM SCRW TERM 85C
ALS70C622MF350,48,271.89625,KEMET,CAP ALUM 6200UF 20% 350V SCREW
ALS70H622MF350,48,271.89625,KEMET,CAP ALUM 6200UF 20% 350V SCREW
ALS71C622MF350,48,271.89625,KEMET,CAP ALUM 6200UF 20% 350V SCREW
ALS71H622MF350,48,271.89625,KEMET,CAP ALUM 6200UF 20% 350V SCREW
ALS30A154ND025,96,272.54052,KEMET,CAP ALUM SCRW TERM 85C
ALS70A134NJ063,48,272.67833,KEMET,CAP ALUM 130000UF 20% 63V SCREW
ALS70C134NJ063,48,272.67833,KEMET,CAP ALUM 130000UF 20% 63V SCREW
ALS70G134NJ063,48,272.67833,KEMET,CAP ALUM 130000UF 20% 63V SCREW
ALS70H134NJ063,48,272.67833,KEMET,CAP ALUM 130000UF 20% 63V SCREW
ALS70P134NJ063,48,272.67833,KEMET,CAP ALUM 130000UF 20% 63V SCREW
ALS70U134NJ063,48,272.67833,KEMET,CAP ALUM 130000UF 20% 63V SCREW
ALS71A134NJ063,48,272.67833,KEMET,CAP ALUM 130000UF 20% 63V SCREW
ALS71C134NJ063,48,272.67833,KEMET,CAP ALUM 130000UF 20% 63V SCREW
ALS71G134NJ063,48,272.67833,KEMET,CAP ALUM 130000UF 20% 63V SCREW
ALS71H134NJ063,48,272.67833,KEMET,CAP ALUM 130000UF 20% 63V SCREW
ALS71P134NJ063,48,272.67833,KEMET,CAP ALUM 130000UF 20% 63V SCREW
ALS71U134NJ063,48,272.67833,KEMET,CAP ALUM 130000UF 20% 63V SCREW
ALS70C474NF025,48,272.89708,KEMET,CAP ALUM 470000UF 20% 25V SCREW
ALS70G474NF025,48,272.89708,KEMET,CAP ALUM 470000UF 20% 25V SCREW
ALS70H474NF025,48,272.89708,KEMET,CAP ALUM 470000UF 20% 25V SCREW
ALS70P474NF025,48,272.89708,KEMET,CAP ALUM 470000UF 20% 25V SCREW
ALS70U474NF025,48,272.89708,KEMET,CAP ALUM 470000UF 20% 25V SCREW
ALS71A474NF025,48,272.89708,KEMET,CAP ALUM 470000UF 20% 25V SCREW
ALS71C474NF025,48,272.89708,KEMET,CAP ALUM 470000UF 20% 25V SCREW
ALS71G474NF025,48,272.89708,KEMET,CAP ALUM 470000UF 20% 25V SCREW
ALS71H474NF025,48,272.89708,KEMET,CAP ALUM 470000UF 20% 25V SCREW
ALS71P474NF025,48,272.89708,KEMET,CAP ALUM 470000UF 20% 25V SCREW
ALS71U474NF025,48,272.89708,KEMET,CAP ALUM 470000UF 20% 25V SCREW
PEH169PJ4470QB2,96,274.22969,KEMET,CAP ALUM 4700UF 100V SCREW CHAS
PEH169PJ4470QU2,96,274.22969,KEMET,CAP ALUM SCREW TERM 105C
ALS30C472NP400,96,274.42354,KEMET,CAP ALUM SCRW TERM 85C
ALS70A512QC350,48,274.51833,KEMET,CAP ALUM 5100UF 20% 350V SCREW
ALS70C512QC350,48,274.51833,KEMET,CAP ALUM 5100UF 20% 350V SCREW
ALS70H512QC350,48,274.51833,KEMET,CAP ALUM 5100UF 20% 350V SCREW
ALS71A512QC350,48,274.51833,KEMET,CAP ALUM 5100UF 20% 350V SCREW
ALS71C512QC350,48,274.51833,KEMET,CAP ALUM 5100UF 20% 350V SCREW
ALS71H512QC350,48,274.51833,KEMET,CAP ALUM 5100UF 20% 350V SCREW
ALS30G472NP400,96,274.73969,KEMET,CAP ALUM SCRW TERM 85C
ALC40G152KP450,1008,276.16693,KEMET,CAP ALUM SNAP-IN 105C
ALS40A222MF350,96,276.16698,KEMET,CAP ALUM SCRW TERM 105C
ALS80A434NF025,48,276.54938,KEMET,CAP ALUM 430000UF 20% 25V SCREW
ALS80C434NF025,48,276.54938,KEMET,CAP ALUM 430000UF 20% 25V SCREW
ALS80G434NF025,48,276.54938,KEMET,CAP ALUM 430000UF 20% 25V SCREW
ALS80H434NF025,48,276.54938,KEMET,CAP ALUM 430000UF 20% 25V SCREW
ALS80P434NF025,48,276.54938,KEMET,CAP ALUM 430000UF 20% 25V SCREW
ALS80U434NF025,48,276.54938,KEMET,CAP ALUM 430000UF 20% 25V SCREW
ALS81A434NF025,48,276.54938,KEMET,CAP ALUM 430000UF 20% 25V SCREW
ALS81C434NF025,48,276.54938,KEMET,CAP ALUM 430000UF 20% 25V SCREW
ALS81G434NF025,48,276.54938,KEMET,CAP ALUM 430000UF 20% 25V SCREW
ALS81H434NF025,48,276.54938,KEMET,CAP ALUM 430000UF 20% 25V SCREW
ALS81P434NF025,48,276.54938,KEMET,CAP ALUM 430000UF 20% 25V SCREW
ALS81U434NF025,48,276.54938,KEMET,CAP ALUM 430000UF 20% 25V SCREW
PEH169QJ433VMB2,96,276.73292,KEMET,CAP ALUM SCRW TERM 105C
PEH200YH3470MB2,96,277.35406,KEMET,CAP ALUM SCRW TERM 85C
ALS70C512MF400,48,278.45479,KEMET,CAP ALUM 5100UF 20% 400V SCREW
ALS70H512MF400,48,278.45479,KEMET,CAP ALUM 5100UF 20% 400V SCREW
ALS71A512MF400,48,278.45479,KEMET,CAP ALUM 5100UF 20% 400V SCREW
ALS71C512MF400,48,278.45479,KEMET,CAP ALUM 5100UF 20% 400V SCREW
ALS71H512MF400,48,278.45479,KEMET,CAP ALUM 5100UF 20% 400V SCREW
ALS70A474NJ025,48,278.57896,KEMET,CAP ALUM 470000UF 20% 25V SCREW
ALS70C474NJ025,48,278.57896,KEMET,CAP ALUM 470000UF 20% 25V SCREW
ALS70G474NJ025,48,278.57896,KEMET,CAP ALUM 470000UF 20% 25V SCREW
ALS70H474NJ025,48,278.57896,KEMET,CAP ALUM 470000UF 20% 25V SCREW
ALS70P474NJ025,48,278.57896,KEMET,CAP ALUM 470000UF 20% 25V SCREW
ALS70U474NJ025,48,278.57896,KEMET,CAP ALUM 470000UF 20% 25V SCREW
ALS71A474NJ025,48,278.57896,KEMET,CAP ALUM 470000UF 20% 25V SCREW
ALS71C474NJ025,48,278.57896,KEMET,CAP ALUM 470000UF 20% 25V SCREW
ALS71G474NJ025,48,278.57896,KEMET,CAP ALUM 470000UF 20% 25V SCREW
ALS71H474NJ025,48,278.57896,KEMET,CAP ALUM 470000UF 20% 25V SCREW
ALS71P474NJ025,48,278.57896,KEMET,CAP ALUM 470000UF 20% 25V SCREW
ALS71U474NJ025,48,278.57896,KEMET,CAP ALUM 470000UF 20% 25V SCREW
ALS41A222MF350,96,279.39042,KEMET,CAP ALUM SCRW TERM 105C
ALS80A272QC450,48,280.30354,KEMET,CAP ALUM 2700UF 20% 450V SCREW
ALS80C272QC450,48,280.30354,KEMET,CAP ALUM 2700UF 20% 450V SCREW
ALS80H272QC450,48,280.30354,KEMET,CAP ALUM 2700UF 20% 450V SCREW
ALS81A272QC450,48,280.30354,KEMET,CAP ALUM 2700UF 20% 450V SCREW
ALS81C272QC450,48,280.30354,KEMET,CAP ALUM 2700UF 20% 450V SCREW
ALS81H272QC450,48,280.30354,KEMET,CAP ALUM 2700UF 20% 450V SCREW
ALS70A512LM400,48,280.81,KEMET,CAP ALUM 5100UF 20% 400V SCREW
ALS70C512LM400,48,280.81,KEMET,CAP ALUM 5100UF 20% 400V SCREW
ALS70H512LM400,48,280.81,KEMET,CAP ALUM 5100UF 20% 400V SCREW
ALS71A512LM400,48,280.81,KEMET,CAP ALUM 5100UF 20% 400V SCREW
ALS71C512LM400,48,280.81,KEMET,CAP ALUM 5100UF 20% 400V SCREW
ALS71H512LM400,48,280.81,KEMET,CAP ALUM 5100UF 20% 400V SCREW
ALS80C433NF100,48,281.25104,KEMET,CAP ALUM 43000UF 20% 100V SCREW
ALS80G433NF100,48,281.25104,KEMET,CAP ALUM 43000UF 20% 100V SCREW
ALS80H433NF100,48,281.25104,KEMET,CAP ALUM 43000UF 20% 100V SCREW
ALS80P433NF100,48,281.25104,KEMET,CAP ALUM 43000UF 20% 100V SCREW
ALS80U433NF100,48,281.25104,KEMET,CAP ALUM 43000UF 20% 100V SCREW
ALS81A433NF100,48,281.25104,KEMET,CAP ALUM 43000UF 20% 100V SCREW
ALS81C433NF100,48,281.25104,KEMET,CAP ALUM 43000UF 20% 100V SCREW
ALS81G433NF100,48,281.25104,KEMET,CAP ALUM 43000UF 20% 100V SCREW
ALS81H433NF100,48,281.25104,KEMET,CAP ALUM 43000UF 20% 100V SCREW
ALS81P433NF100,48,281.25104,KEMET,CAP ALUM 43000UF 20% 100V SCREW
ALS81U433NF100,48,281.25104,KEMET,CAP ALUM 43000UF 20% 100V SCREW
ALS80C332MF450,48,281.85063,KEMET,CAP ALUM 3300UF 20% 450V SCREW
ALS80H332MF450,48,281.85063,KEMET,CAP ALUM 3300UF 20% 450V SCREW
ALS81A332MF450,48,281.85063,KEMET,CAP ALUM 3300UF 20% 450V SCREW
ALS81H332MF450,48,281.85063,KEMET,CAP ALUM 3300UF 20% 450V SCREW
ALC40G272KP350,1008,281.94332,KEMET,CAP ALUM SNAP-IN 105C
PEH169HJ547VMU2,96,282.295,KEMET,CAP ALUM SCREW TERM 105C
PEH169HJ547VMB2,96,282.295,KEMET,CAP ALUM SCRW TERM 105C
ALS80A332LM450,48,282.75167,KEMET,CAP ALUM 3300UF 20% 450V SCREW
ALS80C332LM450,48,282.75167,KEMET,CAP ALUM 3300UF 20% 450V SCREW
ALS80H332LM450,48,282.75167,KEMET,CAP ALUM 3300UF 20% 450V SCREW
ALS81A332LM450,48,282.75167,KEMET,CAP ALUM 3300UF 20% 450V SCREW
ALS81C332LM450,48,282.75167,KEMET,CAP ALUM 3300UF 20% 450V SCREW
ALS81H332LM450,48,282.75167,KEMET,CAP ALUM 3300UF 20% 450V SCREW
ALS70C513NF100,48,282.83604,KEMET,CAP ALUM 51000UF 20% 100V SCREW
ALS70G513NF100,48,282.83604,KEMET,CAP ALUM 51000UF 20% 100V SCREW
ALS70H513NF100,48,282.83604,KEMET,CAP ALUM 51000UF 20% 100V SCREW
ALS70P513NF100,48,282.83604,KEMET,CAP ALUM 51000UF 20% 100V SCREW
ALS70U513NF100,48,282.83604,KEMET,CAP ALUM 51000UF 20% 100V SCREW
ALS71A513NF100,48,282.83604,KEMET,CAP ALUM 51000UF 20% 100V SCREW
ALS71C513NF100,48,282.83604,KEMET,CAP ALUM 51000UF 20% 100V SCREW
ALS71G513NF100,48,282.83604,KEMET,CAP ALUM 51000UF 20% 100V SCREW
ALS71H513NF100,48,282.83604,KEMET,CAP ALUM 51000UF 20% 100V SCREW
ALS71P513NF100,48,282.83604,KEMET,CAP ALUM 51000UF 20% 100V SCREW
ALS71U513NF100,48,282.83604,KEMET,CAP ALUM 51000UF 20% 100V SCREW
ALS70A432QC400,48,283.53021,KEMET,CAP ALUM 4300UF 20% 400V SCREW
ALS70C432QC400,48,283.53021,KEMET,CAP ALUM 4300UF 20% 400V SCREW
ALS70H432QC400,48,283.53021,KEMET,CAP ALUM 4300UF 20% 400V SCREW
ALS71A432QC400,48,283.53021,KEMET,CAP ALUM 4300UF 20% 400V SCREW
ALS71C432QC400,48,283.53021,KEMET,CAP ALUM 4300UF 20% 400V SCREW
ALS70C432MF450,48,283.77313,KEMET,CAP ALUM 4300UF 20% 450V SCREW
ALS70H432MF450,48,283.77313,KEMET,CAP ALUM 4300UF 20% 450V SCREW
ALS71C432MF450,48,283.77313,KEMET,CAP ALUM 4300UF 20% 450V SCREW
ALS71H432MF450,48,283.77313,KEMET,CAP ALUM 4300UF 20% 450V SCREW
ALS80A204NJ040,48,284.76896,KEMET,CAP ALUM 200000UF 20% 40V SCREW
ALS80C204NJ040,48,284.76896,KEMET,CAP ALUM 200000UF 20% 40V SCREW
ALS80G204NJ040,48,284.76896,KEMET,CAP ALUM 200000UF 20% 40V SCREW
ALS80H204NJ040,48,284.76896,KEMET,CAP ALUM 200000UF 20% 40V SCREW
ALS80P204NJ040,48,284.76896,KEMET,CAP ALUM 200000UF 20% 40V SCREW
ALS80U204NJ040,48,284.76896,KEMET,CAP ALUM 200000UF 20% 40V SCREW
ALS81A204NJ040,48,284.76896,KEMET,CAP ALUM 200000UF 20% 40V SCREW
ALS81C204NJ040,48,284.76896,KEMET,CAP ALUM 200000UF 20% 40V SCREW
ALS81G204NJ040,48,284.76896,KEMET,CAP ALUM 200000UF 20% 40V SCREW
ALS81H204NJ040,48,284.76896,KEMET,CAP ALUM 200000UF 20% 40V SCREW
ALS81P204NJ040,48,284.76896,KEMET,CAP ALUM 200000UF 20% 40V SCREW
ALS81U204NJ040,48,284.76896,KEMET,CAP ALUM 200000UF 20% 40V SCREW
ALS70C432LM450,48,284.86375,KEMET,CAP ALUM 4300UF 20% 450V SCREW
ALS70H432LM450,48,284.86375,KEMET,CAP ALUM 4300UF 20% 450V SCREW
ALS71A432LM450,48,284.86375,KEMET,CAP ALUM 4300UF 20% 450V SCREW
ALS71C432LM450,48,284.86375,KEMET,CAP ALUM 4300UF 20% 450V SCREW
ALS71H432LM450,48,284.86375,KEMET,CAP ALUM 4300UF 20% 450V SCREW
ALS70C362QC450,48,285.80958,KEMET,CAP ALUM 3600UF 20% 450V SCREW
ALS70H362QC450,48,285.80958,KEMET,CAP ALUM 3600UF 20% 450V SCREW
ALS71A362QC450,48,285.80958,KEMET,CAP ALUM 3600UF 20% 450V SCREW
ALS71C362QC450,48,285.80958,KEMET,CAP ALUM 3600UF 20% 450V SCREW
ALS71H362QC450,48,285.80958,KEMET,CAP ALUM 3600UF 20% 450V SCREW
ALS80A433NJ100,48,286.12313,KEMET,CAP ALUM 43000UF 20% 100V SCREW
ALS80C433NJ100,48,286.12313,KEMET,CAP ALUM 43000UF 20% 100V SCREW
ALS80G433NJ100,48,286.12313,KEMET,CAP ALUM 43000UF 20% 100V SCREW
ALS80H433NJ100,48,286.12313,KEMET,CAP ALUM 43000UF 20% 100V SCREW
ALS80P433NJ100,48,286.12313,KEMET,CAP ALUM 43000UF 20% 100V SCREW
ALS80U433NJ100,48,286.12313,KEMET,CAP ALUM 43000UF 20% 100V SCREW
ALS81A433NJ100,48,286.12313,KEMET,CAP ALUM 43000UF 20% 100V SCREW
ALS81C433NJ100,48,286.12313,KEMET,CAP ALUM 43000UF 20% 100V SCREW
ALS81G433NJ100,48,286.12313,KEMET,CAP ALUM 43000UF 20% 100V SCREW
ALS81H433NJ100,48,286.12313,KEMET,CAP ALUM 43000UF 20% 100V SCREW
ALS81P433NJ100,48,286.12313,KEMET,CAP ALUM 43000UF 20% 100V SCREW
ALS81U433NJ100,48,286.12313,KEMET,CAP ALUM 43000UF 20% 100V SCREW
PEH200UH4100MU2,96,286.81479,KEMET,CAP ALUM SCRW TERM 85C
ALS70A272QC500,48,287.23771,KEMET,CAP ALUM 2700UF 20% 500V SCREW
ALS70C272QC500,48,287.23771,KEMET,CAP ALUM 2700UF 20% 500V SCREW
ALS70H272QC500,48,287.23771,KEMET,CAP ALUM 2700UF 20% 500V SCREW
ALS71A272QC500,48,287.23771,KEMET,CAP ALUM 2700UF 20% 500V SCREW
ALS71C272QC500,48,287.23771,KEMET,CAP ALUM 2700UF 20% 500V SCREW
ALS71H272QC500,48,287.23771,KEMET,CAP ALUM 2700UF 20% 500V SCREW
ALS70A513NJ100,48,287.75104,KEMET,CAP ALUM 51000UF 20% 100V SCREW
ALS70C513NJ100,48,287.75104,KEMET,CAP ALUM 51000UF 20% 100V SCREW
ALS70G513NJ100,48,287.75104,KEMET,CAP ALUM 51000UF 20% 100V SCREW
ALS70H513NJ100,48,287.75104,KEMET,CAP ALUM 51000UF 20% 100V SCREW
ALS70P513NJ100,48,287.75104,KEMET,CAP ALUM 51000UF 20% 100V SCREW
ALS70U513NJ100,48,287.75104,KEMET,CAP ALUM 51000UF 20% 100V SCREW
ALS71A513NJ100,48,287.75104,KEMET,CAP ALUM 51000UF 20% 100V SCREW
ALS71C513NJ100,48,287.75104,KEMET,CAP ALUM 51000UF 20% 100V SCREW
ALS71G513NJ100,48,287.75104,KEMET,CAP ALUM 51000UF 20% 100V SCREW
ALS71H513NJ100,48,287.75104,KEMET,CAP ALUM 51000UF 20% 100V SCREW
ALS71P513NJ100,48,287.75104,KEMET,CAP ALUM 51000UF 20% 100V SCREW
ALS71U513NJ100,48,287.75104,KEMET,CAP ALUM 51000UF 20% 100V SCREW
PEH200UH4100MB2,96,287.97594,KEMET,CAP ALUM SCRW TERM 85C
ALS80C432MF400,48,288.80042,KEMET,CAP ALUM 4300UF 20% 400V SCREW
ALS80H432MF400,48,288.80042,KEMET,CAP ALUM 4300UF 20% 400V SCREW
ALS81A432MF400,48,288.80042,KEMET,CAP ALUM 4300UF 20% 400V SCREW
ALS81C432MF400,48,288.80042,KEMET,CAP ALUM 4300UF 20% 400V SCREW
ALS81H432MF400,48,288.80042,KEMET,CAP ALUM 4300UF 20% 400V SCREW
ALS70H332MF500,48,288.84333,KEMET,CAP ALUM 3300UF 20% 500V SCREW
ALS71C332MF500,48,288.84333,KEMET,CAP ALUM 3300UF 20% 500V SCREW
ALS71H332MF500,48,288.84333,KEMET,CAP ALUM 3300UF 20% 500V SCREW
ALC40G222KP400,1008,288.92724,KEMET,CAP ALUM SNAP-IN 105C
ALS40A683ND040,96,289.06219,KEMET,CAP ALUM SCRW TERM 105C
ALF20C122KP600,96,289.72115,KEMET,CAP ALUM 1200UF 20% 600V PRESS
PEH200PH4680MB2,96,289.74958,KEMET,CAP ALUM SCRW TERM 85C
PEH200PH4680MU2,96,289.74958,KEMET,CAP ALUM SCRW TERM 85C
ALF20C102FP600,120,290.14617,KEMET,CAP ALUM 1000UF 20% 600V PRESS
ALS70A303QC100,96,290.43438,KEMET,CAP ALUM 30000UF 20% 100V SCREW
ALS70C303QC100,96,290.43438,KEMET,CAP ALUM 30000UF 20% 100V SCREW
ALS70H303QC100,96,290.43438,KEMET,CAP ALUM 30000UF 20% 100V SCREW
ALS71A303QC100,96,290.43438,KEMET,CAP ALUM 30000UF 20% 100V SCREW
ALS41C472NP350,96,290.82635,KEMET,CAP ALUM SCRW TERM 105C
ALS80C362QC400,48,290.90896,KEMET,CAP ALUM 3600UF 20% 400V SCREW
ALS80H362QC400,48,290.90896,KEMET,CAP ALUM 3600UF 20% 400V SCREW
ALS81A362QC400,48,290.90896,KEMET,CAP ALUM 3600UF 20% 400V SCREW
ALS81C362QC400,48,290.90896,KEMET,CAP ALUM 3600UF 20% 400V SCREW
ALS81H362QC400,48,290.90896,KEMET,CAP ALUM 3600UF 20% 400V SCREW
ALS31C682QC250,96,290.93229,KEMET,CAP ALUM SCREW TERM 85C
ALS80A432LM400,48,291.07625,KEMET,CAP ALUM 4300UF 20% 400V SCREW
ALS80C432LM400,48,291.07625,KEMET,CAP ALUM 4300UF 20% 400V SCREW
ALS80H432LM400,48,291.07625,KEMET,CAP ALUM 4300UF 20% 400V SCREW
ALS81A432LM400,48,291.07625,KEMET,CAP ALUM 4300UF 20% 400V SCREW
ALS81C432LM400,48,291.07625,KEMET,CAP ALUM 4300UF 20% 400V SCREW
ALS81H432LM400,48,291.07625,KEMET,CAP ALUM 4300UF 20% 400V SCREW
ALS70C332LM500,48,291.39146,KEMET,CAP ALUM 3300UF 20% 500V SCREW
ALS70H332LM500,48,291.39146,KEMET,CAP ALUM 3300UF 20% 500V SCREW
ALS71A332LM500,48,291.39146,KEMET,CAP ALUM 3300UF 20% 500V SCREW
ALS71C332LM500,48,291.39146,KEMET,CAP ALUM 3300UF 20% 500V SCREW
ALS71H332LM500,48,291.39146,KEMET,CAP ALUM 3300UF 20% 500V SCREW
PEH169UJ410VMU2,96,291.41208,KEMET,CAP ALUM SCREW TERM 105C
PEH169UJ410VMB2,96,291.41208,KEMET,CAP ALUM SCRW TERM 105C
ALF20G122KP600,96,291.99438,KEMET,CAP ALUM 1200UF 20% 600V PRESS
ALF20G102FP600,120,292.41825,KEMET,CAP ALUM 1000UF 20% 600V PRESS
ALS40A472MF250,96,292.82302,KEMET,CAP ALUM SCRW TERM 105C
ALS31C222QH500,96,293.69052,KEMET,CAP ALUM SCREW TERM 85C
PEH169YJ3470MU2,96,294.27802,KEMET,CAP ALUM SCREW TERM 105C
ALS31C472NP415,96,295.42708,KEMET,CAP ALUM SCREW TERM 85C
PEH169YJ3470MB2,96,295.52531,KEMET,CAP ALUM SCRW TERM 85C
ALS41A472MF250,96,295.91208,KEMET,CAP ALUM SCRW TERM 105C
PEH169PJ468VMU2,96,296.47281,KEMET,CAP ALUM SCREW TERM 105C
PEH169PJ468VMB2,96,296.47281,KEMET,CAP ALUM SCRW TERM 105C
ALS40A153MF100,96,296.58396,KEMET,CAP ALUM SCRW TERM 105C
ALS30C334NP025,96,297.14646,KEMET,CAP ALUM SCRW TERM 85C
ALS30A473ND063,96,297.39021,KEMET,CAP ALUM SCRW TERM 85C
ALS30A222MF415,96,297.92865,KEMET,CAP ALUM SCRW TERM 85C
ALS70C912MF250,96,298.02854,KEMET,CAP ALUM 9100UF 20% 250V SCREW
ALS70A184MF040,96,298.83219,KEMET,CAP ALUM 180000UF 20% 40V SCREW
ALS80A474NJ025,48,298.85292,KEMET,CAP ALUM 470000UF 20% 25V SCREW
ALS80C474NJ025,48,298.85292,KEMET,CAP ALUM 470000UF 20% 25V SCREW
ALS80G474NJ025,48,298.85292,KEMET,CAP ALUM 470000UF 20% 25V SCREW
ALS80H474NJ025,48,298.85292,KEMET,CAP ALUM 470000UF 20% 25V SCREW
ALS80P474NJ025,48,298.85292,KEMET,CAP ALUM 470000UF 20% 25V SCREW
ALS80U474NJ025,48,298.85292,KEMET,CAP ALUM 470000UF 20% 25V SCREW
ALS81A474NJ025,48,298.85292,KEMET,CAP ALUM 470000UF 20% 25V SCREW
ALS81C474NJ025,48,298.85292,KEMET,CAP ALUM 470000UF 20% 25V SCREW
ALS81G474NJ025,48,298.85292,KEMET,CAP ALUM 470000UF 20% 25V SCREW
ALS81H474NJ025,48,298.85292,KEMET,CAP ALUM 470000UF 20% 25V SCREW
ALS81P474NJ025,48,298.85292,KEMET,CAP ALUM 470000UF 20% 25V SCREW
ALS81U474NJ025,48,298.85292,KEMET,CAP ALUM 470000UF 20% 25V SCREW
ALC70E222KP500,1008,299.49672,KEMET,CAP ALUM 2200UF 20% 500V SNAP TH
ALS80G124NF063,48,299.52313,KEMET,CAP ALUM 120000UF 20% 63V SCREW
ALS80H124NF063,48,299.52313,KEMET,CAP ALUM 120000UF 20% 63V SCREW
ALS80P124NF063,48,299.52313,KEMET,CAP ALUM 120000UF 20% 63V SCREW
ALS80U124NF063,48,299.52313,KEMET,CAP ALUM 120000UF 20% 63V SCREW
ALS81A124NF063,48,299.52313,KEMET,CAP ALUM 120000UF 20% 63V SCREW
ALS81C124NF063,48,299.52313,KEMET,CAP ALUM 120000UF 20% 63V SCREW
ALS81G124NF063,48,299.52313,KEMET,CAP ALUM 120000UF 20% 63V SCREW
ALS81H124NF063,48,299.52313,KEMET,CAP ALUM 120000UF 20% 63V SCREW
ALS81U124NF063,48,299.52313,KEMET,CAP ALUM 120000UF 20% 63V SCREW
ALS40A682MF200,96,300.34479,KEMET,CAP ALUM SCRW TERM 105C
ALS71A912LM250,96,300.61875,KEMET,CAP ALUM 9100UF 20% 250V SCREW
PEH169VK3680QB2,96,300.73417,KEMET,CAP ALUM SCRW TERM 85C
PEH169VK3680QU2,96,300.86083,KEMET,CAP ALUM SCREW TERM 105C
ALS41A153MF100,96,300.88229,KEMET,CAP ALUM SCRW TERM 105C
ALS31C334NP025,96,301.0899,KEMET,CAP ALUM SCREW TERM 85C
ALS30C104NP063,96,301.19938,KEMET,CAP ALUM SCRW TERM 85C
ALC70C132KP600,96,301.49823,KEMET,CAP ALUM 1300UF 20% 600V SNAP TH
ALC70E132KP600,96,301.49823,KEMET,CAP ALUM 1300UF 20% 600V SNAP TH
ALC70G132KP600,96,301.49823,KEMET,CAP ALUM 1300UF 20% 600V SNAP TH
ALC70H132KP600,96,301.49823,KEMET,CAP ALUM 1300UF 20% 600V SNAP TH
ALS30C473NP100,96,302.45094,KEMET,CAP ALUM SCRW TERM 85C
ALS31A104MF040,96,302.49406,KEMET,CAP ALUM SCREW TERM 85C
ALS81A752MF250,96,302.55344,KEMET,CAP ALUM 7500UF 20% 250V SCREW
ALS70C183NF200,48,303.25979,KEMET,CAP ALUM 18000UF 20% 200V SCREW
ALS70G183NF200,48,303.25979,KEMET,CAP ALUM 18000UF 20% 200V SCREW
ALS70H183NF200,48,303.25979,KEMET,CAP ALUM 18000UF 20% 200V SCREW
ALS70P183NF200,48,303.25979,KEMET,CAP ALUM 18000UF 20% 200V SCREW
ALS70U183NF200,48,303.25979,KEMET,CAP ALUM 18000UF 20% 200V SCREW
ALS71C183NF200,48,303.25979,KEMET,CAP ALUM 18000UF 20% 200V SCREW
ALS71G183NF200,48,303.25979,KEMET,CAP ALUM 18000UF 20% 200V SCREW
ALS71H183NF200,48,303.25979,KEMET,CAP ALUM 18000UF 20% 200V SCREW
ALS71P183NF200,48,303.25979,KEMET,CAP ALUM 18000UF 20% 200V SCREW
ALS71U183NF200,48,303.25979,KEMET,CAP ALUM 18000UF 20% 200V SCREW
ALS41A682MF200,96,303.56823,KEMET,CAP ALUM SCRW TERM 105C
ALS31A104ND040,96,304.2401,KEMET,CAP ALUM SCREW TERM 85C
ALS30A104ND040,96,304.37448,KEMET,CAP ALUM SCRW TERM 85C
PEH169KJ533VMU2,96,304.46229,KEMET,CAP ALUM SCREW TERM 105C
ALS31C332QH450,96,304.49677,KEMET,CAP ALUM SCREW TERM 85C
ALS41C332QH400,96,304.49677,KEMET,CAP ALUM SCRW TERM 105C
ALS80A124NJ063,48,305.19625,KEMET,CAP ALUM 120000UF 20% 63V SCREW
ALS80C124NJ063,48,305.19625,KEMET,CAP ALUM 120000UF 20% 63V SCREW
ALS80G124NJ063,48,305.19625,KEMET,CAP ALUM 120000UF 20% 63V SCREW
ALS80H124NJ063,48,305.19625,KEMET,CAP ALUM 120000UF 20% 63V SCREW
ALS80P124NJ063,48,305.19625,KEMET,CAP ALUM 120000UF 20% 63V SCREW
ALS80U124NJ063,48,305.19625,KEMET,CAP ALUM 120000UF 20% 63V SCREW
ALS81A124NJ063,48,305.19625,KEMET,CAP ALUM 120000UF 20% 63V SCREW
ALS81C124NJ063,48,305.19625,KEMET,CAP ALUM 120000UF 20% 63V SCREW
ALS81G124NJ063,48,305.19625,KEMET,CAP ALUM 120000UF 20% 63V SCREW
ALS81H124NJ063,48,305.19625,KEMET,CAP ALUM 120000UF 20% 63V SCREW
ALS81P124NJ063,48,305.19625,KEMET,CAP ALUM 120000UF 20% 63V SCREW
ALS81U124NJ063,48,305.19625,KEMET,CAP ALUM 120000UF 20% 63V SCREW
PEH169KJ533VMB2,96,305.70969,KEMET,CAP ALUM SCRW TERM 105C
PEH200XJ4100MU2,96,306.33583,KEMET,CAP ALUM SCRW TERM 85C
PEH200XJ4100MB2,96,307.5849,KEMET,CAP ALUM SCRW TERM 85C
ALS70A183NJ200,48,308.19563,KEMET,CAP ALUM 18000UF 20% 200V SCREW
ALS70C183NJ200,48,308.19563,KEMET,CAP ALUM 18000UF 20% 200V SCREW
ALS70G183NJ200,48,308.19563,KEMET,CAP ALUM 18000UF 20% 200V SCREW
ALS70H183NJ200,48,308.19563,KEMET,CAP ALUM 18000UF 20% 200V SCREW
ALS70P183NJ200,48,308.19563,KEMET,CAP ALUM 18000UF 20% 200V SCREW
ALS70U183NJ200,48,308.19563,KEMET,CAP ALUM 18000UF 20% 200V SCREW
ALS71A183NJ200,48,308.19563,KEMET,CAP ALUM 18000UF 20% 200V SCREW
ALS71C183NJ200,48,308.19563,KEMET,CAP ALUM 18000UF 20% 200V SCREW
ALS71G183NJ200,48,308.19563,KEMET,CAP ALUM 18000UF 20% 200V SCREW
ALS71H183NJ200,48,308.19563,KEMET,CAP ALUM 18000UF 20% 200V SCREW
ALS71P183NJ200,48,308.19563,KEMET,CAP ALUM 18000UF 20% 200V SCREW
ALS71U183NJ200,48,308.19563,KEMET,CAP ALUM 18000UF 20% 200V SCREW
ALS70C133NF250,48,308.29896,KEMET,CAP ALUM 13000UF 20% 250V SCREW
ALS70G133NF250,48,308.29896,KEMET,CAP ALUM 13000UF 20% 250V SCREW
ALS70H133NF250,48,308.29896,KEMET,CAP ALUM 13000UF 20% 250V SCREW
ALS70P133NF250,48,308.29896,KEMET,CAP ALUM 13000UF 20% 250V SCREW
ALS70U133NF250,48,308.29896,KEMET,CAP ALUM 13000UF 20% 250V SCREW
ALS71A133NF250,48,308.29896,KEMET,CAP ALUM 13000UF 20% 250V SCREW
ALS71C133NF250,48,308.29896,KEMET,CAP ALUM 13000UF 20% 250V SCREW
ALS71G133NF250,48,308.29896,KEMET,CAP ALUM 13000UF 20% 250V SCREW
ALS71H133NF250,48,308.29896,KEMET,CAP ALUM 13000UF 20% 250V SCREW
ALS71P133NF250,48,308.29896,KEMET,CAP ALUM 13000UF 20% 250V SCREW
ALS71U133NF250,48,308.29896,KEMET,CAP ALUM 13000UF 20% 250V SCREW
ALS81H113LM200,96,308.39552,KEMET,CAP ALUM 11000UF 20% 200V SCREW
ALS40A153ND100,96,308.53844,KEMET,CAP ALUM SCRW TERM 105C
PEH169SK4150QB2,96,309.08802,KEMET,CAP ALUM SCRW TERM 105C
ALS70C164NP063,48,310.13896,KEMET,CAP ALUM 160000UF 20% 63V SCREW
ALS70G164NP063,48,310.13896,KEMET,CAP ALUM 160000UF 20% 63V SCREW
ALS70H164NP063,48,310.13896,KEMET,CAP ALUM 160000UF 20% 63V SCREW
ALS70P164NP063,48,310.13896,KEMET,CAP ALUM 160000UF 20% 63V SCREW
ALS70U164NP063,48,310.13896,KEMET,CAP ALUM 160000UF 20% 63V SCREW
ALS71C164NP063,48,310.13896,KEMET,CAP ALUM 160000UF 20% 63V SCREW
ALS71G164NP063,48,310.13896,KEMET,CAP ALUM 160000UF 20% 63V SCREW
ALS71H164NP063,48,310.13896,KEMET,CAP ALUM 160000UF 20% 63V SCREW
ALS71P164NP063,48,310.13896,KEMET,CAP ALUM 160000UF 20% 63V SCREW
ALS71U164NP063,48,310.13896,KEMET,CAP ALUM 160000UF 20% 63V SCREW
ALS70A564NP025,48,310.24229,KEMET,CAP ALUM 560000UF 20% 25V SCREW
ALS70C564NP025,48,310.24229,KEMET,CAP ALUM 560000UF 20% 25V SCREW
ALS70G564NP025,48,310.24229,KEMET,CAP ALUM 560000UF 20% 25V SCREW
ALS70H564NP025,48,310.24229,KEMET,CAP ALUM 560000UF 20% 25V SCREW
ALS70P564NP025,48,310.24229,KEMET,CAP ALUM 560000UF 20% 25V SCREW
ALS70U564NP025,48,310.24229,KEMET,CAP ALUM 560000UF 20% 25V SCREW
ALS71A564NP025,48,310.24229,KEMET,CAP ALUM 560000UF 20% 25V SCREW
ALS71C564NP025,48,310.24229,KEMET,CAP ALUM 560000UF 20% 25V SCREW
ALS71G564NP025,48,310.24229,KEMET,CAP ALUM 560000UF 20% 25V SCREW
ALS71H564NP025,48,310.24229,KEMET,CAP ALUM 560000UF 20% 25V SCREW
ALS71P564NP025,48,310.24229,KEMET,CAP ALUM 560000UF 20% 25V SCREW
ALS71U564NP025,48,310.24229,KEMET,CAP ALUM 560000UF 20% 25V SCREW
PEH169SK422VMB2,96,310.46458,KEMET,CAP ALUM SCRW TERM 105C
PEH169SK422VMU2,96,310.58948,KEMET,CAP ALUM SCREW TERM 105C
ALS30C472QH400,96,311.82385,KEMET,CAP ALUM SCRW TERM 85C
PEH200SJ4220MU2,96,312.4725,KEMET,CAP ALUM SCRW TERM 85C
ALS70C274NF040,48,312.93854,KEMET,CAP ALUM 270000UF 20% 40V SCREW
ALS70C133NJ250,48,312.93854,KEMET,CAP ALUM 13000UF 20% 250V SCREW
ALS70G274NF040,48,312.93854,KEMET,CAP ALUM 270000UF 20% 40V SCREW
ALS70G133NJ250,48,312.93854,KEMET,CAP ALUM 13000UF 20% 250V SCREW
ALS70H274NF040,48,312.93854,KEMET,CAP ALUM 270000UF 20% 40V SCREW
ALS70H133NJ250,48,312.93854,KEMET,CAP ALUM 13000UF 20% 250V SCREW
ALS70P274NF040,48,312.93854,KEMET,CAP ALUM 270000UF 20% 40V SCREW
ALS70P133NJ250,48,312.93854,KEMET,CAP ALUM 13000UF 20% 250V SCREW
ALS70U274NF040,48,312.93854,KEMET,CAP ALUM 270000UF 20% 40V SCREW
ALS70U133NJ250,48,312.93854,KEMET,CAP ALUM 13000UF 20% 250V SCREW
ALS71A133NJ250,48,312.93854,KEMET,CAP ALUM 13000UF 20% 250V SCREW
ALS71C274NF040,48,312.93854,KEMET,CAP ALUM 270000UF 20% 40V SCREW
ALS71C133NJ250,48,312.93854,KEMET,CAP ALUM 13000UF 20% 250V SCREW
ALS71G274NF040,48,312.93854,KEMET,CAP ALUM 270000UF 20% 40V SCREW
ALS71G133NJ250,48,312.93854,KEMET,CAP ALUM 13000UF 20% 250V SCREW
ALS71H274NF040,48,312.93854,KEMET,CAP ALUM 270000UF 20% 40V SCREW
ALS71H133NJ250,48,312.93854,KEMET,CAP ALUM 13000UF 20% 250V SCREW
ALS71P274NF040,48,312.93854,KEMET,CAP ALUM 270000UF 20% 40V SCREW
ALS71P133NJ250,48,312.93854,KEMET,CAP ALUM 13000UF 20% 250V SCREW
ALS71U274NF040,48,312.93854,KEMET,CAP ALUM 270000UF 20% 40V SCREW
PEH200SJ4220MB2,96,313.71979,KEMET,CAP ALUM SCRW TERM 85C
ALS30A332MF350,96,314.44938,KEMET,CAP ALUM SCRW TERM 85C
ALS40A222NF500,96,314.9826,KEMET,CAP ALUM SCRW TERM 105C
ALS80A513NP100,48,316.88375,KEMET,CAP ALUM 51000UF 20% 100V SCREW
ALS80C513NP100,48,316.88375,KEMET,CAP ALUM 51000UF 20% 100V SCREW
ALS80G513NP100,48,316.88375,KEMET,CAP ALUM 51000UF 20% 100V SCREW
ALS80H513NP100,48,316.88375,KEMET,CAP ALUM 51000UF 20% 100V SCREW
ALS80P513NP100,48,316.88375,KEMET,CAP ALUM 51000UF 20% 100V SCREW
ALS80U513NP100,48,316.88375,KEMET,CAP ALUM 51000UF 20% 100V SCREW
ALS81A513NP100,48,316.88375,KEMET,CAP ALUM 51000UF 20% 100V SCREW
ALS81C513NP100,48,316.88375,KEMET,CAP ALUM 51000UF 20% 100V SCREW
ALS81G513NP100,48,316.88375,KEMET,CAP ALUM 51000UF 20% 100V SCREW
ALS81H513NP100,48,316.88375,KEMET,CAP ALUM 51000UF 20% 100V SCREW
ALS81P513NP100,48,316.88375,KEMET,CAP ALUM 51000UF 20% 100V SCREW
ALS81U513NP100,48,316.88375,KEMET,CAP ALUM 51000UF 20% 100V SCREW
ALS41A222NF500,96,317.97167,KEMET,CAP ALUM SCRW TERM 105C
ALS70A274NJ040,48,318.47042,KEMET,CAP ALUM 270000UF 20% 40V SCREW
ALS70C274NJ040,48,318.47042,KEMET,CAP ALUM 270000UF 20% 40V SCREW
ALS70G274NJ040,48,318.47042,KEMET,CAP ALUM 270000UF 20% 40V SCREW
ALS70H274NJ040,48,318.47042,KEMET,CAP ALUM 270000UF 20% 40V SCREW
ALS70P274NJ040,48,318.47042,KEMET,CAP ALUM 270000UF 20% 40V SCREW
ALS70U274NJ040,48,318.47042,KEMET,CAP ALUM 270000UF 20% 40V SCREW
ALS71C274NJ040,48,318.47042,KEMET,CAP ALUM 270000UF 20% 40V SCREW
ALS71G274NJ040,48,318.47042,KEMET,CAP ALUM 270000UF 20% 40V SCREW
ALS71H274NJ040,48,318.47042,KEMET,CAP ALUM 270000UF 20% 40V SCREW
ALS71P274NJ040,48,318.47042,KEMET,CAP ALUM 270000UF 20% 40V SCREW
ALS71U274NJ040,48,318.47042,KEMET,CAP ALUM 270000UF 20% 40V SCREW
ALS80C113NF250,48,318.78229,KEMET,CAP ALUM 11000UF 20% 250V SCREW
ALS80G113NF250,48,318.78229,KEMET,CAP ALUM 11000UF 20% 250V SCREW
ALS80H113NF250,48,318.78229,KEMET,CAP ALUM 11000UF 20% 250V SCREW
ALS80P113NF250,48,318.78229,KEMET,CAP ALUM 11000UF 20% 250V SCREW
ALS80U113NF250,48,318.78229,KEMET,CAP ALUM 11000UF 20% 250V SCREW
ALS81A113NF250,48,318.78229,KEMET,CAP ALUM 11000UF 20% 250V SCREW
ALS81C113NF250,48,318.78229,KEMET,CAP ALUM 11000UF 20% 250V SCREW
ALS81G113NF250,48,318.78229,KEMET,CAP ALUM 11000UF 20% 250V SCREW
ALS81H113NF250,48,318.78229,KEMET,CAP ALUM 11000UF 20% 250V SCREW
ALS81P113NF250,48,318.78229,KEMET,CAP ALUM 11000UF 20% 250V SCREW
ALS81U113NF250,48,318.78229,KEMET,CAP ALUM 11000UF 20% 250V SCREW
PEH169MK522VMB2,96,319.11823,KEMET,CAP ALUM SCRW TERM 105C
PEH169MK522VMU2,96,319.24396,KEMET,CAP ALUM SCREW TERM 105C
ALS80A244NP040,48,319.29396,KEMET,CAP ALUM 240000UF 20% 40V SCREW
ALS80C244NP040,48,319.29396,KEMET,CAP ALUM 240000UF 20% 40V SCREW
ALS80G244NP040,48,319.29396,KEMET,CAP ALUM 240000UF 20% 40V SCREW
ALS80H244NP040,48,319.29396,KEMET,CAP ALUM 240000UF 20% 40V SCREW
ALS80P244NP040,48,319.29396,KEMET,CAP ALUM 240000UF 20% 40V SCREW
ALS80U244NP040,48,319.29396,KEMET,CAP ALUM 240000UF 20% 40V SCREW
ALS81A244NP040,48,319.29396,KEMET,CAP ALUM 240000UF 20% 40V SCREW
ALS81C244NP040,48,319.29396,KEMET,CAP ALUM 240000UF 20% 40V SCREW
ALS81G244NP040,48,319.29396,KEMET,CAP ALUM 240000UF 20% 40V SCREW
ALS81H244NP040,48,319.29396,KEMET,CAP ALUM 240000UF 20% 40V SCREW
ALS81P244NP040,48,319.29396,KEMET,CAP ALUM 240000UF 20% 40V SCREW
ALS81U244NP040,48,319.29396,KEMET,CAP ALUM 240000UF 20% 40V SCREW
ALS80A134NP063,48,319.32667,KEMET,CAP ALUM 130000UF 20% 63V SCREW
ALS80C134NP063,48,319.32667,KEMET,CAP ALUM 130000UF 20% 63V SCREW
ALS80G134NP063,48,319.32667,KEMET,CAP ALUM 130000UF 20% 63V SCREW
ALS80H134NP063,48,319.32667,KEMET,CAP ALUM 130000UF 20% 63V SCREW
ALS80P134NP063,48,319.32667,KEMET,CAP ALUM 130000UF 20% 63V SCREW
ALS80U134NP063,48,319.32667,KEMET,CAP ALUM 130000UF 20% 63V SCREW
ALS81A134NP063,48,319.32667,KEMET,CAP ALUM 130000UF 20% 63V SCREW
ALS81C134NP063,48,319.32667,KEMET,CAP ALUM 130000UF 20% 63V SCREW
ALS81G134NP063,48,319.32667,KEMET,CAP ALUM 130000UF 20% 63V SCREW
ALS81H134NP063,48,319.32667,KEMET,CAP ALUM 130000UF 20% 63V SCREW
ALS81P134NP063,48,319.32667,KEMET,CAP ALUM 130000UF 20% 63V SCREW
ALS81U134NP063,48,319.32667,KEMET,CAP ALUM 130000UF 20% 63V SCREW
PEH169RK433VMB2,96,319.87885,KEMET,CAP ALUM SCRW TERM 105C
ALS80C163NF200,48,320.00375,KEMET,CAP ALUM 16000UF 20% 200V SCREW
ALS80G163NF200,48,320.00375,KEMET,CAP ALUM 16000UF 20% 200V SCREW
ALS80H163NF200,48,320.00375,KEMET,CAP ALUM 16000UF 20% 200V SCREW
ALS80P163NF200,48,320.00375,KEMET,CAP ALUM 16000UF 20% 200V SCREW
ALS80U163NF200,48,320.00375,KEMET,CAP ALUM 16000UF 20% 200V SCREW
ALS81A163NF200,48,320.00375,KEMET,CAP ALUM 16000UF 20% 200V SCREW
ALS81C163NF200,48,320.00375,KEMET,CAP ALUM 16000UF 20% 200V SCREW
ALS81G163NF200,48,320.00375,KEMET,CAP ALUM 16000UF 20% 200V SCREW
ALS81H163NF200,48,320.00375,KEMET,CAP ALUM 16000UF 20% 200V SCREW
ALS81P163NF200,48,320.00375,KEMET,CAP ALUM 16000UF 20% 200V SCREW
ALS81U163NF200,48,320.00375,KEMET,CAP ALUM 16000UF 20% 200V SCREW
ALS40A333QC063,96,320.35865,KEMET,CAP ALUM SCRW TERM 105C
ALS40C332NP450,96,320.88844,KEMET,CAP ALUM SCRW TERM 105C
PEH200VJ4100MU2,96,322.625,KEMET,CAP ALUM SCRW TERM 85C
ALS41G332NP450,96,323.05313,KEMET,CAP ALUM SCRW TERM 105C
ALS41C332NP450,96,323.49073,KEMET,CAP ALUM SCRW TERM 105C
ALS80C113NJ250,48,323.54917,KEMET,CAP ALUM 11000UF 20% 250V SCREW
ALS80G113NJ250,48,323.54917,KEMET,CAP ALUM 11000UF 20% 250V SCREW
ALS80H113NJ250,48,323.54917,KEMET,CAP ALUM 11000UF 20% 250V SCREW
ALS80P113NJ250,48,323.54917,KEMET,CAP ALUM 11000UF 20% 250V SCREW
ALS80U113NJ250,48,323.54917,KEMET,CAP ALUM 11000UF 20% 250V SCREW
ALS81A113NJ250,48,323.54917,KEMET,CAP ALUM 11000UF 20% 250V SCREW
ALS81C113NJ250,48,323.54917,KEMET,CAP ALUM 11000UF 20% 250V SCREW
ALS81G113NJ250,48,323.54917,KEMET,CAP ALUM 11000UF 20% 250V SCREW
ALS81H113NJ250,48,323.54917,KEMET,CAP ALUM 11000UF 20% 250V SCREW
ALS81P113NJ250,48,323.54917,KEMET,CAP ALUM 11000UF 20% 250V SCREW
ALS81U113NJ250,48,323.54917,KEMET,CAP ALUM 11000UF 20% 250V SCREW
ALS71A822QC250,96,323.79302,KEMET,CAP ALUM 8200UF 20% 250V SCREW
ALS80G683QC063,96,323.8275,KEMET,CAP ALUM SCREW TERM CV
PEH200VJ4100MB2,96,323.87229,KEMET,CAP ALUM SCRW TERM 85C
ALS70C623NP100,48,324.45542,KEMET,CAP ALUM 62000UF 20% 100V SCREW
ALS70G623NP100,48,324.45542,KEMET,CAP ALUM 62000UF 20% 100V SCREW
ALS70H623NP100,48,324.45542,KEMET,CAP ALUM 62000UF 20% 100V SCREW
ALS70P623NP100,48,324.45542,KEMET,CAP ALUM 62000UF 20% 100V SCREW
ALS70U623NP100,48,324.45542,KEMET,CAP ALUM 62000UF 20% 100V SCREW
ALS71A623NP100,48,324.45542,KEMET,CAP ALUM 62000UF 20% 100V SCREW
ALS71C623NP100,48,324.45542,KEMET,CAP ALUM 62000UF 20% 100V SCREW
ALS71G623NP100,48,324.45542,KEMET,CAP ALUM 62000UF 20% 100V SCREW
ALS71H623NP100,48,324.45542,KEMET,CAP ALUM 62000UF 20% 100V SCREW
ALS71P623NP100,48,324.45542,KEMET,CAP ALUM 62000UF 20% 100V SCREW
ALS71U623NP100,48,324.45542,KEMET,CAP ALUM 62000UF 20% 100V SCREW
ALS80A163NJ200,48,324.82938,KEMET,CAP ALUM 16000UF 20% 200V SCREW
ALS80C163NJ200,48,324.82938,KEMET,CAP ALUM 16000UF 20% 200V SCREW
ALS80G163NJ200,48,324.82938,KEMET,CAP ALUM 16000UF 20% 200V SCREW
ALS80H163NJ200,48,324.82938,KEMET,CAP ALUM 16000UF 20% 200V SCREW
ALS80P163NJ200,48,324.82938,KEMET,CAP ALUM 16000UF 20% 200V SCREW
ALS80U163NJ200,48,324.82938,KEMET,CAP ALUM 16000UF 20% 200V SCREW
ALS81A163NJ200,48,324.82938,KEMET,CAP ALUM 16000UF 20% 200V SCREW
ALS81C163NJ200,48,324.82938,KEMET,CAP ALUM 16000UF 20% 200V SCREW
ALS81G163NJ200,48,324.82938,KEMET,CAP ALUM 16000UF 20% 200V SCREW
ALS81H163NJ200,48,324.82938,KEMET,CAP ALUM 16000UF 20% 200V SCREW
ALS81P163NJ200,48,324.82938,KEMET,CAP ALUM 16000UF 20% 200V SCREW
ALS81U163NJ200,48,324.82938,KEMET,CAP ALUM 16000UF 20% 200V SCREW
ALS40A152MF450,96,324.9275,KEMET,CAP ALUM SCRW TERM 105C
ALS31G472NP450,96,325.0851,KEMET,CAP ALUM SCREW TERM 85C
ALS70A154QH063,48,325.36333,KEMET,CAP ALUM 150000UF 20% 63V SCREW
ALS70C154QH063,48,325.36333,KEMET,CAP ALUM 150000UF 20% 63V SCREW
ALS70H154QH063,48,325.36333,KEMET,CAP ALUM 150000UF 20% 63V SCREW
ALS71A154QH063,48,325.36333,KEMET,CAP ALUM 150000UF 20% 63V SCREW
ALS71C154QH063,48,325.36333,KEMET,CAP ALUM 150000UF 20% 63V SCREW
ALS71H154QH063,48,325.36333,KEMET,CAP ALUM 150000UF 20% 63V SCREW
ALS30C472NP450,96,325.4624,KEMET,CAP ALUM SCRW TERM 85C
ALS40A473NF063,96,325.46417,KEMET,CAP ALUM SCRW TERM 105C
ALS41A473NF063,96,325.46417,KEMET,CAP ALUM SCRW TERM 105C
PEH200VU433AQB2,96,326.0301,KEMET,CAP ALUM SCRW TERM 85C
ALS40A222MF400,96,326.40396,KEMET,CAP ALUM SCRW TERM 105C
ALS70A822NF350,48,327.49625,KEMET,CAP ALUM 8200UF 20% 350V SCREW
ALS70C822NF350,48,327.49625,KEMET,CAP ALUM 8200UF 20% 350V SCREW
ALS70G822NF350,48,327.49625,KEMET,CAP ALUM 8200UF 20% 350V SCREW
ALS70H822NF350,48,327.49625,KEMET,CAP ALUM 8200UF 20% 350V SCREW
ALS70P822NF350,48,327.49625,KEMET,CAP ALUM 8200UF 20% 350V SCREW
ALS70U822NF350,48,327.49625,KEMET,CAP ALUM 8200UF 20% 350V SCREW
ALS71A822NF350,48,327.49625,KEMET,CAP ALUM 8200UF 20% 350V SCREW
ALS71C822NF350,48,327.49625,KEMET,CAP ALUM 8200UF 20% 350V SCREW
ALS71G822NF350,48,327.49625,KEMET,CAP ALUM 8200UF 20% 350V SCREW
ALS71H822NF350,48,327.49625,KEMET,CAP ALUM 8200UF 20% 350V SCREW
ALS71P822NF350,48,327.49625,KEMET,CAP ALUM 8200UF 20% 350V SCREW
ALS71U822NF350,48,327.49625,KEMET,CAP ALUM 8200UF 20% 350V SCREW
ALS41A333QC063,96,327.74688,KEMET,CAP ALUM SCRW TERM 105C
ALS41A152MF450,96,328.15,KEMET,CAP ALUM SCRW TERM 105C
ALS31A222MF450,96,328.6875,KEMET,CAP ALUM SCREW TERM 85C
ALS80C272MF500,48,329.01917,KEMET,CAP ALUM 2700UF 20% 500V SCREW
ALS80H272MF500,48,329.01917,KEMET,CAP ALUM 2700UF 20% 500V SCREW
ALS81A272MF500,48,329.01917,KEMET,CAP ALUM 2700UF 20% 500V SCREW
ALS81C272MF500,48,329.01917,KEMET,CAP ALUM 2700UF 20% 500V SCREW
ALS81H272MF500,48,329.01917,KEMET,CAP ALUM 2700UF 20% 500V SCREW
ALS80A224QH040,48,329.29833,KEMET,CAP ALUM 220000UF 20% 40V SCREW
ALS80C224QH040,48,329.29833,KEMET,CAP ALUM 220000UF 20% 40V SCREW
ALS80H224QH040,48,329.29833,KEMET,CAP ALUM 220000UF 20% 40V SCREW
ALS81A224QH040,48,329.29833,KEMET,CAP ALUM 220000UF 20% 40V SCREW
ALS81C224QH040,48,329.29833,KEMET,CAP ALUM 220000UF 20% 40V SCREW
ALS81H224QH040,48,329.29833,KEMET,CAP ALUM 220000UF 20% 40V SCREW
ALS41A222MF400,96,329.62906,KEMET,CAP ALUM SCRW TERM 105C
ALS30C153NP200,96,330.4474,KEMET,CAP ALUM SCRW TERM 85C
ALS70A272LM550,48,330.96417,KEMET,CAP ALUM 2700UF 20% 550V SCREW
ALS70C272LM550,48,330.96417,KEMET,CAP ALUM 2700UF 20% 550V SCREW
ALS70H272LM550,48,330.96417,KEMET,CAP ALUM 2700UF 20% 550V SCREW
ALS71A272LM550,48,330.96417,KEMET,CAP ALUM 2700UF 20% 550V SCREW
ALS71C272LM550,48,330.96417,KEMET,CAP ALUM 2700UF 20% 550V SCREW
ALS71H272LM550,48,330.96417,KEMET,CAP ALUM 2700UF 20% 550V SCREW
ALS80A272LM500,48,331.2675,KEMET,CAP ALUM 2700UF 20% 500V SCREW
ALS80C272LM500,48,331.2675,KEMET,CAP ALUM 2700UF 20% 500V SCREW
ALS80H272LM500,48,331.2675,KEMET,CAP ALUM 2700UF 20% 500V SCREW
ALS81A272LM500,48,331.2675,KEMET,CAP ALUM 2700UF 20% 500V SCREW
ALS81C272LM500,48,331.2675,KEMET,CAP ALUM 2700UF 20% 500V SCREW
ALS81H272LM500,48,331.2675,KEMET,CAP ALUM 2700UF 20% 500V SCREW
ALS70A822NJ350,48,332.13063,KEMET,CAP ALUM 8200UF 20% 350V SCREW
ALS70C822NJ350,48,332.13063,KEMET,CAP ALUM 8200UF 20% 350V SCREW
ALS70G822NJ350,48,332.13063,KEMET,CAP ALUM 8200UF 20% 350V SCREW
ALS70H822NJ350,48,332.13063,KEMET,CAP ALUM 8200UF 20% 350V SCREW
ALS70P822NJ350,48,332.13063,KEMET,CAP ALUM 8200UF 20% 350V SCREW
ALS70U822NJ350,48,332.13063,KEMET,CAP ALUM 8200UF 20% 350V SCREW
ALS71A822NJ350,48,332.13063,KEMET,CAP ALUM 8200UF 20% 350V SCREW
ALS71C822NJ350,48,332.13063,KEMET,CAP ALUM 8200UF 20% 350V SCREW
ALS71G822NJ350,48,332.13063,KEMET,CAP ALUM 8200UF 20% 350V SCREW
ALS71H822NJ350,48,332.13063,KEMET,CAP ALUM 8200UF 20% 350V SCREW
ALS71P822NJ350,48,332.13063,KEMET,CAP ALUM 8200UF 20% 350V SCREW
ALS71U822NJ350,48,332.13063,KEMET,CAP ALUM 8200UF 20% 350V SCREW
ALS40G472NP400,96,332.48885,KEMET,CAP ALUM SCRW TERM 105C
ALS31A472QD250,96,333.25385,KEMET,CAP ALUM SCREW TERM 85C
ALS31A152NF500,96,333.52344,KEMET,CAP ALUM SCREW TERM 85C
ALS70A622MF350,96,333.89646,KEMET,CAP ALUM 6200UF 20% 350V SCREW
ALS71A622MF350,96,333.89646,KEMET,CAP ALUM 6200UF 20% 350V SCREW
PEH169QO4330QB2,96,334.00323,KEMET,CAP ALUM SCRW TERM 105C
ALS80A564NP025,48,334.315,KEMET,CAP ALUM 560000UF 20% 25V SCREW
ALS80C564NP025,48,334.315,KEMET,CAP ALUM 560000UF 20% 25V SCREW
ALS80G564NP025,48,334.315,KEMET,CAP ALUM 560000UF 20% 25V SCREW
ALS80H564NP025,48,334.315,KEMET,CAP ALUM 560000UF 20% 25V SCREW
ALS80P564NP025,48,334.315,KEMET,CAP ALUM 560000UF 20% 25V SCREW
ALS80U564NP025,48,334.315,KEMET,CAP ALUM 560000UF 20% 25V SCREW
ALS81A564NP025,48,334.315,KEMET,CAP ALUM 560000UF 20% 25V SCREW
ALS81C564NP025,48,334.315,KEMET,CAP ALUM 560000UF 20% 25V SCREW
ALS81G564NP025,48,334.315,KEMET,CAP ALUM 560000UF 20% 25V SCREW
ALS81H564NP025,48,334.315,KEMET,CAP ALUM 560000UF 20% 25V SCREW
ALS81P564NP025,48,334.315,KEMET,CAP ALUM 560000UF 20% 25V SCREW
ALS81U564NP025,48,334.315,KEMET,CAP ALUM 560000UF 20% 25V SCREW
PEH200YJ3680MB2,96,334.58125,KEMET,CAP ALUM SCRW TERM 85C
ALS41G472NP400,96,335.23938,KEMET,CAP ALUM SCRW TERM 105C
ALS80C752NF350,48,335.24021,KEMET,CAP ALUM 7500UF 20% 350V SCREW
ALS80G752NF350,48,335.24021,KEMET,CAP ALUM 7500UF 20% 350V SCREW
ALS80H752NF350,48,335.24021,KEMET,CAP ALUM 7500UF 20% 350V SCREW
ALS80P752NF350,48,335.24021,KEMET,CAP ALUM 7500UF 20% 350V SCREW
ALS80U752NF350,48,335.24021,KEMET,CAP ALUM 7500UF 20% 350V SCREW
ALS81A752NF350,48,335.24021,KEMET,CAP ALUM 7500UF 20% 350V SCREW
ALS81C752NF350,48,335.24021,KEMET,CAP ALUM 7500UF 20% 350V SCREW
ALS81G752NF350,48,335.24021,KEMET,CAP ALUM 7500UF 20% 350V SCREW
ALS81H752NF350,48,335.24021,KEMET,CAP ALUM 7500UF 20% 350V SCREW
ALS81P752NF350,48,335.24021,KEMET,CAP ALUM 7500UF 20% 350V SCREW
ALS81U752NF350,48,335.24021,KEMET,CAP ALUM 7500UF 20% 350V SCREW
ALS31C224NP040,96,336.07833,KEMET,CAP ALUM SCREW TERM 85C
ALS70A242QC550,48,336.39625,KEMET,CAP ALUM 2400UF 20% 550V SCREW
ALS70C242QC550,48,336.39625,KEMET,CAP ALUM 2400UF 20% 550V SCREW
ALS70H242QC550,48,336.39625,KEMET,CAP ALUM 2400UF 20% 550V SCREW
ALS71A242QC550,48,336.39625,KEMET,CAP ALUM 2400UF 20% 550V SCREW
ALS71C242QC550,48,336.39625,KEMET,CAP ALUM 2400UF 20% 550V SCREW
ALS71H242QC550,48,336.39625,KEMET,CAP ALUM 2400UF 20% 550V SCREW
ALS40A222NF400,96,336.47802,KEMET,CAP ALUM SCRW TERM 105C
ALS41A222NF400,96,336.47802,KEMET,CAP ALUM SCRW TERM 105C
ALS80C242QC500,48,336.65625,KEMET,CAP ALUM 2400UF 20% 500V SCREW
ALS80H242QC500,48,336.65625,KEMET,CAP ALUM 2400UF 20% 500V SCREW
ALS81A242QC500,48,336.65625,KEMET,CAP ALUM 2400UF 20% 500V SCREW
ALS81C242QC500,48,336.65625,KEMET,CAP ALUM 2400UF 20% 500V SCREW
ALS81H242QC500,48,336.65625,KEMET,CAP ALUM 2400UF 20% 500V SCREW
PEH169UK4100QB2,96,336.83375,KEMET,CAP ALUM SCRW TERM 105C
PEH169UK4100QU2,96,336.95958,KEMET,CAP ALUM SCREW TERM 105C
ALF20C102KL600,96,337.29115,KEMET,CAP ALUM 1000UF 20% 600V PRESS
ALS30A223ND100,96,338.225,KEMET,CAP ALUM SCRW TERM 85C
ALS30C222QC450,96,338.53417,KEMET,CAP ALUM SCRW TERM 85C
ALS70A564QH025,48,338.91313,KEMET,CAP ALUM 560000UF 20% 25V SCREW
ALS70C564QH025,48,338.91313,KEMET,CAP ALUM 560000UF 20% 25V SCREW
ALS70H564QH025,48,338.91313,KEMET,CAP ALUM 560000UF 20% 25V SCREW
ALS71A564QH025,48,338.91313,KEMET,CAP ALUM 560000UF 20% 25V SCREW
ALS71C564QH025,48,338.91313,KEMET,CAP ALUM 560000UF 20% 25V SCREW
ALS71H564QH025,48,338.91313,KEMET,CAP ALUM 560000UF 20% 25V SCREW
ALS41A152NF450,96,339.3,KEMET,CAP ALUM SCRW TERM 105C
ALF20G102KL600,96,339.56354,KEMET,CAP ALUM 1000UF 20% 600V PRESS
ALS80A752NJ350,48,339.98125,KEMET,CAP ALUM 7500UF 20% 350V SCREW
ALS80C752NJ350,48,339.98125,KEMET,CAP ALUM 7500UF 20% 350V SCREW
ALS80G752NJ350,48,339.98125,KEMET,CAP ALUM 7500UF 20% 350V SCREW
ALS80H752NJ350,48,339.98125,KEMET,CAP ALUM 7500UF 20% 350V SCREW
ALS80P752NJ350,48,339.98125,KEMET,CAP ALUM 7500UF 20% 350V SCREW
ALS80U752NJ350,48,339.98125,KEMET,CAP ALUM 7500UF 20% 350V SCREW
ALS81A752NJ350,48,339.98125,KEMET,CAP ALUM 7500UF 20% 350V SCREW
ALS81C752NJ350,48,339.98125,KEMET,CAP ALUM 7500UF 20% 350V SCREW
ALS81G752NJ350,48,339.98125,KEMET,CAP ALUM 7500UF 20% 350V SCREW
ALS81H752NJ350,48,339.98125,KEMET,CAP ALUM 7500UF 20% 350V SCREW
ALS81P752NJ350,48,339.98125,KEMET,CAP ALUM 7500UF 20% 350V SCREW
ALS81U752NJ350,48,339.98125,KEMET,CAP ALUM 7500UF 20% 350V SCREW
ALS40A222QD350,96,341.17958,KEMET,CAP ALUM SCRW TERM 105C
ALS80A514QH025,48,341.80063,KEMET,CAP ALUM 510000UF 20% 25V SCREW
ALS80C514QH025,48,341.80063,KEMET,CAP ALUM 510000UF 20% 25V SCREW
ALS80H514QH025,48,341.80063,KEMET,CAP ALUM 510000UF 20% 25V SCREW
ALS81A514QH025,48,341.80063,KEMET,CAP ALUM 510000UF 20% 25V SCREW
ALS81C514QH025,48,341.80063,KEMET,CAP ALUM 510000UF 20% 25V SCREW
ALS81H514QH025,48,341.80063,KEMET,CAP ALUM 510000UF 20% 25V SCREW
ALS31C334QH025,96,342.15469,KEMET,CAP ALUM SCREW TERM 85C
PEH200XN4470MB2,96,342.4751,KEMET,CAP ALUM SCRW TERM 85C
ALS30A224NF025,96,342.52333,KEMET,CAP ALUM SCRW TERM 85C
ALS31A224NF025,96,342.52333,KEMET,CAP ALUM SCREW TERM 85C
ALS80A332MF450,96,347.15083,KEMET,CAP ALUM 3300UF 20% 450V SCREW
ALS81C332MF450,96,347.15083,KEMET,CAP ALUM 3300UF 20% 450V SCREW
ALS80A513QH100,48,347.27229,KEMET,CAP ALUM 51000UF 20% 100V SCREW
ALS80C513QH100,48,347.27229,KEMET,CAP ALUM 51000UF 20% 100V SCREW
ALS80H513QH100,48,347.27229,KEMET,CAP ALUM 51000UF 20% 100V SCREW
ALS81A513QH100,48,347.27229,KEMET,CAP ALUM 51000UF 20% 100V SCREW
ALS81C513QH100,48,347.27229,KEMET,CAP ALUM 51000UF 20% 100V SCREW
ALS81H513QH100,48,347.27229,KEMET,CAP ALUM 51000UF 20% 100V SCREW
ALS80A134QH063,48,348.30083,KEMET,CAP ALUM 130000UF 20% 63V SCREW
ALS80C134QH063,48,348.30083,KEMET,CAP ALUM 130000UF 20% 63V SCREW
ALS80H134QH063,48,348.30083,KEMET,CAP ALUM 130000UF 20% 63V SCREW
ALS81C134QH063,48,348.30083,KEMET,CAP ALUM 130000UF 20% 63V SCREW
ALS81H134QH063,48,348.30083,KEMET,CAP ALUM 130000UF 20% 63V SCREW
ALS30A152NF500,96,349.10448,KEMET,CAP ALUM 1500UF 20% 500V SCREW
PEH200HK6100MB2,96,349.22333,KEMET,CAP ALUM SCRW TERM 85C
PEH200HK6100MU2,96,349.34906,KEMET,CAP ALUM SCRW TERM 85C
ALS71H432QC400,96,349.39219,KEMET,CAP ALUM 4300UF 20% 400V SCREW
PEH200UJ4150MU2,96,349.52052,KEMET,CAP ALUM SCRW TERM 85C
ALS70A432MF450,96,349.71438,KEMET,CAP ALUM 4300UF 20% 450V SCREW
ALS71A432MF450,96,349.71438,KEMET,CAP ALUM 4300UF 20% 450V SCREW
ALS30A682QC200,96,350.17948,KEMET,CAP ALUM SCRW TERM 85C
ALS30A682NF250,96,350.5826,KEMET,CAP ALUM SCRW TERM 85C
ALS30A473QD063,96,350.71615,KEMET,CAP ALUM SCRW TERM 85C
PEH200UJ4150MB2,96,350.77125,KEMET,CAP ALUM SCRW TERM 85C
ALS70A432LM450,96,351.17177,KEMET,CAP ALUM 4300UF 20% 450V SCREW
ALS70A223NP200,48,352.14958,KEMET,CAP ALUM 22000UF 20% 200V SCREW
ALS70G223NP200,48,352.14958,KEMET,CAP ALUM 22000UF 20% 200V SCREW
ALS70H223NP200,48,352.14958,KEMET,CAP ALUM 22000UF 20% 200V SCREW
ALS70P223NP200,48,352.14958,KEMET,CAP ALUM 22000UF 20% 200V SCREW
ALS70U223NP200,48,352.14958,KEMET,CAP ALUM 22000UF 20% 200V SCREW
ALS71G223NP200,48,352.14958,KEMET,CAP ALUM 22000UF 20% 200V SCREW
ALS71H223NP200,48,352.14958,KEMET,CAP ALUM 22000UF 20% 200V SCREW
ALS71P223NP200,48,352.14958,KEMET,CAP ALUM 22000UF 20% 200V SCREW
ALS71U223NP200,48,352.14958,KEMET,CAP ALUM 22000UF 20% 200V SCREW
PEH200OK4100MU2,96,353.20042,KEMET,CAP ALUM SCRW TERM 85C
ALS70A623QH100,48,354.78375,KEMET,CAP ALUM 62000UF 20% 100V SCREW
ALS70C623QH100,48,354.78375,KEMET,CAP ALUM 62000UF 20% 100V SCREW
ALS70H623QH100,48,354.78375,KEMET,CAP ALUM 62000UF 20% 100V SCREW
ALS71A623QH100,48,354.78375,KEMET,CAP ALUM 62000UF 20% 100V SCREW
ALS71C623QH100,48,354.78375,KEMET,CAP ALUM 62000UF 20% 100V SCREW
ALS71H623QH100,48,354.78375,KEMET,CAP ALUM 62000UF 20% 100V SCREW
ALS30C682NP400,96,355.13948,KEMET,CAP ALUM SCRW TERM 85C
ALS30G682NP400,96,355.45385,KEMET,CAP ALUM SCRW TERM 85C
ALS31G682NP400,96,355.63219,KEMET,CAP ALUM SCREW TERM 85C
PEH169PK510VMB2,96,355.86125,KEMET,CAP ALUM SCRW TERM 105C
PEH169PK510VMU2,96,355.98792,KEMET,CAP ALUM SCREW TERM 105C
ALS70C332MF500,96,356.48146,KEMET,CAP ALUM 3300UF 20% 500V SCREW
ALS71A332MF500,96,356.48146,KEMET,CAP ALUM 3300UF 20% 500V SCREW
ALS31C682NP400,96,356.77865,KEMET,CAP ALUM SCREW TERM 85C
ALS31A104QD040,96,357.56688,KEMET,CAP ALUM SCREW TERM 85C
ALS30A104QD040,96,357.70125,KEMET,CAP ALUM SCRW TERM 85C
ALS70A203QH200,48,357.80021,KEMET,CAP ALUM 20000UF 20% 200V SCREW
ALS70C203QH200,48,357.80021,KEMET,CAP ALUM 20000UF 20% 200V SCREW
ALS70H203QH200,48,357.80021,KEMET,CAP ALUM 20000UF 20% 200V SCREW
ALS71C203QH200,48,357.80021,KEMET,CAP ALUM 20000UF 20% 200V SCREW
ALS71H203QH200,48,357.80021,KEMET,CAP ALUM 20000UF 20% 200V SCREW
ALS80A472NF450,48,358.90979,KEMET,CAP ALUM 4700UF 20% 450V SCREW
ALS80G472NF450,48,358.90979,KEMET,CAP ALUM 4700UF 20% 450V SCREW
ALS80H472NF450,48,358.90979,KEMET,CAP ALUM 4700UF 20% 450V SCREW
ALS80P472NF450,48,358.90979,KEMET,CAP ALUM 4700UF 20% 450V SCREW
ALS80U472NF450,48,358.90979,KEMET,CAP ALUM 4700UF 20% 450V SCREW
ALS81C472NF450,48,358.90979,KEMET,CAP ALUM 4700UF 20% 450V SCREW
ALS81G472NF450,48,358.90979,KEMET,CAP ALUM 4700UF 20% 450V SCREW
ALS81H472NF450,48,358.90979,KEMET,CAP ALUM 4700UF 20% 450V SCREW
ALS81P472NF450,48,358.90979,KEMET,CAP ALUM 4700UF 20% 450V SCREW
ALS81U472NF450,48,358.90979,KEMET,CAP ALUM 4700UF 20% 450V SCREW
PEH169VK410VMB2,96,358.92958,KEMET,CAP ALUM SCRW TERM 85C
PEH169VK410VMU2,96,359.05365,KEMET,CAP ALUM SCREW TERM 105C
ALS70C163NP250,48,359.43875,KEMET,CAP ALUM 16000UF 20% 250V SCREW
ALS70G163NP250,48,359.43875,KEMET,CAP ALUM 16000UF 20% 250V SCREW
ALS70H163NP250,48,359.43875,KEMET,CAP ALUM 16000UF 20% 250V SCREW
ALS70P163NP250,48,359.43875,KEMET,CAP ALUM 16000UF 20% 250V SCREW
ALS70U163NP250,48,359.43875,KEMET,CAP ALUM 16000UF 20% 250V SCREW
ALS71A163NP250,48,359.43875,KEMET,CAP ALUM 16000UF 20% 250V SCREW
ALS71C163NP250,48,359.43875,KEMET,CAP ALUM 16000UF 20% 250V SCREW
ALS71G163NP250,48,359.43875,KEMET,CAP ALUM 16000UF 20% 250V SCREW
ALS71H163NP250,48,359.43875,KEMET,CAP ALUM 16000UF 20% 250V SCREW
ALS71P163NP250,48,359.43875,KEMET,CAP ALUM 16000UF 20% 250V SCREW
ALS71U163NP250,48,359.43875,KEMET,CAP ALUM 16000UF 20% 250V SCREW
PEH169GO610VMU2,96,360.39052,KEMET,CAP ALUM SCREW TERM 105C
ALS31A104QC040,96,361.32865,KEMET,CAP ALUM SCREW TERM 85C
ALS80A133NP250,48,361.4975,KEMET,CAP ALUM 13000UF 20% 250V SCREW
ALS80C133NP250,48,361.4975,KEMET,CAP ALUM 13000UF 20% 250V SCREW
ALS80G133NP250,48,361.4975,KEMET,CAP ALUM 13000UF 20% 250V SCREW
ALS80H133NP250,48,361.4975,KEMET,CAP ALUM 13000UF 20% 250V SCREW
ALS80P133NP250,48,361.4975,KEMET,CAP ALUM 13000UF 20% 250V SCREW
ALS80U133NP250,48,361.4975,KEMET,CAP ALUM 13000UF 20% 250V SCREW
ALS81A133NP250,48,361.4975,KEMET,CAP ALUM 13000UF 20% 250V SCREW
ALS81C133NP250,48,361.4975,KEMET,CAP ALUM 13000UF 20% 250V SCREW
ALS81G133NP250,48,361.4975,KEMET,CAP ALUM 13000UF 20% 250V SCREW
ALS81H133NP250,48,361.4975,KEMET,CAP ALUM 13000UF 20% 250V SCREW
ALS81P133NP250,48,361.4975,KEMET,CAP ALUM 13000UF 20% 250V SCREW
ALS81U133NP250,48,361.4975,KEMET,CAP ALUM 13000UF 20% 250V SCREW
PEH169YK3680MB2,96,361.76188,KEMET,CAP ALUM SCRW TERM 85C
PEH169YK3680MU2,96,361.88594,KEMET,CAP ALUM SCREW TERM 105C
ALS70G752NF400,48,362.43979,KEMET,CAP ALUM 7500UF 20% 400V SCREW
ALS70H752NF400,48,362.43979,KEMET,CAP ALUM 7500UF 20% 400V SCREW
ALS70P752NF400,48,362.43979,KEMET,CAP ALUM 7500UF 20% 400V SCREW
ALS70U752NF400,48,362.43979,KEMET,CAP ALUM 7500UF 20% 400V SCREW
ALS71A752NF400,48,362.43979,KEMET,CAP ALUM 7500UF 20% 400V SCREW
ALS71C752NF400,48,362.43979,KEMET,CAP ALUM 7500UF 20% 400V SCREW
ALS71G752NF400,48,362.43979,KEMET,CAP ALUM 7500UF 20% 400V SCREW
ALS71H752NF400,48,362.43979,KEMET,CAP ALUM 7500UF 20% 400V SCREW
ALS71P752NF400,48,362.43979,KEMET,CAP ALUM 7500UF 20% 400V SCREW
ALS71U752NF400,48,362.43979,KEMET,CAP ALUM 7500UF 20% 400V SCREW
ALS70C334NP040,48,364.19188,KEMET,CAP ALUM 330000UF 20% 40V SCREW
ALS70G334NP040,48,364.19188,KEMET,CAP ALUM 330000UF 20% 40V SCREW
ALS70H334NP040,48,364.19188,KEMET,CAP ALUM 330000UF 20% 40V SCREW
ALS70P334NP040,48,364.19188,KEMET,CAP ALUM 330000UF 20% 40V SCREW
ALS70U334NP040,48,364.19188,KEMET,CAP ALUM 330000UF 20% 40V SCREW
ALS71A334NP040,48,364.19188,KEMET,CAP ALUM 330000UF 20% 40V SCREW
ALS71C334NP040,48,364.19188,KEMET,CAP ALUM 330000UF 20% 40V SCREW
ALS71G334NP040,48,364.19188,KEMET,CAP ALUM 330000UF 20% 40V SCREW
ALS71H334NP040,48,364.19188,KEMET,CAP ALUM 330000UF 20% 40V SCREW
ALS71P334NP040,48,364.19188,KEMET,CAP ALUM 330000UF 20% 40V SCREW
ALS71U334NP040,48,364.19188,KEMET,CAP ALUM 330000UF 20% 40V SCREW
ALS70A684NW025,48,364.80188,KEMET,CAP ALUM 680000UF 20% 25V SCREW
ALS70C684NW025,48,364.80188,KEMET,CAP ALUM 680000UF 20% 25V SCREW
ALS70G684NW025,48,364.80188,KEMET,CAP ALUM 680000UF 20% 25V SCREW
ALS70H684NW025,48,364.80188,KEMET,CAP ALUM 680000UF 20% 25V SCREW
ALS70P684NW025,48,364.80188,KEMET,CAP ALUM 680000UF 20% 25V SCREW
ALS70U684NW025,48,364.80188,KEMET,CAP ALUM 680000UF 20% 25V SCREW
ALS71A684NW025,48,364.80188,KEMET,CAP ALUM 680000UF 20% 25V SCREW
ALS71C684NW025,48,364.80188,KEMET,CAP ALUM 680000UF 20% 25V SCREW
ALS71G684NW025,48,364.80188,KEMET,CAP ALUM 680000UF 20% 25V SCREW
ALS71H684NW025,48,364.80188,KEMET,CAP ALUM 680000UF 20% 25V SCREW
ALS71P684NW025,48,364.80188,KEMET,CAP ALUM 680000UF 20% 25V SCREW
ALS71U684NW025,48,364.80188,KEMET,CAP ALUM 680000UF 20% 25V SCREW
ALS70C622NF450,48,364.85354,KEMET,CAP ALUM 6200UF 20% 450V SCREW
ALS70G622NF450,48,364.85354,KEMET,CAP ALUM 6200UF 20% 450V SCREW
ALS70H622NF450,48,364.85354,KEMET,CAP ALUM 6200UF 20% 450V SCREW
ALS70P622NF450,48,364.85354,KEMET,CAP ALUM 6200UF 20% 450V SCREW
ALS70U622NF450,48,364.85354,KEMET,CAP ALUM 6200UF 20% 450V SCREW
ALS71A622NF450,48,364.85354,KEMET,CAP ALUM 6200UF 20% 450V SCREW
ALS71G622NF450,48,364.85354,KEMET,CAP ALUM 6200UF 20% 450V SCREW
ALS71H622NF450,48,364.85354,KEMET,CAP ALUM 6200UF 20% 450V SCREW
ALS71P622NF450,48,364.85354,KEMET,CAP ALUM 6200UF 20% 450V SCREW
ALS71U622NF450,48,364.85354,KEMET,CAP ALUM 6200UF 20% 450V SCREW
PEH169MO5150QU2,96,365.98448,KEMET,CAP ALUM SCREW TERM 105C
PEH169MO5150QB2,96,365.98448,KEMET,CAP ALUM SCRW TERM 105C
ALS71C162QC630,48,366.82958,KEMET,CAP ALUM SCRW TERM HIGH RIPPLE
ALS40A104NF040,96,367.10344,KEMET,CAP ALUM SCRW TERM 105C
ALS70C752NJ400,48,367.30667,KEMET,CAP ALUM 7500UF 20% 400V SCREW
ALS70G752NJ400,48,367.30667,KEMET,CAP ALUM 7500UF 20% 400V SCREW
ALS70H752NJ400,48,367.30667,KEMET,CAP ALUM 7500UF 20% 400V SCREW
ALS70P752NJ400,48,367.30667,KEMET,CAP ALUM 7500UF 20% 400V SCREW
ALS70U752NJ400,48,367.30667,KEMET,CAP ALUM 7500UF 20% 400V SCREW
ALS71A752NJ400,48,367.30667,KEMET,CAP ALUM 7500UF 20% 400V SCREW
ALS71C752NJ400,48,367.30667,KEMET,CAP ALUM 7500UF 20% 400V SCREW
ALS71G752NJ400,48,367.30667,KEMET,CAP ALUM 7500UF 20% 400V SCREW
ALS71H752NJ400,48,367.30667,KEMET,CAP ALUM 7500UF 20% 400V SCREW
ALS71P752NJ400,48,367.30667,KEMET,CAP ALUM 7500UF 20% 400V SCREW
ALS71U752NJ400,48,367.30667,KEMET,CAP ALUM 7500UF 20% 400V SCREW
PEH169QO447VMU2,96,367.71844,KEMET,CAP ALUM SCREW TERM 105C
ALS70C472NF500,48,368.39208,KEMET,CAP ALUM 4700UF 20% 500V SCREW
ALS70G472NF500,48,368.39208,KEMET,CAP ALUM 4700UF 20% 500V SCREW
ALS70H472NF500,48,368.39208,KEMET,CAP ALUM 4700UF 20% 500V SCREW
ALS70P472NF500,48,368.39208,KEMET,CAP ALUM 4700UF 20% 500V SCREW
ALS70U472NF500,48,368.39208,KEMET,CAP ALUM 4700UF 20% 500V SCREW
ALS71C472NF500,48,368.39208,KEMET,CAP ALUM 4700UF 20% 500V SCREW
ALS71H472NF500,48,368.39208,KEMET,CAP ALUM 4700UF 20% 500V SCREW
ALS71P472NF500,48,368.39208,KEMET,CAP ALUM 4700UF 20% 500V SCREW
ALS71U472NF500,48,368.39208,KEMET,CAP ALUM 4700UF 20% 500V SCREW
ALS70G622NJ450,48,369.07438,KEMET,CAP ALUM 6200UF 20% 450V SCREW
ALS70H622NJ450,48,369.07438,KEMET,CAP ALUM 6200UF 20% 450V SCREW
ALS70P622NJ450,48,369.07438,KEMET,CAP ALUM 6200UF 20% 450V SCREW
ALS70U622NJ450,48,369.07438,KEMET,CAP ALUM 6200UF 20% 450V SCREW
ALS71A622NJ450,48,369.07438,KEMET,CAP ALUM 6200UF 20% 450V SCREW
ALS71C622NJ450,48,369.07438,KEMET,CAP ALUM 6200UF 20% 450V SCREW
ALS71G622NJ450,48,369.07438,KEMET,CAP ALUM 6200UF 20% 450V SCREW
ALS71H622NJ450,48,369.07438,KEMET,CAP ALUM 6200UF 20% 450V SCREW
ALS71P622NJ450,48,369.07438,KEMET,CAP ALUM 6200UF 20% 450V SCREW
ALS71U622NJ450,48,369.07438,KEMET,CAP ALUM 6200UF 20% 450V SCREW
PEH169UK415VMU2,96,369.36458,KEMET,CAP ALUM SCREW TERM 105C
PEH169UK415VMB2,96,369.36458,KEMET,CAP ALUM SCRW TERM 105C
ALS80C124NF063,96,370.75833,KEMET,CAP ALUM 120000UF 20% 63V SCREW
ALS81P124NF063,96,370.75833,KEMET,CAP ALUM 120000UF 20% 63V SCREW
ALS41A332NF350,96,370.86427,KEMET,CAP ALUM SCRW TERM 105C
ALS40A332NF350,96,371.00042,KEMET,CAP ALUM SCRW TERM 105C
ALS80A622NF400,48,371.755,KEMET,CAP ALUM 6200UF 20% 400V SCREW
ALS80C622NF400,48,371.755,KEMET,CAP ALUM 6200UF 20% 400V SCREW
ALS80G622NF400,48,371.755,KEMET,CAP ALUM 6200UF 20% 400V SCREW
ALS80H622NF400,48,371.755,KEMET,CAP ALUM 6200UF 20% 400V SCREW
ALS80P622NF400,48,371.755,KEMET,CAP ALUM 6200UF 20% 400V SCREW
ALS80U622NF400,48,371.755,KEMET,CAP ALUM 6200UF 20% 400V SCREW
ALS81C622NF400,48,371.755,KEMET,CAP ALUM 6200UF 20% 400V SCREW
ALS81G622NF400,48,371.755,KEMET,CAP ALUM 6200UF 20% 400V SCREW
ALS81H622NF400,48,371.755,KEMET,CAP ALUM 6200UF 20% 400V SCREW
ALS81P622NF400,48,371.755,KEMET,CAP ALUM 6200UF 20% 400V SCREW
ALS81U622NF400,48,371.755,KEMET,CAP ALUM 6200UF 20% 400V SCREW
ALS70C204NW063,48,372.21146,KEMET,CAP ALUM 200000UF 20% 63V SCREW
ALS70G204NW063,48,372.21146,KEMET,CAP ALUM 200000UF 20% 63V SCREW
ALS70H204NW063,48,372.21146,KEMET,CAP ALUM 200000UF 20% 63V SCREW
ALS70P204NW063,48,372.21146,KEMET,CAP ALUM 200000UF 20% 63V SCREW
ALS70U204NW063,48,372.21146,KEMET,CAP ALUM 200000UF 20% 63V SCREW
ALS71C204NW063,48,372.21146,KEMET,CAP ALUM 200000UF 20% 63V SCREW
ALS71G204NW063,48,372.21146,KEMET,CAP ALUM 200000UF 20% 63V SCREW
ALS71H204NW063,48,372.21146,KEMET,CAP ALUM 200000UF 20% 63V SCREW
ALS71P204NW063,48,372.21146,KEMET,CAP ALUM 200000UF 20% 63V SCREW
ALS71U204NW063,48,372.21146,KEMET,CAP ALUM 200000UF 20% 63V SCREW
ALS31C332QP500,96,372.64573,KEMET,CAP ALUM SCREW TERM 85C
ALS41C332QP450,96,372.6801,KEMET,CAP ALUM SCRW TERM 105C
PEH169EV647VMU2,96,375.13604,KEMET,CAP ALUM SCREW TERM 105C
ALS70A332LM500,96,375.19885,KEMET,CAP ALUM 3300UF 20% 500V SCREW
ALS30A683NF063,96,375.43146,KEMET,CAP ALUM SCRW TERM 85C
ALS31C472QP450,96,375.63302,KEMET,CAP ALUM SCREW TERM 85C
PEH169KO5330QU2,96,376.08094,KEMET,CAP ALUM SCREW TERM 105C
ALS80C622NJ400,48,376.49792,KEMET,CAP ALUM 6200UF 20% 400V SCREW
ALS80G622NJ400,48,376.49792,KEMET,CAP ALUM 6200UF 20% 400V SCREW
ALS80H622NJ400,48,376.49792,KEMET,CAP ALUM 6200UF 20% 400V SCREW
ALS80P622NJ400,48,376.49792,KEMET,CAP ALUM 6200UF 20% 400V SCREW
ALS80U622NJ400,48,376.49792,KEMET,CAP ALUM 6200UF 20% 400V SCREW
ALS81A622NJ400,48,376.49792,KEMET,CAP ALUM 6200UF 20% 400V SCREW
ALS81C622NJ400,48,376.49792,KEMET,CAP ALUM 6200UF 20% 400V SCREW
ALS81G622NJ400,48,376.49792,KEMET,CAP ALUM 6200UF 20% 400V SCREW
ALS81H622NJ400,48,376.49792,KEMET,CAP ALUM 6200UF 20% 400V SCREW
ALS81P622NJ400,48,376.49792,KEMET,CAP ALUM 6200UF 20% 400V SCREW
ALS81U622NJ400,48,376.49792,KEMET,CAP ALUM 6200UF 20% 400V SCREW
PEH169SO4220QU2,96,377.31969,KEMET,CAP ALUM SCREW TERM 105C
PEH169EV647VMB2,96,378.06479,KEMET,CAP ALUM SCRW TERM 105C
ALS70A624QM025,48,378.24479,KEMET,CAP ALUM 620000UF 20% 25V SCREW
ALS70C624QM025,48,378.24479,KEMET,CAP ALUM 620000UF 20% 25V SCREW
ALS70H624QM025,48,378.24479,KEMET,CAP ALUM 620000UF 20% 25V SCREW
ALS71A624QM025,48,378.24479,KEMET,CAP ALUM 620000UF 20% 25V SCREW
ALS71C624QM025,48,378.24479,KEMET,CAP ALUM 620000UF 20% 25V SCREW
ALS71H624QM025,48,378.24479,KEMET,CAP ALUM 620000UF 20% 25V SCREW
ALS80A203NP200,48,378.59792,KEMET,CAP ALUM 20000UF 20% 200V SCREW
ALS80C203NP200,48,378.59792,KEMET,CAP ALUM 20000UF 20% 200V SCREW
ALS80G203NP200,48,378.59792,KEMET,CAP ALUM 20000UF 20% 200V SCREW
ALS80H203NP200,48,378.59792,KEMET,CAP ALUM 20000UF 20% 200V SCREW
ALS80P203NP200,48,378.59792,KEMET,CAP ALUM 20000UF 20% 200V SCREW
ALS80U203NP200,48,378.59792,KEMET,CAP ALUM 20000UF 20% 200V SCREW
ALS81A203NP200,48,378.59792,KEMET,CAP ALUM 20000UF 20% 200V SCREW
ALS81C203NP200,48,378.59792,KEMET,CAP ALUM 20000UF 20% 200V SCREW
ALS81G203NP200,48,378.59792,KEMET,CAP ALUM 20000UF 20% 200V SCREW
ALS81H203NP200,48,378.59792,KEMET,CAP ALUM 20000UF 20% 200V SCREW
ALS81P203NP200,48,378.59792,KEMET,CAP ALUM 20000UF 20% 200V SCREW
ALS81U203NP200,48,378.59792,KEMET,CAP ALUM 20000UF 20% 200V SCREW
PEH169KO5330QB2,96,378.78833,KEMET,CAP ALUM SCRW TERM 105C
ALS80A183QH200,48,379.39042,KEMET,CAP ALUM 18000UF 20% 200V SCREW
ALS80C183QH200,48,379.39042,KEMET,CAP ALUM 18000UF 20% 200V SCREW
ALS80H183QH200,48,379.39042,KEMET,CAP ALUM 18000UF 20% 200V SCREW
ALS81A183QH200,48,379.39042,KEMET,CAP ALUM 18000UF 20% 200V SCREW
ALS81C183QH200,48,379.39042,KEMET,CAP ALUM 18000UF 20% 200V SCREW
ALS81H183QH200,48,379.39042,KEMET,CAP ALUM 18000UF 20% 200V SCREW
PEH169SO4220QB2,96,380.02792,KEMET,CAP ALUM 2200UF 250V SCREW CHAS
ALS70C103NP350,48,380.28125,KEMET,CAP ALUM 10000UF 20% 350V SCREW
ALS70G103NP350,48,380.28125,KEMET,CAP ALUM 10000UF 20% 350V SCREW
ALS70H103NP350,48,380.28125,KEMET,CAP ALUM 10000UF 20% 350V SCREW
ALS70P103NP350,48,380.28125,KEMET,CAP ALUM 10000UF 20% 350V SCREW
ALS70U103NP350,48,380.28125,KEMET,CAP ALUM 10000UF 20% 350V SCREW
ALS71C103NP350,48,380.28125,KEMET,CAP ALUM 10000UF 20% 350V SCREW
ALS71G103NP350,48,380.28125,KEMET,CAP ALUM 10000UF 20% 350V SCREW
ALS71H103NP350,48,380.28125,KEMET,CAP ALUM 10000UF 20% 350V SCREW
ALS71P103NP350,48,380.28125,KEMET,CAP ALUM 10000UF 20% 350V SCREW
ALS71U103NP350,48,380.28125,KEMET,CAP ALUM 10000UF 20% 350V SCREW
ALS70A753NW100,48,381.67313,KEMET,CAP ALUM 75000UF 20% 100V SCREW
ALS70C753NW100,48,381.67313,KEMET,CAP ALUM 75000UF 20% 100V SCREW
ALS70G753NW100,48,381.67313,KEMET,CAP ALUM 75000UF 20% 100V SCREW
ALS70H753NW100,48,381.67313,KEMET,CAP ALUM 75000UF 20% 100V SCREW
ALS70P753NW100,48,381.67313,KEMET,CAP ALUM 75000UF 20% 100V SCREW
ALS70U753NW100,48,381.67313,KEMET,CAP ALUM 75000UF 20% 100V SCREW
ALS71A753NW100,48,381.67313,KEMET,CAP ALUM 75000UF 20% 100V SCREW
ALS71C753NW100,48,381.67313,KEMET,CAP ALUM 75000UF 20% 100V SCREW
ALS71G753NW100,48,381.67313,KEMET,CAP ALUM 75000UF 20% 100V SCREW
ALS71H753NW100,48,381.67313,KEMET,CAP ALUM 75000UF 20% 100V SCREW
ALS71P753NW100,48,381.67313,KEMET,CAP ALUM 75000UF 20% 100V SCREW
ALS71U753NW100,48,381.67313,KEMET,CAP ALUM 75000UF 20% 100V SCREW
ALS70A184QM063,48,382.10896,KEMET,CAP ALUM 180000UF 20% 63V SCREW
ALS70C184QM063,48,382.10896,KEMET,CAP ALUM 180000UF 20% 63V SCREW
ALS70H184QM063,48,382.10896,KEMET,CAP ALUM 180000UF 20% 63V SCREW
ALS71C184QM063,48,382.10896,KEMET,CAP ALUM 180000UF 20% 63V SCREW
ALS71H184QM063,48,382.10896,KEMET,CAP ALUM 180000UF 20% 63V SCREW
ALS70A133NF250,96,382.51396,KEMET,CAP ALUM 13000UF 20% 250V SCREW
ALS80A304NW040,48,383.51313,KEMET,CAP ALUM 300000UF 20% 40V SCREW
ALS80C304NW040,48,383.51313,KEMET,CAP ALUM 300000UF 20% 40V SCREW
ALS80G304NW040,48,383.51313,KEMET,CAP ALUM 300000UF 20% 40V SCREW
ALS80H304NW040,48,383.51313,KEMET,CAP ALUM 300000UF 20% 40V SCREW
ALS80P304NW040,48,383.51313,KEMET,CAP ALUM 300000UF 20% 40V SCREW
ALS80U304NW040,48,383.51313,KEMET,CAP ALUM 300000UF 20% 40V SCREW
ALS81A304NW040,48,383.51313,KEMET,CAP ALUM 300000UF 20% 40V SCREW
ALS81C304NW040,48,383.51313,KEMET,CAP ALUM 300000UF 20% 40V SCREW
ALS81G304NW040,48,383.51313,KEMET,CAP ALUM 300000UF 20% 40V SCREW
ALS81H304NW040,48,383.51313,KEMET,CAP ALUM 300000UF 20% 40V SCREW
ALS81P304NW040,48,383.51313,KEMET,CAP ALUM 300000UF 20% 40V SCREW
ALS81U304NW040,48,383.51313,KEMET,CAP ALUM 300000UF 20% 40V SCREW
ALS71A164NP063,96,384.97927,KEMET,CAP ALUM 160000UF 20% 63V SCREW
ALS80A512NJ450,48,385.40125,KEMET,CAP ALUM 5100UF 20% 450V SCREW
ALS80C512NJ450,48,385.40125,KEMET,CAP ALUM 5100UF 20% 450V SCREW
ALS80G512NJ450,48,385.40125,KEMET,CAP ALUM 5100UF 20% 450V SCREW
ALS80H512NJ450,48,385.40125,KEMET,CAP ALUM 5100UF 20% 450V SCREW
ALS80P512NJ450,48,385.40125,KEMET,CAP ALUM 5100UF 20% 450V SCREW
ALS81C512NJ450,48,385.40125,KEMET,CAP ALUM 5100UF 20% 450V SCREW
ALS81G512NJ450,48,385.40125,KEMET,CAP ALUM 5100UF 20% 450V SCREW
ALS81H512NJ450,48,385.40125,KEMET,CAP ALUM 5100UF 20% 450V SCREW
ALS81P512NJ450,48,385.40125,KEMET,CAP ALUM 5100UF 20% 450V SCREW
ALS81U512NJ450,48,385.40125,KEMET,CAP ALUM 5100UF 20% 450V SCREW
ALS41A473QH063,96,385.63906,KEMET,CAP ALUM SCRW TERM 105C
ALS40A682NF250,96,386.44531,KEMET,CAP ALUM SCRW TERM 105C
PEH169RO4330QU2,96,388.38438,KEMET,CAP ALUM SCREW TERM 105C
ALS80A912NP350,48,388.43521,KEMET,CAP ALUM 9100UF 20% 350V SCREW
ALS80C912NP350,48,388.43521,KEMET,CAP ALUM 9100UF 20% 350V SCREW
ALS80G912NP350,48,388.43521,KEMET,CAP ALUM 9100UF 20% 350V SCREW
ALS80H912NP350,48,388.43521,KEMET,CAP ALUM 9100UF 20% 350V SCREW
ALS80P912NP350,48,388.43521,KEMET,CAP ALUM 9100UF 20% 350V SCREW
ALS80U912NP350,48,388.43521,KEMET,CAP ALUM 9100UF 20% 350V SCREW
ALS81A912NP350,48,388.43521,KEMET,CAP ALUM 9100UF 20% 350V SCREW
ALS81C912NP350,48,388.43521,KEMET,CAP ALUM 9100UF 20% 350V SCREW
ALS81G912NP350,48,388.43521,KEMET,CAP ALUM 9100UF 20% 350V SCREW
ALS81H912NP350,48,388.43521,KEMET,CAP ALUM 9100UF 20% 350V SCREW
ALS81P912NP350,48,388.43521,KEMET,CAP ALUM 9100UF 20% 350V SCREW
ALS81U912NP350,48,388.43521,KEMET,CAP ALUM 9100UF 20% 350V SCREW
ALS70A163QH250,48,388.60917,KEMET,CAP ALUM 16000UF 20% 250V SCREW
ALS70C163QH250,48,388.60917,KEMET,CAP ALUM 16000UF 20% 250V SCREW
ALS70H163QH250,48,388.60917,KEMET,CAP ALUM 16000UF 20% 250V SCREW
ALS71A163QH250,48,388.60917,KEMET,CAP ALUM 16000UF 20% 250V SCREW
ALS71C163QH250,48,388.60917,KEMET,CAP ALUM 16000UF 20% 250V SCREW
ALS71H163QH250,48,388.60917,KEMET,CAP ALUM 16000UF 20% 250V SCREW
ALS70A133NJ250,96,388.73406,KEMET,CAP ALUM 13000UF 20% 250V SCREW
ALS71A274NF040,96,388.73406,KEMET,CAP ALUM 270000UF 20% 40V SCREW
ALS71U133NJ250,96,388.73406,KEMET,CAP ALUM 13000UF 20% 250V SCREW
ALS31A683NF063,96,389.13208,KEMET,CAP ALUM SCREW TERM 85C
ALS80A133QH250,48,390.69208,KEMET,CAP ALUM 13000UF 20% 250V SCREW
ALS80C133QH250,48,390.69208,KEMET,CAP ALUM 13000UF 20% 250V SCREW
ALS80H133QH250,48,390.69208,KEMET,CAP ALUM 13000UF 20% 250V SCREW
ALS81A133QH250,48,390.69208,KEMET,CAP ALUM 13000UF 20% 250V SCREW
ALS81C133QH250,48,390.69208,KEMET,CAP ALUM 13000UF 20% 250V SCREW
ALS81H133QH250,48,390.69208,KEMET,CAP ALUM 13000UF 20% 250V SCREW
ALS30A222QD450,96,391.01333,KEMET,CAP ALUM SCRW TERM 85C
PEH169RO4330QB2,96,391.09781,KEMET,CAP ALUM SCRW TERM 105C
ALS70A683QM100,48,391.1675,KEMET,CAP ALUM 68000UF 20% 100V SCREW
ALS70C683QM100,48,391.1675,KEMET,CAP ALUM 68000UF 20% 100V SCREW
ALS70H683QM100,48,391.1675,KEMET,CAP ALUM 68000UF 20% 100V SCREW
ALS71A683QM100,48,391.1675,KEMET,CAP ALUM 68000UF 20% 100V SCREW
ALS71C683QM100,48,391.1675,KEMET,CAP ALUM 68000UF 20% 100V SCREW
ALS71H683QM100,48,391.1675,KEMET,CAP ALUM 68000UF 20% 100V SCREW
ALS30A223QD100,96,391.55083,KEMET,CAP ALUM SCRW TERM 85C
ALS80A274QM040,48,392.76458,KEMET,CAP ALUM 270000UF 20% 40V SCREW
ALS80C274QM040,48,392.76458,KEMET,CAP ALUM 270000UF 20% 40V SCREW
ALS80H274QM040,48,392.76458,KEMET,CAP ALUM 270000UF 20% 40V SCREW
ALS81A274QM040,48,392.76458,KEMET,CAP ALUM 270000UF 20% 40V SCREW
ALS81C274QM040,48,392.76458,KEMET,CAP ALUM 270000UF 20% 40V SCREW
ALS81H274QM040,48,392.76458,KEMET,CAP ALUM 270000UF 20% 40V SCREW
ALS70A334QH040,48,393.01271,KEMET,CAP ALUM 330000UF 20% 40V SCREW
ALS70C334QH040,48,393.01271,KEMET,CAP ALUM 330000UF 20% 40V SCREW
ALS70H334QH040,48,393.01271,KEMET,CAP ALUM 330000UF 20% 40V SCREW
ALS71A334QH040,48,393.01271,KEMET,CAP ALUM 330000UF 20% 40V SCREW
ALS71C334QH040,48,393.01271,KEMET,CAP ALUM 330000UF 20% 40V SCREW
ALS71H334QH040,48,393.01271,KEMET,CAP ALUM 330000UF 20% 40V SCREW
ALS80A684NW025,48,393.68458,KEMET,CAP ALUM 680000UF 20% 25V SCREW
ALS80C684NW025,48,393.68458,KEMET,CAP ALUM 680000UF 20% 25V SCREW
ALS80G684NW025,48,393.68458,KEMET,CAP ALUM 680000UF 20% 25V SCREW
ALS80H684NW025,48,393.68458,KEMET,CAP ALUM 680000UF 20% 25V SCREW
ALS80P684NW025,48,393.68458,KEMET,CAP ALUM 680000UF 20% 25V SCREW
ALS80U684NW025,48,393.68458,KEMET,CAP ALUM 680000UF 20% 25V SCREW
ALS81A684NW025,48,393.68458,KEMET,CAP ALUM 680000UF 20% 25V SCREW
ALS81C684NW025,48,393.68458,KEMET,CAP ALUM 680000UF 20% 25V SCREW
ALS81G684NW025,48,393.68458,KEMET,CAP ALUM 680000UF 20% 25V SCREW
ALS81H684NW025,48,393.68458,KEMET,CAP ALUM 680000UF 20% 25V SCREW
ALS81P684NW025,48,393.68458,KEMET,CAP ALUM 680000UF 20% 25V SCREW
ALS81U684NW025,48,393.68458,KEMET,CAP ALUM 680000UF 20% 25V SCREW
ALS30A154NF040,96,394.64073,KEMET,CAP ALUM SCRW TERM 85C
PEH200ZX4330MU2,96,394.70875,KEMET,CAP ALUM SCRW TERM 85C
ALS70C202MF630,96,395.29708,KEMET,CAP ALUM SCREW TERM CV
ALS30A223QC100,96,395.57969,KEMET,CAP ALUM SCRW TERM 85C
ALS40A223NF100,96,395.98365,KEMET,CAP ALUM SCRW TERM 105C
ALS71A274NJ040,96,396.16021,KEMET,CAP ALUM 270000UF 20% 40V SCREW
ALS70A512NJ500,48,396.42375,KEMET,CAP ALUM 5100UF 20% 500V SCREW
ALS70C512NJ500,48,396.42375,KEMET,CAP ALUM 5100UF 20% 500V SCREW
ALS70G512NJ500,48,396.42375,KEMET,CAP ALUM 5100UF 20% 500V SCREW
ALS70H512NJ500,48,396.42375,KEMET,CAP ALUM 5100UF 20% 500V SCREW
ALS70P512NJ500,48,396.42375,KEMET,CAP ALUM 5100UF 20% 500V SCREW
ALS70U512NJ500,48,396.42375,KEMET,CAP ALUM 5100UF 20% 500V SCREW
ALS71C512NJ500,48,396.42375,KEMET,CAP ALUM 5100UF 20% 500V SCREW
ALS71G512NJ500,48,396.42375,KEMET,CAP ALUM 5100UF 20% 500V SCREW
ALS71H512NJ500,48,396.42375,KEMET,CAP ALUM 5100UF 20% 500V SCREW
ALS71P512NJ500,48,396.42375,KEMET,CAP ALUM 5100UF 20% 500V SCREW
ALS71U512NJ500,48,396.42375,KEMET,CAP ALUM 5100UF 20% 500V SCREW
ALS40C104QP063,96,396.83125,KEMET,CAP ALUM SCRW TERM 105C
ALS80A163NF200,96,398.22073,KEMET,CAP ALUM 16000UF 20% 200V SCREW
ALS31A154NF040,96,398.80302,KEMET,CAP ALUM SCREW TERM 85C
ALS80A683NW100,48,399.885,KEMET,CAP ALUM 68000UF 20% 100V SCREW
ALS80C683NW100,48,399.885,KEMET,CAP ALUM 68000UF 20% 100V SCREW
ALS80G683NW100,48,399.885,KEMET,CAP ALUM 68000UF 20% 100V SCREW
ALS80H683NW100,48,399.885,KEMET,CAP ALUM 68000UF 20% 100V SCREW
ALS80P683NW100,48,399.885,KEMET,CAP ALUM 68000UF 20% 100V SCREW
ALS80U683NW100,48,399.885,KEMET,CAP ALUM 68000UF 20% 100V SCREW
ALS81A683NW100,48,399.885,KEMET,CAP ALUM 68000UF 20% 100V SCREW
ALS81C683NW100,48,399.885,KEMET,CAP ALUM 68000UF 20% 100V SCREW
ALS81G683NW100,48,399.885,KEMET,CAP ALUM 68000UF 20% 100V SCREW
ALS81H683NW100,48,399.885,KEMET,CAP ALUM 68000UF 20% 100V SCREW
ALS81P683NW100,48,399.885,KEMET,CAP ALUM 68000UF 20% 100V SCREW
ALS81U683NW100,48,399.885,KEMET,CAP ALUM 68000UF 20% 100V SCREW
ALS31A222QD450,96,400.5499,KEMET,CAP ALUM SCREW TERM 85C
ALS31A332NF415,96,400.68521,KEMET,CAP ALUM SCREW TERM 85C
ALS30A332NF415,96,400.81781,KEMET,CAP ALUM SCRW TERM 85C
ALS41G473NT100,96,401.60604,KEMET,CAP ALUM SCRW TERM 105C
ALS31C682QP400,96,401.6775,KEMET,CAP ALUM SCREW TERM 85C
PEH200ZY4330MB2,96,402.02719,KEMET,CAP ALUM SCRW TERM 85C
ALS70A183NF200,96,402.12885,KEMET,CAP ALUM 18000UF 20% 200V SCREW
ALS31A222QC450,96,402.1625,KEMET,CAP ALUM SCREW TERM 85C
ALS41C473NT100,96,402.9575,KEMET,CAP ALUM SCRW TERM 105C
ALS80A624QM025,48,404.73458,KEMET,CAP ALUM 620000UF 20% 25V SCREW
ALS80C624QM025,48,404.73458,KEMET,CAP ALUM 620000UF 20% 25V SCREW
ALS80H624QM025,48,404.73458,KEMET,CAP ALUM 620000UF 20% 25V SCREW
ALS81A624QM025,48,404.73458,KEMET,CAP ALUM 620000UF 20% 25V SCREW
ALS81C624QM025,48,404.73458,KEMET,CAP ALUM 620000UF 20% 25V SCREW
ALS81H624QM025,48,404.73458,KEMET,CAP ALUM 620000UF 20% 25V SCREW
PEH200SV512AMB2,96,406.90365,KEMET,CAP ALUM SCRW TERM 85C
ALS40A224QC025,96,408.60917,KEMET,CAP ALUM SCRW TERM 105C
ALS31C332NP450,96,408.77458,KEMET,CAP ALUM SCREW TERM 85C
ALS80C562NP450,48,409.41729,KEMET,CAP ALUM 5600UF 20% 450V SCREW
ALS80G562NP450,48,409.41729,KEMET,CAP ALUM 5600UF 20% 450V SCREW
ALS80H562NP450,48,409.41729,KEMET,CAP ALUM 5600UF 20% 450V SCREW
ALS80P562NP450,48,409.41729,KEMET,CAP ALUM 5600UF 20% 450V SCREW
ALS80U562NP450,48,409.41729,KEMET,CAP ALUM 5600UF 20% 450V SCREW
ALS81A562NP450,48,409.41729,KEMET,CAP ALUM 5600UF 20% 450V SCREW
ALS81G562NP450,48,409.41729,KEMET,CAP ALUM 5600UF 20% 450V SCREW
ALS81H562NP450,48,409.41729,KEMET,CAP ALUM 5600UF 20% 450V SCREW
ALS81P562NP450,48,409.41729,KEMET,CAP ALUM 5600UF 20% 450V SCREW
ALS81U562NP450,48,409.41729,KEMET,CAP ALUM 5600UF 20% 450V SCREW
ALS70A103QH350,48,409.56188,KEMET,CAP ALUM 10000UF 20% 350V SCREW
ALS70C103QH350,48,409.56188,KEMET,CAP ALUM 10000UF 20% 350V SCREW
ALS70H103QH350,48,409.56188,KEMET,CAP ALUM 10000UF 20% 350V SCREW
ALS71A103QH350,48,409.56188,KEMET,CAP ALUM 10000UF 20% 350V SCREW
ALS71C103QH350,48,409.56188,KEMET,CAP ALUM 10000UF 20% 350V SCREW
ALS71H103QH350,48,409.56188,KEMET,CAP ALUM 10000UF 20% 350V SCREW
ALS31C682NT400,96,409.60844,KEMET,CAP ALUM SCREW TERM 85C
ALS70A272MF550,96,410.00292,KEMET,CAP ALUM 2700UF 20% 550V SCREW
ALS70C272MF550,96,410.00292,KEMET,CAP ALUM 2700UF 20% 550V SCREW
ALS70H272MF550,96,410.00292,KEMET,CAP ALUM 2700UF 20% 550V SCREW
ALS71A272MF550,96,410.00292,KEMET,CAP ALUM 2700UF 20% 550V SCREW
ALS71C272MF550,96,410.00292,KEMET,CAP ALUM 2700UF 20% 550V SCREW
ALS71H272MF550,96,410.00292,KEMET,CAP ALUM 2700UF 20% 550V SCREW
ALS80A623QM100,48,410.02188,KEMET,CAP ALUM 62000UF 20% 100V SCREW
ALS80H623QM100,48,410.02188,KEMET,CAP ALUM 62000UF 20% 100V SCREW
ALS81A623QM100,48,410.02188,KEMET,CAP ALUM 62000UF 20% 100V SCREW
ALS81C623QM100,48,410.02188,KEMET,CAP ALUM 62000UF 20% 100V SCREW
ALS81H623QM100,48,410.02188,KEMET,CAP ALUM 62000UF 20% 100V SCREW
ALS80A113NJ250,96,410.90479,KEMET,CAP ALUM 11000UF 20% 250V SCREW
ALS30A472NF350,96,413.04198,KEMET,CAP ALUM SCRW TERM 85C
PEH200OX4470MB2,96,413.09542,KEMET,CAP ALUM SCRW TERM 85C
ALS41C473QP100,96,413.26594,KEMET,CAP ALUM SCRW TERM 105C
PEH169VO4100QB2,96,413.38135,KEMET,CAP ALUM SCRW TERM 85C
PEH169VO4100QU2,96,413.38135,KEMET,CAP ALUM SCREW TERM 105C
ALS80A184NW063,48,413.58125,KEMET,CAP ALUM 180000UF 20% 63V SCREW
ALS80C184NW063,48,413.58125,KEMET,CAP ALUM 180000UF 20% 63V SCREW
ALS80G184NW063,48,413.58125,KEMET,CAP ALUM 180000UF 20% 63V SCREW
ALS80P184NW063,48,413.58125,KEMET,CAP ALUM 180000UF 20% 63V SCREW
ALS80U184NW063,48,413.58125,KEMET,CAP ALUM 180000UF 20% 63V SCREW
ALS81A184NW063,48,413.58125,KEMET,CAP ALUM 180000UF 20% 63V SCREW
ALS81C184NW063,48,413.58125,KEMET,CAP ALUM 180000UF 20% 63V SCREW
ALS81G184NW063,48,413.58125,KEMET,CAP ALUM 180000UF 20% 63V SCREW
ALS81H184NW063,48,413.58125,KEMET,CAP ALUM 180000UF 20% 63V SCREW
ALS81P184NW063,48,413.58125,KEMET,CAP ALUM 180000UF 20% 63V SCREW
ALS81U184NW063,48,413.58125,KEMET,CAP ALUM 180000UF 20% 63V SCREW
ALS41A103NP200,96,414.5201,KEMET,CAP ALUM SCRW TERM 105C
ALS30A682QC250,96,414.92156,KEMET,CAP ALUM SCRW TERM 85C
ALS31A682QC250,96,414.92156,KEMET,CAP ALUM SCREW TERM 85C
PEH200ZO418HMBA,96,415.74854,KEMET,CAP ALUM 1800UF 20% 500V SCREW
ALS80A164QM063,48,416.05,KEMET,CAP ALUM 160000UF 20% 63V SCREW
ALS80C164QM063,48,416.05,KEMET,CAP ALUM 160000UF 20% 63V SCREW
ALS81A164QM063,48,416.05,KEMET,CAP ALUM 160000UF 20% 63V SCREW
ALS81C164QM063,48,416.05,KEMET,CAP ALUM 160000UF 20% 63V SCREW
ALS81H164QM063,48,416.05,KEMET,CAP ALUM 160000UF 20% 63V SCREW
PEH200YK4100MU2,96,416.11979,KEMET,CAP ALUM 1000UF 20% 450V SCREW
ALS31A472NF350,96,417.20688,KEMET,CAP ALUM SCREW TERM 85C
PEH169KO547VMB2,96,417.41448,KEMET,CAP ALUM SCRW TERM 105C
ALS80A912QH350,48,417.6625,KEMET,CAP ALUM 9100UF 20% 350V SCREW
ALS80C912QH350,48,417.6625,KEMET,CAP ALUM 9100UF 20% 350V SCREW
ALS80H912QH350,48,417.6625,KEMET,CAP ALUM 9100UF 20% 350V SCREW
ALS81A912QH350,48,417.6625,KEMET,CAP ALUM 9100UF 20% 350V SCREW
ALS81C912QH350,48,417.6625,KEMET,CAP ALUM 9100UF 20% 350V SCREW
ALS81H912QH350,48,417.6625,KEMET,CAP ALUM 9100UF 20% 350V SCREW
ALS70A273NW200,48,417.90896,KEMET,CAP ALUM 27000UF 20% 200V SCREW
ALS70C273NW200,48,417.90896,KEMET,CAP ALUM 27000UF 20% 200V SCREW
ALS70G273NW200,48,417.90896,KEMET,CAP ALUM 27000UF 20% 200V SCREW
ALS70H273NW200,48,417.90896,KEMET,CAP ALUM 27000UF 20% 200V SCREW
ALS70P273NW200,48,417.90896,KEMET,CAP ALUM 27000UF 20% 200V SCREW
ALS70U273NW200,48,417.90896,KEMET,CAP ALUM 27000UF 20% 200V SCREW
ALS71A273NW200,48,417.90896,KEMET,CAP ALUM 27000UF 20% 200V SCREW
ALS71C273NW200,48,417.90896,KEMET,CAP ALUM 27000UF 20% 200V SCREW
ALS71G273NW200,48,417.90896,KEMET,CAP ALUM 27000UF 20% 200V SCREW
ALS71H273NW200,48,417.90896,KEMET,CAP ALUM 27000UF 20% 200V SCREW
ALS71P273NW200,48,417.90896,KEMET,CAP ALUM 27000UF 20% 200V SCREW
ALS71U273NW200,48,417.90896,KEMET,CAP ALUM 27000UF 20% 200V SCREW
ALS70A243QM200,48,418.60667,KEMET,CAP ALUM 24000UF 20% 200V SCREW
ALS70C243QM200,48,418.60667,KEMET,CAP ALUM 24000UF 20% 200V SCREW
ALS70H243QM200,48,418.60667,KEMET,CAP ALUM 24000UF 20% 200V SCREW
ALS71A243QM200,48,418.60667,KEMET,CAP ALUM 24000UF 20% 200V SCREW
ALS71C243QM200,48,418.60667,KEMET,CAP ALUM 24000UF 20% 200V SCREW
ALS71H243QM200,48,418.60667,KEMET,CAP ALUM 24000UF 20% 200V SCREW
ALS70A822QH400,48,418.65833,KEMET,CAP ALUM 8200UF 20% 400V SCREW
ALS70C822QH400,48,418.65833,KEMET,CAP ALUM 8200UF 20% 400V SCREW
ALS70H822QH400,48,418.65833,KEMET,CAP ALUM 8200UF 20% 400V SCREW
ALS71A822QH400,48,418.65833,KEMET,CAP ALUM 8200UF 20% 400V SCREW
ALS71C822QH400,48,418.65833,KEMET,CAP ALUM 8200UF 20% 400V SCREW
ALS71H822QH400,48,418.65833,KEMET,CAP ALUM 8200UF 20% 400V SCREW
ALS70A754QP025,48,418.95646,KEMET,CAP ALUM 750000UF 20% 25V SCREW
ALS70C754QP025,48,418.95646,KEMET,CAP ALUM 750000UF 20% 25V SCREW
ALS70H754QP025,48,418.95646,KEMET,CAP ALUM 750000UF 20% 25V SCREW
ALS71A754QP025,48,418.95646,KEMET,CAP ALUM 750000UF 20% 25V SCREW
ALS71C754QP025,48,418.95646,KEMET,CAP ALUM 750000UF 20% 25V SCREW
ALS71H754QP025,48,418.95646,KEMET,CAP ALUM 750000UF 20% 25V SCREW
ALS80A242QC500,96,420.62406,KEMET,CAP ALUM 2400UF 20% 500V SCREW
ALS70C244NS063,48,420.85667,KEMET,CAP ALUM 240000UF 20% 63V SCREW
ALS70G244NS063,48,420.85667,KEMET,CAP ALUM 240000UF 20% 63V SCREW
ALS70H244NS063,48,420.85667,KEMET,CAP ALUM 240000UF 20% 63V SCREW
ALS70P244NS063,48,420.85667,KEMET,CAP ALUM 240000UF 20% 63V SCREW
ALS70U244NS063,48,420.85667,KEMET,CAP ALUM 240000UF 20% 63V SCREW
ALS71A244NS063,48,420.85667,KEMET,CAP ALUM 240000UF 20% 63V SCREW
ALS71C244NS063,48,420.85667,KEMET,CAP ALUM 240000UF 20% 63V SCREW
ALS71G244NS063,48,420.85667,KEMET,CAP ALUM 240000UF 20% 63V SCREW
ALS71H244NS063,48,420.85667,KEMET,CAP ALUM 240000UF 20% 63V SCREW
ALS71P244NS063,48,420.85667,KEMET,CAP ALUM 240000UF 20% 63V SCREW
ALS71U244NS063,48,420.85667,KEMET,CAP ALUM 240000UF 20% 63V SCREW
ALS70C912NP400,48,421.51646,KEMET,CAP ALUM 9100UF 20% 400V SCREW
ALS70H912NP400,48,421.51646,KEMET,CAP ALUM 9100UF 20% 400V SCREW
ALS70P912NP400,48,421.51646,KEMET,CAP ALUM 9100UF 20% 400V SCREW
ALS71C912NP400,48,421.51646,KEMET,CAP ALUM 9100UF 20% 400V SCREW
ALS71G912NP400,48,421.51646,KEMET,CAP ALUM 9100UF 20% 400V SCREW
ALS71H912NP400,48,421.51646,KEMET,CAP ALUM 9100UF 20% 400V SCREW
ALS71P912NP400,48,421.51646,KEMET,CAP ALUM 9100UF 20% 400V SCREW
ALS71U912NP400,48,421.51646,KEMET,CAP ALUM 9100UF 20% 400V SCREW
PEH200KO5680MU2,96,421.55698,KEMET,CAP ALUM SCRW TERM 85C
ALS70C752NP450,48,421.62667,KEMET,CAP ALUM 7500UF 20% 450V SCREW
ALS70G752NP450,48,421.62667,KEMET,CAP ALUM 7500UF 20% 450V SCREW
ALS70H752NP450,48,421.62667,KEMET,CAP ALUM 7500UF 20% 450V SCREW
ALS70P752NP450,48,421.62667,KEMET,CAP ALUM 7500UF 20% 450V SCREW
ALS70U752NP450,48,421.62667,KEMET,CAP ALUM 7500UF 20% 450V SCREW
ALS71G752NP450,48,421.62667,KEMET,CAP ALUM 7500UF 20% 450V SCREW
ALS71H752NP450,48,421.62667,KEMET,CAP ALUM 7500UF 20% 450V SCREW
ALS71P752NP450,48,421.62667,KEMET,CAP ALUM 7500UF 20% 450V SCREW
ALS71U752NP450,48,421.62667,KEMET,CAP ALUM 7500UF 20% 450V SCREW
ALS70C562NP500,48,422.71729,KEMET,CAP ALUM 5600UF 20% 500V SCREW
ALS70G562NP500,48,422.71729,KEMET,CAP ALUM 5600UF 20% 500V SCREW
ALS70H562NP500,48,422.71729,KEMET,CAP ALUM 5600UF 20% 500V SCREW
ALS70P562NP500,48,422.71729,KEMET,CAP ALUM 5600UF 20% 500V SCREW
ALS70U562NP500,48,422.71729,KEMET,CAP ALUM 5600UF 20% 500V SCREW
ALS71C562NP500,48,422.71729,KEMET,CAP ALUM 5600UF 20% 500V SCREW
ALS71G562NP500,48,422.71729,KEMET,CAP ALUM 5600UF 20% 500V SCREW
ALS71H562NP500,48,422.71729,KEMET,CAP ALUM 5600UF 20% 500V SCREW
ALS71P562NP500,48,422.71729,KEMET,CAP ALUM 5600UF 20% 500V SCREW
ALS71U562NP500,48,422.71729,KEMET,CAP ALUM 5600UF 20% 500V SCREW
ALS70A224QP063,48,426.47292,KEMET,CAP ALUM 220000UF 20% 63V SCREW
ALS70C224QP063,48,426.47292,KEMET,CAP ALUM 220000UF 20% 63V SCREW
ALS71A224QP063,48,426.47292,KEMET,CAP ALUM 220000UF 20% 63V SCREW
ALS71H224QP063,48,426.47292,KEMET,CAP ALUM 220000UF 20% 63V SCREW
ALS40A222QC415,96,426.87781,KEMET,CAP ALUM SCRW TERM 105C
ALS70C392NF550,48,428.09417,KEMET,CAP ALUM 3900UF 20% 550V SCREW
ALS70G392NF550,48,428.09417,KEMET,CAP ALUM 3900UF 20% 550V SCREW
ALS70H392NF550,48,428.09417,KEMET,CAP ALUM 3900UF 20% 550V SCREW
ALS70P392NF550,48,428.09417,KEMET,CAP ALUM 3900UF 20% 550V SCREW
ALS71G392NF550,48,428.09417,KEMET,CAP ALUM 3900UF 20% 550V SCREW
ALS71H392NF550,48,428.09417,KEMET,CAP ALUM 3900UF 20% 550V SCREW
ALS71P392NF550,48,428.09417,KEMET,CAP ALUM 3900UF 20% 550V SCREW
ALS71U392NF550,48,428.09417,KEMET,CAP ALUM 3900UF 20% 550V SCREW
ALS80A392NF500,48,428.42313,KEMET,CAP ALUM 3900UF 20% 500V SCREW
ALS80C392NF500,48,428.42313,KEMET,CAP ALUM 3900UF 20% 500V SCREW
ALS80G392NF500,48,428.42313,KEMET,CAP ALUM 3900UF 20% 500V SCREW
ALS80H392NF500,48,428.42313,KEMET,CAP ALUM 3900UF 20% 500V SCREW
ALS80P392NF500,48,428.42313,KEMET,CAP ALUM 3900UF 20% 500V SCREW
ALS80U392NF500,48,428.42313,KEMET,CAP ALUM 3900UF 20% 500V SCREW
ALS81A392NF500,48,428.42313,KEMET,CAP ALUM 3900UF 20% 500V SCREW
ALS81C392NF500,48,428.42313,KEMET,CAP ALUM 3900UF 20% 500V SCREW
ALS81G392NF500,48,428.42313,KEMET,CAP ALUM 3900UF 20% 500V SCREW
ALS81H392NF500,48,428.42313,KEMET,CAP ALUM 3900UF 20% 500V SCREW
ALS81P392NF500,48,428.42313,KEMET,CAP ALUM 3900UF 20% 500V SCREW
ALS81U392NF500,48,428.42313,KEMET,CAP ALUM 3900UF 20% 500V SCREW
ALS41A683NP063,96,430.10115,KEMET,CAP ALUM SCRW TERM 105C
ALS40A683NP063,96,430.23552,KEMET,CAP ALUM SCRW TERM 105C
ALS80A163NW250,48,430.37333,KEMET,CAP ALUM 16000UF 20% 250V SCREW
ALS80C163NW250,48,430.37333,KEMET,CAP ALUM 16000UF 20% 250V SCREW
ALS80G163NW250,48,430.37333,KEMET,CAP ALUM 16000UF 20% 250V SCREW
ALS80H163NW250,48,430.37333,KEMET,CAP ALUM 16000UF 20% 250V SCREW
ALS80P163NW250,48,430.37333,KEMET,CAP ALUM 16000UF 20% 250V SCREW
ALS80U163NW250,48,430.37333,KEMET,CAP ALUM 16000UF 20% 250V SCREW
ALS81A163NW250,48,430.37333,KEMET,CAP ALUM 16000UF 20% 250V SCREW
ALS81C163NW250,48,430.37333,KEMET,CAP ALUM 16000UF 20% 250V SCREW
ALS81G163NW250,48,430.37333,KEMET,CAP ALUM 16000UF 20% 250V SCREW
ALS81H163NW250,48,430.37333,KEMET,CAP ALUM 16000UF 20% 250V SCREW
ALS81P163NW250,48,430.37333,KEMET,CAP ALUM 16000UF 20% 250V SCREW
ALS81U163NW250,48,430.37333,KEMET,CAP ALUM 16000UF 20% 250V SCREW
PEH200ZK410AMB2,96,430.71365,KEMET,CAP ALUM 1000UF 5V
PEH169RO447VMB2,96,431.24771,KEMET,CAP ALUM SCRW TERM 105C
PEH169RO447VMU2,96,431.24771,KEMET,CAP ALUM SCREW TERM 105C
ALS80A752NP400,48,431.44833,KEMET,CAP ALUM 7500UF 20% 400V SCREW
ALS80C752NP400,48,431.44833,KEMET,CAP ALUM 7500UF 20% 400V SCREW
ALS80G752NP400,48,431.44833,KEMET,CAP ALUM 7500UF 20% 400V SCREW
ALS80H752NP400,48,431.44833,KEMET,CAP ALUM 7500UF 20% 400V SCREW
ALS80P752NP400,48,431.44833,KEMET,CAP ALUM 7500UF 20% 400V SCREW
ALS80U752NP400,48,431.44833,KEMET,CAP ALUM 7500UF 20% 400V SCREW
ALS81A752NP400,48,431.44833,KEMET,CAP ALUM 7500UF 20% 400V SCREW
ALS81C752NP400,48,431.44833,KEMET,CAP ALUM 7500UF 20% 400V SCREW
ALS81G752NP400,48,431.44833,KEMET,CAP ALUM 7500UF 20% 400V SCREW
ALS81H752NP400,48,431.44833,KEMET,CAP ALUM 7500UF 20% 400V SCREW
ALS81P752NP400,48,431.44833,KEMET,CAP ALUM 7500UF 20% 400V SCREW
ALS81U752NP400,48,431.44833,KEMET,CAP ALUM 7500UF 20% 400V SCREW
ALS70A203NW250,48,432.86625,KEMET,CAP ALUM 20000UF 20% 250V SCREW
ALS70C203NW250,48,432.86625,KEMET,CAP ALUM 20000UF 20% 250V SCREW
ALS70G203NW250,48,432.86625,KEMET,CAP ALUM 20000UF 20% 250V SCREW
ALS70H203NW250,48,432.86625,KEMET,CAP ALUM 20000UF 20% 250V SCREW
ALS70P203NW250,48,432.86625,KEMET,CAP ALUM 20000UF 20% 250V SCREW
ALS70U203NW250,48,432.86625,KEMET,CAP ALUM 20000UF 20% 250V SCREW
ALS71A203NW250,48,432.86625,KEMET,CAP ALUM 20000UF 20% 250V SCREW
ALS71C203NW250,48,432.86625,KEMET,CAP ALUM 20000UF 20% 250V SCREW
ALS71G203NW250,48,432.86625,KEMET,CAP ALUM 20000UF 20% 250V SCREW
ALS71H203NW250,48,432.86625,KEMET,CAP ALUM 20000UF 20% 250V SCREW
ALS71P203NW250,48,432.86625,KEMET,CAP ALUM 20000UF 20% 250V SCREW
ALS71U203NW250,48,432.86625,KEMET,CAP ALUM 20000UF 20% 250V SCREW
PEH169QT4470QB2,96,432.91885,KEMET,CAP ALUM SCRW TERM 105C
ALS31A103QH200,96,433.18927,KEMET,CAP ALUM SCREW TERM 85C
PEH200SO4330MB2,96,433.43563,KEMET,CAP ALUM SCRW TERM 85C
ALS80A364NS040,48,433.98438,KEMET,CAP ALUM 360000UF 20% 40V SCREW
ALS80C364NS040,48,433.98438,KEMET,CAP ALUM 360000UF 20% 40V SCREW
ALS80G364NS040,48,433.98438,KEMET,CAP ALUM 360000UF 20% 40V SCREW
ALS80H364NS040,48,433.98438,KEMET,CAP ALUM 360000UF 20% 40V SCREW
ALS80P364NS040,48,433.98438,KEMET,CAP ALUM 360000UF 20% 40V SCREW
ALS80U364NS040,48,433.98438,KEMET,CAP ALUM 360000UF 20% 40V SCREW
ALS81A364NS040,48,433.98438,KEMET,CAP ALUM 360000UF 20% 40V SCREW
ALS81C364NS040,48,433.98438,KEMET,CAP ALUM 360000UF 20% 40V SCREW
ALS81G364NS040,48,433.98438,KEMET,CAP ALUM 360000UF 20% 40V SCREW
ALS81H364NS040,48,433.98438,KEMET,CAP ALUM 360000UF 20% 40V SCREW
ALS81P364NS040,48,433.98438,KEMET,CAP ALUM 360000UF 20% 40V SCREW
ALS81U364NS040,48,433.98438,KEMET,CAP ALUM 360000UF 20% 40V SCREW
ALS70A823QP100,48,434.25833,KEMET,CAP ALUM 82000UF 20% 100V SCREW
ALS70C823QP100,48,434.25833,KEMET,CAP ALUM 82000UF 20% 100V SCREW
ALS70H823QP100,48,434.25833,KEMET,CAP ALUM 82000UF 20% 100V SCREW
ALS71A823QP100,48,434.25833,KEMET,CAP ALUM 82000UF 20% 100V SCREW
ALS71C823QP100,48,434.25833,KEMET,CAP ALUM 82000UF 20% 100V SCREW
ALS71H823QP100,48,434.25833,KEMET,CAP ALUM 82000UF 20% 100V SCREW
ALS70A183QM250,48,435.25229,KEMET,CAP ALUM 18000UF 20% 250V SCREW
ALS70C183QM250,48,435.25229,KEMET,CAP ALUM 18000UF 20% 250V SCREW
ALS70H183QM250,48,435.25229,KEMET,CAP ALUM 18000UF 20% 250V SCREW
ALS71A183QM250,48,435.25229,KEMET,CAP ALUM 18000UF 20% 250V SCREW
ALS71C183QM250,48,435.25229,KEMET,CAP ALUM 18000UF 20% 250V SCREW
ALS71H183QM250,48,435.25229,KEMET,CAP ALUM 18000UF 20% 250V SCREW
ALS30A683QH063,96,436.28,KEMET,CAP ALUM SCRW TERM 85C
ALS81A134QH063,96,436.33,KEMET,CAP ALUM 130000UF 20% 63V SCREW
PEH200MO5330MU2,96,437.15688,KEMET,CAP ALUM SCRW TERM 85C
ALS80A334QP040,48,439.275,KEMET,CAP ALUM 330000UF 20% 40V SCREW
ALS80C334QP040,48,439.275,KEMET,CAP ALUM 330000UF 20% 40V SCREW
ALS80H334QP040,48,439.275,KEMET,CAP ALUM 330000UF 20% 40V SCREW
ALS81A334QP040,48,439.275,KEMET,CAP ALUM 330000UF 20% 40V SCREW
ALS81C334QP040,48,439.275,KEMET,CAP ALUM 330000UF 20% 40V SCREW
ALS81H334QP040,48,439.275,KEMET,CAP ALUM 330000UF 20% 40V SCREW
PEH200MO5330MB2,96,439.86344,KEMET,CAP ALUM SCRW TERM 85C
ALS80A562QH450,48,440.39667,KEMET,CAP ALUM 5600UF 20% 450V SCREW
ALS80C562QH450,48,440.39667,KEMET,CAP ALUM 5600UF 20% 450V SCREW
ALS80H562QH450,48,440.39667,KEMET,CAP ALUM 5600UF 20% 450V SCREW
ALS81A562QH450,48,440.39667,KEMET,CAP ALUM 5600UF 20% 450V SCREW
ALS81C562QH450,48,440.39667,KEMET,CAP ALUM 5600UF 20% 450V SCREW
ALS81H562QH450,48,440.39667,KEMET,CAP ALUM 5600UF 20% 450V SCREW
ALS30A683QC063,96,440.44406,KEMET,CAP ALUM SCRW TERM 85C
ALS31A683QC063,96,440.44406,KEMET,CAP ALUM SCREW TERM 85C
PEH169PO5100QB2,96,441.1874,KEMET,CAP ALUM SCRW TERM 105C
PEH169PO5100QU2,96,441.1874,KEMET,CAP ALUM SCREW TERM 105C
ALS70C223NP200,96,441.52854,KEMET,CAP ALUM 22000UF 20% 200V SCREW
ALS71A223NP200,96,441.52854,KEMET,CAP ALUM 22000UF 20% 200V SCREW
ALS71C223NP200,96,441.52854,KEMET,CAP ALUM 22000UF 20% 200V SCREW
ALS80C243NW200,48,442.92563,KEMET,CAP ALUM 24000UF 20% 200V SCREW
ALS80G243NW200,48,442.92563,KEMET,CAP ALUM 24000UF 20% 200V SCREW
ALS80H243NW200,48,442.92563,KEMET,CAP ALUM 24000UF 20% 200V SCREW
ALS80P243NW200,48,442.92563,KEMET,CAP ALUM 24000UF 20% 200V SCREW
ALS80U243NW200,48,442.92563,KEMET,CAP ALUM 24000UF 20% 200V SCREW
ALS81A243NW200,48,442.92563,KEMET,CAP ALUM 24000UF 20% 200V SCREW
ALS81C243NW200,48,442.92563,KEMET,CAP ALUM 24000UF 20% 200V SCREW
ALS81G243NW200,48,442.92563,KEMET,CAP ALUM 24000UF 20% 200V SCREW
ALS81H243NW200,48,442.92563,KEMET,CAP ALUM 24000UF 20% 200V SCREW
ALS81P243NW200,48,442.92563,KEMET,CAP ALUM 24000UF 20% 200V SCREW
ALS81U243NW200,48,442.92563,KEMET,CAP ALUM 24000UF 20% 200V SCREW
PEH169UX468VMB2,96,444.21094,KEMET,CAP ALUM SCRW TERM 105C
ALS30A333NF100,96,446.08531,KEMET,CAP ALUM SCRW TERM 85C
ALS30C153NT250,96,447.08458,KEMET,CAP ALUM SCRW TERM 85C
ALS70A914NS025,48,447.62208,KEMET,CAP ALUM 910000UF 20% 25V SCREW
ALS70C914NS025,48,447.62208,KEMET,CAP ALUM 910000UF 20% 25V SCREW
ALS70G914NS025,48,447.62208,KEMET,CAP ALUM 910000UF 20% 25V SCREW
ALS70H914NS025,48,447.62208,KEMET,CAP ALUM 910000UF 20% 25V SCREW
ALS70P914NS025,48,447.62208,KEMET,CAP ALUM 910000UF 20% 25V SCREW
ALS70U914NS025,48,447.62208,KEMET,CAP ALUM 910000UF 20% 25V SCREW
ALS71A914NS025,48,447.62208,KEMET,CAP ALUM 910000UF 20% 25V SCREW
ALS71C914NS025,48,447.62208,KEMET,CAP ALUM 910000UF 20% 25V SCREW
ALS71G914NS025,48,447.62208,KEMET,CAP ALUM 910000UF 20% 25V SCREW
ALS71H914NS025,48,447.62208,KEMET,CAP ALUM 910000UF 20% 25V SCREW
ALS71P914NS025,48,447.62208,KEMET,CAP ALUM 910000UF 20% 25V SCREW
ALS71U914NS025,48,447.62208,KEMET,CAP ALUM 910000UF 20% 25V SCREW
ALS41A682QH250,96,447.69615,KEMET,CAP ALUM SCRW TERM 105C
PEH200PK5150MB2,96,448.24229,KEMET,CAP ALUM SCRW TERM 85C
PEH200PK5150MU2,96,448.36896,KEMET,CAP ALUM SCRW TERM 85C
ALS71A203QH200,96,449.16396,KEMET,CAP ALUM 20000UF 20% 200V SCREW
ALS80A824NS025,48,449.32771,KEMET,CAP ALUM 820000UF 20% 25V SCREW
ALS80C824NS025,48,449.32771,KEMET,CAP ALUM 820000UF 20% 25V SCREW
ALS80G824NS025,48,449.32771,KEMET,CAP ALUM 820000UF 20% 25V SCREW
ALS80H824NS025,48,449.32771,KEMET,CAP ALUM 820000UF 20% 25V SCREW
ALS80P824NS025,48,449.32771,KEMET,CAP ALUM 820000UF 20% 25V SCREW
ALS80U824NS025,48,449.32771,KEMET,CAP ALUM 820000UF 20% 25V SCREW
ALS81A824NS025,48,449.32771,KEMET,CAP ALUM 820000UF 20% 25V SCREW
ALS81C824NS025,48,449.32771,KEMET,CAP ALUM 820000UF 20% 25V SCREW
ALS81G824NS025,48,449.32771,KEMET,CAP ALUM 820000UF 20% 25V SCREW
ALS81H824NS025,48,449.32771,KEMET,CAP ALUM 820000UF 20% 25V SCREW
ALS81P824NS025,48,449.32771,KEMET,CAP ALUM 820000UF 20% 25V SCREW
ALS81U824NS025,48,449.32771,KEMET,CAP ALUM 820000UF 20% 25V SCREW
ALS40A222NP450,96,449.44396,KEMET,CAP ALUM SCRW TERM 105C
ALS41A222NP450,96,449.44396,KEMET,CAP ALUM SCRW TERM 105C
PEH200OV4330MB2,96,450.28292,KEMET,CAP ALUM 3300UF 20% 420V SCREW
ALS31A333NF100,96,450.38198,KEMET,CAP ALUM SCREW TERM 85C
ALS80C472NF450,96,450.66365,KEMET,CAP ALUM 4700UF 20% 450V SCREW
ALS81A472NF450,96,450.66365,KEMET,CAP ALUM 4700UF 20% 450V SCREW
ALS80A223QM200,48,451.10896,KEMET,CAP ALUM 22000UF 20% 200V SCREW
ALS80C223QM200,48,451.10896,KEMET,CAP ALUM 22000UF 20% 200V SCREW
ALS80H223QM200,48,451.10896,KEMET,CAP ALUM 22000UF 20% 200V SCREW
ALS81A223QM200,48,451.10896,KEMET,CAP ALUM 22000UF 20% 200V SCREW
ALS81C223QM200,48,451.10896,KEMET,CAP ALUM 22000UF 20% 200V SCREW
ALS81H223QM200,48,451.10896,KEMET,CAP ALUM 22000UF 20% 200V SCREW
ALS80A754QP025,48,451.98938,KEMET,CAP ALUM 750000UF 20% 25V SCREW
ALS80C754QP025,48,451.98938,KEMET,CAP ALUM 750000UF 20% 25V SCREW
ALS80H754QP025,48,451.98938,KEMET,CAP ALUM 750000UF 20% 25V SCREW
ALS81A754QP025,48,451.98938,KEMET,CAP ALUM 750000UF 20% 25V SCREW
ALS81C754QP025,48,451.98938,KEMET,CAP ALUM 750000UF 20% 25V SCREW
ALS81H754QP025,48,451.98938,KEMET,CAP ALUM 750000UF 20% 25V SCREW
ALS70C562QH500,48,452.97833,KEMET,CAP ALUM 5600UF 20% 500V SCREW
ALS70H562QH500,48,452.97833,KEMET,CAP ALUM 5600UF 20% 500V SCREW
ALS71A562QH500,48,452.97833,KEMET,CAP ALUM 5600UF 20% 500V SCREW
ALS71C562QH500,48,452.97833,KEMET,CAP ALUM 5600UF 20% 500V SCREW
ALS71H562QH500,48,452.97833,KEMET,CAP ALUM 5600UF 20% 500V SCREW
ALS70C752QH450,48,453.49521,KEMET,CAP ALUM 7500UF 20% 450V SCREW
ALS70H752QH450,48,453.49521,KEMET,CAP ALUM 7500UF 20% 450V SCREW
ALS71A752QH450,48,453.49521,KEMET,CAP ALUM 7500UF 20% 450V SCREW
ALS71C752QH450,48,453.49521,KEMET,CAP ALUM 7500UF 20% 450V SCREW
ALS71H752QH450,48,453.49521,KEMET,CAP ALUM 7500UF 20% 450V SCREW
ALS30A332QC400,96,454.14458,KEMET,CAP ALUM SCRW TERM 85C
ALS70A434NW040,48,454.49604,KEMET,CAP ALUM 430000UF 20% 40V SCREW
ALS70C434NW040,48,454.49604,KEMET,CAP ALUM 430000UF 20% 40V SCREW
ALS70G434NW040,48,454.49604,KEMET,CAP ALUM 430000UF 20% 40V SCREW
ALS70H434NW040,48,454.49604,KEMET,CAP ALUM 430000UF 20% 40V SCREW
ALS70P434NW040,48,454.49604,KEMET,CAP ALUM 430000UF 20% 40V SCREW
ALS70U434NW040,48,454.49604,KEMET,CAP ALUM 430000UF 20% 40V SCREW
ALS71A434NW040,48,454.49604,KEMET,CAP ALUM 430000UF 20% 40V SCREW
ALS71C434NW040,48,454.49604,KEMET,CAP ALUM 430000UF 20% 40V SCREW
ALS71G434NW040,48,454.49604,KEMET,CAP ALUM 430000UF 20% 40V SCREW
ALS71H434NW040,48,454.49604,KEMET,CAP ALUM 430000UF 20% 40V SCREW
ALS71P434NW040,48,454.49604,KEMET,CAP ALUM 430000UF 20% 40V SCREW
ALS71U434NW040,48,454.49604,KEMET,CAP ALUM 430000UF 20% 40V SCREW
ALS70C752NF400,96,455.4401,KEMET,CAP ALUM 7500UF 20% 400V SCREW
ALS40A223QH100,96,456.42906,KEMET,CAP ALUM SCRW TERM 105C
ALS30C472NT500,96,456.98469,KEMET,CAP ALUM SCRW TERM 85C
ALS80A823NS100,48,457.995,KEMET,CAP ALUM 82000UF 20% 100V SCREW
ALS80C823NS100,48,457.995,KEMET,CAP ALUM 82000UF 20% 100V SCREW
ALS80G823NS100,48,457.995,KEMET,CAP ALUM 82000UF 20% 100V SCREW
ALS80H823NS100,48,457.995,KEMET,CAP ALUM 82000UF 20% 100V SCREW
ALS80P823NS100,48,457.995,KEMET,CAP ALUM 82000UF 20% 100V SCREW
ALS80U823NS100,48,457.995,KEMET,CAP ALUM 82000UF 20% 100V SCREW
ALS81A823NS100,48,457.995,KEMET,CAP ALUM 82000UF 20% 100V SCREW
ALS81C823NS100,48,457.995,KEMET,CAP ALUM 82000UF 20% 100V SCREW
ALS81G823NS100,48,457.995,KEMET,CAP ALUM 82000UF 20% 100V SCREW
ALS81H823NS100,48,457.995,KEMET,CAP ALUM 82000UF 20% 100V SCREW
ALS81P823NS100,48,457.995,KEMET,CAP ALUM 82000UF 20% 100V SCREW
ALS81U823NS100,48,457.995,KEMET,CAP ALUM 82000UF 20% 100V SCREW
ALS40C472NT450,96,458.23281,KEMET,CAP ALUM SCRW TERM 105C
ALS80A113NW350,48,458.35688,KEMET,CAP ALUM 11000UF 20% 350V SCREW
ALS80C113NW350,48,458.35688,KEMET,CAP ALUM 11000UF 20% 350V SCREW
ALS80G113NW350,48,458.35688,KEMET,CAP ALUM 11000UF 20% 350V SCREW
ALS80H113NW350,48,458.35688,KEMET,CAP ALUM 11000UF 20% 350V SCREW
ALS80P113NW350,48,458.35688,KEMET,CAP ALUM 11000UF 20% 350V SCREW
ALS80U113NW350,48,458.35688,KEMET,CAP ALUM 11000UF 20% 350V SCREW
ALS81A113NW350,48,458.35688,KEMET,CAP ALUM 11000UF 20% 350V SCREW
ALS81C113NW350,48,458.35688,KEMET,CAP ALUM 11000UF 20% 350V SCREW
ALS81G113NW350,48,458.35688,KEMET,CAP ALUM 11000UF 20% 350V SCREW
ALS81H113NW350,48,458.35688,KEMET,CAP ALUM 11000UF 20% 350V SCREW
ALS81P113NW350,48,458.35688,KEMET,CAP ALUM 11000UF 20% 350V SCREW
ALS81U113NW350,48,458.35688,KEMET,CAP ALUM 11000UF 20% 350V SCREW
ALS41C472NT450,96,458.64115,KEMET,CAP ALUM SCRW TERM 105C
ALS71C622NF450,96,458.70573,KEMET,CAP ALUM 6200UF 20% 450V SCREW
ALS80A753QP100,48,458.84104,KEMET,CAP ALUM 75000UF 20% 100V SCREW
ALS80C753QP100,48,458.84104,KEMET,CAP ALUM 75000UF 20% 100V SCREW
ALS80H753QP100,48,458.84104,KEMET,CAP ALUM 75000UF 20% 100V SCREW
ALS81A753QP100,48,458.84104,KEMET,CAP ALUM 75000UF 20% 100V SCREW
ALS81C753QP100,48,458.84104,KEMET,CAP ALUM 75000UF 20% 100V SCREW
ALS81H753QP100,48,458.84104,KEMET,CAP ALUM 75000UF 20% 100V SCREW
ALS31C103NT350,96,459.12781,KEMET,CAP ALUM SCREW TERM 85C
ALS31C334NT040,96,459.36552,KEMET,CAP ALUM SCREW TERM 85C
ALS40A223QC100,96,459.78594,KEMET,CAP ALUM SCRW TERM 105C
ALS70A394QM040,48,460.19333,KEMET,CAP ALUM 390000UF 20% 40V SCREW
ALS70C394QM040,48,460.19333,KEMET,CAP ALUM 390000UF 20% 40V SCREW
ALS70H394QM040,48,460.19333,KEMET,CAP ALUM 390000UF 20% 40V SCREW
ALS71A394QM040,48,460.19333,KEMET,CAP ALUM 390000UF 20% 40V SCREW
ALS71C394QM040,48,460.19333,KEMET,CAP ALUM 390000UF 20% 40V SCREW
ALS71H394QM040,48,460.19333,KEMET,CAP ALUM 390000UF 20% 40V SCREW
ALS80A103QM350,48,461.97646,KEMET,CAP ALUM 10000UF 20% 350V SCREW
ALS80C103QM350,48,461.97646,KEMET,CAP ALUM 10000UF 20% 350V SCREW
ALS80H103QM350,48,461.97646,KEMET,CAP ALUM 10000UF 20% 350V SCREW
ALS81C103QM350,48,461.97646,KEMET,CAP ALUM 10000UF 20% 350V SCREW
ALS81H103QM350,48,461.97646,KEMET,CAP ALUM 10000UF 20% 350V SCREW
ALS80A752QH400,48,462.8,KEMET,CAP ALUM 7500UF 20% 400V SCREW
ALS80C752QH400,48,462.8,KEMET,CAP ALUM 7500UF 20% 400V SCREW
ALS80H752QH400,48,462.8,KEMET,CAP ALUM 7500UF 20% 400V SCREW
ALS81A752QH400,48,462.8,KEMET,CAP ALUM 7500UF 20% 400V SCREW
ALS81C752QH400,48,462.8,KEMET,CAP ALUM 7500UF 20% 400V SCREW
ALS81H752QH400,48,462.8,KEMET,CAP ALUM 7500UF 20% 400V SCREW
ALS70A914NT025,48,463.49417,KEMET,CAP ALUM 910000UF 20% 25V SCREW
ALS70C914NT025,48,463.49417,KEMET,CAP ALUM 910000UF 20% 25V SCREW
ALS70G914NT025,48,463.49417,KEMET,CAP ALUM 910000UF 20% 25V SCREW
ALS70H914NT025,48,463.49417,KEMET,CAP ALUM 910000UF 20% 25V SCREW
ALS70P914NT025,48,463.49417,KEMET,CAP ALUM 910000UF 20% 25V SCREW
ALS70U914NT025,48,463.49417,KEMET,CAP ALUM 910000UF 20% 25V SCREW
ALS71A914NT025,48,463.49417,KEMET,CAP ALUM 910000UF 20% 25V SCREW
ALS71C914NT025,48,463.49417,KEMET,CAP ALUM 910000UF 20% 25V SCREW
ALS71G914NT025,48,463.49417,KEMET,CAP ALUM 910000UF 20% 25V SCREW
ALS71H914NT025,48,463.49417,KEMET,CAP ALUM 910000UF 20% 25V SCREW
ALS71P914NT025,48,463.49417,KEMET,CAP ALUM 910000UF 20% 25V SCREW
ALS71U914NT025,48,463.49417,KEMET,CAP ALUM 910000UF 20% 25V SCREW
ALS71A472NF500,96,463.49771,KEMET,CAP ALUM 4700UF 20% 500V SCREW
ALS71G472NF500,96,463.49771,KEMET,CAP ALUM 4700UF 20% 500V SCREW
ALS40A103QH200,96,464.21781,KEMET,CAP ALUM SCRW TERM 105C
ALS70C622NJ450,96,464.42281,KEMET,CAP ALUM 6200UF 20% 450V SCREW
PEH169YO4100MU2,96,466.08531,KEMET,CAP ALUM SCREW TERM 105C
PEH169MT533VMU2,96,466.75031,KEMET,CAP ALUM SCREW TERM 105C
ALS81A622NF400,48,468.04938,KEMET,CAP ALUM 6200UF 20% 400V SCREW
ALS30A472QH350,96,468.65063,KEMET,CAP ALUM SCRW TERM 85C
ALS71A204NW063,96,468.66698,KEMET,CAP ALUM 200000UF 20% 63V SCREW
PEH169YO4100MB2,96,468.79104,KEMET,CAP ALUM SCRW TERM 85C
ALS80A163QM250,48,468.79542,KEMET,CAP ALUM 16000UF 20% 250V SCREW
ALS80C163QM250,48,468.79542,KEMET,CAP ALUM 16000UF 20% 250V SCREW
ALS80H163QM250,48,468.79542,KEMET,CAP ALUM 16000UF 20% 250V SCREW
ALS81A163QM250,48,468.79542,KEMET,CAP ALUM 16000UF 20% 250V SCREW
ALS81C163QM250,48,468.79542,KEMET,CAP ALUM 16000UF 20% 250V SCREW
ALS81H163QM250,48,468.79542,KEMET,CAP ALUM 16000UF 20% 250V SCREW
ALS70A432NJ550,48,469.05896,KEMET,CAP ALUM 4300UF 20% 550V SCREW
ALS70C432NJ550,48,469.05896,KEMET,CAP ALUM 4300UF 20% 550V SCREW
ALS70G432NJ550,48,469.05896,KEMET,CAP ALUM 4300UF 20% 550V SCREW
ALS70P432NJ550,48,469.05896,KEMET,CAP ALUM 4300UF 20% 550V SCREW
ALS70U432NJ550,48,469.05896,KEMET,CAP ALUM 4300UF 20% 550V SCREW
ALS71A432NJ550,48,469.05896,KEMET,CAP ALUM 4300UF 20% 550V SCREW
ALS71C432NJ550,48,469.05896,KEMET,CAP ALUM 4300UF 20% 550V SCREW
ALS71G432NJ550,48,469.05896,KEMET,CAP ALUM 4300UF 20% 550V SCREW
ALS71H432NJ550,48,469.05896,KEMET,CAP ALUM 4300UF 20% 550V SCREW
ALS71P432NJ550,48,469.05896,KEMET,CAP ALUM 4300UF 20% 550V SCREW
ALS71U432NJ550,48,469.05896,KEMET,CAP ALUM 4300UF 20% 550V SCREW
ALS80A432NJ500,48,469.47583,KEMET,CAP ALUM 4300UF 20% 500V SCREW
ALS80C432NJ500,48,469.47583,KEMET,CAP ALUM 4300UF 20% 500V SCREW
ALS80G432NJ500,48,469.47583,KEMET,CAP ALUM 4300UF 20% 500V SCREW
ALS80H432NJ500,48,469.47583,KEMET,CAP ALUM 4300UF 20% 500V SCREW
ALS80P432NJ500,48,469.47583,KEMET,CAP ALUM 4300UF 20% 500V SCREW
ALS80U432NJ500,48,469.47583,KEMET,CAP ALUM 4300UF 20% 500V SCREW
ALS81A432NJ500,48,469.47583,KEMET,CAP ALUM 4300UF 20% 500V SCREW
ALS81G432NJ500,48,469.47583,KEMET,CAP ALUM 4300UF 20% 500V SCREW
ALS81H432NJ500,48,469.47583,KEMET,CAP ALUM 4300UF 20% 500V SCREW
ALS81U432NJ500,48,469.47583,KEMET,CAP ALUM 4300UF 20% 500V SCREW
ALS31A334NP025,96,469.86177,KEMET,CAP ALUM SCREW TERM 85C
PEH169MT533VMB2,96,471.5699,KEMET,CAP ALUM SCRW TERM 105C
ALS70H104NS100,48,471.67583,KEMET,CAP ALUM 100000UF 20% 100V SCREW
ALS70P104NS100,48,471.67583,KEMET,CAP ALUM 100000UF 20% 100V SCREW
ALS70U104NS100,48,471.67583,KEMET,CAP ALUM 100000UF 20% 100V SCREW
ALS71C104NS100,48,471.67583,KEMET,CAP ALUM 100000UF 20% 100V SCREW
ALS71G104NS100,48,471.67583,KEMET,CAP ALUM 100000UF 20% 100V SCREW
ALS71H104NS100,48,471.67583,KEMET,CAP ALUM 100000UF 20% 100V SCREW
ALS71P104NS100,48,471.67583,KEMET,CAP ALUM 100000UF 20% 100V SCREW
ALS71U104NS100,48,471.67583,KEMET,CAP ALUM 100000UF 20% 100V SCREW
PEH200UO4220MU2,96,471.75677,KEMET,CAP ALUM SCRW TERM 85C
ALS31A472QH350,96,472.00917,KEMET,CAP ALUM SCREW TERM 85C
PEH200VL4150MB2,96,472.26938,KEMET,CAP ALUM SCRW TERM 85C
PEH169KT5470QU2,96,472.315,KEMET,CAP ALUM SCREW TERM 105C
PEH169KT5470QB2,96,472.315,KEMET,CAP ALUM SCRW TERM 105C
PEH200UO4220MB2,96,474.4651,KEMET,CAP ALUM 2200UF 20% 350V SCREW
ALS80A622NJ400,96,474.48229,KEMET,CAP ALUM 6200UF 20% 400V SCREW
ALS70A133NW350,48,475.50396,KEMET,CAP ALUM 13000UF 20% 350V SCREW
ALS70C133NW350,48,475.50396,KEMET,CAP ALUM 13000UF 20% 350V SCREW
ALS70G133NW350,48,475.50396,KEMET,CAP ALUM 13000UF 20% 350V SCREW
ALS70H133NW350,48,475.50396,KEMET,CAP ALUM 13000UF 20% 350V SCREW
ALS70P133NW350,48,475.50396,KEMET,CAP ALUM 13000UF 20% 350V SCREW
ALS70U133NW350,48,475.50396,KEMET,CAP ALUM 13000UF 20% 350V SCREW
ALS71C133NW350,48,475.50396,KEMET,CAP ALUM 13000UF 20% 350V SCREW
ALS71G133NW350,48,475.50396,KEMET,CAP ALUM 13000UF 20% 350V SCREW
ALS71H133NW350,48,475.50396,KEMET,CAP ALUM 13000UF 20% 350V SCREW
ALS71P133NW350,48,475.50396,KEMET,CAP ALUM 13000UF 20% 350V SCREW
ALS71U133NW350,48,475.50396,KEMET,CAP ALUM 13000UF 20% 350V SCREW
ALS31G103NT350,96,476.49969,KEMET,CAP ALUM SCREW TERM 85C
PEH169HT610VMU2,96,477.01396,KEMET,CAP ALUM SCREW TERM 105C
ALS70C274NT063,48,477.45063,KEMET,CAP ALUM 270000UF 20% 63V SCREW
ALS70H274NT063,48,477.45063,KEMET,CAP ALUM 270000UF 20% 63V SCREW
ALS70P274NT063,48,477.45063,KEMET,CAP ALUM 270000UF 20% 63V SCREW
ALS70U274NT063,48,477.45063,KEMET,CAP ALUM 270000UF 20% 63V SCREW
ALS71A274NT063,48,477.45063,KEMET,CAP ALUM 270000UF 20% 63V SCREW
ALS71C274NT063,48,477.45063,KEMET,CAP ALUM 270000UF 20% 63V SCREW
ALS71G274NT063,48,477.45063,KEMET,CAP ALUM 270000UF 20% 63V SCREW
ALS71H274NT063,48,477.45063,KEMET,CAP ALUM 270000UF 20% 63V SCREW
ALS71P274NT063,48,477.45063,KEMET,CAP ALUM 270000UF 20% 63V SCREW
ALS71U274NT063,48,477.45063,KEMET,CAP ALUM 270000UF 20% 63V SCREW
PEH200VO415AQU2,96,477.87792,KEMET,CAP ALUM SCRW TERM 85C
ALS80A204QP063,48,478.49479,KEMET,CAP ALUM 200000UF 20% 63V SCREW
ALS80C204QP063,48,478.49479,KEMET,CAP ALUM 200000UF 20% 63V SCREW
ALS80H204QP063,48,478.49479,KEMET,CAP ALUM 200000UF 20% 63V SCREW
ALS81A204QP063,48,478.49479,KEMET,CAP ALUM 200000UF 20% 63V SCREW
ALS81C204QP063,48,478.49479,KEMET,CAP ALUM 200000UF 20% 63V SCREW
ALS81H204QP063,48,478.49479,KEMET,CAP ALUM 200000UF 20% 63V SCREW
ALS80C394NT040,48,478.95646,KEMET,CAP ALUM 390000UF 20% 40V SCREW
ALS80G394NT040,48,478.95646,KEMET,CAP ALUM 390000UF 20% 40V SCREW
ALS80H394NT040,48,478.95646,KEMET,CAP ALUM 390000UF 20% 40V SCREW
ALS80P394NT040,48,478.95646,KEMET,CAP ALUM 390000UF 20% 40V SCREW
ALS80U394NT040,48,478.95646,KEMET,CAP ALUM 390000UF 20% 40V SCREW
ALS81A394NT040,48,478.95646,KEMET,CAP ALUM 390000UF 20% 40V SCREW
ALS81C394NT040,48,478.95646,KEMET,CAP ALUM 390000UF 20% 40V SCREW
ALS81G394NT040,48,478.95646,KEMET,CAP ALUM 390000UF 20% 40V SCREW
ALS81H394NT040,48,478.95646,KEMET,CAP ALUM 390000UF 20% 40V SCREW
ALS81P394NT040,48,478.95646,KEMET,CAP ALUM 390000UF 20% 40V SCREW
ALS81U394NT040,48,478.95646,KEMET,CAP ALUM 390000UF 20% 40V SCREW
ALS71A103NP350,96,479.61021,KEMET,CAP ALUM 10000UF 20% 350V SCREW
ALS80A224NS063,48,479.79375,KEMET,CAP ALUM 220000UF 20% 63V SCREW
ALS80C224NS063,48,479.79375,KEMET,CAP ALUM 220000UF 20% 63V SCREW
ALS80G224NS063,48,479.79375,KEMET,CAP ALUM 220000UF 20% 63V SCREW
ALS80H224NS063,48,479.79375,KEMET,CAP ALUM 220000UF 20% 63V SCREW
ALS80P224NS063,48,479.79375,KEMET,CAP ALUM 220000UF 20% 63V SCREW
ALS80U224NS063,48,479.79375,KEMET,CAP ALUM 220000UF 20% 63V SCREW
ALS81A224NS063,48,479.79375,KEMET,CAP ALUM 220000UF 20% 63V SCREW
ALS81C224NS063,48,479.79375,KEMET,CAP ALUM 220000UF 20% 63V SCREW
ALS81G224NS063,48,479.79375,KEMET,CAP ALUM 220000UF 20% 63V SCREW
ALS81H224NS063,48,479.79375,KEMET,CAP ALUM 220000UF 20% 63V SCREW
ALS81P224NS063,48,479.79375,KEMET,CAP ALUM 220000UF 20% 63V SCREW
ALS81U224NS063,48,479.79375,KEMET,CAP ALUM 220000UF 20% 63V SCREW
PEH200HO6150MB2,96,481.8025,KEMET,CAP ALUM SCRW TERM 85C
PEH169HT610VMB2,96,481.82573,KEMET,CAP ALUM SCRW TERM 105C
ALS41C682QP400,96,482.06865,KEMET,CAP ALUM SCRW TERM 105C
ALS71A184QM063,96,482.08938,KEMET,CAP ALUM 180000UF 20% 63V SCREW
ALS31C472QH400,96,483.0774,KEMET,CAP ALUM SCREW TERM 85C
ALS70A123QM350,48,483.90604,KEMET,CAP ALUM 12000UF 20% 350V SCREW
ALS70C123QM350,48,483.90604,KEMET,CAP ALUM 12000UF 20% 350V SCREW
ALS70H123QM350,48,483.90604,KEMET,CAP ALUM 12000UF 20% 350V SCREW
ALS71A123QM350,48,483.90604,KEMET,CAP ALUM 12000UF 20% 350V SCREW
ALS71C123QM350,48,483.90604,KEMET,CAP ALUM 12000UF 20% 350V SCREW
ALS71H123QM350,48,483.90604,KEMET,CAP ALUM 12000UF 20% 350V SCREW
ALS30C682NT450,96,484.12656,KEMET,CAP ALUM SCRW TERM 85C
PEH169VO415VMU2,96,484.34188,KEMET,CAP ALUM SCREW TERM 105C
ALS70A334NP040,96,484.49604,KEMET,CAP ALUM 330000UF 20% 40V SCREW
ALS70C303QP200,48,484.72083,KEMET,CAP ALUM 30000UF 20% 200V SCREW
ALS71A303QP200,48,484.72083,KEMET,CAP ALUM 30000UF 20% 200V SCREW
ALS71C303QP200,48,484.72083,KEMET,CAP ALUM 30000UF 20% 200V SCREW
ALS71H303QP200,48,484.72083,KEMET,CAP ALUM 30000UF 20% 200V SCREW
PEH169QT468VMB2,96,484.87427,KEMET,CAP ALUM SCRW TERM 105C
ALS70A104NT100,48,486.00792,KEMET,CAP ALUM 100000UF 20% 100V SCREW
ALS70C104NT100,48,486.00792,KEMET,CAP ALUM 100000UF 20% 100V SCREW
ALS70H104NT100,48,486.00792,KEMET,CAP ALUM 100000UF 20% 100V SCREW
ALS70P104NT100,48,486.00792,KEMET,CAP ALUM 100000UF 20% 100V SCREW
ALS70U104NT100,48,486.00792,KEMET,CAP ALUM 100000UF 20% 100V SCREW
ALS71A104NT100,48,486.00792,KEMET,CAP ALUM 100000UF 20% 100V SCREW
ALS71C104NT100,48,486.00792,KEMET,CAP ALUM 100000UF 20% 100V SCREW
ALS71G104NT100,48,486.00792,KEMET,CAP ALUM 100000UF 20% 100V SCREW
ALS71H104NT100,48,486.00792,KEMET,CAP ALUM 100000UF 20% 100V SCREW
ALS71U104NT100,48,486.00792,KEMET,CAP ALUM 100000UF 20% 100V SCREW
ALS80U512NJ450,96,486.55917,KEMET,CAP ALUM 5100UF 20% 450V SCREW
ALS81A512NJ450,96,486.55917,KEMET,CAP ALUM 5100UF 20% 450V SCREW
PEH169MT5220QU2,96,486.64958,KEMET,CAP ALUM SCREW TERM 105C
PEH169VO415VMB2,96,487.05698,KEMET,CAP ALUM SCRW TERM 85C
ALS70G333NS200,48,487.11729,KEMET,CAP ALUM 33000UF 20% 200V SCREW
ALS70H333NS200,48,487.11729,KEMET,CAP ALUM 33000UF 20% 200V SCREW
ALS70P333NS200,48,487.11729,KEMET,CAP ALUM 33000UF 20% 200V SCREW
ALS70U333NS200,48,487.11729,KEMET,CAP ALUM 33000UF 20% 200V SCREW
ALS71A333NS200,48,487.11729,KEMET,CAP ALUM 33000UF 20% 200V SCREW
ALS71C333NS200,48,487.11729,KEMET,CAP ALUM 33000UF 20% 200V SCREW
ALS71G333NS200,48,487.11729,KEMET,CAP ALUM 33000UF 20% 200V SCREW
ALS71H333NS200,48,487.11729,KEMET,CAP ALUM 33000UF 20% 200V SCREW
ALS71P333NS200,48,487.11729,KEMET,CAP ALUM 33000UF 20% 200V SCREW
ALS71U333NS200,48,487.11729,KEMET,CAP ALUM 33000UF 20% 200V SCREW
PEH169UO4150QU2,96,488.58771,KEMET,CAP ALUM SCREW TERM 105C
ALS41C332QH500,96,488.83844,KEMET,CAP ALUM SCRW TERM 105C
PEH169UO4150QB2,96,491.2951,KEMET,CAP ALUM SCRW TERM 105C
ALS70A274QW063,48,493.55208,KEMET,CAP ALUM 270000UF 20% 63V SCREW
ALS70C274QW063,48,493.55208,KEMET,CAP ALUM 270000UF 20% 63V SCREW
ALS71C274QW063,48,493.55208,KEMET,CAP ALUM 270000UF 20% 63V SCREW
ALS71H274QW063,48,493.55208,KEMET,CAP ALUM 270000UF 20% 63V SCREW
ALS80A394QW040,48,495.1025,KEMET,CAP ALUM 390000UF 20% 40V SCREW
ALS80C394QW040,48,495.1025,KEMET,CAP ALUM 390000UF 20% 40V SCREW
ALS80H394QW040,48,495.1025,KEMET,CAP ALUM 390000UF 20% 40V SCREW
ALS81A394QW040,48,495.1025,KEMET,CAP ALUM 390000UF 20% 40V SCREW
ALS81C394QW040,48,495.1025,KEMET,CAP ALUM 390000UF 20% 40V SCREW
ALS81H394QW040,48,495.1025,KEMET,CAP ALUM 390000UF 20% 40V SCREW
PEH169RT4470QU2,96,496.08969,KEMET,CAP ALUM SCREW TERM 105C
PEH169RT4470QB2,96,496.08969,KEMET,CAP ALUM SCRW TERM 105C
PEH169PO515VMU2,96,496.64354,KEMET,CAP ALUM SCREW TERM 105C
ALS41A222QH450,96,497.66521,KEMET,CAP ALUM SCRW TERM 105C
ALS40A222QH450,96,497.66521,KEMET,CAP ALUM SCRW TERM 105C
ALS70A223QP250,48,498.44646,KEMET,CAP ALUM 22000UF 20% 250V SCREW
ALS71A223QP250,48,498.44646,KEMET,CAP ALUM 22000UF 20% 250V SCREW
ALS71C223QP250,48,498.44646,KEMET,CAP ALUM 22000UF 20% 250V SCREW
ALS71H223QP250,48,498.44646,KEMET,CAP ALUM 22000UF 20% 250V SCREW
ALS70C822QM450,48,499.02875,KEMET,CAP ALUM 8200UF 20% 450V SCREW
ALS70H822QM450,48,499.02875,KEMET,CAP ALUM 8200UF 20% 450V SCREW
ALS71C822QM450,48,499.02875,KEMET,CAP ALUM 8200UF 20% 450V SCREW
ALS71H822QM450,48,499.02875,KEMET,CAP ALUM 8200UF 20% 450V SCREW
ALS70A243NS250,48,499.51292,KEMET,CAP ALUM 24000UF 20% 250V SCREW
ALS70C243NS250,48,499.51292,KEMET,CAP ALUM 24000UF 20% 250V SCREW
ALS70G243NS250,48,499.51292,KEMET,CAP ALUM 24000UF 20% 250V SCREW
ALS70H243NS250,48,499.51292,KEMET,CAP ALUM 24000UF 20% 250V SCREW
ALS70P243NS250,48,499.51292,KEMET,CAP ALUM 24000UF 20% 250V SCREW
ALS70U243NS250,48,499.51292,KEMET,CAP ALUM 24000UF 20% 250V SCREW
ALS71A243NS250,48,499.51292,KEMET,CAP ALUM 24000UF 20% 250V SCREW
ALS71C243NS250,48,499.51292,KEMET,CAP ALUM 24000UF 20% 250V SCREW
ALS71G243NS250,48,499.51292,KEMET,CAP ALUM 24000UF 20% 250V SCREW
ALS71H243NS250,48,499.51292,KEMET,CAP ALUM 24000UF 20% 250V SCREW
ALS71P243NS250,48,499.51292,KEMET,CAP ALUM 24000UF 20% 250V SCREW
ALS71U243NS250,48,499.51292,KEMET,CAP ALUM 24000UF 20% 250V SCREW
ALS30A472NF400,96,499.54646,KEMET,CAP ALUM SCRW TERM 85C
PEH169ST4330QU2,96,499.87729,KEMET,CAP ALUM SCREW TERM 105C
ALS70C113NW400,48,500.94292,KEMET,CAP ALUM 11000UF 20% 400V SCREW
ALS70G113NW400,48,500.94292,KEMET,CAP ALUM 11000UF 20% 400V SCREW
ALS70H113NW400,48,500.94292,KEMET,CAP ALUM 11000UF 20% 400V SCREW
ALS70P113NW400,48,500.94292,KEMET,CAP ALUM 11000UF 20% 400V SCREW
ALS70U113NW400,48,500.94292,KEMET,CAP ALUM 11000UF 20% 400V SCREW
ALS71A113NW400,48,500.94292,KEMET,CAP ALUM 11000UF 20% 400V SCREW
ALS71C113NW400,48,500.94292,KEMET,CAP ALUM 11000UF 20% 400V SCREW
ALS71G113NW400,48,500.94292,KEMET,CAP ALUM 11000UF 20% 400V SCREW
ALS71H113NW400,48,500.94292,KEMET,CAP ALUM 11000UF 20% 400V SCREW
ALS71P113NW400,48,500.94292,KEMET,CAP ALUM 11000UF 20% 400V SCREW
ALS71U113NW400,48,500.94292,KEMET,CAP ALUM 11000UF 20% 400V SCREW
ALS70A103QM400,48,501.43729,KEMET,CAP ALUM 10000UF 20% 400V SCREW
ALS70C103QM400,48,501.43729,KEMET,CAP ALUM 10000UF 20% 400V SCREW
ALS70H103QM400,48,501.43729,KEMET,CAP ALUM 10000UF 20% 400V SCREW
ALS71A103QM400,48,501.43729,KEMET,CAP ALUM 10000UF 20% 400V SCREW
ALS71C103QM400,48,501.43729,KEMET,CAP ALUM 10000UF 20% 400V SCREW
ALS71H103QM400,48,501.43729,KEMET,CAP ALUM 10000UF 20% 400V SCREW
ALS71A512NJ500,96,501.53719,KEMET,CAP ALUM 5100UF 20% 500V SCREW
ALS40A332NP415,96,502.23229,KEMET,CAP ALUM SCRW TERM 105C
ALS41A332NP415,96,502.23229,KEMET,CAP ALUM SCRW TERM 105C
ALS70A912NW450,48,503.45125,KEMET,CAP ALUM 9100UF 20% 450V SCREW
ALS70C912NW450,48,503.45125,KEMET,CAP ALUM 9100UF 20% 450V SCREW
ALS70G912NW450,48,503.45125,KEMET,CAP ALUM 9100UF 20% 450V SCREW
ALS70H912NW450,48,503.45125,KEMET,CAP ALUM 9100UF 20% 450V SCREW
ALS70P912NW450,48,503.45125,KEMET,CAP ALUM 9100UF 20% 450V SCREW
ALS70U912NW450,48,503.45125,KEMET,CAP ALUM 9100UF 20% 450V SCREW
ALS71A912NW450,48,503.45125,KEMET,CAP ALUM 9100UF 20% 450V SCREW
ALS71C912NW450,48,503.45125,KEMET,CAP ALUM 9100UF 20% 450V SCREW
ALS71G912NW450,48,503.45125,KEMET,CAP ALUM 9100UF 20% 450V SCREW
ALS71H912NW450,48,503.45125,KEMET,CAP ALUM 9100UF 20% 450V SCREW
ALS71P912NW450,48,503.45125,KEMET,CAP ALUM 9100UF 20% 450V SCREW
ALS71U912NW450,48,503.45125,KEMET,CAP ALUM 9100UF 20% 450V SCREW
ALS80A183QP250,48,504.24208,KEMET,CAP ALUM 18000UF 20% 250V SCREW
ALS80C183QP250,48,504.24208,KEMET,CAP ALUM 18000UF 20% 250V SCREW
ALS80H183QP250,48,504.24208,KEMET,CAP ALUM 18000UF 20% 250V SCREW
ALS81A183QP250,48,504.24208,KEMET,CAP ALUM 18000UF 20% 250V SCREW
ALS81C183QP250,48,504.24208,KEMET,CAP ALUM 18000UF 20% 250V SCREW
ALS81H183QP250,48,504.24208,KEMET,CAP ALUM 18000UF 20% 250V SCREW
ALS80A914NT025,48,504.63833,KEMET,CAP ALUM 910000UF 20% 25V SCREW
ALS80C914NT025,48,504.63833,KEMET,CAP ALUM 910000UF 20% 25V SCREW
ALS80G914NT025,48,504.63833,KEMET,CAP ALUM 910000UF 20% 25V SCREW
ALS80H914NT025,48,504.63833,KEMET,CAP ALUM 910000UF 20% 25V SCREW
ALS80P914NT025,48,504.63833,KEMET,CAP ALUM 910000UF 20% 25V SCREW
ALS80U914NT025,48,504.63833,KEMET,CAP ALUM 910000UF 20% 25V SCREW
ALS81A914NT025,48,504.63833,KEMET,CAP ALUM 910000UF 20% 25V SCREW
ALS81C914NT025,48,504.63833,KEMET,CAP ALUM 910000UF 20% 25V SCREW
ALS81G914NT025,48,504.63833,KEMET,CAP ALUM 910000UF 20% 25V SCREW
ALS81H914NT025,48,504.63833,KEMET,CAP ALUM 910000UF 20% 25V SCREW
ALS81P914NT025,48,504.63833,KEMET,CAP ALUM 910000UF 20% 25V SCREW
ALS81U914NT025,48,504.63833,KEMET,CAP ALUM 910000UF 20% 25V SCREW
PEH200UL4220MU2,96,504.8924,KEMET,CAP ALUM SCRW TERM 85C
ALS30A332QD450,96,505.0526,KEMET,CAP ALUM SCRW TERM 85C
ALS40A154NP040,96,505.99323,KEMET,CAP ALUM SCRW TERM 105C
ALS70A133QP350,48,506.03542,KEMET,CAP ALUM 13000UF 20% 350V SCREW
ALS70C133QP350,48,506.03542,KEMET,CAP ALUM 13000UF 20% 350V SCREW
ALS70H133QP350,48,506.03542,KEMET,CAP ALUM 13000UF 20% 350V SCREW
ALS71C133QP350,48,506.03542,KEMET,CAP ALUM 13000UF 20% 350V SCREW
ALS71H133QP350,48,506.03542,KEMET,CAP ALUM 13000UF 20% 350V SCREW
ALS30A333QH100,96,507.33615,KEMET,CAP ALUM SCRW TERM 85C
ALS40A332QH400,96,507.73844,KEMET,CAP ALUM SCRW TERM 105C
PEH200OO4150MU2,96,510.3674,KEMET,CAP ALUM SCRW TERM 85C
PEH200OO4150MB2,96,510.3674,KEMET,CAP ALUM SCRW TERM 85C
ALS80C822QM400,48,510.88521,KEMET,CAP ALUM 8200UF 20% 400V SCREW
ALS80H822QM400,48,510.88521,KEMET,CAP ALUM 8200UF 20% 400V SCREW
ALS81A822QM400,48,510.88521,KEMET,CAP ALUM 8200UF 20% 400V SCREW
ALS81C822QM400,48,510.88521,KEMET,CAP ALUM 8200UF 20% 400V SCREW
ALS81H822QM400,48,510.88521,KEMET,CAP ALUM 8200UF 20% 400V SCREW
ALS80A913NT100,48,513.61229,KEMET,CAP ALUM 91000UF 20% 100V SCREW
ALS80C913NT100,48,513.61229,KEMET,CAP ALUM 91000UF 20% 100V SCREW
ALS80G913NT100,48,513.61229,KEMET,CAP ALUM 91000UF 20% 100V SCREW
ALS80H913NT100,48,513.61229,KEMET,CAP ALUM 91000UF 20% 100V SCREW
ALS80P913NT100,48,513.61229,KEMET,CAP ALUM 91000UF 20% 100V SCREW
ALS80U913NT100,48,513.61229,KEMET,CAP ALUM 91000UF 20% 100V SCREW
ALS81A913NT100,48,513.61229,KEMET,CAP ALUM 91000UF 20% 100V SCREW
ALS81C913NT100,48,513.61229,KEMET,CAP ALUM 91000UF 20% 100V SCREW
ALS81G913NT100,48,513.61229,KEMET,CAP ALUM 91000UF 20% 100V SCREW
ALS81H913NT100,48,513.61229,KEMET,CAP ALUM 91000UF 20% 100V SCREW
ALS81P913NT100,48,513.61229,KEMET,CAP ALUM 91000UF 20% 100V SCREW
ALS81U913NT100,48,513.61229,KEMET,CAP ALUM 91000UF 20% 100V SCREW
PEH169UO422VMU2,96,513.94479,KEMET,CAP ALUM SCREW TERM 105C
ALS80C912NW400,48,515.52625,KEMET,CAP ALUM 9100UF 20% 400V SCREW
ALS80G912NW400,48,515.52625,KEMET,CAP ALUM 9100UF 20% 400V SCREW
ALS80H912NW400,48,515.52625,KEMET,CAP ALUM 9100UF 20% 400V SCREW
ALS80P912NW400,48,515.52625,KEMET,CAP ALUM 9100UF 20% 400V SCREW
ALS80U912NW400,48,515.52625,KEMET,CAP ALUM 9100UF 20% 400V SCREW
ALS81A912NW400,48,515.52625,KEMET,CAP ALUM 9100UF 20% 400V SCREW
ALS81C912NW400,48,515.52625,KEMET,CAP ALUM 9100UF 20% 400V SCREW
ALS81G912NW400,48,515.52625,KEMET,CAP ALUM 9100UF 20% 400V SCREW
ALS81H912NW400,48,515.52625,KEMET,CAP ALUM 9100UF 20% 400V SCREW
ALS81P912NW400,48,515.52625,KEMET,CAP ALUM 9100UF 20% 400V SCREW
ALS81U912NW400,48,515.52625,KEMET,CAP ALUM 9100UF 20% 400V SCREW
ALS70C105QW025,48,516.39646,KEMET,CAP ALUM 1F 20% 25V SCREW CHAS M
ALS70H105QW025,48,516.39646,KEMET,CAP ALUM 1F 20% 25V SCREW CHAS M
ALS71A105QW025,48,516.39646,KEMET,CAP ALUM 1F 20% 25V SCREW CHAS M
ALS71C105QW025,48,516.39646,KEMET,CAP ALUM 1F 20% 25V SCREW CHAS M
ALS71H105QW025,48,516.39646,KEMET,CAP ALUM 1F 20% 25V SCREW CHAS M
PEH169UO422VMB2,96,516.66167,KEMET,CAP ALUM SCRW TERM 105C
ALS30A153NP200,96,517.14229,KEMET,CAP ALUM SCRW TERM 85C
ALS70G514NS040,48,518.16563,KEMET,CAP ALUM 510000UF 20% 40V SCREW
ALS70H514NS040,48,518.16563,KEMET,CAP ALUM 510000UF 20% 40V SCREW
ALS70P514NS040,48,518.16563,KEMET,CAP ALUM 510000UF 20% 40V SCREW
ALS70U514NS040,48,518.16563,KEMET,CAP ALUM 510000UF 20% 40V SCREW
ALS71A514NS040,48,518.16563,KEMET,CAP ALUM 510000UF 20% 40V SCREW
ALS71C514NS040,48,518.16563,KEMET,CAP ALUM 510000UF 20% 40V SCREW
ALS71G514NS040,48,518.16563,KEMET,CAP ALUM 510000UF 20% 40V SCREW
ALS71H514NS040,48,518.16563,KEMET,CAP ALUM 510000UF 20% 40V SCREW
ALS71P514NS040,48,518.16563,KEMET,CAP ALUM 510000UF 20% 40V SCREW
ALS71U514NS040,48,518.16563,KEMET,CAP ALUM 510000UF 20% 40V SCREW
ALS80A273QP200,48,519.15625,KEMET,CAP ALUM 27000UF 20% 200V SCREW
ALS80C273QP200,48,519.15625,KEMET,CAP ALUM 27000UF 20% 200V SCREW
ALS80H273QP200,48,519.15625,KEMET,CAP ALUM 27000UF 20% 200V SCREW
ALS81A273QP200,48,519.15625,KEMET,CAP ALUM 27000UF 20% 200V SCREW
ALS81C273QP200,48,519.15625,KEMET,CAP ALUM 27000UF 20% 200V SCREW
ALS81H273QP200,48,519.15625,KEMET,CAP ALUM 27000UF 20% 200V SCREW
ALS80A562NP450,96,519.2175,KEMET,CAP ALUM 5600UF 20% 450V SCREW
ALS81C562NP450,96,519.2175,KEMET,CAP ALUM 5600UF 20% 450V SCREW
ALS70A474QP040,48,519.36479,KEMET,CAP ALUM 470000UF 20% 40V SCREW
ALS70C474QP040,48,519.36479,KEMET,CAP ALUM 470000UF 20% 40V SCREW
ALS71A474QP040,48,519.36479,KEMET,CAP ALUM 470000UF 20% 40V SCREW
ALS71C474QP040,48,519.36479,KEMET,CAP ALUM 470000UF 20% 40V SCREW
ALS71H474QP040,48,519.36479,KEMET,CAP ALUM 470000UF 20% 40V SCREW
ALS80A914QW025,48,520.9825,KEMET,CAP ALUM 910000UF 20% 25V SCREW
ALS80C914QW025,48,520.9825,KEMET,CAP ALUM 910000UF 20% 25V SCREW
ALS80H914QW025,48,520.9825,KEMET,CAP ALUM 910000UF 20% 25V SCREW
ALS81A914QW025,48,520.9825,KEMET,CAP ALUM 910000UF 20% 25V SCREW
ALS81C914QW025,48,520.9825,KEMET,CAP ALUM 910000UF 20% 25V SCREW
ALS81H914QW025,48,520.9825,KEMET,CAP ALUM 910000UF 20% 25V SCREW
PEH200OY4470MB2,96,522.21083,KEMET,CAP ALUM SCRW TERM 85C
ALS31A222QH500,96,522.78365,KEMET,CAP ALUM SCREW TERM 85C
ALS31A153NP200,96,523.05323,KEMET,CAP ALUM SCREW TERM 85C
ALS80A123QP350,48,523.37896,KEMET,CAP ALUM 12000UF 20% 350V SCREW
ALS80H123QP350,48,523.37896,KEMET,CAP ALUM 12000UF 20% 350V SCREW
ALS81A123QP350,48,523.37896,KEMET,CAP ALUM 12000UF 20% 350V SCREW
ALS81C123QP350,48,523.37896,KEMET,CAP ALUM 12000UF 20% 350V SCREW
ALS80A133NS350,48,523.66479,KEMET,CAP ALUM 13000UF 20% 350V SCREW
ALS80C133NS350,48,523.66479,KEMET,CAP ALUM 13000UF 20% 350V SCREW
ALS80G133NS350,48,523.66479,KEMET,CAP ALUM 13000UF 20% 350V SCREW
ALS80H133NS350,48,523.66479,KEMET,CAP ALUM 13000UF 20% 350V SCREW
ALS80P133NS350,48,523.66479,KEMET,CAP ALUM 13000UF 20% 350V SCREW
ALS80U133NS350,48,523.66479,KEMET,CAP ALUM 13000UF 20% 350V SCREW
ALS81A133NS350,48,523.66479,KEMET,CAP ALUM 13000UF 20% 350V SCREW
ALS81C133NS350,48,523.66479,KEMET,CAP ALUM 13000UF 20% 350V SCREW
ALS81G133NS350,48,523.66479,KEMET,CAP ALUM 13000UF 20% 350V SCREW
ALS81H133NS350,48,523.66479,KEMET,CAP ALUM 13000UF 20% 350V SCREW
ALS81P133NS350,48,523.66479,KEMET,CAP ALUM 13000UF 20% 350V SCREW
ALS81U133NS350,48,523.66479,KEMET,CAP ALUM 13000UF 20% 350V SCREW
ALS80H184NW063,96,524.89323,KEMET,CAP ALUM 180000UF 20% 63V SCREW
ALS31A103QH250,96,524.93281,KEMET,CAP ALUM SCREW TERM 85C
ALS30A103QH250,96,525.06552,KEMET,CAP ALUM SCRW TERM 85C
ALS80A682QM450,48,526.08542,KEMET,CAP ALUM 6800UF 20% 450V SCREW
ALS80C682QM450,48,526.08542,KEMET,CAP ALUM 6800UF 20% 450V SCREW
ALS80H682QM450,48,526.08542,KEMET,CAP ALUM 6800UF 20% 450V SCREW
ALS81A682QM450,48,526.08542,KEMET,CAP ALUM 6800UF 20% 450V SCREW
ALS81C682QM450,48,526.08542,KEMET,CAP ALUM 6800UF 20% 450V SCREW
ALS81H682QM450,48,526.08542,KEMET,CAP ALUM 6800UF 20% 450V SCREW
PEH200XO4220MB2,96,527.05625,KEMET,CAP ALUM SCRW TERM 85C
PEH200KO6100MU2,96,527.54979,KEMET,CAP ALUM SCRW TERM 85C
ALS80H164QM063,96,528.25615,KEMET,CAP ALUM 160000UF 20% 63V SCREW
ALS80C303NS200,48,529.17604,KEMET,CAP ALUM 30000UF 20% 200V SCREW
ALS80G303NS200,48,529.17604,KEMET,CAP ALUM 30000UF 20% 200V SCREW
ALS80H303NS200,48,529.17604,KEMET,CAP ALUM 30000UF 20% 200V SCREW
ALS80P303NS200,48,529.17604,KEMET,CAP ALUM 30000UF 20% 200V SCREW
ALS80U303NS200,48,529.17604,KEMET,CAP ALUM 30000UF 20% 200V SCREW
ALS81A303NS200,48,529.17604,KEMET,CAP ALUM 30000UF 20% 200V SCREW
ALS81C303NS200,48,529.17604,KEMET,CAP ALUM 30000UF 20% 200V SCREW
ALS81G303NS200,48,529.17604,KEMET,CAP ALUM 30000UF 20% 200V SCREW
ALS81H303NS200,48,529.17604,KEMET,CAP ALUM 30000UF 20% 200V SCREW
ALS81P303NS200,48,529.17604,KEMET,CAP ALUM 30000UF 20% 200V SCREW
ALS81U303NS200,48,529.17604,KEMET,CAP ALUM 30000UF 20% 200V SCREW
ALS40A103NP250,96,529.36479,KEMET,CAP ALUM SCRW TERM 105C
ALS41A103NP250,96,529.36479,KEMET,CAP ALUM SCRW TERM 105C
ALS80A752NW450,48,529.90146,KEMET,CAP ALUM 7500UF 20% 450V SCREW
ALS80C752NW450,48,529.90146,KEMET,CAP ALUM 7500UF 20% 450V SCREW
ALS80G752NW450,48,529.90146,KEMET,CAP ALUM 7500UF 20% 450V SCREW
ALS80H752NW450,48,529.90146,KEMET,CAP ALUM 7500UF 20% 450V SCREW
ALS80P752NW450,48,529.90146,KEMET,CAP ALUM 7500UF 20% 450V SCREW
ALS80U752NW450,48,529.90146,KEMET,CAP ALUM 7500UF 20% 450V SCREW
ALS81A752NW450,48,529.90146,KEMET,CAP ALUM 7500UF 20% 450V SCREW
ALS81G752NW450,48,529.90146,KEMET,CAP ALUM 7500UF 20% 450V SCREW
ALS81H752NW450,48,529.90146,KEMET,CAP ALUM 7500UF 20% 450V SCREW
ALS81P752NW450,48,529.90146,KEMET,CAP ALUM 7500UF 20% 450V SCREW
ALS81U752NW450,48,529.90146,KEMET,CAP ALUM 7500UF 20% 450V SCREW
ALS80A913QW100,48,530.43021,KEMET,CAP ALUM 91000UF 20% 100V SCREW
ALS80C913QW100,48,530.43021,KEMET,CAP ALUM 91000UF 20% 100V SCREW
ALS80H913QW100,48,530.43021,KEMET,CAP ALUM 91000UF 20% 100V SCREW
ALS81A913QW100,48,530.43021,KEMET,CAP ALUM 91000UF 20% 100V SCREW
ALS81C913QW100,48,530.43021,KEMET,CAP ALUM 91000UF 20% 100V SCREW
ALS81H913QW100,48,530.43021,KEMET,CAP ALUM 91000UF 20% 100V SCREW
ALS80C244NT063,48,531.56229,KEMET,CAP ALUM 240000UF 20% 63V SCREW
ALS80G244NT063,48,531.56229,KEMET,CAP ALUM 240000UF 20% 63V SCREW
ALS80H244NT063,48,531.56229,KEMET,CAP ALUM 240000UF 20% 63V SCREW
ALS80P244NT063,48,531.56229,KEMET,CAP ALUM 240000UF 20% 63V SCREW
ALS80U244NT063,48,531.56229,KEMET,CAP ALUM 240000UF 20% 63V SCREW
ALS81A244NT063,48,531.56229,KEMET,CAP ALUM 240000UF 20% 63V SCREW
ALS81C244NT063,48,531.56229,KEMET,CAP ALUM 240000UF 20% 63V SCREW
ALS81G244NT063,48,531.56229,KEMET,CAP ALUM 240000UF 20% 63V SCREW
ALS81H244NT063,48,531.56229,KEMET,CAP ALUM 240000UF 20% 63V SCREW
ALS81P244NT063,48,531.56229,KEMET,CAP ALUM 240000UF 20% 63V SCREW
ALS81U244NT063,48,531.56229,KEMET,CAP ALUM 240000UF 20% 63V SCREW
PEH200SO4470MB2,96,533.03438,KEMET,CAP ALUM SCRW TERM 85C
ALS70A472QH550,48,534.33417,KEMET,CAP ALUM 4700UF 20% 550V SCREW
ALS70C472QH550,48,534.33417,KEMET,CAP ALUM 4700UF 20% 550V SCREW
ALS70H472QH550,48,534.33417,KEMET,CAP ALUM 4700UF 20% 550V SCREW
ALS71A472QH550,48,534.33417,KEMET,CAP ALUM 4700UF 20% 550V SCREW
ALS71C472QH550,48,534.33417,KEMET,CAP ALUM 4700UF 20% 550V SCREW
ALS71H472QH550,48,534.33417,KEMET,CAP ALUM 4700UF 20% 550V SCREW
ALS40C682NT415,96,534.43844,KEMET,CAP ALUM SCRW TERM 105C
ALS80A472QH500,48,534.78563,KEMET,CAP ALUM 4700UF 20% 500V SCREW
ALS80C472QH500,48,534.78563,KEMET,CAP ALUM 4700UF 20% 500V SCREW
ALS80H472QH500,48,534.78563,KEMET,CAP ALUM 4700UF 20% 500V SCREW
ALS81A472QH500,48,534.78563,KEMET,CAP ALUM 4700UF 20% 500V SCREW
ALS81C472QH500,48,534.78563,KEMET,CAP ALUM 4700UF 20% 500V SCREW
ALS81H472QH500,48,534.78563,KEMET,CAP ALUM 4700UF 20% 500V SCREW
PEH169HU6100QB2,96,535.09135,KEMET,CAP ALUM SCRW TERM 105C
PEH169HU6100QU2,96,535.09135,KEMET,CAP ALUM SCREW TERM 105C
ALS70G912NP400,96,535.70979,KEMET,CAP ALUM 9100UF 20% 400V SCREW
ALS70U912NP400,96,535.70979,KEMET,CAP ALUM 9100UF 20% 400V SCREW
ALS71A912NP400,96,535.70979,KEMET,CAP ALUM 9100UF 20% 400V SCREW
ALS71A752NP450,96,535.86229,KEMET,CAP ALUM 7500UF 20% 450V SCREW
ALS71C752NP450,96,535.86229,KEMET,CAP ALUM 7500UF 20% 450V SCREW
PEH169KT568VMU2,96,535.86833,KEMET,CAP ALUM SCREW TERM 105C
PEH169KT568VMB2,96,535.86833,KEMET,CAP ALUM SCRW TERM 105C
ALS31A472NP415,96,536.08021,KEMET,CAP ALUM SCREW TERM 85C
ALS30A472NP415,96,536.21552,KEMET,CAP ALUM SCRW TERM 85C
ALS70A512NP550,48,539.23896,KEMET,CAP ALUM 5100UF 20% 550V SCREW
ALS70C512NP550,48,539.23896,KEMET,CAP ALUM 5100UF 20% 550V SCREW
ALS70G512NP550,48,539.23896,KEMET,CAP ALUM 5100UF 20% 550V SCREW
ALS70H512NP550,48,539.23896,KEMET,CAP ALUM 5100UF 20% 550V SCREW
ALS70P512NP550,48,539.23896,KEMET,CAP ALUM 5100UF 20% 550V SCREW
ALS70U512NP550,48,539.23896,KEMET,CAP ALUM 5100UF 20% 550V SCREW
ALS71A512NP550,48,539.23896,KEMET,CAP ALUM 5100UF 20% 550V SCREW
ALS71C512NP550,48,539.23896,KEMET,CAP ALUM 5100UF 20% 550V SCREW
ALS71G512NP550,48,539.23896,KEMET,CAP ALUM 5100UF 20% 550V SCREW
ALS71H512NP550,48,539.23896,KEMET,CAP ALUM 5100UF 20% 550V SCREW
ALS71P512NP550,48,539.23896,KEMET,CAP ALUM 5100UF 20% 550V SCREW
ALS71U512NP550,48,539.23896,KEMET,CAP ALUM 5100UF 20% 550V SCREW
ALS70A363NT200,48,539.5025,KEMET,CAP ALUM 36000UF 20% 200V SCREW
ALS70C363NT200,48,539.5025,KEMET,CAP ALUM 36000UF 20% 200V SCREW
ALS70G363NT200,48,539.5025,KEMET,CAP ALUM 36000UF 20% 200V SCREW
ALS70H363NT200,48,539.5025,KEMET,CAP ALUM 36000UF 20% 200V SCREW
ALS70P363NT200,48,539.5025,KEMET,CAP ALUM 36000UF 20% 200V SCREW
ALS70U363NT200,48,539.5025,KEMET,CAP ALUM 36000UF 20% 200V SCREW
ALS71A363NT200,48,539.5025,KEMET,CAP ALUM 36000UF 20% 200V SCREW
ALS71C363NT200,48,539.5025,KEMET,CAP ALUM 36000UF 20% 200V SCREW
ALS71G363NT200,48,539.5025,KEMET,CAP ALUM 36000UF 20% 200V SCREW
ALS71H363NT200,48,539.5025,KEMET,CAP ALUM 36000UF 20% 200V SCREW
ALS71P363NT200,48,539.5025,KEMET,CAP ALUM 36000UF 20% 200V SCREW
ALS71U363NT200,48,539.5025,KEMET,CAP ALUM 36000UF 20% 200V SCREW
ALS31A224NP040,96,539.7076,KEMET,CAP ALUM SCREW TERM 85C
ALS80A512NP500,48,539.78854,KEMET,CAP ALUM 5100UF 20% 500V SCREW
ALS80C512NP500,48,539.78854,KEMET,CAP ALUM 5100UF 20% 500V SCREW
ALS80G512NP500,48,539.78854,KEMET,CAP ALUM 5100UF 20% 500V SCREW
ALS80H512NP500,48,539.78854,KEMET,CAP ALUM 5100UF 20% 500V SCREW
ALS80P512NP500,48,539.78854,KEMET,CAP ALUM 5100UF 20% 500V SCREW
ALS80U512NP500,48,539.78854,KEMET,CAP ALUM 5100UF 20% 500V SCREW
ALS81C512NP500,48,539.78854,KEMET,CAP ALUM 5100UF 20% 500V SCREW
ALS81G512NP500,48,539.78854,KEMET,CAP ALUM 5100UF 20% 500V SCREW
ALS81H512NP500,48,539.78854,KEMET,CAP ALUM 5100UF 20% 500V SCREW
ALS81P512NP500,48,539.78854,KEMET,CAP ALUM 5100UF 20% 500V SCREW
ALS81U512NP500,48,539.78854,KEMET,CAP ALUM 5100UF 20% 500V SCREW
PEH200VX4680MU2,96,539.85917,KEMET,CAP ALUM SCRW TERM 85C
ALS30A224NP040,96,540.1099,KEMET,CAP ALUM SCRW TERM 85C
ALS70A204NW063,96,541.30979,KEMET,CAP ALUM 200000UF 20% 63V SCREW
ALS70C114QW100,48,542.31938,KEMET,CAP ALUM 110000UF 20% 100V SCREW
ALS70H114QW100,48,542.31938,KEMET,CAP ALUM 110000UF 20% 100V SCREW
ALS71A114QW100,48,542.31938,KEMET,CAP ALUM 110000UF 20% 100V SCREW
ALS71C114QW100,48,542.31938,KEMET,CAP ALUM 110000UF 20% 100V SCREW
ALS71H114QW100,48,542.31938,KEMET,CAP ALUM 110000UF 20% 100V SCREW
ALS71C224QP063,96,542.47698,KEMET,CAP ALUM 220000UF 20% 63V SCREW
ALS70A682QM500,48,543.90271,KEMET,CAP ALUM 6800UF 20% 500V SCREW
ALS70C682QM500,48,543.90271,KEMET,CAP ALUM 6800UF 20% 500V SCREW
ALS70H682QM500,48,543.90271,KEMET,CAP ALUM 6800UF 20% 500V SCREW
ALS71C682QM500,48,543.90271,KEMET,CAP ALUM 6800UF 20% 500V SCREW
ALS71H682QM500,48,543.90271,KEMET,CAP ALUM 6800UF 20% 500V SCREW
ALS70U392NF550,96,544.69083,KEMET,CAP ALUM 3900UF 20% 550V SCREW
ALS71A392NF550,96,544.69083,KEMET,CAP ALUM 3900UF 20% 550V SCREW
ALS71C392NF550,96,544.69083,KEMET,CAP ALUM 3900UF 20% 550V SCREW
ALS70A752NW500,48,547.91667,KEMET,CAP ALUM 7500UF 20% 500V SCREW
ALS70C752NW500,48,547.91667,KEMET,CAP ALUM 7500UF 20% 500V SCREW
ALS70G752NW500,48,547.91667,KEMET,CAP ALUM 7500UF 20% 500V SCREW
ALS70H752NW500,48,547.91667,KEMET,CAP ALUM 7500UF 20% 500V SCREW
ALS70P752NW500,48,547.91667,KEMET,CAP ALUM 7500UF 20% 500V SCREW
ALS70U752NW500,48,547.91667,KEMET,CAP ALUM 7500UF 20% 500V SCREW
ALS71A752NW500,48,547.91667,KEMET,CAP ALUM 7500UF 20% 500V SCREW
ALS71G752NW500,48,547.91667,KEMET,CAP ALUM 7500UF 20% 500V SCREW
ALS71H752NW500,48,547.91667,KEMET,CAP ALUM 7500UF 20% 500V SCREW
ALS71P752NW500,48,547.91667,KEMET,CAP ALUM 7500UF 20% 500V SCREW
ALS71U752NW500,48,547.91667,KEMET,CAP ALUM 7500UF 20% 500V SCREW
ALS80A244QW063,48,548.04938,KEMET,CAP ALUM 240000UF 20% 63V SCREW
ALS80C244QW063,48,548.04938,KEMET,CAP ALUM 240000UF 20% 63V SCREW
ALS80H244QW063,48,548.04938,KEMET,CAP ALUM 240000UF 20% 63V SCREW
ALS81A244QW063,48,548.04938,KEMET,CAP ALUM 240000UF 20% 63V SCREW
ALS81C244QW063,48,548.04938,KEMET,CAP ALUM 240000UF 20% 63V SCREW
ALS81H244QW063,48,548.04938,KEMET,CAP ALUM 240000UF 20% 63V SCREW
ALS41A333NP100,96,548.17,KEMET,CAP ALUM SCRW TERM 105C
ALS40A333NP100,96,548.30521,KEMET,CAP ALUM SCRW TERM 105C
PEH200XL4220MU2,96,548.56281,KEMET,CAP ALUM SCRW TERM 85C
PEH200XL4220MB2,96,551.135,KEMET,CAP ALUM SCRW TERM 85C
PEH169ST447VMU2,96,551.45104,KEMET,CAP ALUM SCREW TERM 105C
ALS40A332QH415,96,551.79563,KEMET,CAP ALUM SCRW TERM 105C
ALS30A682NP350,96,554.21531,KEMET,CAP ALUM SCRW TERM 85C
ALS70A363QW200,48,554.81313,KEMET,CAP ALUM 36000UF 20% 200V SCREW
ALS70C363QW200,48,554.81313,KEMET,CAP ALUM 36000UF 20% 200V SCREW
ALS71A363QW200,48,554.81313,KEMET,CAP ALUM 36000UF 20% 200V SCREW
ALS71C363QW200,48,554.81313,KEMET,CAP ALUM 36000UF 20% 200V SCREW
ALS71H363QW200,48,554.81313,KEMET,CAP ALUM 36000UF 20% 200V SCREW
ALS80A223NS250,48,556.0225,KEMET,CAP ALUM 22000UF 20% 250V SCREW
ALS80C223NS250,48,556.0225,KEMET,CAP ALUM 22000UF 20% 250V SCREW
ALS80G223NS250,48,556.0225,KEMET,CAP ALUM 22000UF 20% 250V SCREW
ALS80H223NS250,48,556.0225,KEMET,CAP ALUM 22000UF 20% 250V SCREW
ALS80P223NS250,48,556.0225,KEMET,CAP ALUM 22000UF 20% 250V SCREW
ALS80U223NS250,48,556.0225,KEMET,CAP ALUM 22000UF 20% 250V SCREW
ALS81A223NS250,48,556.0225,KEMET,CAP ALUM 22000UF 20% 250V SCREW
ALS81C223NS250,48,556.0225,KEMET,CAP ALUM 22000UF 20% 250V SCREW
ALS81G223NS250,48,556.0225,KEMET,CAP ALUM 22000UF 20% 250V SCREW
ALS81H223NS250,48,556.0225,KEMET,CAP ALUM 22000UF 20% 250V SCREW
ALS81P223NS250,48,556.0225,KEMET,CAP ALUM 22000UF 20% 250V SCREW
ALS81U223NS250,48,556.0225,KEMET,CAP ALUM 22000UF 20% 250V SCREW
PEH169ST447VMB2,96,556.26031,KEMET,CAP ALUM SCRW TERM 105C
PEH169VT4150QB2,96,557.33448,KEMET,CAP ALUM SCRW TERM 85C
ALS31A682NP350,100,557.8408,KEMET,CAP ALUM SCREW TERM 85C
PEH200VO4220MU2,96,561.24958,KEMET,CAP ALUM SCRW TERM 85C
ALS30A472QH400,96,561.60188,KEMET,CAP ALUM SCRW TERM 85C
ALS31A472QH400,96,561.60188,KEMET,CAP ALUM SCREW TERM 85C
PEH169MU547VMU2,96,562.41156,KEMET,CAP ALUM SCREW TERM 105C
ALS70A163NS350,48,562.42458,KEMET,CAP ALUM 16000UF 20% 350V SCREW
ALS70C163NS350,48,562.42458,KEMET,CAP ALUM 16000UF 20% 350V SCREW
ALS70G163NS350,48,562.42458,KEMET,CAP ALUM 16000UF 20% 350V SCREW
ALS70P163NS350,48,562.42458,KEMET,CAP ALUM 16000UF 20% 350V SCREW
ALS70U163NS350,48,562.42458,KEMET,CAP ALUM 16000UF 20% 350V SCREW
ALS71A163NS350,48,562.42458,KEMET,CAP ALUM 16000UF 20% 350V SCREW
ALS71C163NS350,48,562.42458,KEMET,CAP ALUM 16000UF 20% 350V SCREW
ALS71G163NS350,48,562.42458,KEMET,CAP ALUM 16000UF 20% 350V SCREW
ALS71H163NS350,48,562.42458,KEMET,CAP ALUM 16000UF 20% 350V SCREW
ALS71U163NS350,48,562.42458,KEMET,CAP ALUM 16000UF 20% 350V SCREW
ALS30C103QT400,96,563.74583,KEMET,CAP ALUM SCRW TERM 85C
PEH200VO4220MB2,96,563.95781,KEMET,CAP ALUM SCRW TERM 85C
ALS80A243NW200,96,564.24979,KEMET,CAP ALUM 24000UF 20% 200V SCREW
ALS71A562NP500,96,565.18698,KEMET,CAP ALUM 5600UF 20% 500V SCREW
ALS31C103QT400,96,565.33948,KEMET,CAP ALUM SCREW TERM 85C
ALS70C273NT250,48,566.61438,KEMET,CAP ALUM 27000UF 20% 250V SCREW
ALS70G273NT250,48,566.61438,KEMET,CAP ALUM 27000UF 20% 250V SCREW
ALS70H273NT250,48,566.61438,KEMET,CAP ALUM 27000UF 20% 250V SCREW
ALS70P273NT250,48,566.61438,KEMET,CAP ALUM 27000UF 20% 250V SCREW
ALS70U273NT250,48,566.61438,KEMET,CAP ALUM 27000UF 20% 250V SCREW
ALS71A273NT250,48,566.61438,KEMET,CAP ALUM 27000UF 20% 250V SCREW
ALS71C273NT250,48,566.61438,KEMET,CAP ALUM 27000UF 20% 250V SCREW
ALS71G273NT250,48,566.61438,KEMET,CAP ALUM 27000UF 20% 250V SCREW
ALS71H273NT250,48,566.61438,KEMET,CAP ALUM 27000UF 20% 250V SCREW
ALS71P273NT250,48,566.61438,KEMET,CAP ALUM 27000UF 20% 250V SCREW
ALS71U273NT250,48,566.61438,KEMET,CAP ALUM 27000UF 20% 250V SCREW
ALS70C334QS063,48,568.15458,KEMET,CAP ALUM 330000UF 20% 63V SCREW
ALS70H334QS063,48,568.15458,KEMET,CAP ALUM 330000UF 20% 63V SCREW
ALS71C334QS063,48,568.15458,KEMET,CAP ALUM 330000UF 20% 63V SCREW
ALS71H334QS063,48,568.15458,KEMET,CAP ALUM 330000UF 20% 63V SCREW
ALS31M682NP350,96,569.93156,KEMET,CAP ALUM SCREW TERM 85C
PEH169RT468VMB2,96,570.1401,KEMET,CAP ALUM SCRW TERM 105C
PEH169RT468VMU2,96,570.1401,KEMET,CAP ALUM SCREW TERM 105C
ALS70C123QP400,48,570.40792,KEMET,CAP ALUM 12000UF 20% 400V SCREW
ALS70H123QP400,48,570.40792,KEMET,CAP ALUM 12000UF 20% 400V SCREW
ALS71C123QP400,48,570.40792,KEMET,CAP ALUM 12000UF 20% 400V SCREW
ALS71H123QP400,48,570.40792,KEMET,CAP ALUM 12000UF 20% 400V SCREW
ALS80A223NT250,48,571.66208,KEMET,CAP ALUM 22000UF 20% 250V SCREW
ALS80C223NT250,48,571.66208,KEMET,CAP ALUM 22000UF 20% 250V SCREW
ALS80G223NT250,48,571.66208,KEMET,CAP ALUM 22000UF 20% 250V SCREW
ALS80H223NT250,48,571.66208,KEMET,CAP ALUM 22000UF 20% 250V SCREW
ALS80P223NT250,48,571.66208,KEMET,CAP ALUM 22000UF 20% 250V SCREW
ALS80U223NT250,48,571.66208,KEMET,CAP ALUM 22000UF 20% 250V SCREW
ALS81A223NT250,48,571.66208,KEMET,CAP ALUM 22000UF 20% 250V SCREW
ALS81C223NT250,48,571.66208,KEMET,CAP ALUM 22000UF 20% 250V SCREW
ALS81G223NT250,48,571.66208,KEMET,CAP ALUM 22000UF 20% 250V SCREW
ALS81H223NT250,48,571.66208,KEMET,CAP ALUM 22000UF 20% 250V SCREW
ALS81P223NT250,48,571.66208,KEMET,CAP ALUM 22000UF 20% 250V SCREW
ALS81U223NT250,48,571.66208,KEMET,CAP ALUM 22000UF 20% 250V SCREW
PEH169MU547VMB2,96,572.47875,KEMET,CAP ALUM SCRW TERM 105C
PEH200YO4150MU2,96,573.53135,KEMET,CAP ALUM SCRW TERM 85C
ALS70C133NS400,48,573.59854,KEMET,CAP ALUM 13000UF 20% 400V SCREW
ALS70G133NS400,48,573.59854,KEMET,CAP ALUM 13000UF 20% 400V SCREW
ALS70H133NS400,48,573.59854,KEMET,CAP ALUM 13000UF 20% 400V SCREW
ALS70P133NS400,48,573.59854,KEMET,CAP ALUM 13000UF 20% 400V SCREW
ALS70U133NS400,48,573.59854,KEMET,CAP ALUM 13000UF 20% 400V SCREW
ALS71A133NS400,48,573.59854,KEMET,CAP ALUM 13000UF 20% 400V SCREW
ALS71C133NS400,48,573.59854,KEMET,CAP ALUM 13000UF 20% 400V SCREW
ALS71G133NS400,48,573.59854,KEMET,CAP ALUM 13000UF 20% 400V SCREW
ALS71H133NS400,48,573.59854,KEMET,CAP ALUM 13000UF 20% 400V SCREW
ALS71P133NS400,48,573.59854,KEMET,CAP ALUM 13000UF 20% 400V SCREW
ALS71U133NS400,48,573.59854,KEMET,CAP ALUM 13000UF 20% 400V SCREW
ALS80C623QM100,96,574.83469,KEMET,CAP ALUM 62000UF 20% 100V SCREW
ALS70A103QP450,48,575.89688,KEMET,CAP ALUM 10000UF 20% 450V SCREW
ALS70C103QP450,48,575.89688,KEMET,CAP ALUM 10000UF 20% 450V SCREW
ALS70H103QP450,48,575.89688,KEMET,CAP ALUM 10000UF 20% 450V SCREW
ALS71C103QP450,48,575.89688,KEMET,CAP ALUM 10000UF 20% 450V SCREW
ALS71H103QP450,48,575.89688,KEMET,CAP ALUM 10000UF 20% 450V SCREW
PEH200YO4150MB2,96,576.23792,KEMET,CAP ALUM SCRW TERM 85C
ALS70G564NT040,48,576.72208,KEMET,CAP ALUM 560000UF 20% 40V SCREW
ALS70H564NT040,48,576.72208,KEMET,CAP ALUM 560000UF 20% 40V SCREW
ALS70P564NT040,48,576.72208,KEMET,CAP ALUM 560000UF 20% 40V SCREW
ALS70U564NT040,48,576.72208,KEMET,CAP ALUM 560000UF 20% 40V SCREW
ALS71A564NT040,48,576.72208,KEMET,CAP ALUM 560000UF 20% 40V SCREW
ALS71C564NT040,48,576.72208,KEMET,CAP ALUM 560000UF 20% 40V SCREW
ALS71G564NT040,48,576.72208,KEMET,CAP ALUM 560000UF 20% 40V SCREW
ALS71H564NT040,48,576.72208,KEMET,CAP ALUM 560000UF 20% 40V SCREW
ALS71P564NT040,48,576.72208,KEMET,CAP ALUM 560000UF 20% 40V SCREW
ALS71U564NT040,48,576.72208,KEMET,CAP ALUM 560000UF 20% 40V SCREW
ALS70A163NT350,48,577.46979,KEMET,CAP ALUM 16000UF 20% 350V SCREW
ALS70C163NT350,48,577.46979,KEMET,CAP ALUM 16000UF 20% 350V SCREW
ALS70G163NT350,48,577.46979,KEMET,CAP ALUM 16000UF 20% 350V SCREW
ALS70H163NT350,48,577.46979,KEMET,CAP ALUM 16000UF 20% 350V SCREW
ALS70P163NT350,48,577.46979,KEMET,CAP ALUM 16000UF 20% 350V SCREW
ALS70U163NT350,48,577.46979,KEMET,CAP ALUM 16000UF 20% 350V SCREW
ALS71A163NT350,48,577.46979,KEMET,CAP ALUM 16000UF 20% 350V SCREW
ALS71C163NT350,48,577.46979,KEMET,CAP ALUM 16000UF 20% 350V SCREW
ALS71G163NT350,48,577.46979,KEMET,CAP ALUM 16000UF 20% 350V SCREW
ALS71H163NT350,48,577.46979,KEMET,CAP ALUM 16000UF 20% 350V SCREW
ALS71P163NT350,48,577.46979,KEMET,CAP ALUM 16000UF 20% 350V SCREW
ALS71U163NT350,48,577.46979,KEMET,CAP ALUM 16000UF 20% 350V SCREW
ALS70A752QH450,96,577.71521,KEMET,CAP ALUM 7500UF 20% 450V SCREW
PEH200YL4150MB2,96,579.66375,KEMET,CAP ALUM SCRW TERM 85C
PEH200YL4150MU2,96,579.66375,KEMET,CAP ALUM SCRW TERM 85C
ALS31G103QT400,96,581.49417,KEMET,CAP ALUM SCREW TERM 85C
ALS70A273QW250,48,582.10063,KEMET,CAP ALUM 27000UF 20% 250V SCREW
ALS70C273QW250,48,582.10063,KEMET,CAP ALUM 27000UF 20% 250V SCREW
ALS71A273QW250,48,582.10063,KEMET,CAP ALUM 27000UF 20% 250V SCREW
ALS71C273QW250,48,582.10063,KEMET,CAP ALUM 27000UF 20% 250V SCREW
ALS71H273QW250,48,582.10063,KEMET,CAP ALUM 27000UF 20% 250V SCREW
PEH169KU5680QU2,96,582.74146,KEMET,CAP ALUM SCREW TERM 105C
ALS70C125QS025,48,586.51104,KEMET,CAP ALUM 1.2F 20% 25V SCREW CHAS
ALS70H125QS025,48,586.51104,KEMET,CAP ALUM 1.2F 20% 25V SCREW CHAS
ALS71A125QS025,48,586.51104,KEMET,CAP ALUM 1.2F 20% 25V SCREW CHAS
ALS71C125QS025,48,586.51104,KEMET,CAP ALUM 1.2F 20% 25V SCREW CHAS
ALS71H125QS025,48,586.51104,KEMET,CAP ALUM 1.2F 20% 25V SCREW CHAS
PEH169QU510VMU2,96,588.83073,KEMET,CAP ALUM SCREW TERM 105C
PEH200UO4330MU2,96,589.17271,KEMET,CAP ALUM SCRW TERM 85C
ALS80A333NT200,48,589.55688,KEMET,CAP ALUM 33000UF 20% 200V SCREW
ALS80C333NT200,48,589.55688,KEMET,CAP ALUM 33000UF 20% 200V SCREW
ALS80G333NT200,48,589.55688,KEMET,CAP ALUM 33000UF 20% 200V SCREW
ALS80H333NT200,48,589.55688,KEMET,CAP ALUM 33000UF 20% 200V SCREW
ALS80P333NT200,48,589.55688,KEMET,CAP ALUM 33000UF 20% 200V SCREW
ALS80U333NT200,48,589.55688,KEMET,CAP ALUM 33000UF 20% 200V SCREW
ALS81A333NT200,48,589.55688,KEMET,CAP ALUM 33000UF 20% 200V SCREW
ALS81C333NT200,48,589.55688,KEMET,CAP ALUM 33000UF 20% 200V SCREW
ALS81G333NT200,48,589.55688,KEMET,CAP ALUM 33000UF 20% 200V SCREW
ALS81H333NT200,48,589.55688,KEMET,CAP ALUM 33000UF 20% 200V SCREW
ALS81P333NT200,48,589.55688,KEMET,CAP ALUM 33000UF 20% 200V SCREW
ALS81U333NT200,48,589.55688,KEMET,CAP ALUM 33000UF 20% 200V SCREW
ALS80C103QP400,48,589.82042,KEMET,CAP ALUM 10000UF 20% 400V SCREW
ALS80H103QP400,48,589.82042,KEMET,CAP ALUM 10000UF 20% 400V SCREW
ALS81A103QP400,48,589.82042,KEMET,CAP ALUM 10000UF 20% 400V SCREW
ALS81C103QP400,48,589.82042,KEMET,CAP ALUM 10000UF 20% 400V SCREW
ALS81H103QP400,48,589.82042,KEMET,CAP ALUM 10000UF 20% 400V SCREW
PEH169PU5150QB2,96,591.1376,KEMET,CAP ALUM SCRW TERM 105C
PEH169PU5150QU2,96,591.1376,KEMET,CAP ALUM SCREW TERM 105C
PEH200UO4330MB2,96,591.87927,KEMET,CAP ALUM SCRW TERM 85C
PEH169KU5680QB2,96,592.80781,KEMET,CAP ALUM SCRW TERM 105C
ALS70A564QW040,48,593.51583,KEMET,CAP ALUM 560000UF 20% 40V SCREW
ALS70C564QW040,48,593.51583,KEMET,CAP ALUM 560000UF 20% 40V SCREW
ALS71C564QW040,48,593.51583,KEMET,CAP ALUM 560000UF 20% 40V SCREW
ALS71H564QW040,48,593.51583,KEMET,CAP ALUM 560000UF 20% 40V SCREW
ALS30C103QT415,96,593.76833,KEMET,CAP ALUM SCRW TERM 85C
ALS30A223NT250,96,595.60396,KEMET,CAP ALUM SCRW TERM 85C
ALS70H432NJ550,96,597.54042,KEMET,CAP ALUM 4300UF 20% 550V SCREW
ALS81C432NJ500,96,598.07188,KEMET,CAP ALUM 4300UF 20% 500V SCREW
ALS81P432NJ500,96,598.07188,KEMET,CAP ALUM 4300UF 20% 500V SCREW
ALS41A472NP350,96,598.81094,KEMET,CAP ALUM SCRW TERM 105C
PEH169QU510VMB2,96,598.89531,KEMET,CAP ALUM SCRW TERM 105C
ALS30C223NT250,96,599.06417,KEMET,CAP ALUM SCRW TERM 85C
PEH169SV4470QU2,96,600.8576,KEMET,CAP ALUM SCREW TERM 105C
ALS71A104NS100,96,600.87396,KEMET,CAP ALUM 100000UF 20% 100V SCREW
ALS31A473NP100,96,600.9601,KEMET,CAP ALUM SCREW TERM 85C
ALS30G1002NP,1,,KEMET,CAP ALUM 20% SCREW CHAS MT
ALS41A472NP400,96,602.03427,KEMET,CAP ALUM SCRW TERM 105C
ALS40A472NP400,96,602.16865,KEMET,CAP ALUM SCRW TERM 105C
ALS31G224QT063,96,602.19625,KEMET,CAP ALUM SCREW TERM 85C
ALS80A514QS040,48,602.27125,KEMET,CAP ALUM 510000UF 20% 40V SCREW
ALS80C514QS040,48,602.27125,KEMET,CAP ALUM 510000UF 20% 40V SCREW
ALS80H514QS040,48,602.27125,KEMET,CAP ALUM 510000UF 20% 40V SCREW
ALS81A514QS040,48,602.27125,KEMET,CAP ALUM 510000UF 20% 40V SCREW
ALS81C514QS040,48,602.27125,KEMET,CAP ALUM 510000UF 20% 40V SCREW
ALS81H514QS040,48,602.27125,KEMET,CAP ALUM 510000UF 20% 40V SCREW
ALS70A562QH500,96,602.51844,KEMET,CAP ALUM 5600UF 20% 500V SCREW
ALS80C822QP450,48,602.88625,KEMET,CAP ALUM 8200UF 20% 450V SCREW
ALS80H822QP450,48,602.88625,KEMET,CAP ALUM 8200UF 20% 450V SCREW
ALS81A822QP450,48,602.88625,KEMET,CAP ALUM 8200UF 20% 450V SCREW
ALS81C822QP450,48,602.88625,KEMET,CAP ALUM 8200UF 20% 450V SCREW
ALS81H822QP450,48,602.88625,KEMET,CAP ALUM 8200UF 20% 450V SCREW
ALS30G224QT063,96,603.0551,KEMET,CAP ALUM SCRW TERM 85C
PEH200ZZ4560MB2,96,603.21792,KEMET,CAP ALUM SCRW TERM 85C
ALS80C333QW200,48,605.21896,KEMET,CAP ALUM 33000UF 20% 200V SCREW
ALS80H333QW200,48,605.21896,KEMET,CAP ALUM 33000UF 20% 200V SCREW
ALS81A333QW200,48,605.21896,KEMET,CAP ALUM 33000UF 20% 200V SCREW
ALS81C333QW200,48,605.21896,KEMET,CAP ALUM 33000UF 20% 200V SCREW
ALS81H333QW200,48,605.21896,KEMET,CAP ALUM 33000UF 20% 200V SCREW
ALS71A133NW350,96,605.75042,KEMET,CAP ALUM 13000UF 20% 350V SCREW
ALS40C472NP400,96,606.2776,KEMET,CAP ALUM SCRW TERM 105C
ALS80A153NT350,48,606.40583,KEMET,CAP ALUM 15000UF 20% 350V SCREW
ALS80C153NT350,48,606.40583,KEMET,CAP ALUM 15000UF 20% 350V SCREW
ALS80G153NT350,48,606.40583,KEMET,CAP ALUM 15000UF 20% 350V SCREW
ALS80H153NT350,48,606.40583,KEMET,CAP ALUM 15000UF 20% 350V SCREW
ALS80P153NT350,48,606.40583,KEMET,CAP ALUM 15000UF 20% 350V SCREW
ALS80U153NT350,48,606.40583,KEMET,CAP ALUM 15000UF 20% 350V SCREW
ALS81A153NT350,48,606.40583,KEMET,CAP ALUM 15000UF 20% 350V SCREW
ALS81C153NT350,48,606.40583,KEMET,CAP ALUM 15000UF 20% 350V SCREW
ALS81G153NT350,48,606.40583,KEMET,CAP ALUM 15000UF 20% 350V SCREW
ALS81H153NT350,48,606.40583,KEMET,CAP ALUM 15000UF 20% 350V SCREW
ALS81P153NT350,48,606.40583,KEMET,CAP ALUM 15000UF 20% 350V SCREW
ALS81U153NT350,48,606.40583,KEMET,CAP ALUM 15000UF 20% 350V SCREW
ALS70G274NT063,96,608.22948,KEMET,CAP ALUM 270000UF 20% 63V SCREW
PEH169RV4680QB2,96,608.28813,KEMET,CAP ALUM SCRW TERM 105C
PEH169RV4680QU2,96,608.28813,KEMET,CAP ALUM SCREW TERM 105C
ALS70C104NS100,96,608.8376,KEMET,CAP ALUM 100000UF 20% 100V SCREW
ALS70G104NS100,96,608.8376,KEMET,CAP ALUM 100000UF 20% 100V SCREW
ALS80C114QS100,48,609.12271,KEMET,CAP ALUM 110000UF 20% 100V SCREW
ALS80H114QS100,48,609.12271,KEMET,CAP ALUM 110000UF 20% 100V SCREW
ALS81C114QS100,48,609.12271,KEMET,CAP ALUM 110000UF 20% 100V SCREW
ALS81H114QS100,48,609.12271,KEMET,CAP ALUM 110000UF 20% 100V SCREW
PEH169SV4470QB2,96,609.73177,KEMET,CAP ALUM SCRW TERM 105C
ALS40A104NT063,96,610.49583,KEMET,CAP ALUM SCRW TERM 105C
ALS70C134QS100,48,611.65188,KEMET,CAP ALUM 130000UF 20% 100V SCREW
ALS70H134QS100,48,611.65188,KEMET,CAP ALUM 130000UF 20% 100V SCREW
ALS71C134QS100,48,611.65188,KEMET,CAP ALUM 130000UF 20% 100V SCREW
ALS71H134QS100,48,611.65188,KEMET,CAP ALUM 130000UF 20% 100V SCREW
ALS40A332NP450,96,613.85448,KEMET,CAP ALUM SCRW TERM 105C
PEH169KV6100QU2,96,617.31906,KEMET,CAP ALUM SCREW TERM 105C
ALS40A153QP200,96,617.34573,KEMET,CAP ALUM SCRW TERM 105C
ALS70A303QP200,96,617.49042,KEMET,CAP ALUM 30000UF 20% 200V SCREW
ALS31A332NP500,96,618.0176,KEMET,CAP ALUM SCREW TERM 85C
ALS70G104NT100,96,619.13135,KEMET,CAP ALUM 100000UF 20% 100V SCREW
ALS71P104NT100,96,619.13135,KEMET,CAP ALUM 100000UF 20% 100V SCREW
ALS31C682QT500,96,619.36135,KEMET,CAP ALUM SCREW TERM 85C
ALS41A332NP450,96,620.03333,KEMET,CAP ALUM SCRW TERM 105C
ALS70C333NS200,96,620.54583,KEMET,CAP ALUM 33000UF 20% 200V SCREW
ALS31C332NP500,96,622.04729,KEMET,CAP ALUM SCREW TERM 85C
ALS80A153QW350,48,622.17813,KEMET,CAP ALUM 15000UF 20% 350V SCREW
ALS80C153QW350,48,622.17813,KEMET,CAP ALUM 15000UF 20% 350V SCREW
ALS80H153QW350,48,622.17813,KEMET,CAP ALUM 15000UF 20% 350V SCREW
ALS81A153QW350,48,622.17813,KEMET,CAP ALUM 15000UF 20% 350V SCREW
ALS81C153QW350,48,622.17813,KEMET,CAP ALUM 15000UF 20% 350V SCREW
ALS81H153QW350,48,622.17813,KEMET,CAP ALUM 15000UF 20% 350V SCREW
ALS80A912NS450,48,622.55208,KEMET,CAP ALUM 9100UF 20% 450V SCREW
ALS80C912NS450,48,622.55208,KEMET,CAP ALUM 9100UF 20% 450V SCREW
ALS80G912NS450,48,622.55208,KEMET,CAP ALUM 9100UF 20% 450V SCREW
ALS80H912NS450,48,622.55208,KEMET,CAP ALUM 9100UF 20% 450V SCREW
ALS80P912NS450,48,622.55208,KEMET,CAP ALUM 9100UF 20% 450V SCREW
ALS80U912NS450,48,622.55208,KEMET,CAP ALUM 9100UF 20% 450V SCREW
ALS81A912NS450,48,622.55208,KEMET,CAP ALUM 9100UF 20% 450V SCREW
ALS81C912NS450,48,622.55208,KEMET,CAP ALUM 9100UF 20% 450V SCREW
ALS81G912NS450,48,622.55208,KEMET,CAP ALUM 9100UF 20% 450V SCREW
ALS81H912NS450,48,622.55208,KEMET,CAP ALUM 9100UF 20% 450V SCREW
ALS81P912NS450,48,622.55208,KEMET,CAP ALUM 9100UF 20% 450V SCREW
ALS81U912NS450,48,622.55208,KEMET,CAP ALUM 9100UF 20% 450V SCREW
ALS70A822QP500,48,623.55292,KEMET,CAP ALUM 8200UF 20% 500V SCREW
ALS70C822QP500,48,623.55292,KEMET,CAP ALUM 8200UF 20% 500V SCREW
ALS70H822QP500,48,623.55292,KEMET,CAP ALUM 8200UF 20% 500V SCREW
ALS71A822QP500,48,623.55292,KEMET,CAP ALUM 8200UF 20% 500V SCREW
ALS71C822QP500,48,623.55292,KEMET,CAP ALUM 8200UF 20% 500V SCREW
ALS71H822QP500,48,623.55292,KEMET,CAP ALUM 8200UF 20% 500V SCREW
PEH169KV6100QB2,96,626.18458,KEMET,CAP ALUM SCRW TERM 105C
PEH200YO418AMB2,96,627.84875,KEMET,CAP ALUM 1800UF 20% 450V SCREW
PEH200YO418AMU2,96,627.84875,KEMET,CAP ALUM SCRW TERM 85C
ALS71A274QW063,96,628.74292,KEMET,CAP ALUM 270000UF 20% 63V SCREW
PEH200PO5220MB2,96,629.41823,KEMET,CAP ALUM 22000UF 20% 100V SCREW
ALS80A243QW250,48,631.185,KEMET,CAP ALUM 24000UF 20% 250V SCREW
ALS80C243QW250,48,631.185,KEMET,CAP ALUM 24000UF 20% 250V SCREW
ALS80H243QW250,48,631.185,KEMET,CAP ALUM 24000UF 20% 250V SCREW
ALS81A243QW250,48,631.185,KEMET,CAP ALUM 24000UF 20% 250V SCREW
ALS81C243QW250,48,631.185,KEMET,CAP ALUM 24000UF 20% 250V SCREW
ALS81H243QW250,48,631.185,KEMET,CAP ALUM 24000UF 20% 250V SCREW
ALS40A104QP063,96,631.44948,KEMET,CAP ALUM SCRW TERM 105C
ALS41A104QP063,96,631.44948,KEMET,CAP ALUM SCRW TERM 105C
ALS70A562QM550,48,632.42875,KEMET,CAP ALUM 5600UF 20% 550V SCREW
ALS70C562QM550,48,632.42875,KEMET,CAP ALUM 5600UF 20% 550V SCREW
ALS70H562QM550,48,632.42875,KEMET,CAP ALUM 5600UF 20% 550V SCREW
ALS71A562QM550,48,632.42875,KEMET,CAP ALUM 5600UF 20% 550V SCREW
ALS71C562QM550,48,632.42875,KEMET,CAP ALUM 5600UF 20% 550V SCREW
ALS71H562QM550,48,632.42875,KEMET,CAP ALUM 5600UF 20% 550V SCREW
ALS41C682QT450,96,632.95521,KEMET,CAP ALUM SCRW TERM 105C
ALS80A562QM500,48,633.04396,KEMET,CAP ALUM 5600UF 20% 500V SCREW
ALS80C562QM500,48,633.04396,KEMET,CAP ALUM 5600UF 20% 500V SCREW
ALS80H562QM500,48,633.04396,KEMET,CAP ALUM 5600UF 20% 500V SCREW
ALS81A562QM500,48,633.04396,KEMET,CAP ALUM 5600UF 20% 500V SCREW
ALS81C562QM500,48,633.04396,KEMET,CAP ALUM 5600UF 20% 500V SCREW
ALS81H562QM500,48,633.04396,KEMET,CAP ALUM 5600UF 20% 500V SCREW
PEH169MU5330QU2,96,633.05854,KEMET,CAP ALUM SCREW TERM 105C
ALS80A514QT040,24,633.21292,KEMET,CAP ALUM 510000UF 20% 40V SCREW
ALS80C514QT040,24,633.21292,KEMET,CAP ALUM 510000UF 20% 40V SCREW
ALS80H514QT040,24,633.21292,KEMET,CAP ALUM 510000UF 20% 40V SCREW
ALS81A514QT040,24,633.21292,KEMET,CAP ALUM 510000UF 20% 40V SCREW
ALS81C514QT040,24,633.21292,KEMET,CAP ALUM 510000UF 20% 40V SCREW
ALS81H514QT040,24,633.21292,KEMET,CAP ALUM 510000UF 20% 40V SCREW
PEH169VT422VMU2,96,633.6701,KEMET,CAP ALUM SCREW TERM 105C
ALS70C123NS450,48,634.67188,KEMET,CAP ALUM 12000UF 20% 450V SCREW
ALS70G123NS450,48,634.67188,KEMET,CAP ALUM 12000UF 20% 450V SCREW
ALS70P123NS450,48,634.67188,KEMET,CAP ALUM 12000UF 20% 450V SCREW
ALS70U123NS450,48,634.67188,KEMET,CAP ALUM 12000UF 20% 450V SCREW
ALS71A123NS450,48,634.67188,KEMET,CAP ALUM 12000UF 20% 450V SCREW
ALS71C123NS450,48,634.67188,KEMET,CAP ALUM 12000UF 20% 450V SCREW
ALS71G123NS450,48,634.67188,KEMET,CAP ALUM 12000UF 20% 450V SCREW
ALS71H123NS450,48,634.67188,KEMET,CAP ALUM 12000UF 20% 450V SCREW
ALS71P123NS450,48,634.67188,KEMET,CAP ALUM 12000UF 20% 450V SCREW
ALS71U123NS450,48,634.67188,KEMET,CAP ALUM 12000UF 20% 450V SCREW
PEH169VP422AMB2,96,635.60833,KEMET,CAP ALUM SCRW TERM 85C
PEH169VP422AMU2,96,635.60833,KEMET,CAP ALUM SCREW TERM 105C
ALS71A822QM450,96,635.72031,KEMET,CAP ALUM 8200UF 20% 450V SCREW
PEH169QV5100QU2,96,636.18021,KEMET,CAP ALUM SCREW TERM 105C
ALS70H224QP063,96,637.2174,KEMET,CAP ALUM 220000UF 20% 63V SCREW
ALS70A113NW400,96,638.15885,KEMET,CAP ALUM 11000UF 20% 400V SCREW
PEH169VT422VMB2,96,638.48708,KEMET,CAP ALUM SCRW TERM 85C
ALS70A134QT100,24,639.46667,KEMET,CAP ALUM 130000UF 20% 100V SCREW
ALS70C134QT100,24,639.46667,KEMET,CAP ALUM 130000UF 20% 100V SCREW
ALS70H134QT100,24,639.46667,KEMET,CAP ALUM 130000UF 20% 100V SCREW
ALS71A134QT100,24,639.46667,KEMET,CAP ALUM 130000UF 20% 100V SCREW
ALS71C134QT100,24,639.46667,KEMET,CAP ALUM 130000UF 20% 100V SCREW
ALS71H134QT100,24,639.46667,KEMET,CAP ALUM 130000UF 20% 100V SCREW
PEH200ZO418HMU2,96,640.26938,KEMET,CAP ALUM SCRW TERM 85C
ALS70A364QT063,24,640.66542,KEMET,CAP ALUM 360000UF 20% 63V SCREW
ALS70C364QT063,24,640.66542,KEMET,CAP ALUM 360000UF 20% 63V SCREW
ALS70H364QT063,24,640.66542,KEMET,CAP ALUM 360000UF 20% 63V SCREW
ALS71C364QT063,24,640.66542,KEMET,CAP ALUM 360000UF 20% 63V SCREW
ALS80A125QS025,48,641.10667,KEMET,CAP ALUM 1.2F 20% 25V SCREW CHAS
ALS80C125QS025,48,641.10667,KEMET,CAP ALUM 1.2F 20% 25V SCREW CHAS
ALS80H125QS025,48,641.10667,KEMET,CAP ALUM 1.2F 20% 25V SCREW CHAS
ALS81A125QS025,48,641.10667,KEMET,CAP ALUM 1.2F 20% 25V SCREW CHAS
ALS81C125QS025,48,641.10667,KEMET,CAP ALUM 1.2F 20% 25V SCREW CHAS
ALS81H125QS025,48,641.10667,KEMET,CAP ALUM 1.2F 20% 25V SCREW CHAS
ALS70A912NS500,48,642.95354,KEMET,CAP ALUM 9100UF 20% 500V SCREW
ALS70C912NS500,48,642.95354,KEMET,CAP ALUM 9100UF 20% 500V SCREW
ALS70H912NS500,48,642.95354,KEMET,CAP ALUM 9100UF 20% 500V SCREW
ALS70P912NS500,48,642.95354,KEMET,CAP ALUM 9100UF 20% 500V SCREW
ALS70U912NS500,48,642.95354,KEMET,CAP ALUM 9100UF 20% 500V SCREW
ALS71A912NS500,48,642.95354,KEMET,CAP ALUM 9100UF 20% 500V SCREW
ALS71C912NS500,48,642.95354,KEMET,CAP ALUM 9100UF 20% 500V SCREW
ALS71H912NS500,48,642.95354,KEMET,CAP ALUM 9100UF 20% 500V SCREW
ALS71P912NS500,48,642.95354,KEMET,CAP ALUM 9100UF 20% 500V SCREW
ALS71U912NS500,48,642.95354,KEMET,CAP ALUM 9100UF 20% 500V SCREW
PEH169MU5330QB2,96,643.12406,KEMET,CAP ALUM SCRW TERM 105C
PEH200VM4220MB2,104,643.13288,KEMET,CAP ALUM SCRW TERM 85C
PEH200VM4220MU2,96,643.13344,KEMET,CAP ALUM SCRW TERM 85C
ALS71A133QP350,96,644.64438,KEMET,CAP ALUM 13000UF 20% 350V SCREW
PEH169QV5100QB2,96,645.05438,KEMET,CAP ALUM SCRW TERM 105C
ALS80A304QS063,48,646.79188,KEMET,CAP ALUM 300000UF 20% 63V SCREW
ALS80C304QS063,48,646.79188,KEMET,CAP ALUM 300000UF 20% 63V SCREW
ALS80H304QS063,48,646.79188,KEMET,CAP ALUM 300000UF 20% 63V SCREW
ALS81A304QS063,48,646.79188,KEMET,CAP ALUM 300000UF 20% 63V SCREW
ALS81C304QS063,48,646.79188,KEMET,CAP ALUM 300000UF 20% 63V SCREW
ALS81H304QS063,48,646.79188,KEMET,CAP ALUM 300000UF 20% 63V SCREW
ALS81A103QM350,8,646.82625,KEMET,CAP ALUM 10000UF 20% 350V SCREW
ALS70C622NW550,48,647.32083,KEMET,CAP ALUM 6200UF 20% 550V SCREW
ALS70G622NW550,48,647.32083,KEMET,CAP ALUM 6200UF 20% 550V SCREW
ALS70H622NW550,48,647.32083,KEMET,CAP ALUM 6200UF 20% 550V SCREW
ALS70P622NW550,48,647.32083,KEMET,CAP ALUM 6200UF 20% 550V SCREW
ALS70U622NW550,48,647.32083,KEMET,CAP ALUM 6200UF 20% 550V SCREW
ALS71C622NW550,48,647.32083,KEMET,CAP ALUM 6200UF 20% 550V SCREW
ALS71G622NW550,48,647.32083,KEMET,CAP ALUM 6200UF 20% 550V SCREW
ALS71H622NW550,48,647.32083,KEMET,CAP ALUM 6200UF 20% 550V SCREW
ALS71P622NW550,48,647.32083,KEMET,CAP ALUM 6200UF 20% 550V SCREW
ALS71U622NW550,48,647.32083,KEMET,CAP ALUM 6200UF 20% 550V SCREW
PEH169YT4150MB2,96,647.4724,KEMET,CAP ALUM SCRW TERM 85C
ALS80A622NW500,48,647.95813,KEMET,CAP ALUM 6200UF 20% 500V SCREW
ALS80C622NW500,48,647.95813,KEMET,CAP ALUM 6200UF 20% 500V SCREW
ALS80G622NW500,48,647.95813,KEMET,CAP ALUM 6200UF 20% 500V SCREW
ALS80H622NW500,48,647.95813,KEMET,CAP ALUM 6200UF 20% 500V SCREW
ALS80P622NW500,48,647.95813,KEMET,CAP ALUM 6200UF 20% 500V SCREW
ALS80U622NW500,48,647.95813,KEMET,CAP ALUM 6200UF 20% 500V SCREW
ALS81C622NW500,48,647.95813,KEMET,CAP ALUM 6200UF 20% 500V SCREW
ALS81G622NW500,48,647.95813,KEMET,CAP ALUM 6200UF 20% 500V SCREW
ALS81H622NW500,48,647.95813,KEMET,CAP ALUM 6200UF 20% 500V SCREW
ALS81P622NW500,48,647.95813,KEMET,CAP ALUM 6200UF 20% 500V SCREW
ALS81U622NW500,48,647.95813,KEMET,CAP ALUM 6200UF 20% 500V SCREW
ALS70C123NT450,48,648.62833,KEMET,CAP ALUM 12000UF 20% 450V SCREW
ALS70G123NT450,48,648.62833,KEMET,CAP ALUM 12000UF 20% 450V SCREW
ALS70H123NT450,48,648.62833,KEMET,CAP ALUM 12000UF 20% 450V SCREW
ALS70P123NT450,48,648.62833,KEMET,CAP ALUM 12000UF 20% 450V SCREW
ALS70U123NT450,48,648.62833,KEMET,CAP ALUM 12000UF 20% 450V SCREW
ALS71A123NT450,48,648.62833,KEMET,CAP ALUM 12000UF 20% 450V SCREW
ALS71C123NT450,48,648.62833,KEMET,CAP ALUM 12000UF 20% 450V SCREW
ALS71G123NT450,48,648.62833,KEMET,CAP ALUM 12000UF 20% 450V SCREW
ALS71H123NT450,48,648.62833,KEMET,CAP ALUM 12000UF 20% 450V SCREW
ALS71P123NT450,48,648.62833,KEMET,CAP ALUM 12000UF 20% 450V SCREW
ALS71U123NT450,48,648.62833,KEMET,CAP ALUM 12000UF 20% 450V SCREW
ALS80C123NS400,48,649.53104,KEMET,CAP ALUM 12000UF 20% 400V SCREW
ALS80G123NS400,48,649.53104,KEMET,CAP ALUM 12000UF 20% 400V SCREW
ALS80H123NS400,48,649.53104,KEMET,CAP ALUM 12000UF 20% 400V SCREW
ALS80P123NS400,48,649.53104,KEMET,CAP ALUM 12000UF 20% 400V SCREW
ALS80U123NS400,48,649.53104,KEMET,CAP ALUM 12000UF 20% 400V SCREW
ALS81C123NS400,48,649.53104,KEMET,CAP ALUM 12000UF 20% 400V SCREW
ALS81G123NS400,48,649.53104,KEMET,CAP ALUM 12000UF 20% 400V SCREW
ALS81H123NS400,48,649.53104,KEMET,CAP ALUM 12000UF 20% 400V SCREW
ALS81P123NS400,48,649.53104,KEMET,CAP ALUM 12000UF 20% 400V SCREW
ALS81U123NS400,48,649.53104,KEMET,CAP ALUM 12000UF 20% 400V SCREW
ALS80A822QM400,96,650.82323,KEMET,CAP ALUM 8200UF 20% 400V SCREW
ALS70A183QW350,48,654.23792,KEMET,CAP ALUM 18000UF 20% 350V SCREW
ALS70C183QW350,48,654.23792,KEMET,CAP ALUM 18000UF 20% 350V SCREW
ALS70H183QW350,48,654.23792,KEMET,CAP ALUM 18000UF 20% 350V SCREW
ALS71A183QW350,48,654.23792,KEMET,CAP ALUM 18000UF 20% 350V SCREW
ALS71C183QW350,48,654.23792,KEMET,CAP ALUM 18000UF 20% 350V SCREW
ALS71H183QW350,48,654.23792,KEMET,CAP ALUM 18000UF 20% 350V SCREW
ALS30A472QP450,96,655.22583,KEMET,CAP ALUM SCRW TERM 85C
PEH169UT4220QU2,96,656.30604,KEMET,CAP ALUM SCREW TERM 105C
ALS70C135QT025,24,656.61167,KEMET,CAP ALUM 1.3F 20% 25V SCREW CHAS
ALS70H135QT025,24,656.61167,KEMET,CAP ALUM 1.3F 20% 25V SCREW CHAS
ALS71A135QT025,24,656.61167,KEMET,CAP ALUM 1.3F 20% 25V SCREW CHAS
ALS71C135QT025,24,656.61167,KEMET,CAP ALUM 1.3F 20% 25V SCREW CHAS
ALS71H135QT025,24,656.61167,KEMET,CAP ALUM 1.3F 20% 25V SCREW CHAS
ALS80A912NW400,96,656.73677,KEMET,CAP ALUM 9100UF 20% 400V SCREW
ALS70A514NS040,96,660.09969,KEMET,CAP ALUM 510000UF 20% 40V SCREW
ALS70C514NS040,96,660.09969,KEMET,CAP ALUM 510000UF 20% 40V SCREW
ALS31A472QP450,96,660.19615,KEMET,CAP ALUM SCREW TERM 85C
PEH169UT4220QB2,96,661.12469,KEMET,CAP ALUM SCRW TERM 105C
PEH169PU522VMU2,96,662.63135,KEMET,CAP ALUM SCREW TERM 105C
ALS70C153NT400,48,664.59875,KEMET,CAP ALUM 15000UF 20% 400V SCREW
ALS70G153NT400,48,664.59875,KEMET,CAP ALUM 15000UF 20% 400V SCREW
ALS70H153NT400,48,664.59875,KEMET,CAP ALUM 15000UF 20% 400V SCREW
ALS70P153NT400,48,664.59875,KEMET,CAP ALUM 15000UF 20% 400V SCREW
ALS70U153NT400,48,664.59875,KEMET,CAP ALUM 15000UF 20% 400V SCREW
ALS71A153NT400,48,664.59875,KEMET,CAP ALUM 15000UF 20% 400V SCREW
ALS71C153NT400,48,664.59875,KEMET,CAP ALUM 15000UF 20% 400V SCREW
ALS71G153NT400,48,664.59875,KEMET,CAP ALUM 15000UF 20% 400V SCREW
ALS71H153NT400,48,664.59875,KEMET,CAP ALUM 15000UF 20% 400V SCREW
ALS71P153NT400,48,664.59875,KEMET,CAP ALUM 15000UF 20% 400V SCREW
ALS71U153NT400,48,664.59875,KEMET,CAP ALUM 15000UF 20% 400V SCREW
ALS80C123NT400,48,664.82958,KEMET,CAP ALUM 12000UF 20% 400V SCREW
ALS80G123NT400,48,664.82958,KEMET,CAP ALUM 12000UF 20% 400V SCREW
ALS80H123NT400,48,664.82958,KEMET,CAP ALUM 12000UF 20% 400V SCREW
ALS80P123NT400,48,664.82958,KEMET,CAP ALUM 12000UF 20% 400V SCREW
ALS80U123NT400,48,664.82958,KEMET,CAP ALUM 12000UF 20% 400V SCREW
ALS81A123NT400,48,664.82958,KEMET,CAP ALUM 12000UF 20% 400V SCREW
ALS81C123NT400,48,664.82958,KEMET,CAP ALUM 12000UF 20% 400V SCREW
ALS81G123NT400,48,664.82958,KEMET,CAP ALUM 12000UF 20% 400V SCREW
ALS81H123NT400,48,664.82958,KEMET,CAP ALUM 12000UF 20% 400V SCREW
ALS81P123NT400,48,664.82958,KEMET,CAP ALUM 12000UF 20% 400V SCREW
ALS81U123NT400,48,664.82958,KEMET,CAP ALUM 12000UF 20% 400V SCREW
ALS30A332QP500,96,666.23969,KEMET,CAP ALUM SCRW TERM 85C
ALS80C123QP350,96,666.74104,KEMET,CAP ALUM 12000UF 20% 350V SCREW
ALS81H123QP350,96,666.74104,KEMET,CAP ALUM 12000UF 20% 350V SCREW
ALS70A333NS200,96,666.88229,KEMET,CAP ALUM 33000UF 20% 200V SCREW
ALS30C103QT450,96,667.88156,KEMET,CAP ALUM SCRW TERM 85C
ALS40A332QP450,96,668.38896,KEMET,CAP ALUM SCRW TERM 105C
ALS80A125QT025,24,669.21917,KEMET,CAP ALUM 1.2F 20% 25V SCREW CHAS
ALS80C125QT025,24,669.21917,KEMET,CAP ALUM 1.2F 20% 25V SCREW CHAS
ALS80H125QT025,24,669.21917,KEMET,CAP ALUM 1.2F 20% 25V SCREW CHAS
ALS81A125QT025,24,669.21917,KEMET,CAP ALUM 1.2F 20% 25V SCREW CHAS
ALS81C125QT025,24,669.21917,KEMET,CAP ALUM 1.2F 20% 25V SCREW CHAS
ALS81H125QT025,24,669.21917,KEMET,CAP ALUM 1.2F 20% 25V SCREW CHAS
ALS70C223QP250,96,669.30031,KEMET,CAP ALUM 22000UF 20% 250V SCREW
ALS70H223QP250,96,669.30031,KEMET,CAP ALUM 22000UF 20% 250V SCREW
ALS31C103QT450,96,669.90417,KEMET,CAP ALUM SCREW TERM 85C
ALS31A332QP500,96,671.34521,KEMET,CAP ALUM SCREW TERM 85C
ALS70H303QP200,96,672.4651,KEMET,CAP ALUM 30000UF 20% 200V SCREW
ALS80A394NT040,96,674.075,KEMET,CAP ALUM 390000UF 20% 40V SCREW
ALS80A303NS200,96,674.12417,KEMET,CAP ALUM 30000UF 20% 200V SCREW
ALS30A474QP025,96,674.8374,KEMET,CAP ALUM SCRW TERM 85C
ALS81C752NW450,96,675.04927,KEMET,CAP ALUM 7500UF 20% 450V SCREW
ALS31A682NP400,96,675.64365,KEMET,CAP ALUM SCREW TERM 85C
ALS40A474QP025,96,676.31385,KEMET,CAP ALUM SCRW TERM 105C
PEH169UT433VMU2,96,677.92458,KEMET,CAP ALUM SCREW TERM 105C
PEH169UT433VMB2,96,677.92458,KEMET,CAP ALUM SCRW TERM 105C
ALS70H153QW400,48,680.82063,KEMET,CAP ALUM 15000UF 20% 400V SCREW
ALS71A153QW400,48,680.82063,KEMET,CAP ALUM 15000UF 20% 400V SCREW
ALS71C153QW400,48,680.82063,KEMET,CAP ALUM 15000UF 20% 400V SCREW
ALS71H153QW400,48,680.82063,KEMET,CAP ALUM 15000UF 20% 400V SCREW
ALS31C153QT350,96,680.82667,KEMET,CAP ALUM SCREW TERM 85C
ALS80A124QT100,24,681.06875,KEMET,CAP ALUM 120000UF 20% 100V SCREW
ALS80C124QT100,24,681.06875,KEMET,CAP ALUM 120000UF 20% 100V SCREW
ALS80H124QT100,24,681.06875,KEMET,CAP ALUM 120000UF 20% 100V SCREW
ALS81C124QT100,24,681.06875,KEMET,CAP ALUM 120000UF 20% 100V SCREW
ALS81H124QT100,24,681.06875,KEMET,CAP ALUM 120000UF 20% 100V SCREW
ALS70H473QS200,48,682.04208,KEMET,CAP ALUM 47000UF 20% 200V SCREW
ALS71A473QS200,48,682.04208,KEMET,CAP ALUM 47000UF 20% 200V SCREW
ALS71C473QS200,48,682.04208,KEMET,CAP ALUM 47000UF 20% 200V SCREW
ALS71H473QS200,48,682.04208,KEMET,CAP ALUM 47000UF 20% 200V SCREW
PEH200OO427AMU2,96,682.76229,KEMET,CAP ALUM SCRW TERM 85C
ALS70A684QS040,48,686.40771,KEMET,CAP ALUM 680000UF 20% 40V SCREW
ALS70C684QS040,48,686.40771,KEMET,CAP ALUM 680000UF 20% 40V SCREW
ALS70H684QS040,48,686.40771,KEMET,CAP ALUM 680000UF 20% 40V SCREW
ALS71A684QS040,48,686.40771,KEMET,CAP ALUM 680000UF 20% 40V SCREW
ALS71C684QS040,48,686.40771,KEMET,CAP ALUM 680000UF 20% 40V SCREW
ALS71H684QS040,48,686.40771,KEMET,CAP ALUM 680000UF 20% 40V SCREW
ALS81A512NP500,96,687.64552,KEMET,CAP ALUM 5100UF 20% 500V SCREW
ALS30A153NT250,96,687.86604,KEMET,CAP ALUM SCRW TERM 85C
ALS80C103NT450,48,690.18063,KEMET,CAP ALUM 10000UF 20% 450V SCREW
ALS80H103NT450,48,690.18063,KEMET,CAP ALUM 10000UF 20% 450V SCREW
ALS80P103NT450,48,690.18063,KEMET,CAP ALUM 10000UF 20% 450V SCREW
ALS80U103NT450,48,690.18063,KEMET,CAP ALUM 10000UF 20% 450V SCREW
ALS81A103NT450,48,690.18063,KEMET,CAP ALUM 10000UF 20% 450V SCREW
ALS81C103NT450,48,690.18063,KEMET,CAP ALUM 10000UF 20% 450V SCREW
ALS81G103NT450,48,690.18063,KEMET,CAP ALUM 10000UF 20% 450V SCREW
ALS81H103NT450,48,690.18063,KEMET,CAP ALUM 10000UF 20% 450V SCREW
ALS81P103NT450,48,690.18063,KEMET,CAP ALUM 10000UF 20% 450V SCREW
ALS81U103NT450,48,690.18063,KEMET,CAP ALUM 10000UF 20% 450V SCREW
ALS71A682QM500,96,692.88542,KEMET,CAP ALUM 6800UF 20% 500V SCREW
ALS31A474QP025,96,693.77531,KEMET,CAP ALUM SCREW TERM 85C
ALS80A244NT063,96,693.96396,KEMET,CAP ALUM 240000UF 20% 63V SCREW
PEH200VO433AMU2,96,695.28531,KEMET,CAP ALUM SCRW TERM 85C
ALS31A103NT400,96,696.15969,KEMET,CAP ALUM SCREW TERM 85C
ALS70H474QP040,96,697.0925,KEMET,CAP ALUM 470000UF 20% 40V SCREW
PEH200VO433AMB2,96,697.99271,KEMET,CAP ALUM SCRW TERM 85C
ALS71C752NW500,96,697.99792,KEMET,CAP ALUM 7500UF 20% 500V SCREW
PEH169VV4220QB2,96,705.42229,KEMET,CAP ALUM SCRW TERM 85C
PEH169VV4220QU2,96,705.42229,KEMET,CAP ALUM SCREW TERM 105C
ALS70A473QT200,24,706.99,KEMET,CAP ALUM 47000UF 20% 200V SCREW
ALS70C473QT200,24,706.99,KEMET,CAP ALUM 47000UF 20% 200V SCREW
ALS70H473QT200,24,706.99,KEMET,CAP ALUM 47000UF 20% 200V SCREW
ALS71A473QT200,24,706.99,KEMET,CAP ALUM 47000UF 20% 200V SCREW
ALS71C473QT200,24,706.99,KEMET,CAP ALUM 47000UF 20% 200V SCREW
ALS71H473QT200,24,706.99,KEMET,CAP ALUM 47000UF 20% 200V SCREW
ALS80A103QW450,48,707.14,KEMET,CAP ALUM 10000UF 20% 450V SCREW
ALS80C103QW450,48,707.14,KEMET,CAP ALUM 10000UF 20% 450V SCREW
ALS80H103QW450,48,707.14,KEMET,CAP ALUM 10000UF 20% 450V SCREW
ALS81A103QW450,48,707.14,KEMET,CAP ALUM 10000UF 20% 450V SCREW
ALS81C103QW450,48,707.14,KEMET,CAP ALUM 10000UF 20% 450V SCREW
ALS81H103QW450,48,707.14,KEMET,CAP ALUM 10000UF 20% 450V SCREW
ALS70A114QW100,96,708.59573,KEMET,CAP ALUM 110000UF 20% 100V SCREW
ALS70C133QW450,48,712.26521,KEMET,CAP ALUM 13000UF 20% 450V SCREW
ALS70H133QW450,48,712.26521,KEMET,CAP ALUM 13000UF 20% 450V SCREW
ALS71A133QW450,48,712.26521,KEMET,CAP ALUM 13000UF 20% 450V SCREW
ALS71C133QW450,48,712.26521,KEMET,CAP ALUM 13000UF 20% 450V SCREW
ALS71H133QW450,48,712.26521,KEMET,CAP ALUM 13000UF 20% 450V SCREW
PEH200ST4680MB2,96,713.70896,KEMET,CAP ALUM SCRW TERM 85C
PEH200ST4680MU2,96,713.70896,KEMET,CAP ALUM SCRW TERM 85C
ALS41A682QP350,96,714.46188,KEMET,CAP ALUM SCRW TERM 105C
ALS70G103NT500,48,714.63063,KEMET,CAP ALUM 10000UF 20% 500V SCREW
ALS70H103NT500,48,714.63063,KEMET,CAP ALUM 10000UF 20% 500V SCREW
ALS70P103NT500,48,714.63063,KEMET,CAP ALUM 10000UF 20% 500V SCREW
ALS70U103NT500,48,714.63063,KEMET,CAP ALUM 10000UF 20% 500V SCREW
ALS71G103NT500,48,714.63063,KEMET,CAP ALUM 10000UF 20% 500V SCREW
ALS71H103NT500,48,714.63063,KEMET,CAP ALUM 10000UF 20% 500V SCREW
ALS71P103NT500,48,714.63063,KEMET,CAP ALUM 10000UF 20% 500V SCREW
ALS71U103NT500,48,714.63063,KEMET,CAP ALUM 10000UF 20% 500V SCREW
ALS70H163NS350,96,716.47927,KEMET,CAP ALUM 16000UF 20% 350V SCREW
ALS71P163NS350,96,716.47927,KEMET,CAP ALUM 16000UF 20% 350V SCREW
ALS40A682NT350,96,719.02729,KEMET,CAP ALUM SCRW TERM 105C
ALS71A334QS063,96,723.77792,KEMET,CAP ALUM 330000UF 20% 63V SCREW
ALS80A334QT063,24,726.25458,KEMET,CAP ALUM 330000UF 20% 63V SCREW
ALS80C334QT063,24,726.25458,KEMET,CAP ALUM 330000UF 20% 63V SCREW
ALS80H334QT063,24,726.25458,KEMET,CAP ALUM 330000UF 20% 63V SCREW
ALS81A334QT063,24,726.25458,KEMET,CAP ALUM 330000UF 20% 63V SCREW
ALS81C334QT063,24,726.25458,KEMET,CAP ALUM 330000UF 20% 63V SCREW
ALS81H334QT063,24,726.25458,KEMET,CAP ALUM 330000UF 20% 63V SCREW
ALS70A123QP400,96,726.65156,KEMET,CAP ALUM 12000UF 20% 400V SCREW
ALS71A123QP400,96,726.65156,KEMET,CAP ALUM 12000UF 20% 400V SCREW
PEH200XT4330MU2,96,727.12531,KEMET,CAP ALUM SCRW TERM 85C
PEH200XT4330MB2,96,727.12531,KEMET,CAP ALUM SCRW TERM 85C
ALS80A133QW400,48,729.35708,KEMET,CAP ALUM 13000UF 20% 400V SCREW
ALS80C133QW400,48,729.35708,KEMET,CAP ALUM 13000UF 20% 400V SCREW
ALS80H133QW400,48,729.35708,KEMET,CAP ALUM 13000UF 20% 400V SCREW
ALS81A133QW400,48,729.35708,KEMET,CAP ALUM 13000UF 20% 400V SCREW
ALS81C133QW400,48,729.35708,KEMET,CAP ALUM 13000UF 20% 400V SCREW
ALS81H133QW400,48,729.35708,KEMET,CAP ALUM 13000UF 20% 400V SCREW
ALS70A432NW630,48,729.41229,KEMET,CAP ALUM SCREW TERM CV
ALS70A133NS400,96,730.71385,KEMET,CAP ALUM 13000UF 20% 400V SCREW
ALS70A103QW500,48,730.9525,KEMET,CAP ALUM 10000UF 20% 500V SCREW
ALS70C103QW500,48,730.9525,KEMET,CAP ALUM 10000UF 20% 500V SCREW
ALS70H103QW500,48,730.9525,KEMET,CAP ALUM 10000UF 20% 500V SCREW
ALS71A103QW500,48,730.9525,KEMET,CAP ALUM 10000UF 20% 500V SCREW
ALS71C103QW500,48,730.9525,KEMET,CAP ALUM 10000UF 20% 500V SCREW
ALS71H103QW500,48,730.9525,KEMET,CAP ALUM 10000UF 20% 500V SCREW
ALS70C363QS250,48,731.18333,KEMET,CAP ALUM 36000UF 20% 250V SCREW
ALS70H363QS250,48,731.18333,KEMET,CAP ALUM 36000UF 20% 250V SCREW
ALS71A363QS250,48,731.18333,KEMET,CAP ALUM 36000UF 20% 250V SCREW
ALS71C363QS250,48,731.18333,KEMET,CAP ALUM 36000UF 20% 250V SCREW
ALS71H363QS250,48,731.18333,KEMET,CAP ALUM 36000UF 20% 250V SCREW
PEH169RV510VMB2,96,731.7924,KEMET,CAP ALUM SCRW TERM 105C
PEH169RV510VMU2,96,731.7924,KEMET,CAP ALUM SCREW TERM 105C
ALS71A103QP450,96,733.64177,KEMET,CAP ALUM 10000UF 20% 450V SCREW
ALS70C564NT040,96,734.69354,KEMET,CAP ALUM 560000UF 20% 40V SCREW
ALS70A682QP550,48,734.94417,KEMET,CAP ALUM 6800UF 20% 550V SCREW
ALS70C682QP550,48,734.94417,KEMET,CAP ALUM 6800UF 20% 550V SCREW
ALS70H682QP550,48,734.94417,KEMET,CAP ALUM 6800UF 20% 550V SCREW
ALS71A682QP550,48,734.94417,KEMET,CAP ALUM 6800UF 20% 550V SCREW
ALS71H682QP550,48,734.94417,KEMET,CAP ALUM 6800UF 20% 550V SCREW
ALS80A682QP500,48,735.68167,KEMET,CAP ALUM 6800UF 20% 500V SCREW
ALS80C682QP500,48,735.68167,KEMET,CAP ALUM 6800UF 20% 500V SCREW
ALS80H682QP500,48,735.68167,KEMET,CAP ALUM 6800UF 20% 500V SCREW
ALS81A682QP500,48,735.68167,KEMET,CAP ALUM 6800UF 20% 500V SCREW
ALS81C682QP500,48,735.68167,KEMET,CAP ALUM 6800UF 20% 500V SCREW
ALS81H682QP500,48,735.68167,KEMET,CAP ALUM 6800UF 20% 500V SCREW
ALS70H274QW063,96,740.84573,KEMET,CAP ALUM 270000UF 20% 63V SCREW
ALS31A682NT400,96,741.9974,KEMET,CAP ALUM SCREW TERM 85C
ALS31A154NT063,96,742.93885,KEMET,CAP ALUM SCREW TERM 85C
ALS40A224QP040,96,743.20594,KEMET,CAP ALUM SCRW TERM 105C
ALS30A682QP400,96,744.41625,KEMET,CAP ALUM SCRW TERM 85C
ALS80C433QS200,48,746.55938,KEMET,CAP ALUM 43000UF 20% 200V SCREW
ALS80H433QS200,48,746.55938,KEMET,CAP ALUM 43000UF 20% 200V SCREW
ALS81A433QS200,48,746.55938,KEMET,CAP ALUM 43000UF 20% 200V SCREW
ALS81C433QS200,48,746.55938,KEMET,CAP ALUM 43000UF 20% 200V SCREW
ALS81H433QS200,48,746.55938,KEMET,CAP ALUM 43000UF 20% 200V SCREW
PEH169QV515VMU2,96,748.72667,KEMET,CAP ALUM SCREW TERM 105C
ALS30A682NT400,96,749.52,KEMET,CAP ALUM SCRW TERM 85C
PEH200KU6150MB2,96,749.84563,KEMET,CAP ALUM SCRW TERM 85C
ALS80C303QS250,48,752.39792,KEMET,CAP ALUM 30000UF 20% 250V SCREW
ALS80H303QS250,48,752.39792,KEMET,CAP ALUM 30000UF 20% 250V SCREW
ALS81A303QS250,48,752.39792,KEMET,CAP ALUM 30000UF 20% 250V SCREW
ALS81C303QS250,48,752.39792,KEMET,CAP ALUM 30000UF 20% 250V SCREW
ALS81H303QS250,48,752.39792,KEMET,CAP ALUM 30000UF 20% 250V SCREW
ALS70A363QT250,24,752.65458,KEMET,CAP ALUM 36000UF 20% 250V SCREW
ALS70C363QT250,24,752.65458,KEMET,CAP ALUM 36000UF 20% 250V SCREW
ALS70H363QT250,24,752.65458,KEMET,CAP ALUM 36000UF 20% 250V SCREW
ALS71C363QT250,24,752.65458,KEMET,CAP ALUM 36000UF 20% 250V SCREW
ALS71H363QT250,24,752.65458,KEMET,CAP ALUM 36000UF 20% 250V SCREW
ALS30A223NT200,96,753.14646,KEMET,CAP ALUM SCRW TERM 85C
ALS30A154NT063,96,755.16135,KEMET,CAP ALUM SCRW TERM 85C
ALS71A564QW040,96,756.08729,KEMET,CAP ALUM 560000UF 20% 40V SCREW
PEH169PV5220QB2,96,756.12354,KEMET,CAP ALUM SCRW TERM 105C
ALS30A223QP200,96,760.39865,KEMET,CAP ALUM SCRW TERM 85C
ALS31A223QP200,96,760.39865,KEMET,CAP ALUM SCREW TERM 85C
ALS70C752NS550,48,761.68208,KEMET,CAP ALUM 7500UF 20% 550V SCREW
ALS70G752NS550,48,761.68208,KEMET,CAP ALUM 7500UF 20% 550V SCREW
ALS70H752NS550,48,761.68208,KEMET,CAP ALUM 7500UF 20% 550V SCREW
ALS70P752NS550,48,761.68208,KEMET,CAP ALUM 7500UF 20% 550V SCREW
ALS70U752NS550,48,761.68208,KEMET,CAP ALUM 7500UF 20% 550V SCREW
ALS71A752NS550,48,761.68208,KEMET,CAP ALUM 7500UF 20% 550V SCREW
ALS71C752NS550,48,761.68208,KEMET,CAP ALUM 7500UF 20% 550V SCREW
ALS71G752NS550,48,761.68208,KEMET,CAP ALUM 7500UF 20% 550V SCREW
ALS71H752NS550,48,761.68208,KEMET,CAP ALUM 7500UF 20% 550V SCREW
ALS71P752NS550,48,761.68208,KEMET,CAP ALUM 7500UF 20% 550V SCREW
ALS71U752NS550,48,761.68208,KEMET,CAP ALUM 7500UF 20% 550V SCREW
ALS80A752NS500,48,762.39542,KEMET,CAP ALUM 7500UF 20% 500V SCREW
ALS80C752NS500,48,762.39542,KEMET,CAP ALUM 7500UF 20% 500V SCREW
ALS80G752NS500,48,762.39542,KEMET,CAP ALUM 7500UF 20% 500V SCREW
ALS80H752NS500,48,762.39542,KEMET,CAP ALUM 7500UF 20% 500V SCREW
ALS80P752NS500,48,762.39542,KEMET,CAP ALUM 7500UF 20% 500V SCREW
ALS80U752NS500,48,762.39542,KEMET,CAP ALUM 7500UF 20% 500V SCREW
ALS81A752NS500,48,762.39542,KEMET,CAP ALUM 7500UF 20% 500V SCREW
ALS81C752NS500,48,762.39542,KEMET,CAP ALUM 7500UF 20% 500V SCREW
ALS81G752NS500,48,762.39542,KEMET,CAP ALUM 7500UF 20% 500V SCREW
ALS81H752NS500,48,762.39542,KEMET,CAP ALUM 7500UF 20% 500V SCREW
ALS81P752NS500,48,762.39542,KEMET,CAP ALUM 7500UF 20% 500V SCREW
ALS81U752NS500,48,762.39542,KEMET,CAP ALUM 7500UF 20% 500V SCREW
ALS40A473NT100,96,763.355,KEMET,CAP ALUM SCRW TERM 105C
ALS70A564NT040,96,763.47813,KEMET,CAP ALUM 560000UF 20% 40V SCREW
ALS30A154QP063,96,764.56438,KEMET,CAP ALUM SCRW TERM 85C
ALS31A154QP063,96,764.56438,KEMET,CAP ALUM SCREW TERM 85C
ALS70A223QS350,48,766.46646,KEMET,CAP ALUM 22000UF 20% 350V SCREW
ALS70C223QS350,48,766.46646,KEMET,CAP ALUM 22000UF 20% 350V SCREW
ALS71A223QS350,48,766.46646,KEMET,CAP ALUM 22000UF 20% 350V SCREW
ALS71C223QS350,48,766.46646,KEMET,CAP ALUM 22000UF 20% 350V SCREW
ALS71H223QS350,48,766.46646,KEMET,CAP ALUM 22000UF 20% 350V SCREW
ALS70H363QW200,96,767.06417,KEMET,CAP ALUM 36000UF 20% 200V SCREW
ALS80C433QT200,24,767.31208,KEMET,CAP ALUM 43000UF 20% 200V SCREW
ALS80H433QT200,24,767.31208,KEMET,CAP ALUM 43000UF 20% 200V SCREW
ALS81A433QT200,24,767.31208,KEMET,CAP ALUM 43000UF 20% 200V SCREW
ALS81C433QT200,24,767.31208,KEMET,CAP ALUM 43000UF 20% 200V SCREW
ALS81H433QT200,24,767.31208,KEMET,CAP ALUM 43000UF 20% 200V SCREW
ALS70C754QT040,24,768.37333,KEMET,CAP ALUM 750000UF 20% 40V SCREW
ALS70H754QT040,24,768.37333,KEMET,CAP ALUM 750000UF 20% 40V SCREW
ALS71A754QT040,24,768.37333,KEMET,CAP ALUM 750000UF 20% 40V SCREW
ALS71C754QT040,24,768.37333,KEMET,CAP ALUM 750000UF 20% 40V SCREW
ALS71H754QT040,24,768.37333,KEMET,CAP ALUM 750000UF 20% 40V SCREW
PEH169MV5470QU2,96,769.14958,KEMET,CAP ALUM SCREW TERM 105C
ALS80C303QT250,24,772.70792,KEMET,CAP ALUM 30000UF 20% 250V SCREW
ALS80H303QT250,24,772.70792,KEMET,CAP ALUM 30000UF 20% 250V SCREW
ALS81A303QT250,24,772.70792,KEMET,CAP ALUM 30000UF 20% 250V SCREW
ALS81C303QT250,24,772.70792,KEMET,CAP ALUM 30000UF 20% 250V SCREW
ALS81H303QT250,24,772.70792,KEMET,CAP ALUM 30000UF 20% 250V SCREW
ALS42A123Q8L400,104,775.8099,KEMET,CAP ALUM 12000UF 20% 400V SCREW
ALS80A114QS100,96,775.96938,KEMET,CAP ALUM 110000UF 20% 100V SCREW
ALS81A114QS100,96,775.96938,KEMET,CAP ALUM 110000UF 20% 100V SCREW
PEH200ZV4220MB2,96,777.76448,KEMET,CAP ALUM SCRW TERM 85C
PEH169MV5470QB2,96,778.02375,KEMET,CAP ALUM SCRW TERM 105C
PEH200VT4330MU2,96,778.20292,KEMET,CAP ALUM SCRW TERM 85C
ALS71A134QS100,96,779.19271,KEMET,CAP ALUM 130000UF 20% 100V SCREW
ALS70H273QW250,96,780.55031,KEMET,CAP ALUM 27000UF 20% 250V SCREW
PEH200VT4330MB2,96,783.0225,KEMET,CAP ALUM SCRW TERM 85C
ALS80A203QS350,48,784.7125,KEMET,CAP ALUM 20000UF 20% 350V SCREW
ALS80C203QS350,48,784.7125,KEMET,CAP ALUM 20000UF 20% 350V SCREW
ALS80H203QS350,48,784.7125,KEMET,CAP ALUM 20000UF 20% 350V SCREW
ALS81A203QS350,48,784.7125,KEMET,CAP ALUM 20000UF 20% 350V SCREW
ALS81C203QS350,48,784.7125,KEMET,CAP ALUM 20000UF 20% 350V SCREW
ALS81H203QS350,48,784.7125,KEMET,CAP ALUM 20000UF 20% 350V SCREW
ALS30A682NT415,96,786.05458,KEMET,CAP ALUM SCRW TERM 85C
ALS70H183QS400,48,786.51625,KEMET,CAP ALUM 18000UF 20% 400V SCREW
ALS71H183QS400,48,786.51625,KEMET,CAP ALUM 18000UF 20% 400V SCREW
ALS40A473QP100,96,787.53281,KEMET,CAP ALUM SCRW TERM 105C
ALS41A473QP100,96,787.53281,KEMET,CAP ALUM SCRW TERM 105C
PEH200SN4680MB2,96,790.1549,KEMET,CAP ALUM SCRW TERM 85C
ALS41A153QP250,96,792.0999,KEMET,CAP ALUM SCRW TERM 105C
ALS30A334NT040,96,793.71073,KEMET,CAP ALUM SCRW TERM 85C
PEH169SV488AMU2,96,797.21583,KEMET,CAP ALUM SCREW TERM 105C
ALS31A334NT040,96,797.60771,KEMET,CAP ALUM SCREW TERM 85C
ALS70A125QS025,96,800.66917,KEMET,CAP ALUM 1.2F 20% 25V SCREW CHAS
ALS80A333QW200,96,800.96552,KEMET,CAP ALUM 33000UF 20% 200V SCREW
ALS40A223NT200,96,803.3826,KEMET,CAP ALUM SCRW TERM 105C
PEH200OV4330MU2,96,803.4825,KEMET,CAP ALUM SCRW TERM 85C
ALS80A203QT350,24,804.31125,KEMET,CAP ALUM 20000UF 20% 350V SCREW
ALS80C203QT350,24,804.31125,KEMET,CAP ALUM 20000UF 20% 350V SCREW
ALS80H203QT350,24,804.31125,KEMET,CAP ALUM 20000UF 20% 350V SCREW
ALS81A203QT350,24,804.31125,KEMET,CAP ALUM 20000UF 20% 350V SCREW
ALS81C203QT350,24,804.31125,KEMET,CAP ALUM 20000UF 20% 350V SCREW
ALS81H203QT350,24,804.31125,KEMET,CAP ALUM 20000UF 20% 350V SCREW
ALS71A364QT063,96,804.41198,KEMET,CAP ALUM 360000UF 20% 63V SCREW
ALS71H364QT063,96,804.41198,KEMET,CAP ALUM 360000UF 20% 63V SCREW
PEH169SV488AMB2,96,875.88031,KEMET,CAP ALUM 8800UF 20% 250V SCREW
ALS70A123NS450,96,808.51656,KEMET,CAP ALUM 12000UF 20% 450V SCREW
ALS70H123NS450,96,808.51656,KEMET,CAP ALUM 12000UF 20% 450V SCREW
ALS70H564QW040,96,815.41458,KEMET,CAP ALUM 560000UF 20% 40V SCREW
PEH200UU4470MU2,96,818.06083,KEMET,CAP ALUM SCRW TERM 85C
ALS71G912NS500,96,819.06781,KEMET,CAP ALUM 9100UF 20% 500V SCREW
ALS70A622NW550,96,824.62906,KEMET,CAP ALUM 6200UF 20% 550V SCREW
ALS71A622NW550,96,824.62906,KEMET,CAP ALUM 6200UF 20% 550V SCREW
PEH200YM4220MU2,96,825.11573,KEMET,CAP ALUM SCRW TERM 85C
ALS81A622NW500,96,825.44219,KEMET,CAP ALUM 6200UF 20% 500V SCREW
ALS30A103NT350,96,826.2175,KEMET,CAP ALUM SCRW TERM 85C
ALS70A123NT450,96,826.2976,KEMET,CAP ALUM 12000UF 20% 450V SCREW
ALS80A123NS400,96,827.44583,KEMET,CAP ALUM 12000UF 20% 400V SCREW
ALS81A123NS400,96,827.44583,KEMET,CAP ALUM 12000UF 20% 400V SCREW
PEH200UU4470MB2,96,828.12979,KEMET,CAP ALUM SCRW TERM 85C
ALS71A472QP630,48,828.72667,KEMET,CAP ALUM SCRW TERM HIGH RIPPLE
ALS31A103NT350,96,830.11354,KEMET,CAP ALUM SCREW TERM 85C
PEH200YM4220MB2,96,837.88948,KEMET,CAP ALUM SCRW TERM 85C
PEH200HV6330MU2,96,840.29792,KEMET,CAP ALUM SCRW TERM 85C
PEH200HV6330MB2,96,840.29792,KEMET,CAP ALUM SCRW TERM 85C
PEH169UV4330QU2,96,840.62094,KEMET,CAP ALUM SCREW TERM 105C
ALS70G822NT550,48,840.97938,KEMET,CAP ALUM 8200UF 20% 550V SCREW
ALS70H822NT550,48,840.97938,KEMET,CAP ALUM 8200UF 20% 550V SCREW
ALS70P822NT550,48,840.97938,KEMET,CAP ALUM 8200UF 20% 550V SCREW
ALS70U822NT550,48,840.97938,KEMET,CAP ALUM 8200UF 20% 550V SCREW
ALS71G822NT550,48,840.97938,KEMET,CAP ALUM 8200UF 20% 550V SCREW
ALS71H822NT550,48,840.97938,KEMET,CAP ALUM 8200UF 20% 550V SCREW
ALS71P822NT550,48,840.97938,KEMET,CAP ALUM 8200UF 20% 550V SCREW
ALS71U822NT550,48,840.97938,KEMET,CAP ALUM 8200UF 20% 550V SCREW
ALS70G912NS500,96,841.19979,KEMET,CAP ALUM 9100UF 20% 500V SCREW
PEH169VV433VMB2,96,841.35833,KEMET,CAP ALUM SCRW TERM 85C
PEH169VV433VMU2,96,841.35833,KEMET,CAP ALUM SCREW TERM 105C
ALS80A822NT500,48,841.83729,KEMET,CAP ALUM 8200UF 20% 500V SCREW
ALS80C822NT500,48,841.83729,KEMET,CAP ALUM 8200UF 20% 500V SCREW
ALS80G822NT500,48,841.83729,KEMET,CAP ALUM 8200UF 20% 500V SCREW
ALS80H822NT500,48,841.83729,KEMET,CAP ALUM 8200UF 20% 500V SCREW
ALS80P822NT500,48,841.83729,KEMET,CAP ALUM 8200UF 20% 500V SCREW
ALS80U822NT500,48,841.83729,KEMET,CAP ALUM 8200UF 20% 500V SCREW
ALS81A822NT500,48,841.83729,KEMET,CAP ALUM 8200UF 20% 500V SCREW
ALS81C822NT500,48,841.83729,KEMET,CAP ALUM 8200UF 20% 500V SCREW
ALS81G822NT500,48,841.83729,KEMET,CAP ALUM 8200UF 20% 500V SCREW
ALS81H822NT500,48,841.83729,KEMET,CAP ALUM 8200UF 20% 500V SCREW
ALS81P822NT500,48,841.83729,KEMET,CAP ALUM 8200UF 20% 500V SCREW
ALS81U822NT500,48,841.83729,KEMET,CAP ALUM 8200UF 20% 500V SCREW
PEH169SY4680QB2,96,843.92271,KEMET,CAP ALUM SCRW TERM 105C
ALS70C123QS500,48,846.11667,KEMET,CAP ALUM 12000UF 20% 500V SCREW
ALS70H123QS500,48,846.11667,KEMET,CAP ALUM 12000UF 20% 500V SCREW
ALS71H123QS500,48,846.11667,KEMET,CAP ALUM 12000UF 20% 500V SCREW
ALS70A153NT400,96,846.64125,KEMET,CAP ALUM 15000UF 20% 400V SCREW
ALS80A123NT400,96,846.935,KEMET,CAP ALUM 12000UF 20% 400V SCREW
PEH169UV447VMB2,96,846.94281,KEMET,CAP ALUM SCRW TERM 105C
PEH169UV447VMU2,96,846.94281,KEMET,CAP ALUM SCREW TERM 105C
ALS70C243QT350,24,847.22625,KEMET,CAP ALUM 24000UF 20% 350V SCREW
ALS70H243QT350,24,847.22625,KEMET,CAP ALUM 24000UF 20% 350V SCREW
ALS71C243QT350,24,847.22625,KEMET,CAP ALUM 24000UF 20% 350V SCREW
ALS71H243QT350,24,847.22625,KEMET,CAP ALUM 24000UF 20% 350V SCREW
PEH169YV4220MU2,96,847.71292,KEMET,CAP ALUM SCREW TERM 105C
ALS31C472NP450,96,848.24604,KEMET,CAP ALUM SCREW TERM 85C
ALS31A683NT100,96,849.45635,KEMET,CAP ALUM SCREW TERM 85C
ALS30A683NT100,96,850.39615,KEMET,CAP ALUM SCRW TERM 85C
PEH200VN4330MU2,96,853.0251,KEMET,CAP ALUM SCRW TERM 85C
PEH169YV4220MB2,96,856.57927,KEMET,CAP ALUM SCRW TERM 85C
PEH200PT5330MU2,96,856.76792,KEMET,CAP ALUM SCRW TERM 85C
ALS30A472NT500,96,857.51563,KEMET,CAP ALUM 4700UF 20% 500V SCREW
PEH200VN4330MB2,96,857.83438,KEMET,CAP ALUM SCRW TERM 85C
ALS70A822QW550,48,858.21417,KEMET,CAP ALUM 8200UF 20% 550V SCREW
ALS70H822QW550,48,858.21417,KEMET,CAP ALUM 8200UF 20% 550V SCREW
ALS71C822QW550,48,858.21417,KEMET,CAP ALUM 8200UF 20% 550V SCREW
ALS71H822QW550,48,858.21417,KEMET,CAP ALUM 8200UF 20% 550V SCREW
ALS40A472NT450,96,858.45458,KEMET,CAP ALUM SCRW TERM 105C
ALS80A822QW500,48,859.04979,KEMET,CAP ALUM 8200UF 20% 500V SCREW
ALS80C822QW500,48,859.04979,KEMET,CAP ALUM 8200UF 20% 500V SCREW
ALS80H822QW500,48,859.04979,KEMET,CAP ALUM 8200UF 20% 500V SCREW
ALS81A822QW500,48,859.04979,KEMET,CAP ALUM 8200UF 20% 500V SCREW
ALS81C822QW500,48,859.04979,KEMET,CAP ALUM 8200UF 20% 500V SCREW
ALS81H822QW500,48,859.04979,KEMET,CAP ALUM 8200UF 20% 500V SCREW
ALS81A124QT100,96,859.14021,KEMET,CAP ALUM 120000UF 20% 100V SCREW
ALS31A472NT500,96,861.27563,KEMET,CAP ALUM SCREW TERM 85C
ALS70A163QT450,24,861.37042,KEMET,CAP ALUM 16000UF 20% 450V SCREW
ALS70C163QT450,24,861.37042,KEMET,CAP ALUM 16000UF 20% 450V SCREW
ALS70H163QT450,24,861.37042,KEMET,CAP ALUM 16000UF 20% 450V SCREW
ALS71C163QT450,24,861.37042,KEMET,CAP ALUM 16000UF 20% 450V SCREW
ALS71H163QT450,24,861.37042,KEMET,CAP ALUM 16000UF 20% 450V SCREW
PEH200PT5330MB2,96,861.58406,KEMET,CAP ALUM SCRW TERM 85C
ALS41A472NT450,96,863.42479,KEMET,CAP ALUM SCRW TERM 105C
ALS80A163QS400,48,863.52563,KEMET,CAP ALUM 16000UF 20% 400V SCREW
ALS80C163QS400,48,863.52563,KEMET,CAP ALUM 16000UF 20% 400V SCREW
ALS80H163QS400,48,863.52563,KEMET,CAP ALUM 16000UF 20% 400V SCREW
ALS81A163QS400,48,863.52563,KEMET,CAP ALUM 16000UF 20% 400V SCREW
ALS81C163QS400,48,863.52563,KEMET,CAP ALUM 16000UF 20% 400V SCREW
ALS81H163QS400,48,863.52563,KEMET,CAP ALUM 16000UF 20% 400V SCREW
ALS70A153QW400,96,867.30719,KEMET,CAP ALUM 15000UF 20% 400V SCREW
ALS70C153QW400,96,867.30719,KEMET,CAP ALUM 15000UF 20% 400V SCREW
ALS40A682QP400,96,874.97708,KEMET,CAP ALUM SCRW TERM 105C
ALS30A683QP100,96,875.245,KEMET,CAP ALUM SCRW TERM 85C
ALS31A683QP100,96,875.245,KEMET,CAP ALUM SCREW TERM 85C
ALS80A103NT450,96,879.23073,KEMET,CAP ALUM 10000UF 20% 450V SCREW
ALS80G103NT450,96,879.23073,KEMET,CAP ALUM 10000UF 20% 450V SCREW
ALS80A133QS450,48,879.33063,KEMET,CAP ALUM 13000UF 20% 450V SCREW
ALS80C133QS450,48,879.33063,KEMET,CAP ALUM 13000UF 20% 450V SCREW
ALS80H133QS450,48,879.33063,KEMET,CAP ALUM 13000UF 20% 450V SCREW
ALS81A133QS450,48,879.33063,KEMET,CAP ALUM 13000UF 20% 450V SCREW
ALS81C133QS450,48,879.33063,KEMET,CAP ALUM 13000UF 20% 450V SCREW
ALS81H133QS450,48,879.33063,KEMET,CAP ALUM 13000UF 20% 450V SCREW
ALS40A154QT063,96,880.08094,KEMET,CAP ALUM SCRW TERM 105C
ALS41A682NT400,96,881.0224,KEMET,CAP ALUM SCRW TERM 105C
ALS70A203QT400,24,882.60917,KEMET,CAP ALUM 20000UF 20% 400V SCREW
ALS70C203QT400,24,882.60917,KEMET,CAP ALUM 20000UF 20% 400V SCREW
ALS70H203QT400,24,882.60917,KEMET,CAP ALUM 20000UF 20% 400V SCREW
ALS71A203QT400,24,882.60917,KEMET,CAP ALUM 20000UF 20% 400V SCREW
ALS80A163QT400,24,882.685,KEMET,CAP ALUM 16000UF 20% 400V SCREW
ALS80C163QT400,24,882.685,KEMET,CAP ALUM 16000UF 20% 400V SCREW
ALS80H163QT400,24,882.685,KEMET,CAP ALUM 16000UF 20% 400V SCREW
ALS81A163QT400,24,882.685,KEMET,CAP ALUM 16000UF 20% 400V SCREW
ALS81C163QT400,24,882.685,KEMET,CAP ALUM 16000UF 20% 400V SCREW
ALS81H163QT400,24,882.685,KEMET,CAP ALUM 16000UF 20% 400V SCREW
ALS31A682NT450,102,885.05127,KEMET,CAP ALUM SCREW TERM 85C
PEH169MV582BQB2,96,886.43375,KEMET,CAP ALUM SCRW TERM 105C
PEH169MV582BQU2,96,886.43375,KEMET,CAP ALUM SCREW TERM 105C
PEH169PV533VMU2,96,887.35969,KEMET,CAP ALUM SCREW TERM 105C
PEH169KV615VMB2,96,895.18302,KEMET,CAP ALUM SCRW TERM 105C
PEH169PV533VMB2,96,896.22438,KEMET,CAP ALUM SCRW TERM 105C
ALS80A133QT450,24,897.115,KEMET,CAP ALUM 13000UF 20% 450V SCREW
ALS80H133QT450,24,897.115,KEMET,CAP ALUM 13000UF 20% 450V SCREW
ALS81A133QT450,24,897.115,KEMET,CAP ALUM 13000UF 20% 450V SCREW
ALS81H133QT450,24,897.115,KEMET,CAP ALUM 13000UF 20% 450V SCREW
ALS70A133QW450,96,907.3649,KEMET,CAP ALUM 13000UF 20% 450V SCREW
ALS71A103NT500,96,910.37635,KEMET,CAP ALUM 10000UF 20% 500V SCREW
ALS71C103NT500,96,910.37635,KEMET,CAP ALUM 10000UF 20% 500V SCREW
PEH200UN4470MB2,96,914.82813,KEMET,CAP ALUM SCRW TERM 85C
PEH169VV433GQB2,96,915.81698,KEMET,CAP ALUM SCRW TERM 85C
PEH169VV433GQU2,96,915.81698,KEMET,CAP ALUM SCREW TERM 105C
ALS40A682QT500,96,917.49417,KEMET,CAP ALUM SCRW TERM 105C
ALS30A684QT025,96,919.97417,KEMET,CAP ALUM SCRW TERM 85C
ALS31A684QT025,96,919.97417,KEMET,CAP ALUM SCREW TERM 85C
PEH200SV5100MB2,96,920.68823,KEMET,CAP ALUM SCRW TERM 85C
ALS70C103NT500,96,921.16458,KEMET,CAP ALUM 10000UF 20% 500V SCREW
ALS40A684QT025,96,921.45229,KEMET,CAP ALUM SCRW TERM 105C
PEH200MV6100MB2,96,925.53875,KEMET,CAP ALUM SCRW TERM 85C
ALS70C133QT500,24,928.48375,KEMET,CAP ALUM 13000UF 20% 500V SCREW
ALS71C133QT500,24,928.48375,KEMET,CAP ALUM 13000UF 20% 500V SCREW
ALS71H133QT500,24,928.48375,KEMET,CAP ALUM 13000UF 20% 500V SCREW
ALS70A363QS250,96,931.46438,KEMET,CAP ALUM 36000UF 20% 250V SCREW
ALS71C682QP550,96,936.25542,KEMET,CAP ALUM 6800UF 20% 550V SCREW
ALS70C473QS200,96,954.935,KEMET,CAP ALUM 47000UF 20% 200V SCREW
ALS71A363QT250,96,956.54406,KEMET,CAP ALUM 36000UF 20% 250V SCREW
ALS80A303QS250,96,958.49083,KEMET,CAP ALUM 30000UF 20% 250V SCREW
PEH169UX4470QU2,96,962.49375,KEMET,CAP ALUM SCREW TERM 105C
PEH169UX4470QB2,96,966.84729,KEMET,CAP ALUM SCRW TERM 105C
ALS70A752NS550,96,970.31531,KEMET,CAP ALUM 7500UF 20% 550V SCREW
PEH200KV6220MU2,96,976.12198,KEMET,CAP ALUM SCRW TERM 85C
ALS70H223QS350,96,976.41052,KEMET,CAP ALUM 22000UF 20% 350V SCREW
ALS30A223QT250,96,979.21188,KEMET,CAP ALUM SCRW TERM 85C
PEH200VV447AMB2,96,984.38365,KEMET,CAP ALUM SCRW TERM 85C
PEH200VV447AMU2,96,984.38365,KEMET,CAP ALUM SCRW TERM 85C
PEH200KV6220MB2,96,984.99531,KEMET,CAP ALUM SCRW TERM 85C
ALS80A433QS200,96,997.6251,KEMET,CAP ALUM 43000UF 20% 200V SCREW
ALS70C183QS400,96,1001.95198,KEMET,CAP ALUM 18000UF 20% 400V SCREW
ALS71A183QS400,96,1001.95198,KEMET,CAP ALUM 18000UF 20% 400V SCREW
ALS71C183QS400,96,1001.95198,KEMET,CAP ALUM 18000UF 20% 400V SCREW
ALS80A433QT200,96,1005.35792,KEMET,CAP ALUM 43000UF 20% 200V SCREW
PEH200ZX4330MB2,96,1016.41917,KEMET,CAP ALUM SCRW TERM 85C
PEH200UV4680MU2,96,1017.62865,KEMET,CAP ALUM SCRW TERM 85C
PEH200YV4330MU2,96,1036.74313,KEMET,CAP ALUM SCRW TERM 85C
ALS41A334QT040,96,1048.65625,KEMET,CAP ALUM SCRW TERM 105C
ALS30A224QT063,96,1061.41792,KEMET,CAP ALUM SCRW TERM 85C
ALS30A103QT400,96,1070.2826,KEMET,CAP ALUM SCRW TERM 85C
ALS70A822NT550,96,1071.33531,KEMET,CAP ALUM 8200UF 20% 550V SCREW
ALS70C822NT550,96,1071.33531,KEMET,CAP ALUM 8200UF 20% 550V SCREW
ALS71A822NT550,96,1071.33531,KEMET,CAP ALUM 8200UF 20% 550V SCREW
ALS71C822NT550,96,1071.33531,KEMET,CAP ALUM 8200UF 20% 550V SCREW
ALS30A333QT200,96,1072.16302,KEMET,CAP ALUM SCRW TERM 85C
ALS31A333QT200,96,1072.16302,KEMET,CAP ALUM SCREW TERM 85C
ALS31A103QT400,96,1072.56448,KEMET,CAP ALUM SCREW TERM 85C
ALS70C163QS450,96,1075.03417,KEMET,CAP ALUM 16000UF 20% 450V SCREW
ALS70H163QS450,96,1075.03417,KEMET,CAP ALUM 16000UF 20% 450V SCREW
ALS71A163QS450,96,1075.03417,KEMET,CAP ALUM 16000UF 20% 450V SCREW
ALS71C163QS450,96,1075.03417,KEMET,CAP ALUM 16000UF 20% 450V SCREW
ALS71H163QS450,96,1075.03417,KEMET,CAP ALUM 16000UF 20% 450V SCREW
ALS71A123QS500,96,1077.8776,KEMET,CAP ALUM 12000UF 20% 500V SCREW
ALS71C123QS500,96,1077.8776,KEMET,CAP ALUM 12000UF 20% 500V SCREW
ALS71A243QT350,96,1079.29198,KEMET,CAP ALUM 24000UF 20% 350V SCREW
PEH169VX447VMU2,96,1080.43771,KEMET,CAP ALUM SCREW TERM 105C
PEH169VX447VMB2,96,1084.79896,KEMET,CAP ALUM SCRW TERM 85C
PEH169UY4470QU2,96,1090.2051,KEMET,CAP ALUM SCREW TERM 105C
ALS70C822QW550,96,1093.28979,KEMET,CAP ALUM 8200UF 20% 550V SCREW
ALS71A822QW550,96,1093.28979,KEMET,CAP ALUM 8200UF 20% 550V SCREW
PEH200YN4330MB2,96,1095.68365,KEMET,CAP ALUM SCRW TERM 85C
PEH200YN4330MU2,96,1095.68365,KEMET,CAP ALUM SCRW TERM 85C
ALS71A163QT450,96,1097.31083,KEMET,CAP ALUM 16000UF 20% 450V SCREW
ALS30A474QT040,96,1098.35479,KEMET,CAP ALUM SCRW TERM 85C
ALS31A474QT040,96,1098.35479,KEMET,CAP ALUM SCREW TERM 85C
PEH169UY4470QB2,96,1104.7525,KEMET,CAP ALUM SCRW TERM 105C
ALS70A113QS550,48,1105.53458,KEMET,CAP ALUM 11000UF 20% 550V SCREW
ALS70C113QS550,48,1105.53458,KEMET,CAP ALUM 11000UF 20% 550V SCREW
ALS70H113QS550,48,1105.53458,KEMET,CAP ALUM 11000UF 20% 550V SCREW
ALS71A113QS550,48,1105.53458,KEMET,CAP ALUM 11000UF 20% 550V SCREW
ALS71C113QS550,48,1105.53458,KEMET,CAP ALUM 11000UF 20% 550V SCREW
ALS71H113QS550,48,1105.53458,KEMET,CAP ALUM 11000UF 20% 550V SCREW
ALS80A113QS500,48,1106.57854,KEMET,CAP ALUM 11000UF 20% 500V SCREW
ALS80C113QS500,48,1106.57854,KEMET,CAP ALUM 11000UF 20% 500V SCREW
ALS80H113QS500,48,1106.57854,KEMET,CAP ALUM 11000UF 20% 500V SCREW
ALS81A113QS500,48,1106.57854,KEMET,CAP ALUM 11000UF 20% 500V SCREW
ALS81C113QS500,48,1106.57854,KEMET,CAP ALUM 11000UF 20% 500V SCREW
ALS81H113QS500,48,1106.57854,KEMET,CAP ALUM 11000UF 20% 500V SCREW
ALS41A682QP400,96,1110.84771,KEMET,CAP ALUM SCRW TERM 105C
ALS70A123QS500,96,1111.43177,KEMET,CAP ALUM 12000UF 20% 500V SCREW
PEH169YY4330MU2,96,1116.65531,KEMET,CAP ALUM SCREW TERM 105C
ALS71C203QT400,96,1124.36573,KEMET,CAP ALUM 20000UF 20% 400V SCREW
ALS71H203QT400,96,1124.36573,KEMET,CAP ALUM 20000UF 20% 400V SCREW
ALS70C113QT550,24,1125.36583,KEMET,CAP ALUM 11000UF 20% 550V SCREW
ALS70H113QT550,24,1125.36583,KEMET,CAP ALUM 11000UF 20% 550V SCREW
ALS71A113QT550,24,1125.36583,KEMET,CAP ALUM 11000UF 20% 550V SCREW
ALS71C113QT550,24,1125.36583,KEMET,CAP ALUM 11000UF 20% 550V SCREW
ALS71H113QT550,24,1125.36583,KEMET,CAP ALUM 11000UF 20% 550V SCREW
ALS80A113QT500,24,1126.49583,KEMET,CAP ALUM 11000UF 20% 500V SCREW
ALS80C113QT500,24,1126.49583,KEMET,CAP ALUM 11000UF 20% 500V SCREW
ALS80H113QT500,24,1126.49583,KEMET,CAP ALUM 11000UF 20% 500V SCREW
ALS81A113QT500,24,1126.49583,KEMET,CAP ALUM 11000UF 20% 500V SCREW
ALS81C113QT500,24,1126.49583,KEMET,CAP ALUM 11000UF 20% 500V SCREW
ALS81H113QT500,24,1126.49583,KEMET,CAP ALUM 11000UF 20% 500V SCREW
ALS40A333QT200,96,1130.86156,KEMET,CAP ALUM SCRW TERM 105C
PEH169YY4330MB2,96,1131.20865,KEMET,CAP ALUM SCRW TERM 85C
ALS80C133QT450,96,1142.84625,KEMET,CAP ALUM 13000UF 20% 450V SCREW
ALS81C133QT450,96,1142.84625,KEMET,CAP ALUM 13000UF 20% 450V SCREW
PEH169YX4330MB2,96,1162.02969,KEMET,CAP ALUM SCRW TERM 85C
ALS41A333QT200,96,1173.30792,KEMET,CAP ALUM SCRW TERM 105C
PEH169VY447VMU2,96,1178.35063,KEMET,CAP ALUM SCREW TERM 105C
ALS70H133QT500,96,1182.80573,KEMET,CAP ALUM 13000UF 20% 500V SCREW
ALS71A133QT500,96,1182.80573,KEMET,CAP ALUM 13000UF 20% 500V SCREW
ALS30A682QT500,96,1209.84344,KEMET,CAP ALUM SCRW TERM 85C
ALS30A104QT100,96,1224.08073,KEMET,CAP ALUM SCRW TERM 85C
ALS31A104QT100,96,1226.23073,KEMET,CAP ALUM SCREW TERM 85C
ALS70A752QS630,48,1229.17854,KEMET,CAP ALUM SCREW TERM CV
ALS70A752QT630,24,1252.93583,KEMET,CAP ALUM SCREW TERM CV
ALS31A103QT450,96,1262.36479,KEMET,CAP ALUM SCREW TERM 85C
ALS41A103QT400,96,1263.70688,KEMET,CAP ALUM SCRW TERM 105C
ALS30A103QT450,96,1263.83948,KEMET,CAP ALUM SCRW TERM 85C
PEH200XX4680MB2,96,1315.96292,KEMET,CAP ALUM SCRW TERM 85C
PEH200XX4680MU2,96,1315.96292,KEMET,CAP ALUM SCRW TERM 85C
PEH200XY4680MB2,96,1322.20813,KEMET,CAP ALUM SCRW TERM 85C
PEH200SY5150MU2,96,1363.55625,KEMET,CAP ALUM SCRW TERM 85C
PEH200SY5150MB2,96,1363.55625,KEMET,CAP ALUM SCRW TERM 85C
PEH200SX5150MB2,96,1373.1074,KEMET,CAP ALUM SCRW TERM 85C
PEH200YY4470MU2,96,1380.03313,KEMET,CAP ALUM SCRW TERM 85C
PEH200VY4680MB2,96,1434.58823,KEMET,6800UF 400VDC ELE SCREW TERM
PEH200YX4470MU2,96,1484.70198,KEMET,CAP ALUM SCRW TERM 85C
PEH200UY5100MU2,96,1486.61688,KEMET,CAP ALUM SCRW TERM 85C
PEH200YX4470MB2,96,1489.06417,KEMET,CAP ALUM SCRW TERM 85C
PEH200UX5100MU2,96,1493.02573,KEMET,CAP ALUM SCRW TERM 85C
PEH200UX5100MB2,96,1497.38875,KEMET,CAP ALUM SCRW TERM 85C
PEH200UY5100MB2,96,1501.16333,KEMET,CAP ALUM SCRW TERM 85C
ALS40A104QT100,96,1507.90469,KEMET,CAP ALUM SCRW TERM 105C
ALS41A104QT100,96,1507.90469,KEMET,CAP ALUM SCRW TERM 105C
PEH200OZ4820MB2,96,1841.23771,KEMET,CAP ALUM SCRW TERM 85C
PEH200VZ5100MB2,96,1972.79438,KEMET,CAP ALUM SCRW TERM 85C
PEH200VZ5100MU2,96,1972.79438,KEMET,CAP ALUM SCRW TERM 85C
PEH200YZ4820MU2,96,2230.43781,KEMET,CAP ALUM SCRW TERM 85C
PEH200YZ4820MB2,96,2231.78854,KEMET,CAP ALUM SCRW TERM 85C
PEH200UZ515AMU2,96,2275.74844,KEMET,CAP ALUM SCRW TERM 85C
PEH200UZ515AMB2,96,2277.10771,KEMET,CAP ALUM SCRW TERM 85C
PEG124KC322AQL1,1,,KEMET,CAP ALUM 220UF 40V AXIAL TH
PEG124MA2220QL1,1,,KEMET,CAP ALUM 22UF 63V AXIAL TH
PEG124MB247VQL1,1,,KEMET,CAP ALUM 47UF 63V AXIAL TH
PEG124RL3150QL1,1,,KEMET,CAP ALUM 150UF 200V AXIAL TH
PEG124YJ2330QL1,1,,KEMET,CAP ALUM 33UF 450V AXIAL TH
PEG226KF3800QE1,1,,KEMET,CAP ALUM 800UF 40V AXIAL TH
PEG226KG4120QE1,1,,KEMET,CAP ALUM 1200UF 40V AXIAL TH
PEG226KL4270QE1,1,,KEMET,CAP ALUM 2700UF 40V AXIAL TH
PEG124KB2680QL1,1,,KEMET,CAP ALUM 68UF 40V AXIAL TH
PEG130HH4360QL1,1,,KEMET,CAP ALUM 3600UF 25V AXIAL TH
PEG130HJ4480QL1,1,,KEMET,CAP ALUM 4800UF 25V AXIAL TH
PEG130HL4630QL1,1,,KEMET,CAP ALUM 6300UF 25V AXIAL TH
PEG130KH4200QL1,1,,KEMET,CAP ALUM 2000UF 40V AXIAL TH
PEG130KL4390QL1,1,,KEMET,CAP ALUM 3900UF 40V AXIAL TH
PEG130MH3900QL1,1,,KEMET,CAP ALUM 900UF 63V AXIAL TH
PEG130MJ4140QL1,1,,KEMET,CAP ALUM 1400UF 63V AXIAL TH
ALS70A272NJ630,1,,KEMET,CAP ALUM 2700UF 20% 630V SCREW
PEG124YD1470QL1,1,,KEMET,CAP ALUM 4.7UF 20% 450V AXIAL TH
PEG124YA1100QL1,1,,KEMET,CAP ALUM 1UF 20% 450V AXIAL TH
PEG124PD247VQL1,1,,KEMET,CAP ALUM 47UF 100V AXIAL TH
ALT23A103CB040,1,,KEMET,CAP ALUM 10000UF 20% 40V SNAP TH
PEG124MB2470QL1,1,,KEMET,CAP ALUM 47UF 63V AXIAL TH
PEG124MF322VQL1,1,,KEMET,CAP ALUM 220UF 63V AXIAL TH
PEG225MJ4140QE1,1,,KEMET,CAP ALUM 1400UF 63V AXIAL TH
PEG124YL2470QL1,1,,KEMET,CAP ALUM 47UF 450V AXIAL TH
PEG124HA310VQL1,1,,KEMET,CAP ALUM 100UF 25V AXIAL TH
PEG124PB222VQL1,1,,KEMET,CAP ALUM 22UF 20% 100V AXIAL TH
PEG124RB2100QL1,1,,KEMET,CAP ALUM 10UF 20% 200V AXIAL TH
PEG226KH4150QE1,1,,KEMET,CAP ALUM 1500UF 40V AXIAL TH
PEG124RF2470QL1,1,,KEMET,CAP ALUM 47UF 20% 200V AXIAL TH
PEG124MA2100QL1,1,,KEMET,CAP ALUM 10UF 20% 63V AXIAL TH
PEG124HA2470QL1,1,,KEMET,CAP ALUM 47UF 25V AXIAL TH
PEG124GA2680QL1,1,,KEMET,CAP ALUM 68UF 16V AXIAL TH
PEG127KA3110QL1,1,,KEMET,CAP ALUM 110UF 40V AXIAL TH
PEG127HB3360QL1,1,,KEMET,CAP ALUM 360UF 25V AXIAL TH
PEG127KB3220QL1,1,,KEMET,CAP ALUM 220UF 40V AXIAL TH
PEG124PA147CQL1,1,,KEMET,CAP ALUM 4.7UF 100V AXIAL TH
PEG124GA3100QL1,1,,KEMET,CAP ALUM 100UF 16V AXIAL TH
PEG124GB3150QL1,1,,KEMET,CAP ALUM 150UF 16V AXIAL TH
PEG127MB2680QL1,1,,KEMET,CAP ALUM 68UF 63V AXIAL TH
PEG127HA3180QL1,1,,KEMET,CAP ALUM 180UF 25V AXIAL TH
PEG124GB3220QL1,1,,KEMET,CAP ALUM 220UF 16V AXIAL TH
PEG124KA2330QL1,1,,KEMET,CAP ALUM 33UF 40V AXIAL TH
PEG124HB3100QL1,1,,KEMET,CAP ALUM 100UF 25V AXIAL TH
PEG124MA2150QL1,1,,KEMET,CAP ALUM 15UF 63V AXIAL TH
PEG127MA2330QL1,1,,KEMET,CAP ALUM 33UF 63V AXIAL TH
PEG124UB1470QL1,1,,KEMET,CAP ALUM 4.7UF 350V AXIAL TH
PEG124YB1220QL1,1,,KEMET,CAP ALUM 2.2UF 450V AXIAL TH
PEG124MB2330QL1,1,,KEMET,CAP ALUM 33UF 63V AXIAL TH
PEG124PB222VQE4,1,,KEMET,CAP ALUM 22UF 100V AXIAL TH
PEG124MB2330QE4,1,,KEMET,CAP ALUM 33UF 63V AXIAL TH
PEG124YD1470QE4,1,,KEMET,CAP ALUM 4.7UF 450V AXIAL TH
PEG124HA310VQE4,1,,KEMET,CAP ALUM 100UF 25V AXIAL TH
PEG130HJ4480QE4,1,,KEMET,CAP ALUM 4800UF 25V AXIAL TH
PEG124MF322VQE4,1,,KEMET,CAP ALUM 220UF 63V AXIAL TH
PEG124YB1330QE4,1,,KEMET,CAP ALUM 3.3UF 450V AXIAL TH
PEG124GA3100QE4,1,,KEMET,CAP ALUM 100UF 16V AXIAL TH
PEG124PA147CQE4,1,,KEMET,CAP ALUM 4.7UF 100V AXIAL TH
PEG124VG2220QE4,1,,KEMET,CAP ALUM 22UF 400V AXIAL TH
PEG124MB247VQE4,1,,KEMET,CAP ALUM 47UF 63V AXIAL TH
PEG124HA2470QE4,1,,KEMET,CAP ALUM 47UF 25V AXIAL TH
ESE227M035AG3EA,1,,KEMET,CAP ALUM RAD 105C
EDK106M063A9MAA,1,,KEMET,CAP ALUM SMD GEN PUR 85C
ESL566M450AMPAA,1,,KEMET,CAP ALUM RAD 105C
ESL477M100AM9AA,1,,KEMET,CAP ALUM RAD 105C
ESL337M100AK3AA,1,,KEMET,CAP ALUM RAD 105C
ALS70A102KF600,1,,KEMET,CAP ALUM SCREW TERM CV
ALS70A103KE100,1,,KEMET,CAP ALUM SCREW TERM CV
EAK107M035AH9AA,1,,KEMET,CAP ALUM RAD GEN PUR 85C
ESH477M025AG4JA,1,,KEMET,CAP ALUM RAD 105C
ESY226M050AC3FA,1,,KEMET,CAP ALUM 22UF 20% 50V RADIAL TH
ESL476M100AH9EA,1,,KEMET,CAP ALUM RAD 105C
ESL567M035AH4AA,1,,KEMET,CAP ALUM RAD 105C
ESY157M035AG3EA,1,,KEMET,CAP ALUM 150UF 20% 35V RADIAL TH
ESE107M035AE3EA,1,,KEMET,CAP ALUM RAD 105C
ESH477M050AH4EA,1,,KEMET,CAP ALUM RAD 105C
ESK107M050AG3KA,1,,KEMET,CAP ALUM RAD 85C
ESL228M035AM7AA,1,,KEMET,CAP ALUM RAD 105C
ESH686M400AN5AA,1,,KEMET,CAP ALUM RAD 105C
ESY337M016AG3KA,1,,KEMET,CAP ALUM 330UF 20% 16V RADIAL TH
EAK337M050AL3AA,1,,KEMET,CAP ALUM RAD GEN PUR 85C
ESZ226M450AN4AA,1,,KEMET,CAP ALUM RAD 105C
ELH228M063AQ2AV,1,,KEMET,CAP ALUM SNAP-IN 85C
ELH477M450AS6AA,1,,KEMET,CAP ALUM SNAP-IN 85C
EAK476M063AG3AA,1,,KEMET,CAP ALUM RAD GEN PUR 85C
ESL477M016AGMAA,1,,KEMET,CAP ALUM RAD 105C
ESS225M050AB2EA,1,,KEMET,CAP ALUM RAD 105C
ESH476M035AE3EA,1,,KEMET,CAP ALUM RAD 105C
EDT476M035S9LAP,1,,KEMET,CAP ALUM SMD 125C
ESZ107M160AM7AA,1,,KEMET,CAP ALUM RAD 105C
ESS476M025AE2KA,1,,KEMET,CAP ALUM RAD 105C
ELD107M400AR1AA,1,,KEMET,CAP ALUM SNAP-IN 105C
ELD107M400AR1AV,1,,KEMET,CAP ALUM SNAP-IN 105C
ELD337M200AQ2AV,1,,KEMET,CAP ALUM SNAP-IN 105C
ALS30M104ND040,1,,KEMET,CAP ALUM SCRW TERM 85C
ESS476M035AE2KA,1,,KEMET,CAP ALUM RAD 105C
ELH187M500AT2AA,1,,KEMET,CAP ALUM SNAP-IN 85C
ELX228M160AT6AV,1,,KEMET,CAP ALUM SNAP-IN 105C
ESY336M100AG4AA,1,,KEMET,CAP ALUM 33UF 20% 100V RADIAL TH
ESK209M016AQ4AA,1,,KEMET,CAP ALUM RAD 85C
EST106M100AE3KA,1,,KEMET,CAP ALUM RAD 105C
ESL227M100AK1AA,1,,KEMET,CAP ALUM RAD 105C
ESS106M050AC2AA,1,,KEMET,CAP ALUM RAD 105C
EAK227M025AH9KA,1,,KEMET,CAP ALUM RAD GEN PUR 85C
EEV277M6R3S9NAA,1,,KEMET,CAP ALUM SMD GEN PUR 105C
ALS71G183QS400,1,,KEMET,CAP ALUM SCRW TERM HIGH RIPPLE
ALS70A242NF600,1,,KEMET,CAP ALUM SCREW TERM CV
ESL687M100ANAAA,1,,KEMET,CAP ALUM RAD 105C
ESH686M400AN5EA,1,,KEMET,CAP ALUM RAD 105C
EST107M025AE3DA,1,,KEMET,CAP ALUM RAD 105C
ESL567M063AM5AA,1,,KEMET,CAP ALUM RAD 105C
ELH569M016AT5AV,1,,KEMET,CAP ALUM SNAP-IN 85C
EAK106M450AL3AA,1,,KEMET,CAP ALUM RAD GEN PUR 85C
ESL277M100AM5AA,1,,KEMET,CAP ALUM RAD 105C
ALS30C474NT025,1,,KEMET,CAP ALUM SCRW TERM 85C
ALA7DA821EF450,1,,KEMET,CAP ALUM SNAP-IN 85C
ESL337M100AM7AA,1,,KEMET,CAP ALUM RAD 105C
ESL476M250AK1AA,1,,KEMET,CAP ALUM RAD 105C
ESG226M400AL3EA,1,,KEMET,CAP ALUM RAD 105C
ESH476M400AM7EA,1,,KEMET,CAP ALUM RAD 105C
ESS106M050AC2DA,1,,KEMET,CAP ALUM RAD 105C
EAK476M050AG3AA,1,,KEMET,CAP ALUM RAD GEN PUR 85C
ESS476M016AC2EA,1,,KEMET,CAP ALUM RAD 105C
ESY567M100AN2AA,1,,KEMET,CAP ALUM 560UF 20% 100V RADIAL
ESL476M035AC3AA,1,,KEMET,CAP ALUM RAD 105C
ESL688M025AN3AA,1,,KEMET,CAP ALUM RAD 105C
ESL476M025AC3AA,1,,KEMET,CAP ALUM RAD 105C
ESK106M100AC3FA,1,,KEMET,CAP ALUM RAD 85C
ESE105M050AC3AA,1,,KEMET,CAP ALUM RAD 105C
ESK106M200AG3AA,1,,KEMET,CAP ALUM RAD 85C
ESL687M035AH5AA,1,,KEMET,CAP ALUM RAD 105C
ESE227M160AM2AA,1,,KEMET,CAP ALUM RAD 105C
EEV476M035S9GAP,1,,KEMET,CAP ALUM SMD GEN PUR 105C
ESK106M035AC3LA,1,,KEMET,CAP ALUM RAD 85C
ALC40C102FP500,1,,KEMET,CAP ALUM SNAP-IN 105C
ESU336M450AM7EA,1,,KEMET,CAP ALUM RAD 105C
ESH226M035AC3LA,1,,KEMET,CAP ALUM RAD 105C
ESE477M100AM7AA,1,,KEMET,CAP ALUM RAD 105C
ELX107M400AQ3AA,1,,KEMET,CAP ALUM SNAP-IN 105C
ALS31C472NJ400,1,,KEMET,CAP ALUM SCREW TERM 85C
ESK225M400AE3AA,1,,KEMET,CAP ALUM RAD 85C
ESW108M025AH6AA,1,,KEMET,CAP ALUM RAD 105C
ESW826M025AE3AA,1,,KEMET,CAP ALUM RAD 105C
ELG477M450AT5AA,1,,KEMET,CAP ALUM SNAP-IN 105C
A957AL132M800S,1,,KEMET,CAP MODULE
ESH226M050AC3FA,1,,KEMET,CAP ALUM RAD 105C
A927KF113Q063W,1,,KEMET,CAP MODULE
ESW106M050AC3AA,1,,KEMET,CAP ALUM RAD 105C
ESU106M400AH4EA,1,,KEMET,CAP ALUM RAD 105C
EXV227M035S9MAA,1,,KEMET,CAP ALUM SMD 105C
ESH107M035AE3KA,1,,KEMET,CAP ALUM RAD 105C
ETA227M035AG4AA,1,,KEMET,CAP ALUM RAD 105C
PEG226MN3560QE1,1,,KEMET,CAP ALUM AXL 150C
ESH227M025AG3EA,1,,KEMET,CAP ALUM RAD 105C
A928JE422Q063S,1,,KEMET,CAP MODULE
ESK227M050AH9AA,1,,KEMET,CAP ALUM RAD 85C
ESW107M063AG4AA,1,,KEMET,CAP ALUM RAD 105C
ESG336M500AN5EA,1,,KEMET,CAP ALUM RAD 105C
ALC40D680BC500,1,,KEMET,CAP ALUM SNAP-IN 105C
ELG688M050AT2AA,1,,KEMET,CAP ALUM SNAP-IN 105C
ETA107M025AE3KA,1,,KEMET,CAP ALUM RAD 105C
ALS31C103NT400,1,,KEMET,CAP ALUM SCREW TERM 85C
A928KF722Q063W,1,,KEMET,CAP MODULE
ETG187M200AKBAA,1,,KEMET,CAP ALUM RAD 105C
ESG336M450AM7EA,1,,KEMET,CAP ALUM RAD 105C
ELD686M450AQ2AV,1,,KEMET,CAP ALUM SNAP-IN 105C
A928KE562Q063S,1,,KEMET,CAP MODULE
ESW337M035AG6KA,1,,KEMET,CAP ALUM RAD 105C
ELG826M500AR2AA,1,,KEMET,CAP ALUM SNAP-IN 105C
ESK226M025AC3JA,1,,KEMET,CAP ALUM RAD 85C
ALC70A471DH550,1,,KEMET,CAP ALUM SNAP-IN 85C
ESW477M025AH8AA,1,,KEMET,CAP ALUM RAD 105C
ESG475M450AL3EA,1,,KEMET,CAP ALUM RAD 105C
ELD188M200AT5AA,1,,KEMET,CAP ALUM SNAP-IN 105C
ETG687M035AGAAA,1,,KEMET,CAP ALUM RAD 105C
ESC337M035AH8AA,1,,KEMET,CAP ALUM RAD 105C
ALC40F332EE100,1,,KEMET,CAP ALUM SNAP-IN 105C
ESK227M050AH9EA,1,,KEMET,CAP ALUM RAD 85C
ELH689M016AT6AV,1,,KEMET,CAP ALUM SNAP-IN 85C
ALC40D821EP450,1,,KEMET,CAP ALUM SNAP-IN 105C
ESW108M050AL7AA,1,,KEMET,CAP ALUM RAD 105C
ESH107M016AC3AA,1,,KEMET,CAP ALUM RAD 105C
PEH126MJ368EQE4,1,,KEMET,CAP ALUM RAD 150C
PEG226KN4180QE1,1,,KEMET,CAP ALUM AXL 150C
ALC70A821EJ550,1,,KEMET,CAP ALUM SNAP-IN 85C
ETG827M035AGCAA,1,,KEMET,CAP ALUM RAD 105C
EXV107M016S9GAA,1,,KEMET,CAP ALUM SMD 105C
ESZ336M400AM7AA,1,,KEMET,CAP ALUM RAD 105C
ESH106M500AH4AA,1,,KEMET,CAP ALUM RAD 105C
ESH105M450AG3EA,1,,KEMET,CAP ALUM RAD 105C
ESH107M250AM7AA,1,,KEMET,CAP ALUM RAD 105C
ESW476M050AE3AA,1,,KEMET,CAP ALUM RAD 105C
ALC80A561DG400,1,,KEMET,CAP ALUM 560UF 20% 400V SNAP TH
ESH226M450AL4AA,1,,KEMET,CAP ALUM RAD 105C
ALC40C472EG100,1,,KEMET,CAP ALUM SNAP-IN 105C
ALS31A472NJ450,1,,KEMET,CAP ALUM SCREW TERM 85C
ESH336M450AM7AA,1,,KEMET,CAP ALUM RAD 105C
ELG477M450AT5AV,1,,KEMET,CAP ALUM SNAP-IN 105C
ESL105M063AC3AA,1,,KEMET,CAP ALUM RAD 105C
PEH126HG415EQE1,1,,KEMET,CAP ALUM RAD 150C
EXV157M080S9RAA,1,,KEMET,CAP ALUM SMD 105C
ESL106M100AE3EA,1,,KEMET,CAP ALUM RAD 105C
ALS41C104QT100,1,,KEMET,CAP ALUM SCRW TERM 105C
ESL107M025AE3AA,1,,KEMET,CAP ALUM RAD 105C
ESK477M063AL3AA,1,,KEMET,CAP ALUM RAD 85C
ESK477M025AG4AA,1,,KEMET,CAP ALUM RAD 85C
ALC80A122EN450,1,,KEMET,CAP ALUM 1200UF 20% 450V SNAP TH
ESL106M450AK5AA,1,,KEMET,CAP ALUM RAD 105C
ESL106M400AH4AA,1,,KEMET,CAP ALUM RAD 105C
ESL107M035AE3DA,1,,KEMET,CAP ALUM RAD 105C
ESL107M025AE3EA,1,,KEMET,CAP ALUM RAD 105C
PEH205MA4220QB0,1,,KEMET,CAP ALUM SCRW TERM 85C
ESH337M035AH9AA,1,,KEMET,CAP ALUM RAD 105C
ELH107M400AQ1AA,1,,KEMET,CAP ALUM SNAP-IN 85C
PEH225KL4390QE4,1,,KEMET,CAP ALUM RAD 125C
ESL108M035AK5EA,1,,KEMET,CAP ALUM RAD 105C
PEH226HG4220ME4,1,,KEMET,CAP ALUM RAD 150C
ESH475M350AG3AA,1,,KEMET,CAP ALUM RAD 105C
PEH226MH3470QE4,1,,KEMET,CAP ALUM RAD 150C
PEH226KL4270QE4,1,,KEMET,CAP ALUM RAD 150C
ESL226M450AM5AA,1,,KEMET,CAP ALUM RAD 105C
PEH225ML4180QE4,1,,KEMET,CAP ALUM RAD 125C
ESL225M400AGMEA,1,,KEMET,CAP ALUM RAD 105C
ESL227M035AH9AA,1,,KEMET,CAP ALUM RAD 105C
PEH226MN3560QE4,1,,KEMET,CAP ALUM RAD 150C
ESL157M250AN8AA,1,,KEMET,CAP ALUM RAD 105C
ESL227M050AH8AA,1,,KEMET,CAP ALUM RAD 105C
ALS41C472NP400,1,,KEMET,CAP ALUM SCRW TERM 105C
ESL186M400AK5AA,1,,KEMET,CAP ALUM RAD 105C
PEH226HJ4330QE4,1,,KEMET,CAP ALUM RAD 150C
PEH225MG3680QE4,1,,KEMET,CAP ALUM RAD 125C
ESL186M450AK1AA,1,,KEMET,CAP ALUM RAD 105C
ELH127M500AS2AA,1,,KEMET,CAP ALUM SNAP-IN 85C
PEH226MJ3680QE4,1,,KEMET,CAP ALUM RAD 150C
ESH476M025AC3EA,1,,KEMET,CAP ALUM RAD 105C
ALS41C154NP040,1,,KEMET,CAP ALUM SCRW TERM 105C
PEH226KJ4220QE4,1,,KEMET,CAP ALUM RAD 150C
PEH225MJ4140QE4,1,,KEMET,CAP ALUM RAD 125C
PEG124YF2100QL1,1,,KEMET,CAP ALUM
A390TM274M040A,1,,KEMET,CAP ALUM 270000UF 20% 40V SCREW
