mfg_number,quantity,price,mfg_name,description
B32529C0102K289,1,1.98,EPCOS - TDK Electronics,CAP FILM 1000PF 10% 63VDC RADIAL
B32529C0104J289,1,2.15,EPCOS - TDK Electronics,CAP FILM 0.1UF 5% 63VDC RADIAL
B32921C3333M000,1,3.31,EPCOS - TDK Electronics,CAP FILM 0.033UF 20% 630VDC RAD
B32922C3104K289,1,4.22,EPCOS - TDK Electronics,CAP FILM 0.1UF 10% 630VDC RADIAL
B32921C3104M189,1,4.3,EPCOS - TDK Electronics,CAP FILM 0.1UF 20% 630VDC RADIAL
B32922C3224K289,1,4.63,EPCOS - TDK Electronics,CAP FILM 0.22UF 10% 630VDC RAD
B32529C0105K189,1,4.71,EPCOS - TDK Electronics,CAP FILM 1UF 10% 63VDC RADIAL
B32529C0105J000,1,4.71,EPCOS - TDK Electronics,CAP FILM 1UF 5% 63VDC RADIAL
B32922C3104M189,1,4.8,EPCOS - TDK Electronics,CAP FILM 0.1UF 20% 630VDC RADIAL
B32021A3222M189,1,5.04,EPCOS - TDK Electronics,CAP FILM 2200PF 20% 1.5KVDC RAD
B32529C0474J289,1,5.21,EPCOS - TDK Electronics,CAP FILM 0.47UF 5% 63VDC RADIAL
B32921C3104M289,1,5.29,EPCOS - TDK Electronics,CAP FILM 0.1UF 20% 630VDC RADIAL
B32021A3103M000,1,5.38,EPCOS - TDK Electronics,CAP FILM 10000PF 20% 1.5KVDC RAD
B32021A3222M289,1,5.54,EPCOS - TDK Electronics,CAP FILM 2200PF 20% 1.5KVDC RAD
B32021A3472M189,1,5.95,EPCOS - TDK Electronics,CAP FILM 4700PF 20% 1.5KVDC RAD
B32932A3104K000,1,6.7,EPCOS - TDK Electronics,CAP FILM 0.1UF 10% 305VAC RADIAL
B32672L8103J000,1,6.86,EPCOS - TDK Electronics,CAP FILM 10000PF 5% 2KVDC RADIAL
B32932A3154K000,1,6.95,EPCOS - TDK Electronics,CAP FILM 0.15UF 10% 305VAC RAD
B32521C0105J000,1,7.61,EPCOS - TDK Electronics,CAP FILM 1UF 5% 63VDC RADIAL
B81123C1472M000,1,7.77,EPCOS - TDK Electronics,CAP FILM 4700PF 20% 500VAC RAD
B32923C3105M000,1,8.27,EPCOS - TDK Electronics,CAP FILM 1UF 20% 630VDC RADIAL
B32653A8222J000,1,9.92,EPCOS - TDK Electronics,CAP FILM 2200PF 5% 2KVDC RADIAL
B32522C1155K000,1,10.01,EPCOS - TDK Electronics,CAP FILM 1.5UF 10% 100VDC RADIAL
B32932A3334K189,1,11.33,EPCOS - TDK Electronics,CAP FILM 0.33UF 10% 305VAC RAD
B32529D0225K289,1,11.83,EPCOS - TDK Electronics,CAP FILM 2.2UF 10% 63VDC RADIAL
B32522C1225J000,1,12.07,EPCOS - TDK Electronics,CAP FILM 2.2UF 5% 100VDC RADIAL
B32671P4684K000,1,12.73,EPCOS - TDK Electronics,CAP FILM 0.68UF 10% 450VDC RAD
B32923C3225M000,1,13.23,EPCOS - TDK Electronics,CAP FILM 2.2UF 20% 630VDC RADIAL
B32521C0335J000,1,14.14,EPCOS - TDK Electronics,CAP FILM 3.3UF 5% 63VDC RADIAL
B32913A3474M000,1,14.89,EPCOS - TDK Electronics,CAP FILM 0.47UF 20% 760VDC RAD
B32023A3154M000,1,15.13,EPCOS - TDK Electronics,CAP FILM 0.15UF 20% 1.5KVDC RAD
B32672P4155K000,1,16.46,EPCOS - TDK Electronics,CAP FILM 1.5UF 10% 450VDC RADIAL
B32924D3335K000,1,18.77,EPCOS - TDK Electronics,CAP FILM 3.3UF 10% 630VDC RADIAL
B32672P4225K000,1,19.27,EPCOS - TDK Electronics,CAP FILM 2.2UF 10% 450VDC RADIAL
B32924C3475M000,1,22.66,EPCOS - TDK Electronics,CAP FILM 4.7UF 20% 630VDC RADIAL
B32913A5334M000,1,22.74,EPCOS - TDK Electronics,CAP FILM 0.33UF 20% 1KVDC RADIAL
B32774D1155K000,1,23.73,EPCOS - TDK Electronics,CAP FILM 1.5UF 10% 1.3KVDC RAD
B32033A4224M000,1,24.39,EPCOS - TDK Electronics,CAP FILM 0.22UF 20% 1KV RADIAL
B32522C0106K000,1,24.56,EPCOS - TDK Electronics,CAP FILM 10UF 10% 63VDC RADIAL
B32674D6225K000,1,24.89,EPCOS - TDK Electronics,CAP FILM 2.2UF 10% 630VDC RADIAL
B32914A3225M000,1,27.29,EPCOS - TDK Electronics,CAP FILM 2.2UF 20% 760VDC RADIAL
B32523Q1106K000,1,27.54,EPCOS - TDK Electronics,CAP FILM 10UF 10% 100VDC RADIAL
B32914A3105M189,1,29.52,EPCOS - TDK Electronics,CAP FILM 1UF 20% 760VDC RADIAL
B32674D8225K000,1,32.33,EPCOS - TDK Electronics,CAP FILM 2.2UF 10% 875VDC RADIAL
B32524R3106K000,1,33.24,EPCOS - TDK Electronics,CAP FILM 10UF 10% 250VDC RADIAL
B32774D0205K000,1,35.56,EPCOS - TDK Electronics,CAP FILM 2UF 10% 1.1KVDC RADIAL
B32523R0226K000,1,37.3,EPCOS - TDK Electronics,CAP FILM 22UF 10% 63VDC RADIAL
B32562J1106K000,1,38.87,EPCOS - TDK Electronics,CAP FILM 10UF 10% 100VDC 2DIP
B32926C3685K000,1,39.28,EPCOS - TDK Electronics,CAP FILM 6.8UF 10% 630VDC RADIAL
B32774D4106K000,1,47.88,EPCOS - TDK Electronics,CAP FILM 10UF 10% 450VDC RADIAL
B32524Q1226K000,1,47.88,EPCOS - TDK Electronics,CAP FILM 22UF 10% 100VDC RADIAL
B32024A3105M000,1,48.71,EPCOS - TDK Electronics,CAP FILM 1UF 20% 1.5KVDC RADIAL
B32774D8126K000,1,52.43,EPCOS - TDK Electronics,CAP FILM 12UF 10% 800VDC RADIAL
B32914A5155M000,1,56.4,EPCOS - TDK Electronics,CAP FILM 1.5UF 20% 1KVDC RADIAL
B32776T0395K000,1,58.05,EPCOS - TDK Electronics,CAP FILM 3.9UF 10% 1.1KVDC RAD
B32916A3335M000,1,68.8,EPCOS - TDK Electronics,CAP FILM 3.3UF 20% 760VDC RADIAL
B32926C3106M000,1,71.86,EPCOS - TDK Electronics,CAP FILM 10UF 20% 630VDC RADIAL
B32776G1805K000,1,73.02,EPCOS - TDK Electronics,CAP FILM 8UF 1.3KVDC RAD 4 LEAD
B32776G0126J000,1,73.18,EPCOS - TDK Electronics,CAP FILM 12UF 1.1KVDC RAD 4 LEAD
B32774D4226K000,1,75.25,EPCOS - TDK Electronics,CAP FILM 22UF 10% 450VDC RADIAL
B32756G7206K000,1,82.94,EPCOS - TDK Electronics,CAP FILM 20UF 10% 560VDC RADIAL
B32524Q1476K000,1,83.85,EPCOS - TDK Electronics,CAP FILM 47UF 10% 100VDC RADIAL
B32776G1106K000,1,88.32,EPCOS - TDK Electronics,CAP FILM 10UF 1.3KVDC RAD 4 LEAD
B32928C3306M000,1,94.93,EPCOS - TDK Electronics,CAP FILM 30UF 20% 630VDC RADIAL
B32776G0146K000,1,96.5,EPCOS - TDK Electronics,CAP FILM 14UF 1.1KVDC RAD 4 LEAD
B32524Q1686K000,1,104.53,EPCOS - TDK Electronics,CAP FILM 68UF 10% 100VDC RADIAL
B32776G4506K000,1,114.04,EPCOS - TDK Electronics,CAP FILM 50UF 450VDC RAD 4 LEAD
B32718H9856K000,1,123.3,EPCOS - TDK Electronics,Film Cap 85uF 900V
B32776G8306K000,1,130,EPCOS - TDK Electronics,CAP FILM 30UF 800VDC RAD 4 LEAD
B32778G8606K000,1,130.24,EPCOS - TDK Electronics,CAP FILM 60UF 800VDC RAD 4 LEAD
B32778G0406K000,1,143.23,EPCOS - TDK Electronics,CAP FILM 40UF 1.1KVDC RAD 4 LEAD
B32524R0107K000,1,157.12,EPCOS - TDK Electronics,CAP FILM 100UF 10% 63VDC RADIAL
B32916A5475M000,1,159.52,EPCOS - TDK Electronics,CAP FILM 4.7UF 20% 1KVDC RADIAL
B32361A4206J080,1,224.18,EPCOS - TDK Electronics,CAP FILM 20UF 5% 480VAC RADIAL
B32361A2107J050,1,254.12,EPCOS - TDK Electronics,CAP FILM 100UF 5% 250VAC RADIAL
B32361B3107J030,1,256.44,EPCOS - TDK Electronics,CAP FILM 100UF 5% 330VAC RADIAL
B32361A3806J030,1,258.83,EPCOS - TDK Electronics,CAP FILM 80UF 5% 330VAC RADIAL
B32361A4506J080,1,260.16,EPCOS - TDK Electronics,CAP FILM 50UF 5% 480VAC RADIAL
B32361A4606J080,1,266.11,EPCOS - TDK Electronics,CAP FILM 60UF 5% 480VAC RADIAL
B32778G4117K000,1,290.42,EPCOS - TDK Electronics,CAP FILM 110UF 450VDC RAD 4 LEAD
B32361B2207J050,1,335.08,EPCOS - TDK Electronics,CAP FILM 200UF 5% 250VAC RADIAL
B25632E1117K000,1,422.73,EPCOS - TDK Electronics,POWER ELECTRONIC CAPACITORS (PEC
B32362A3157J030,1,450.93,EPCOS - TDK Electronics,CAP FILM 150UF 5% 330VAC RADIAL
B32362A2307J050,1,548.68,EPCOS - TDK Electronics,CAP FILM 300UF 5% 250VAC RADIAL
B32362B2507J050,1,658.25,EPCOS - TDK Electronics,CAP FILM 500UF 5% 250VAC RADIAL
B25690A3107K003,1,809.41,EPCOS - TDK Electronics,100UF +-10% 3000V PEC MKP DC
B32362A3407J030,1,971.58,EPCOS - TDK Electronics,CAP FILM 400UF 5% 330VAC RADIAL
B25690A1128K103,1,1078.01,EPCOS - TDK Electronics,CAP FILM 1200UF 10% 1.1KV RADIAL
B25620B0118K883,1,1203.12,EPCOS - TDK Electronics,CAP FILM 1100UF 10% 900VDC RAD
B25620B1108K323,1,1470.8,EPCOS - TDK Electronics,CAP FILM 1000UF 10% 1.32KVDC RAD
B25620B1118K103,1,1544.4,EPCOS - TDK Electronics,CAP FILM 1100UF 10% 1.1KVDC RAD
B25620B1158K103,1,1560.45,EPCOS - TDK Electronics,CAP FILM 1500UF 10% 1.1KVDC RAD
B25690C1308K103,1,1856.08,EPCOS - TDK Electronics,CAP FILM 3000UF 10% 1.1KV RADIAL
B25690C3327K003,1,2366.8,EPCOS - TDK Electronics,320UF +-10% 3000V PEC MKP DC
B25645A1188K003,1,4118.19,EPCOS - TDK Electronics,MODULAR DCR 1865UF - 1350V - 130
B32559C1124K000,1,1.82,EPCOS - TDK Electronics,CAP FILM 0.12UF 10% 100VDC RAD
B32529C1222K000,1,1.9,EPCOS - TDK Electronics,CAP FILM 2200PF 10% 100VDC RAD
B32529C0683K000,1,1.9,EPCOS - TDK Electronics,CAP FILM 0.068UF 10% 63VDC RAD
B32529C0473K000,1,1.9,EPCOS - TDK Electronics,CAP FILM 0.047UF 10% 63VDC RAD
B32529C1223K000,1,1.9,EPCOS - TDK Electronics,CAP FILM 0.022UF 10% 100VDC RAD
B32529C0472K000,1,1.9,EPCOS - TDK Electronics,CAP FILM 4700PF 10% 63VDC RADIAL
B32529C1104K008,1,2.07,EPCOS - TDK Electronics,FILM CAP MKT BOX 0.1UF 10% 100VD
B32529C0223K000,1,2.07,EPCOS - TDK Electronics,CAP FILM 0.022UF 10% 63VDC RAD
B32529C0104K006,1,2.07,EPCOS - TDK Electronics,FILM CAP MKT BOX 0.1UF 10% 63VDC
B32529C1104K000,1,2.07,EPCOS - TDK Electronics,CAP FILM 0.1UF 10% 100VDC RADIAL
B32529C1472K000,1,2.07,EPCOS - TDK Electronics,CAP FILM 4700PF 10% 100VDC RAD
B32529C0153K000,1,2.07,EPCOS - TDK Electronics,CAP FILM 0.015UF 10% 63VDC RAD
B32529C1332K000,1,2.07,EPCOS - TDK Electronics,CAP FILM 3300PF 10% 100VDC RAD
B32529C0152K000,1,2.07,EPCOS - TDK Electronics,CAP FILM 1500PF 10% 63VDC RADIAL
B32529C1104M000,1,2.07,EPCOS - TDK Electronics,CAP FILM 0.1UF 20% 100VDC RADIAL
B32529C1473K000,1,2.07,EPCOS - TDK Electronics,CAP FILM 0.047UF 10% 100VDC RAD
B32529C0103K000,1,2.07,EPCOS - TDK Electronics,CAP FILM 10000PF 10% 63VDC RAD
B32529C1103K000,1,2.07,EPCOS - TDK Electronics,CAP FILM 10000PF 10% 100VDC RAD
B32529C0102K000,1,2.07,EPCOS - TDK Electronics,CAP FILM 1000PF 10% 63VDC RADIAL
B32529C1472K189,1,2.15,EPCOS - TDK Electronics,CAP FILM 4700PF 10% 100VDC RAD
B32529C1683K289,1,2.15,EPCOS - TDK Electronics,CAP FILM 0.068UF 10% 100VDC RAD
B32529C1823K289,1,2.15,EPCOS - TDK Electronics,CAP FILM 0.082UF 10% 100VDC RAD
B32529C0473K189,1,2.15,EPCOS - TDK Electronics,CAP FILM 0.047UF 10% 63VDC RAD
B32529C0123K289,1,2.15,EPCOS - TDK Electronics,CAP FILM 0.012UF 10% 63VDC RAD
B32529C0153K189,1,2.15,EPCOS - TDK Electronics,CAP FILM 0.015UF 10% 63VDC RAD
B32529C0392K289,1,2.15,EPCOS - TDK Electronics,CAP FILM 3900PF 10% 63VDC RADIAL
B32529C0103K289,1,2.15,EPCOS - TDK Electronics,CAP FILM 10000PF 10% 63VDC RAD
B32529C0102K189,1,2.15,EPCOS - TDK Electronics,CAP FILM 1000PF 10% 63VDC RADIAL
B32529C0103K189,1,2.15,EPCOS - TDK Electronics,CAP FILM 10000PF 10% 63VDC RAD
B32529C0223K189,1,2.15,EPCOS - TDK Electronics,CAP FILM 0.022UF 10% 63VDC RAD
B32529C1223J000,1,2.23,EPCOS - TDK Electronics,CAP FILM 0.022UF 5% 100VDC RAD
B32529C0223J000,1,2.23,EPCOS - TDK Electronics,CAP FILM 0.022UF 5% 63VDC RADIAL
B32529C0273J000,1,2.23,EPCOS - TDK Electronics,CAP FILM 0.027UF 5% 63VDC RADIAL
B32529C0392J000,1,2.23,EPCOS - TDK Electronics,CAP FILM 3900PF 5% 63VDC RADIAL
B32529C1472J000,1,2.23,EPCOS - TDK Electronics,CAP FILM 4700PF 5% 100VDC RADIAL
B32529C0332J000,1,2.23,EPCOS - TDK Electronics,CAP FILM 3300PF 5% 63VDC RADIAL
B32529C0333J000,1,2.23,EPCOS - TDK Electronics,CAP FILM 0.033UF 5% 63VDC RADIAL
B32529C1102J000,1,2.23,EPCOS - TDK Electronics,CAP FILM 1000PF 5% 100VDC RADIAL
B32529C0102J000,1,2.23,EPCOS - TDK Electronics,CAP FILM 1000PF 5% 63VDC RADIAL
B32529C0822J000,1,2.23,EPCOS - TDK Electronics,CAP FILM 8200PF 5% 63VDC RADIAL
B32529C1103J000,1,2.23,EPCOS - TDK Electronics,CAP FILM 10000PF 5% 100VDC RAD
B32529C0682J000,1,2.23,EPCOS - TDK Electronics,CAP FILM 6800PF 5% 63VDC RADIAL
B32529C1473J000,1,2.23,EPCOS - TDK Electronics,CAP FILM 0.047UF 5% 100VDC RAD
B32529C0472J000,1,2.23,EPCOS - TDK Electronics,CAP FILM 4700PF 5% 63VDC RADIAL
B32529C1104J000,1,2.23,EPCOS - TDK Electronics,CAP FILM 0.1UF 5% 100VDC RADIAL
B32529C0823J000,1,2.23,EPCOS - TDK Electronics,CAP FILM 0.082UF 5% 63VDC RADIAL
B32529C0222J000,1,2.23,EPCOS - TDK Electronics,CAP FILM 2200PF 5% 63VDC RADIAL
B32529C1333J000,1,2.23,EPCOS - TDK Electronics,CAP FILM 0.033UF 5% 100VDC RAD
B32529C0152J000,1,2.23,EPCOS - TDK Electronics,CAP FILM 1500PF 5% 63VDC RADIAL
B32529C0473J000,1,2.23,EPCOS - TDK Electronics,CAP FILM 0.047UF 5% 63VDC RADIAL
B32529C0153J000,1,2.23,EPCOS - TDK Electronics,CAP FILM 0.015UF 5% 63VDC RADIAL
B32529C0103J000,1,2.23,EPCOS - TDK Electronics,CAP FILM 10000PF 5% 63VDC RADIAL
B32529C0683J000,1,2.23,EPCOS - TDK Electronics,CAP FILM 0.068UF 5% 63VDC RADIAL
B32529C1222J000,1,2.23,EPCOS - TDK Electronics,CAP FILM 2200PF 5% 100VDC RADIAL
B32529C1103K289,1,2.32,EPCOS - TDK Electronics,CAP FILM 10000PF 10% 100VDC RAD
B32529C1222J189,1,2.32,EPCOS - TDK Electronics,CAP FILM 2200PF 5% 100VDC RADIAL
B32529C0393J289,1,2.32,EPCOS - TDK Electronics,CAP FILM 0.039UF 5% 63VDC RADIAL
B32529C0473J289,1,2.32,EPCOS - TDK Electronics,CAP FILM 0.047UF 5% 63VDC RADIAL
B32529C1104J189,1,2.32,EPCOS - TDK Electronics,CAP FILM 0.1UF 5% 100VDC RADIAL
B32529C0183J289,1,2.32,EPCOS - TDK Electronics,CAP FILM 0.018UF 5% 63VDC RADIAL
B32529C0333J289,1,2.32,EPCOS - TDK Electronics,CAP FILM 0.033UF 5% 63VDC RADIAL
B32529C1104J289,1,2.32,EPCOS - TDK Electronics,CAP FILM 0.1UF 5% 100VDC RADIAL
B32529C0683J289,1,2.32,EPCOS - TDK Electronics,CAP FILM 0.068UF 5% 63VDC RADIAL
B32529C0332J289,1,2.32,EPCOS - TDK Electronics,CAP FILM 3300PF 5% 63VDC RADIAL
B32529C0103J289,1,2.32,EPCOS - TDK Electronics,CAP FILM 10000PF 5% 63VDC RADIAL
B32529C0473J189,1,2.32,EPCOS - TDK Electronics,CAP FILM 0.047UF 5% 63VDC RADIAL
B32529C1122J289,1,2.32,EPCOS - TDK Electronics,CAP FILM 1200PF 5% 100VDC RADIAL
B32529C1183J189,1,2.32,EPCOS - TDK Electronics,CAP FILM 0.018UF 5% 100VDC RAD
B32529C0222J189,1,2.32,EPCOS - TDK Electronics,CAP FILM 2200PF 5% 63VDC RADIAL
B32529C1393J189,1,2.32,EPCOS - TDK Electronics,CAP FILM 0.039UF 5% 100VDC RAD
B32529C0223J289,1,2.32,EPCOS - TDK Electronics,CAP FILM 0.022UF 5% 63VDC RADIAL
B32529C0102J289,1,2.32,EPCOS - TDK Electronics,CAP FILM 1000PF 5% 63VDC RADIAL
B32529C0562J189,1,2.32,EPCOS - TDK Electronics,CAP FILM 5600PF 5% 63VDC RADIAL
B32529C0682J189,1,2.32,EPCOS - TDK Electronics,CAP FILM 6800PF 5% 63VDC RADIAL
B32529C1823J289,1,2.32,EPCOS - TDK Electronics,CAP FILM 0.082UF 5% 100VDC RAD
B32529C0472J189,1,2.32,EPCOS - TDK Electronics,CAP FILM 4700PF 5% 63VDC RADIAL
B32529C1102J289,1,2.32,EPCOS - TDK Electronics,CAP FILM 1000PF 5% 100VDC RADIAL
B32529C0272J289,1,2.32,EPCOS - TDK Electronics,CAP FILM 2700PF 5% 63VDC RADIAL
B32529C3102K000,1,2.32,EPCOS - TDK Electronics,CAP FILM 1000PF 10% 250VDC RAD
B32529C3472K289,1,2.4,EPCOS - TDK Electronics,CAP FILM 4700PF 10% 250VDC RAD
B32529C3103K289,1,2.4,EPCOS - TDK Electronics,CAP FILM 10000PF 10% 250VDC RAD
B32529C0154K000,1,2.4,EPCOS - TDK Electronics,CAP FILM 0.15UF 10% 63VDC RADIAL
B32529C3103J000,1,2.48,EPCOS - TDK Electronics,CAP FILM 10000PF 5% 250VDC RAD
B32529C3102J000,1,2.48,EPCOS - TDK Electronics,CAP FILM 1000PF 5% 250VDC RADIAL
B32529C1682J289,1,2.48,EPCOS - TDK Electronics,CAP FILM 6800PF 5% 100VDC RADIAL
B32529C0104K189,1,2.48,EPCOS - TDK Electronics,CAP FILM 0.1UF 10% 63VDC RADIAL
B32529C3472J000,1,2.48,EPCOS - TDK Electronics,CAP FILM 4700PF 5% 250VDC RADIAL
B32529C1104K189,1,2.48,EPCOS - TDK Electronics,CAP FILM 0.1UF 10% 100VDC RADIAL
B32529C3222J000,1,2.48,EPCOS - TDK Electronics,CAP FILM 2200PF 5% 250VDC RADIAL
B32529C0103J189,1,2.48,EPCOS - TDK Electronics,CAP FILM 10000PF 5% 63VDC RADIAL
B32529C1683J189,1,2.48,EPCOS - TDK Electronics,CAP FILM 0.068UF 5% 100VDC RAD
B32529C1473J189,1,2.48,EPCOS - TDK Electronics,CAP FILM 0.047UF 5% 100VDC RAD
B32529C6682J000,1,2.56,EPCOS - TDK Electronics,CAP FILM 6800PF 5% 400VDC RADIAL
B32529C3103J189,1,2.56,EPCOS - TDK Electronics,CAP FILM 10000PF 5% 250VDC RAD
B32529C3822J289,1,2.56,EPCOS - TDK Electronics,CAP FILM 8200PF 5% 250VDC RADIAL
B32529C0154J000,1,2.56,EPCOS - TDK Electronics,CAP FILM 0.15UF 5% 63VDC RADIAL
B32529C0124J289,1,2.65,EPCOS - TDK Electronics,CAP FILM 0.12UF 5% 63VDC RADIAL
B32529C6472J000,1,2.65,EPCOS - TDK Electronics,CAP FILM 4700PF 5% 400VDC RADIAL
B32529C0224K000,1,2.65,EPCOS - TDK Electronics,CAP FILM 0.22UF 10% 63VDC RADIAL
B32529C0154J189,1,2.65,EPCOS - TDK Electronics,CAP FILM 0.15UF 5% 63VDC RADIAL
B32529C0224J000,1,2.73,EPCOS - TDK Electronics,CAP FILM 0.22UF 5% 63VDC RADIAL
B32529C0224K289,1,2.73,EPCOS - TDK Electronics,CAP FILM 0.22UF 10% 63VDC RADIAL
B32529C1103J289,1,2.73,EPCOS - TDK Electronics,CAP FILM 10000PF 5% 100VDC RAD
B32529C6222J289,1,2.81,EPCOS - TDK Electronics,CAP FILM 2200PF 5% 400VDC RADIAL
B32529C6102J189,1,2.81,EPCOS - TDK Electronics,CAP FILM 1000PF 5% 400VDC RADIAL
B32529C3332J189,1,2.81,EPCOS - TDK Electronics,CAP FILM 3300PF 5% 250VDC RADIAL
B32529C6152J289,1,2.81,EPCOS - TDK Electronics,CAP FILM 1500PF 5% 400VDC RADIAL
B32529C0154J289,1,2.89,EPCOS - TDK Electronics,CAP FILM 0.15UF 5% 63VDC RADIAL
B32529C0224J189,1,2.98,EPCOS - TDK Electronics,CAP FILM 0.22UF 5% 63VDC RADIAL
B32529C0184J289,1,2.98,EPCOS - TDK Electronics,CAP FILM 0.18UF 5% 63VDC RADIAL
B32529C8102J000,1,3.23,EPCOS - TDK Electronics,CAP FILM 1000PF 5% 630VDC RADIAL
B32529C1224K000,1,3.31,EPCOS - TDK Electronics,CAP FILM 0.22UF 10% 100VDC RAD
B32529C3473J000,1,3.39,EPCOS - TDK Electronics,CAP FILM 0.047UF 5% 250VDC RAD
B32921C3103M000,1,3.47,EPCOS - TDK Electronics,CAP FILM 10000PF 20% 630VDC RAD
B32921C3103M026,1,3.47,EPCOS - TDK Electronics,FILM CAP MKP X2 0.010UF 20% 305V
B32529C1224J000,1,3.47,EPCOS - TDK Electronics,CAP FILM 0.22UF 5% 100VDC RADIAL
B32529C6103K,1,3.47,EPCOS - TDK Electronics,CAP FILM 10000PF 10% 400VDC RAD
B32520E6223K000,1,3.56,EPCOS - TDK Electronics,CAP FILM 0.022UF 10% 400VDC RAD
B32560J3104K000,1,3.56,EPCOS - TDK Electronics,CAP FILM 0.1UF 10% 250VDC 2DIP
B32921C3104M000,1,3.64,EPCOS - TDK Electronics,CAP FILM 0.1UF 20% 630VDC RADIAL
B32529C1154J289,1,3.64,EPCOS - TDK Electronics,CAP FILM 0.15UF 5% 100VDC RADIAL
B32921C3103K000,1,3.64,EPCOS - TDK Electronics,CAP FILM 10000PF 10% 630VDC RAD
B32921C3473M000,1,3.72,EPCOS - TDK Electronics,CAP FILM 0.047UF 20% 630VDC RAD
B32672Z4104K000,1,3.72,EPCOS - TDK Electronics,CAP FILM 0.1UF 10% 450VDC RADIAL
B32521C1104K000,1,3.72,EPCOS - TDK Electronics,CAP FILM 0.1UF 10% 100VDC RADIAL
B32921C3103M189,1,3.8,EPCOS - TDK Electronics,CAP FILM 10000PF 20% 630VDC RAD
B32529C8102K289,1,3.8,EPCOS - TDK Electronics,CAP FILM 1000PF 10% 630VDC RAD
B32520C3104K000,1,3.8,EPCOS - TDK Electronics,CAP FILM 0.1UF 10% 250VDC RADIAL
B32922C3154M000,1,3.89,EPCOS - TDK Electronics,CAP FILM 0.15UF 20% 630VDC RAD
B32529C1224J189,1,3.89,EPCOS - TDK Electronics,CAP FILM 0.22UF 5% 100VDC RADIAL
B32529C0334J000,1,3.89,EPCOS - TDK Electronics,CAP FILM 0.33UF 5% 63VDC RADIAL
B32529C0334K289,1,3.89,EPCOS - TDK Electronics,CAP FILM 0.33UF 10% 63VDC RADIAL
B32520C3104J000,1,3.89,EPCOS - TDK Electronics,CAP FILM 0.1UF 5% 250VDC RADIAL
B32922C3104M003,1,3.89,EPCOS - TDK Electronics,FILM CAP MKP X2 0.1F 20% 305VAC
B32521C1104J000,1,3.89,EPCOS - TDK Electronics,CAP FILM 0.1UF 5% 100VDC RADIAL
B32529C0474K000,1,3.89,EPCOS - TDK Electronics,CAP FILM 0.47UF 10% 63VDC RADIAL
B32921C3683K000,1,3.89,EPCOS - TDK Electronics,CAP FILM 0.068UF 10% 630VDC RAD
B32921C3473K000,1,3.97,EPCOS - TDK Electronics,CAP FILM 0.047UF 10% 630VDC RAD
B32921C3473K026,1,3.97,EPCOS - TDK Electronics,FILM CAP MKP X2 0.047UF 10% 305V
B32529C8472J000,1,3.97,EPCOS - TDK Electronics,CAP FILM 4700PF 5% 630VDC RADIAL
B32521C3104J000,1,3.97,EPCOS - TDK Electronics,CAP FILM 0.1UF 5% 250VDC RADIAL
B32520C3104K289,1,4.05,EPCOS - TDK Electronics,CAP FILM 0.1UF 10% 250VDC RADIAL
B32520C1154J000,1,4.05,EPCOS - TDK Electronics,CAP FILM 0.15UF 5% 100VDC RADIAL
B32529C8472K289,1,4.05,EPCOS - TDK Electronics,CAP FILM 4700PF 10% 630VDC RAD
B32921C3103K289,1,4.05,EPCOS - TDK Electronics,CAP FILM 10000PF 10% 630VDC RAD
B32529C0474J000,1,4.13,EPCOS - TDK Electronics,CAP FILM 0.47UF 5% 63VDC RADIAL
B32671L1222J000,1,4.13,EPCOS - TDK Electronics,CAP FILM 2200PF 5% 1.6KVDC RAD
B32529C3104J000,1,4.13,EPCOS - TDK Electronics,CAP FILM 0.1UF 5% 250VDC RADIAL
B32529C3104J189,1,4.13,EPCOS - TDK Electronics,CAP FILM 0.1UF 5% 250VDC RADIAL
B32921C3333K189,1,4.3,EPCOS - TDK Electronics,CAP FILM 0.033UF 10% 630VDC RAD
B32922C3104M000,1,4.22,EPCOS - TDK Electronics,CAP FILM 0.1UF 20% 630VDC RADIAL
B32529C8682K289,1,4.22,EPCOS - TDK Electronics,CAP FILM 6800PF 10% 630VDC RAD
B32529C0474K189,1,4.22,EPCOS - TDK Electronics,CAP FILM 0.47UF 10% 63VDC RADIAL
B32671L1122J000,1,4.22,EPCOS - TDK Electronics,CAP FILM 1200PF 5% 1.6KVDC RAD
B32529C8472K189,1,4.22,EPCOS - TDK Electronics,CAP FILM 4700PF 10% 630VDC RAD
B32922C3104M026,1,4.22,EPCOS - TDK Electronics,FILM CAP MKP X2 0.1UF 20% 305VAC
B32922C3104K000,1,4.22,EPCOS - TDK Electronics,CAP FILM 0.1UF 10% 630VDC RADIAL
B32922C3104K026,1,4.22,EPCOS - TDK Electronics,FILM CAP MKP X2 0.1UF 10% 305VAC
B32922C3223M000,1,4.22,EPCOS - TDK Electronics,CAP FILM 0.022UF 20% 630VDC RAD
B32921C3473K289,1,4.3,EPCOS - TDK Electronics,CAP FILM 0.047UF 10% 630VDC RAD
B32671L1152J000,1,4.3,EPCOS - TDK Electronics,CAP FILM 1500PF 5% 1.6KVDC RAD
B32671L0562J000,1,4.3,EPCOS - TDK Electronics,CAP FILM 5600PF 5% 1KVDC RADIAL
B32529C1224J289,1,4.3,EPCOS - TDK Electronics,CAP FILM 0.22UF 5% 100VDC RADIAL
B32529C0334J189,1,4.3,EPCOS - TDK Electronics,CAP FILM 0.33UF 5% 63VDC RADIAL
B32672L1622K000,1,4.3,EPCOS - TDK Electronics,CAP FILM 6200PF 10% 1.6KVDC RAD
B32529C3473J289,1,4.3,EPCOS - TDK Electronics,CAP FILM 0.047UF 5% 250VDC RAD
B32529C8152K289,1,4.38,EPCOS - TDK Electronics,CAP FILM 1500PF 10% 630VDC RAD
B32529C0394J289,1,4.38,EPCOS - TDK Electronics,CAP FILM 0.39UF 5% 63VDC RADIAL
B32529C8103K000,1,4.38,EPCOS - TDK Electronics,CAP FILM 10000PF 10% 630VDC RAD
B32529C8332J189,1,4.38,EPCOS - TDK Electronics,CAP FILM 3300PF 5% 630VDC RADIAL
B32671L0472J000,1,4.38,EPCOS - TDK Electronics,CAP FILM 4700PF 5% 1KVDC RADIAL
B32922C3224M000,1,4.47,EPCOS - TDK Electronics,CAP FILM 0.22UF 20% 630VDC RAD
B32520C1224J000,1,4.55,EPCOS - TDK Electronics,CAP FILM 0.22UF 5% 100VDC RADIAL
B32922C3104K189,1,4.55,EPCOS - TDK Electronics,CAP FILM 0.1UF 10% 630VDC RADIAL
B32922C3224K000,1,4.63,EPCOS - TDK Electronics,CAP FILM 0.22UF 10% 630VDC RAD
B32529C0474J189,1,4.63,EPCOS - TDK Electronics,CAP FILM 0.47UF 5% 63VDC RADIAL
B32672L8152J000,1,4.63,EPCOS - TDK Electronics,CAP FILM 1500PF 5% 2KVDC RADIAL
B32922C3224K026,1,4.63,EPCOS - TDK Electronics,FILM CAP MKP X2 0.22UF 10% 305VA
B32922C3224M003,1,4.63,EPCOS - TDK Electronics,CAP FILM 0.22UF 630VDC RAD
B32529C0564J000,1,4.71,EPCOS - TDK Electronics,CAP FILM 0.56UF 5% 63VDC RADIAL
B32672L8332J000,1,4.71,EPCOS - TDK Electronics,CAP FILM 3300PF 5% 2KVDC RADIAL
B32672L8222J000,1,4.71,EPCOS - TDK Electronics,CAP FILM 2200PF 5% 2KVDC RADIAL
B32672L8272J000,1,4.71,EPCOS - TDK Electronics,CAP FILM 2700PF 5% 2KVDC RADIAL
B32672L8332J006,1,4.71,EPCOS - TDK Electronics,FILM CAP MKP BOX 3.3NF 5% 700VAC
B32520C1224K189,1,4.8,EPCOS - TDK Electronics,CAP FILM 0.22UF 10% 100VDC RAD
B32671L0682J000,1,4.8,EPCOS - TDK Electronics,CAP FILM 6800PF 5% 1KVDC RADIAL
B32672L8562J000,1,4.88,EPCOS - TDK Electronics,CAP FILM 5600PF 5% 2KVDC RADIAL
B32520C1334J000,1,4.96,EPCOS - TDK Electronics,CAP FILM 0.33UF 5% 100VDC RADIAL
B32529C1474J000,1,4.96,EPCOS - TDK Electronics,CAP FILM 0.47UF 5% 100VDC RADIAL
B32529C0105K000,1,5.04,EPCOS - TDK Electronics,CAP FILM 1UF 10% 63VDC RADIAL
B32922C3224K189,1,5.13,EPCOS - TDK Electronics,CAP FILM 0.22UF 10% 630VDC RAD
B32529C8103J189,1,5.13,EPCOS - TDK Electronics,CAP FILM 10000PF 5% 630VDC RAD
B32922C3154K189,1,5.13,EPCOS - TDK Electronics,CAP FILM 0.15UF 10% 630VDC RAD
B32620A6152J000,1,5.13,EPCOS - TDK Electronics,CAP FILM 1500PF 5% 630VDC RADIAL
B32922C3224M189,1,5.13,EPCOS - TDK Electronics,CAP FILM 0.22UF 20% 630VDC RAD
B32672L8472J000,1,5.13,EPCOS - TDK Electronics,CAP FILM 4700PF 5% 2KVDC RADIAL
B32529C3154K189,1,5.21,EPCOS - TDK Electronics,CAP FILM 0.15UF 10% 250VDC RAD
B32922P3224K000,1,5.21,EPCOS - TDK Electronics,"FILM CAP MKP X2 - 125C, 0.22UF 1"
B32529C1474K189,1,5.21,EPCOS - TDK Electronics,CAP FILM 0.47UF 10% 100VDC RAD
B32529C0684J000,1,5.21,EPCOS - TDK Electronics,CAP FILM 0.68UF 5% 63VDC RADIAL
B32672L6104J000,1,5.21,EPCOS - TDK Electronics,CAP FILM 0.1UF 5% 630V RADIAL
B32032A4472M000,1,5.29,EPCOS - TDK Electronics,CAP FILM 4700PF 20% 1KVDC RADIAL
B32521C3224K000,1,5.29,EPCOS - TDK Electronics,CAP FILM 0.22UF 10% 250VDC RAD
B32021A3222M026,1,5.29,EPCOS - TDK Electronics,FILM CAP Y2 MKP 2.2 NF 20% 300VA
B32671L0103J000,1,5.29,EPCOS - TDK Electronics,CAP FILM 10000PF 5% 1KVDC RADIAL
B32021A3222M000,1,5.29,EPCOS - TDK Electronics,CAP FILM 2200PF 20% 1.5KVDC RAD
B32021A3102K006,1,5.38,EPCOS - TDK Electronics,FILM CAP Y2 MKP 1.0 NF 10% 300VA
B32529C0105J006,1,5.38,EPCOS - TDK Electronics,FILM CAP MKT BOX 1.UF 5% 63VDC L
B32522C3104J000,1,5.38,EPCOS - TDK Electronics,CAP FILM 0.1UF 5% 250VDC RADIAL
B32620A4103J000,1,5.38,EPCOS - TDK Electronics,CAP FILM 10000PF 5% 400VDC RAD
B32021A3152M000,1,5.38,EPCOS - TDK Electronics,CAP FILM 1500PF 20% 1.5KVDC RAD
B32520C0474J000,1,5.38,EPCOS - TDK Electronics,CAP FILM 0.47UF 5% 63VDC RADIAL
B32671L6333J000,1,5.38,EPCOS - TDK Electronics,CAP FILM 0.033UF 5% 630VDC RAD
B32021A3102K000,1,5.46,EPCOS - TDK Electronics,CAP FILM 1000PF 10% 1.5KVDC RAD
B32529C0105J189,1,6.04,EPCOS - TDK Electronics,CAP FILM 1UF 5% 63VDC RADIAL
B32922C3334M000,1,5.46,EPCOS - TDK Electronics,CAP FILM 0.33UF 20% 630VDC RAD
B32621A6103J000,1,5.46,EPCOS - TDK Electronics,CAP FILM 10000PF 5% 630VDC RAD
B32620A0302J000,1,5.46,EPCOS - TDK Electronics,CAP FILM 3000PF 5% 1KVDC RADIAL
B32032A4103M000,1,5.54,EPCOS - TDK Electronics,CAP FILM 10000PF 20% 1KVDC RAD
B32529C1474J189,1,5.54,EPCOS - TDK Electronics,CAP FILM 0.47UF 5% 100VDC RADIAL
B32620J0102J000,1,5.62,EPCOS - TDK Electronics,CAP FILM 1000PF 5% 1KVDC RADIAL
B32529C0105K289,1,5.62,EPCOS - TDK Electronics,CAP FILM 1UF 10% 63VDC RADIAL
B32671Z6104K000,1,5.62,EPCOS - TDK Electronics,CAP FILM 0.1UF 10% 630VDC RADIAL
B32922C3473K000,1,5.71,EPCOS - TDK Electronics,CAP FILM 0.047UF 10% 630VDC RAD
B32529C0684J189,1,5.71,EPCOS - TDK Electronics,CAP FILM 0.68UF 5% 63VDC RADIAL
B32671L4104J000,1,5.71,EPCOS - TDK Electronics,CAP FILM 0.1UF 5% 400VDC RADIAL
B32021A3222K000,1,5.71,EPCOS - TDK Electronics,CAP FILM 2200PF 10% 1.5KVDC RAD
B32620A6222J289,1,5.79,EPCOS - TDK Electronics,CAP FILM 2200PF 5% 630VDC RADIAL
B32652A3224J000,1,5.79,EPCOS - TDK Electronics,CAP FILM 0.22UF 5% 250VDC RADIAL
B32932A3473K000,1,5.79,EPCOS - TDK Electronics,CAP FILM 0.047UF 10% 305VAC RAD
B32672L8682J000,1,5.79,EPCOS - TDK Electronics,CAP FILM 6800PF 5% 2KVDC RADIAL
B32021A3472M000,1,5.87,EPCOS - TDK Electronics,CAP FILM 4700PF 20% 1.5KVDC RAD
B32672L1103J000,1,5.87,EPCOS - TDK Electronics,CAP FILM 10000PF 5% 1.6KVDC RAD
B32520C1474J000,1,5.87,EPCOS - TDK Electronics,CAP FILM 0.47UF 5% 100VDC RADIAL
B32922C3334K000,1,5.95,EPCOS - TDK Electronics,CAP FILM 0.33UF 10% 630VDC RAD
B32529C0105J289,1,5.95,EPCOS - TDK Electronics,CAP FILM 1UF 5% 63VDC RADIAL
B32672L0104J000,1,5.95,EPCOS - TDK Electronics,CAP FILM 0.1UF 5% 1KVDC RADIAL
B32642B6223J,1,6.04,EPCOS - TDK Electronics,CAP FILM 0.022UF 5% 630VDC RAD
B32922C3474M000,1,6.04,EPCOS - TDK Electronics,CAP FILM 0.47UF 20% 630VDC RAD
B32672L2105J003,1,6.04,EPCOS - TDK Electronics,CAP FILM 1UF
B32922H3104M,1,6.12,EPCOS - TDK Electronics,CAP FILM 0.1UF 20% 630VDC RADIAL
B32652A0223J006,1,6.12,EPCOS - TDK Electronics,FILM CAP MKP BOX 22NF 5% 1000VDC
B32021A3472M026,1,6.12,EPCOS - TDK Electronics,FILM CAP Y2 MKP 4.7NF 20% 300VAC
B32642B0153J,1,6.2,EPCOS - TDK Electronics,CAP FILM 0.015UF 5% 1KVDC RADIAL
B32932A3104M000,1,6.2,EPCOS - TDK Electronics,CAP FILM 0.1UF 20% 305VAC RADIAL
B32652A2102J000,1,6.2,EPCOS - TDK Electronics,CAP FILM 1000PF 5% 2KVDC RADIAL
B32652A4104J000,1,6.28,EPCOS - TDK Electronics,CAP FILM 0.1UF 5% 400VDC RADIAL
B32021A3472K000,1,6.28,EPCOS - TDK Electronics,CAP FILM 4700PF 10% 1.5KVDC RAD
B81123C1102M000,1,6.37,EPCOS - TDK Electronics,CAP FILM 1000PF 20% 500VAC RAD
B32522E6154J000,1,6.37,EPCOS - TDK Electronics,CAP FILM 0.15UF 5% 400VDC RADIAL
B32652A2152J000,1,6.37,EPCOS - TDK Electronics,CAP FILM 1500PF 5% 2KVDC RADIAL
B32671P6683K000,1,6.37,EPCOS - TDK Electronics,CAP FILM 0.068UF 10% 630VDC RAD
B32922C3334M189,1,6.45,EPCOS - TDK Electronics,CAP FILM 0.33UF 20% 630VDC RAD
B32021A3222K189,1,6.45,EPCOS - TDK Electronics,CAP FILM 2200PF 10% 300VAC RAD
B32922D3334K000,1,6.53,EPCOS - TDK Electronics,CAP FILM 0.33UF 10% 630VDC RAD
B32922C3474K000,1,6.53,EPCOS - TDK Electronics,CAP FILM 0.47UF 10% 630VDC RAD
B32652A0104J000,1,6.53,EPCOS - TDK Electronics,CAP FILM 0.1UF 5% 1KVDC RADIAL
B32652A4154J000,1,6.53,EPCOS - TDK Electronics,CAP FILM 0.15UF 5% 400VDC RADIAL
B32621A0472J000,1,6.62,EPCOS - TDK Electronics,CAP FILM 4700PF 5% 1KVDC RADIAL
B81123C1152M000,1,6.62,EPCOS - TDK Electronics,CAP FILM 1500PF 20% 500VAC RAD
B32652A6683J000,1,6.62,EPCOS - TDK Electronics,CAP FILM 0.068UF 5% 630VDC RAD
B81123C1102M026,1,6.62,EPCOS - TDK Electronics,FILM CAP MKP Y1 1.0NF 20% 500VAC
B32672L8153J000,1,6.62,EPCOS - TDK Electronics,CAP FILM 0.015UF 5% 2KVDC RADIAL
B32021A3682K000,1,6.7,EPCOS - TDK Electronics,CAP FILM 6800PF 10% 1.5KVDC RAD
B32620A6103K189,1,6.78,EPCOS - TDK Electronics,CAP FILM 10000PF 10% 630VDC RAD
B32652A0473K000,1,6.78,EPCOS - TDK Electronics,CAP FILM 0.047UF 10% 1KVDC RAD
B32641B0103J,1,6.78,EPCOS - TDK Electronics,CAP FILM 10000PF 5% 1KVDC RADIAL
B32652A3404K000,1,6.78,EPCOS - TDK Electronics,CAP FILM 0.4UF 10% 250VDC RADIAL
B32021A3472M289,1,6.86,EPCOS - TDK Electronics,CAP FILM 4700PF 20% 300VAC RAD
B32923C3474K000,1,6.86,EPCOS - TDK Electronics,CAP FILM 0.47UF 10% 630VDC RAD
B32923C3684K000,1,6.86,EPCOS - TDK Electronics,CAP FILM 0.68UF 10% 630VDC RAD
B32642B0223J,1,6.86,EPCOS - TDK Electronics,CAP FILM 0.022UF 5% 1KVDC RADIAL
B32923C3474M000,1,6.86,EPCOS - TDK Electronics,CAP FILM 0.47UF 20% 630VDC RAD
B32671P6104K000,1,6.95,EPCOS - TDK Electronics,CAP FILM 0.1UF 10% 630VDC RADIAL
B32021A3103M026,1,6.95,EPCOS - TDK Electronics,FILM CAP Y2 MKP 10 NF 20% 300VAC
B32522C3474J000,1,7.03,EPCOS - TDK Electronics,CAP FILM 0.47UF 5% 250VDC RADIAL
B32672L7473J000,1,7.03,EPCOS - TDK Electronics,CAP FILM 0.047UF 5% 1.3KVDC RAD
B32021A3472K289,1,7.11,EPCOS - TDK Electronics,CAP FILM 4700PF 10% 1.5KVDC RAD
B32521C3474K000,1,7.11,EPCOS - TDK Electronics,CAP FILM 0.47UF 10% 250VDC RAD
B32652A0473J000,1,7.11,EPCOS - TDK Electronics,CAP FILM 0.047UF 5% 1KVDC RADIAL
B81123C1222M000,1,7.28,EPCOS - TDK Electronics,CAP FILM 2200PF 20% 500VAC RAD
B32021A3682M289,1,7.28,EPCOS - TDK Electronics,CAP FILM 6800PF 20% 1.5KVDC RAD
B32652A7153J000,1,7.28,EPCOS - TDK Electronics,CAP FILM 0.015UF 5% 1.25KVDC RAD
B32652A3474J000,1,7.36,EPCOS - TDK Electronics,CAP FILM 0.47UF 5% 250VDC RADIAL
B32522N3105K000,1,7.36,EPCOS - TDK Electronics,CAP FILM 1UF 10% 250VDC RADIAL
B32922C3474K026,1,7.36,EPCOS - TDK Electronics,FILM CAP MKP X2 0.47UF 10% 305VA
B32621A6103J289,1,7.53,EPCOS - TDK Electronics,CAP FILM 10000PF 5% 630VDC RAD
B32652A3504J000,1,7.53,EPCOS - TDK Electronics,CAP FILM 0.5UF 5% 250VDC RADIAL
B32641B0153J,1,7.61,EPCOS - TDK Electronics,CAP FILM 0.015UF 5% 1KVDC RADIAL
B32652A0103K289,1,7.61,EPCOS - TDK Electronics,CAP FILM 10000PF 10% 1KVDC RAD
B32652A7223J000,1,7.61,EPCOS - TDK Electronics,CAP FILM 0.022UF 5% 1.25KVDC RAD
B81123C1222M026,1,7.61,EPCOS - TDK Electronics,FILM CAP MKP Y1 2.2NF 20% 500VAC
B32912A3223M000,1,7.61,EPCOS - TDK Electronics,CAP FILM 0.022UF 20% 760VDC RAD
B32520C0105K000,1,7.69,EPCOS - TDK Electronics,CAP FILM 1UF 10% 63VDC RADIAL
B32672L6224J189,1,7.69,EPCOS - TDK Electronics,CAP FILM 0.22UF 5% 630VDC RADIAL
B32642B6473J,1,7.69,EPCOS - TDK Electronics,CAP FILM 0.047UF 5% 630VDC RAD
B32912A3104K000,1,7.86,EPCOS - TDK Electronics,CAP FILM 0.1UF 10% 760VDC RADIAL
B32022A3153M000,1,7.94,EPCOS - TDK Electronics,CAP FILM 0.015UF 20% 1.5KVDC RAD
B32912A3473M000,1,7.94,EPCOS - TDK Electronics,CAP FILM 0.047UF 20% 760VDC RAD
B32521C3474K189,1,7.94,EPCOS - TDK Electronics,CAP FILM 0.47UF 10% 250VDC RAD
B32922C3474M189,1,7.94,EPCOS - TDK Electronics,CAP FILM 0.47UF 20% 630VDC RAD
B81123C1102M189,1,7.94,EPCOS - TDK Electronics,CAP FILM 1000PF 20% 500VAC RAD
B32520C0105J000,1,7.94,EPCOS - TDK Electronics,CAP FILM 1UF 5% 63VDC RADIAL
B32922C3474M289,1,8.02,EPCOS - TDK Electronics,CAP FILM 0.47UF 20% 630VDC RAD
B32621A6333K289,1,8.02,EPCOS - TDK Electronics,CAP FILM 0.033UF 10% 630VDC RAD
B32621A5224J000,1,8.02,EPCOS - TDK Electronics,CAP FILM 0.22UF 5% 160VDC RADIAL
B32621A4473K189,1,8.02,EPCOS - TDK Electronics,CAP FILM 0.047UF 10% 400VDC RAD
B32022A3103K000,1,8.1,EPCOS - TDK Electronics,CAP FILM 10000PF 10% 1.5KVDC RAD
B32652A1153J000,1,8.1,EPCOS - TDK Electronics,CAP FILM 0.015UF 5% 1.6KVDC RAD
B32522C0105J000,1,8.1,EPCOS - TDK Electronics,CAP FILM 1UF 5% 63VDC RADIAL
B32652A3684J000,1,8.19,EPCOS - TDK Electronics,CAP FILM 0.68UF 5% 250VDC RADIAL
B32912A3473K000,1,8.19,EPCOS - TDK Electronics,CAP FILM 0.047UF 10% 760VDC RAD
B32652A6224J000,1,8.27,EPCOS - TDK Electronics,CAP FILM 0.22UF 5% 630VDC RADIAL
B32529C0155J000,1,8.27,EPCOS - TDK Electronics,CAP FILM 1.5UF 5% 63VDC RADIAL
B32652A4474J000,1,8.27,EPCOS - TDK Electronics,CAP FILM 0.47UF 5% 400VDC RADIAL
B32652J1103J000,1,8.27,EPCOS - TDK Electronics,CAP FILM 10000PF 5% 1.6KVDC RAD
B32922C3474K189,1,8.35,EPCOS - TDK Electronics,CAP FILM 0.47UF 10% 630VDC RAD
B32521C1105J000,1,8.35,EPCOS - TDK Electronics,CAP FILM 1UF 5% 100VDC RADIAL
B81123C1332M000,1,8.43,EPCOS - TDK Electronics,CAP FILM 3300PF 20% 500VAC RAD
B32522C1105J000,1,8.43,EPCOS - TDK Electronics,CAP FILM 1UF 5% 100VDC RADIAL
B32642B0333J,1,8.52,EPCOS - TDK Electronics,CAP FILM 0.033UF 5% 1KVDC RADIAL
B32022A3223M000,1,8.6,EPCOS - TDK Electronics,CAP FILM 0.022UF 20% 1.5KVDC RAD
B32673Z6334K000,1,8.6,EPCOS - TDK Electronics,CAP FILM 0.33UF 10% 630VDC RAD
B32522C3105K000,1,8.68,EPCOS - TDK Electronics,CAP FILM 1UF 10% 250VDC RADIAL
B32520C1105K000,1,8.85,EPCOS - TDK Electronics,CAP FILM 1UF 10% 100VDC RADIAL
B32642B6683J,1,8.85,EPCOS - TDK Electronics,CAP FILM 0.068UF 5% 630VDC RAD
B32672L1333J000,1,8.93,EPCOS - TDK Electronics,CAP FILM 0.033UF 5% 1.6KVDC RAD
B32923C3105K000,1,8.93,EPCOS - TDK Electronics,CAP FILM 1UF 10% 630VDC RADIAL
B32923C3105M026,1,8.93,EPCOS - TDK Electronics,FILM CAP MKP X2 1.0UF 20% 305VAC
B32529D1105J000,1,9.01,EPCOS - TDK Electronics,CAP FILM 1UF 5% 100VDC RADIAL
B32641B6473J,1,9.01,EPCOS - TDK Electronics,CAP FILM 0.047UF 5% 630VDC RAD
B32520C0105J289,1,9.1,EPCOS - TDK Electronics,CAP FILM 1UF 5% 63VDC RADIAL
B32523Q3105K000,1,9.1,EPCOS - TDK Electronics,CAP FILM 1UF 10% 250VDC RADIAL
B32022B3223K000,1,9.26,EPCOS - TDK Electronics,CAP FILM 0.022UF 10% 1.5KVDC RAD
B32672L1223J189,1,9.26,EPCOS - TDK Electronics,CAP FILM 0.022UF 5% 1.6KVDC RAD
B32529C0155J189,1,9.43,EPCOS - TDK Electronics,CAP FILM 1.5UF 5% 63VDC RADIAL
B32022A3103M289,1,9.43,EPCOS - TDK Electronics,CAP FILM 10000PF 20% 1.5KVDC RAD
B32522C1105J189,1,9.59,EPCOS - TDK Electronics,CAP FILM 1UF 5% 100VDC RADIAL
B32529D1105K189,1,9.59,EPCOS - TDK Electronics,CAP FILM 1UF 10% 100VDC RADIAL
B32642B0473J,1,9.68,EPCOS - TDK Electronics,CAP FILM 0.047UF 5% 1KVDC RADIAL
B32521C1105J289,1,9.68,EPCOS - TDK Electronics,CAP FILM 1UF 5% 100VDC RADIAL
B32672Z4105J000,1,9.76,EPCOS - TDK Electronics,CAP FILM 1UF 5% 450VDC RADIAL
B32912B3154M000,1,9.84,EPCOS - TDK Electronics,CAP FILM 0.15UF 20% 760VDC RAD
B32923C3105K189,1,10.01,EPCOS - TDK Electronics,CAP FILM 1UF 10% 630VDC RADIAL
B32923C3105K289,1,10.01,EPCOS - TDK Electronics,CAP FILM 1UF 10% 630VDC RADIAL
B32923C3155M000,1,10.09,EPCOS - TDK Electronics,CAP FILM 1.5UF 20% 630VDC RADIAL
B32923C3105M189,1,10.25,EPCOS - TDK Electronics,CAP FILM 1UF 20% 630VDC RADIAL
B32922C3684M000,1,10.25,EPCOS - TDK Electronics,CAP FILM 0.68UF 20% 630VDC RAD
B32922C3684K000,1,10.25,EPCOS - TDK Electronics,CAP FILM 0.68UF 10% 630VDC RAD
B32022A3333M000,1,10.25,EPCOS - TDK Electronics,CAP FILM 0.033UF 20% 1.5KVDC RAD
B32923C3105M289,1,10.25,EPCOS - TDK Electronics,CAP FILM 1UF 20% 630VDC RADIAL
B32673P4225J000,1,10.25,EPCOS - TDK Electronics,CAP FILM 2.2UF 5% 450VDC RADIAL
B32522C3105K189,1,10.34,EPCOS - TDK Electronics,CAP FILM 1UF 10% 250VDC RADIAL
B32522C0225J000,1,10.34,EPCOS - TDK Electronics,CAP FILM 2.2UF 5% 63VDC RADIAL
B32522C1155J000,1,10.34,EPCOS - TDK Electronics,CAP FILM 1.5UF 5% 100VDC RADIAL
B32522N6105K000,1,10.34,EPCOS - TDK Electronics,CAP FILM 1UF 10% 450VDC RADIAL
B32529D1105J289,1,10.42,EPCOS - TDK Electronics,CAP FILM 1UF 5% 100VDC RADIAL
B32642B6104J,1,10.5,EPCOS - TDK Electronics,CAP FILM 0.1UF 5% 630VDC RADIAL
B32672P6105K000,1,10.67,EPCOS - TDK Electronics,CAP FILM 1UF 10% 630VDC RADIAL
B32672P5105K000,1,10.67,EPCOS - TDK Electronics,CAP FILM 1UF 10% 520VDC RADIAL
B32912B3224M000,1,10.75,EPCOS - TDK Electronics,CAP FILM 0.22UF 20% 760VDC RAD
B32912A3224M000,1,10.75,EPCOS - TDK Electronics,CAP FILM 0.22UF 20% 760VDC RAD
B32529D0225J000,1,10.83,EPCOS - TDK Electronics,CAP FILM 2.2UF 5% 63VDC RADIAL
B32933B3474K000,1,11,EPCOS - TDK Electronics,CAP FILM 0.47UF 10% 305VAC RAD
B32933A3474M000,1,11,EPCOS - TDK Electronics,CAP FILM 0.47UF 20% 305VAC RAD
B32653A6224J000,1,11.08,EPCOS - TDK Electronics,CAP FILM 0.22UF 5% 630VDC RADIAL
B32672P5155K000,1,11.25,EPCOS - TDK Electronics,CAP FILM 1.5UF 10% 520VDC RADIAL
B32912A3104K289,1,11.25,EPCOS - TDK Electronics,CAP FILM 0.1UF 10% 760VDC RADIAL
B32022A3473M000,1,11.25,EPCOS - TDK Electronics,CAP FILM 0.047UF 20% 1.5KVDC RAD
B32672Z4105K189,1,11.25,EPCOS - TDK Electronics,CAP FILM 1UF 10% 450VDC RADIAL
B32523Q3225K000,1,11.41,EPCOS - TDK Electronics,CAP FILM 2.2UF 10% 250VDC RADIAL
B32922C3684K189,1,11.49,EPCOS - TDK Electronics,CAP FILM 0.68UF 10% 630VDC RAD
B32023A3473M000,1,11.58,EPCOS - TDK Electronics,CAP FILM 0.047UF 20% 1.5KVDC RAD
B32653A7473J000,1,11.74,EPCOS - TDK Electronics,CAP FILM 0.047UF 5% 1.25KVDC RAD
B32022B3473M000,1,11.74,EPCOS - TDK Electronics,CAP FILM 0.047UF 20% 1.5KVDC RAD
B81123C1472M189,1,11.83,EPCOS - TDK Electronics,CAP FILM 4700PF 20% 500VAC RAD
B32912B3334M000,1,11.83,EPCOS - TDK Electronics,CAP FILM 0.33UF 20% 760VDC RAD
B32922C3684M189,1,11.91,EPCOS - TDK Electronics,CAP FILM 0.68UF 20% 630VDC RAD
B32774X1155K000,1,11.91,EPCOS - TDK Electronics,CAP FILM 1.5UF 10% 1.2KVDC RAD
B32671P4474K000,1,11.99,EPCOS - TDK Electronics,CAP FILM 0.47UF 10% 450VDC RAD
B32642B0683J,1,11.99,EPCOS - TDK Electronics,CAP FILM 0.068UF 5% 1KVDC RADIAL
B32022A3473M189,1,12.65,EPCOS - TDK Electronics,CAP FILM 0.047UF 20% 300VAC RAD
B32653A1223K000,1,12.07,EPCOS - TDK Electronics,CAP FILM 0.022UF 10% 1.6KVDC RAD
B32022A3683M000,1,12.16,EPCOS - TDK Electronics,CAP FILM 0.068UF 20% 1.5KVDC RAD
B32522C1225K000,1,12.24,EPCOS - TDK Electronics,CAP FILM 2.2UF 10% 100VDC RADIAL
B32653A8472J189,1,14.64,EPCOS - TDK Electronics,CAP FILM 4700PF 5% 2KVDC RADIAL
B32672P4105K000,1,12.32,EPCOS - TDK Electronics,CAP FILM 1UF 10% 450VDC RADIAL
B32653A6334J000,1,12.32,EPCOS - TDK Electronics,CAP FILM 0.33UF 5% 630VDC RADIAL
B32529D0225J289,1,12.73,EPCOS - TDK Electronics,CAP FILM 2.2UF 5% 63VDC RADIAL
B32923C3155M189,1,12.9,EPCOS - TDK Electronics,CAP FILM 1.5UF 20% 630VDC RADIAL
B81123C1472M289,1,13.07,EPCOS - TDK Electronics,CAP FILM 4700PF 20% 500VAC RAD
B32912B3224M189,1,13.23,EPCOS - TDK Electronics,CAP FILM 0.22UF 20% 760VDC RAD
B32923H3105M,1,13.23,EPCOS - TDK Electronics,CAP FILM 1UF 20% 630VDC RADIAL
B32529D5335J289,1,13.64,EPCOS - TDK Electronics,CAP FILM 3.3UF 5% 50VDC RADIAL
B32022A3823M000,1,13.73,EPCOS - TDK Electronics,CAP FILM 0.082UF 20% 1.5KVDC RAD
B32672Z5105K000,1,13.81,EPCOS - TDK Electronics,CAP FILM 1UF 10% 520VDC RADIAL
B32653A0224K000,1,13.89,EPCOS - TDK Electronics,CAP FILM 0.22UF 10% 1KVDC RADIAL
B32023A3104M000,1,14.14,EPCOS - TDK Electronics,CAP FILM 0.1UF 20% 1.5KVDC RAD
B32653A6474J000,1,14.22,EPCOS - TDK Electronics,CAP FILM 0.47UF 5% 630VDC RADIAL
B32924C3105M000,1,14.22,EPCOS - TDK Electronics,CAP FILM 1UF 20% 630VDC RADIAL
B32923C3225K000,1,14.22,EPCOS - TDK Electronics,CAP FILM 2.2UF 10% 630VDC RADIAL
B32924C3105K000,1,14.22,EPCOS - TDK Electronics,CAP FILM 1UF 10% 630VDC RADIAL
B32653A7104K000,1,14.39,EPCOS - TDK Electronics,CAP FILM 0.1UF 10% 1.25KVDC RAD
B32523Q1335K000,1,14.47,EPCOS - TDK Electronics,CAP FILM 3.3UF 10% 100VDC RADIAL
B81123C1682M000,1,14.47,EPCOS - TDK Electronics,CAP FILM 6800PF 20% 500VAC RAD
B32912B3334M189,1,14.55,EPCOS - TDK Electronics,CAP FILM 0.33UF 20% 760VDC RAD
B32671P4105K000,1,14.89,EPCOS - TDK Electronics,CAP FILM 1UF 10% 450VDC RADIAL
B32653A7104J000,1,14.97,EPCOS - TDK Electronics,CAP FILM 0.1UF 5% 1.25KVDC RAD
B32923P3225K000,1,14.97,EPCOS - TDK Electronics,"FILM CAP MKP X2 - 125C, 2.2UF 10"
B32653A8103J000,1,15.22,EPCOS - TDK Electronics,CAP FILM 10000PF 5% 2KVDC RADIAL
B32924C3225M000,1,15.63,EPCOS - TDK Electronics,CAP FILM 2.2UF 20% 630VDC RADIAL
B32673P4225K000,1,15.63,EPCOS - TDK Electronics,CAP FILM 2.2UF 10% 450VDC RADIAL
B32924C3225K000,1,15.63,EPCOS - TDK Electronics,CAP FILM 2.2UF 10% 630VDC RADIAL
B32933A3684K189,1,15.63,EPCOS - TDK Electronics,CAP FILM 0.68UF 10% 305VAC RAD
B32653A4105J000,1,15.88,EPCOS - TDK Electronics,CAP FILM 1UF 5% 400VDC RADIAL
B32522C0475J000,1,15.96,EPCOS - TDK Electronics,CAP FILM 4.7UF 5% 63VDC RADIAL
B32523Q3335J000,1,16.04,EPCOS - TDK Electronics,CAP FILM 3.3UF 5% 250VDC RADIAL
B32524Q3335K000,1,16.04,EPCOS - TDK Electronics,CAP FILM 3.3UF 10% 250VDC RADIAL
B32522C0475K000,1,16.13,EPCOS - TDK Electronics,CAP FILM 4.7UF 10% 63VDC RADIAL
B32674D8474K000,1,16.21,EPCOS - TDK Electronics,CAP FILM 0.47UF 10% 875VDC RAD
B32654A7104J000,1,16.21,EPCOS - TDK Electronics,CAP FILM 0.1UF 5% 1.25KVDC RAD
B32654A6684K000,1,16.21,EPCOS - TDK Electronics,CAP FILM 0.68UF 10% 630VDC RAD
B32774X4505K000,1,16.29,EPCOS - TDK Electronics,CAP FILM 5UF 10% 500VDC RADIAL
B32923P3205K000,1,16.37,EPCOS - TDK Electronics,"FILM CAP MKP X2 - 125C, 2UF 10%"
B32924C3155K189,1,16.46,EPCOS - TDK Electronics,CAP FILM 1.5UF 10% 630VDC RADIAL
B32674D6105K000,1,16.79,EPCOS - TDK Electronics,CAP FILM 1UF 10% 630VDC RADIAL
B32924C3105K189,1,16.87,EPCOS - TDK Electronics,CAP FILM 1UF 10% 630VDC RADIAL
B32023A3224M000,1,16.87,EPCOS - TDK Electronics,CAP FILM 0.22UF 20% 1.5KVDC RAD
B32524Q3225K000,1,16.87,EPCOS - TDK Electronics,CAP FILM 2.2UF 10% 250VDC RADIAL
B32913A5154M000,1,16.95,EPCOS - TDK Electronics,CAP FILM 0.15UF 20% 1KVDC RADIAL
B32672P4205K000,1,17.04,EPCOS - TDK Electronics,CAP FILM 2UF 10% 450VDC RADIAL
B32522C1335J289,1,17.2,EPCOS - TDK Electronics,CAP FILM 3.3UF 5% 100VDC RADIAL
B32924C3225M189,1,17.53,EPCOS - TDK Electronics,CAP FILM 2.2UF 20% 630VDC RADIAL
B32023B3104K000,1,17.7,EPCOS - TDK Electronics,CAP FILM 0.1UF 10% 1.5KVDC RAD
B32523Q1475K000,1,17.78,EPCOS - TDK Electronics,CAP FILM 4.7UF 10% 100VDC RADIAL
B32774H0225K000,1,18.11,EPCOS - TDK Electronics,CAP FILM 2.2UF 10% 920VDC RADIAL
B32674D4225K000,1,18.36,EPCOS - TDK Electronics,CAP FILM 2.2UF 10% 450VDC RADIAL
B32522C0475K189,1,18.36,EPCOS - TDK Electronics,CAP FILM 4.7UF 10% 63VDC RADIAL
B32913B5224K,1,18.77,EPCOS - TDK Electronics,CAP FILM 0.22UF 10% 1KVDC RADIAL
B32924C3335M000,1,18.77,EPCOS - TDK Electronics,CAP FILM 3.3UF 20% 630VDC RADIAL
B32913B5224K000,1,18.77,EPCOS - TDK Electronics,CAP FILM 0.22UF 1KVDC RADIAL
B32653A6474J289,1,19.19,EPCOS - TDK Electronics,CAP FILM 0.47UF 5% 630VDC RADIAL
B32674D1105K000,1,19.19,EPCOS - TDK Electronics,CAP FILM 1UF 10% 750VDC RADIAL
B32654A2223J000,1,19.19,EPCOS - TDK Electronics,CAP FILM 0.022UF 5% 2KVDC RADIAL
B32654A1154K000,1,19.52,EPCOS - TDK Electronics,CAP FILM 0.15UF 10% 1.6KVDC RAD
B32654A6105J000,1,19.68,EPCOS - TDK Electronics,CAP FILM 1UF 5% 630VDC RADIAL
B32654A6105K000,1,19.85,EPCOS - TDK Electronics,CAP FILM 1UF 10% 630VDC RADIAL
B32923M3225K000,1,20.26,EPCOS - TDK Electronics,2.20UF  10%  305VAC MKP SUPPRESS
B32654A1104K000,1,20.51,EPCOS - TDK Electronics,CAP FILM 0.1UF 10% 1.6KVDC RAD
B32522C1475K189,1,20.59,EPCOS - TDK Electronics,CAP FILM 4.7UF 10% 100VDC RADIAL
B32674D8105K000,1,20.67,EPCOS - TDK Electronics,CAP FILM 1UF 10% 875VDC RADIAL
B32654A7224K000,1,21.25,EPCOS - TDK Electronics,CAP FILM 0.22UF 10% 1.25KVDC RAD
B32654A1104J000,1,21.34,EPCOS - TDK Electronics,CAP FILM 0.1UF 5% 1.6KVDC RADIAL
B81123C1103M189,1,21.58,EPCOS - TDK Electronics,CAP FILM 10000PF 20% 500VAC RAD
B32524Q3475K000,1,21.67,EPCOS - TDK Electronics,CAP FILM 4.7UF 10% 250VDC RADIAL
B32523Q1685J000,1,21.75,EPCOS - TDK Electronics,CAP FILM 6.8UF 5% 100VDC RADIAL
B32924A4684M000,1,21.83,EPCOS - TDK Electronics,CAP FILM 0.68UF 20% 650VDC RAD
B32523Q1685K000,1,21.91,EPCOS - TDK Electronics,CAP FILM 6.8UF 10% 100VDC RADIAL
B32914A3105M000,1,22.74,EPCOS - TDK Electronics,CAP FILM 1UF 20% 760VDC RADIAL
B32923H3225M,1,23.73,EPCOS - TDK Electronics,CAP FILM 2.2UF 20% 630VDC RADIAL
B32653A8223K000,1,24.31,EPCOS - TDK Electronics,CAP FILM 0.022UF 10% 2KVDC RAD
B32774D8305K000,1,24.89,EPCOS - TDK Electronics,CAP FILM 3UF 10% 800VDC RADIAL
B32523R0106K000,1,24.97,EPCOS - TDK Electronics,CAP FILM 10UF 10% 63VDC RADIAL
B32522C0106J000,1,25.47,EPCOS - TDK Electronics,CAP FILM 10UF 5% 63VDC RADIAL
B32654A7334J000,1,25.55,EPCOS - TDK Electronics,CAP FILM 0.33UF 5% 1.25KVDC RAD
B32754C2505K000,1,25.72,EPCOS - TDK Electronics,CAP FILM 5UF 10% 500VDC RADIAL
B32024A3334M000,1,25.8,EPCOS - TDK Electronics,CAP FILM 0.33UF 20% 1.5KVDC RAD
B32924P3475M000,1,26.54,EPCOS - TDK Electronics,"FILM CAP MKP X2 - 125C, 4.7UF 20"
B32524R6475K000,1,26.88,EPCOS - TDK Electronics,CAP FILM 4.7UF 10% 400VDC RADIAL
B32774X4106K000,1,26.96,EPCOS - TDK Electronics,FILM CAP MKP DC FILTERING - 500V
B32562H1685K000,1,28.61,EPCOS - TDK Electronics,CAP FILM 6.8UF 10% 100VDC 2DIP
B32674D4475K000,1,28.7,EPCOS - TDK Electronics,CAP FILM 4.7UF 10% 450VDC RADIAL
B32774D4505K000,1,28.86,EPCOS - TDK Electronics,CAP FILM 5UF 10% 450VDC RADIAL
B32926C3475M000,1,29.03,EPCOS - TDK Electronics,CAP FILM 4.7UF 20% 630VDC RADIAL
B32024A3684M000,1,29.44,EPCOS - TDK Electronics,CAP FILM 0.68UF 20% 1.5KVDC RAD
B32714H5106K000,1,30.1,EPCOS - TDK Electronics,"MKP DC FILTERING - 500VDC, 10UF"
B32926C3475K000,1,30.18,EPCOS - TDK Electronics,CAP FILM 4.7UF 10% 630VDC RADIAL
B32522C0106K189,1,30.27,EPCOS - TDK Electronics,CAP FILM 10UF 10% 63VDC RADIAL
B32024A3474M000,1,30.27,EPCOS - TDK Electronics,CAP FILM 0.47UF 20% 1.5KVDC RAD
B32024B3474K000,1,30.27,EPCOS - TDK Electronics,CAP FILM 0.47UF 10% 1.5KVDC RAD
B32026A3334M000,1,30.35,EPCOS - TDK Electronics,CAP FILM 0.33UF 20% 1.5KVDC RAD
B32524Q1106K000,1,30.35,EPCOS - TDK Electronics,CAP FILM 10UF 10% 100VDC RADIAL
B32924C3565M000,1,30.76,EPCOS - TDK Electronics,CAP FILM 5.6UF 20% 630VDC RADIAL
B32913A5474M000,1,33.33,EPCOS - TDK Electronics,CAP FILM 0.47UF 20% 1KVDC RADIAL
B32926C3565M000,1,34.15,EPCOS - TDK Electronics,CAP FILM 5.6UF 20% 630VDC RADIAL
B32523R0156K000,1,34.4,EPCOS - TDK Electronics,CAP FILM 15UF 10% 63VDC RADIAL
B32674D3685K000,1,34.4,EPCOS - TDK Electronics,CAP FILM 6.8UF 10% 300VDC RADIAL
B32924J3335K,1,35.48,EPCOS - TDK Electronics,CAP FILM 3.3UF 10% 630VDC RADIAL
B32524Q3106K,1,35.48,EPCOS - TDK Electronics,CAP FILM 10UF 10% 250VDC RADIAL
B32674D4605K000,1,36.3,EPCOS - TDK Electronics,CAP FILM 6UF 10% 450VDC RADIAL
B32774D0505K000,1,36.3,EPCOS - TDK Electronics,CAP FILM 5UF 10% 1.1KVDC RADIAL
B32523R0226J000,1,37.05,EPCOS - TDK Electronics,CAP FILM 22UF 5% 63VDC RADIAL
B32774D1305K000,1,37.96,EPCOS - TDK Electronics,CAP FILM 3UF 10% 1.3KVDC RADIAL
B32654A3475J000,1,38.04,EPCOS - TDK Electronics,CAP FILM 4.7UF 5% 250VDC RADIAL
B32776Z8156K000,1,38.78,EPCOS - TDK Electronics,FILM CAP MKP DC FILTERING - 800V
B32674D3106K000,1,39.11,EPCOS - TDK Electronics,CAP FILM 10UF 10% 300VDC RADIAL
B32674D6475K000,1,39.78,EPCOS - TDK Electronics,CAP FILM 4.7UF 10% 630VDC RADIAL
B32654A7474J000,1,40.02,EPCOS - TDK Electronics,CAP FILM 0.47UF 5% 1.25KVDC RAD
B32524Q1156K000,1,42.26,EPCOS - TDK Electronics,CAP FILM 15UF 10% 100VDC RADIAL
B32774D0505J000,1,43.83,EPCOS - TDK Electronics,CAP FILM 5UF 5% 1.1KVDC RADIAL
B32774D1505K000,1,50.2,EPCOS - TDK Electronics,CAP FILM 5UF 10% 1.3KVDC RADIAL
B32524R3226K000,1,59.04,EPCOS - TDK Electronics,CAP FILM 22UF 10% 250VDC RADIAL
B32524Q1336K000,1,60.7,EPCOS - TDK Electronics,CAP FILM 33UF 10% 100VDC RADIAL
B32026A3105M000,1,61.86,EPCOS - TDK Electronics,CAP FILM 1UF 20% 1.5KVDC RADIAL
B32026A3824M000,1,61.86,EPCOS - TDK Electronics,CAP FILM 0.82UF 20% 1.5KVDC RAD
B32656S0474K565,1,63.76,EPCOS - TDK Electronics,CAP FILM 0.47UF 10% 1KVDC SCREW
B32926H3106M,1,66.57,EPCOS - TDK Electronics,CAP FILM 10UF 20% 630VDC RADIAL
B32524R3336K000,1,71.53,EPCOS - TDK Electronics,CAP FILM 33UF 10% 250VDC RADIAL
B32524R0336K000,1,72.69,EPCOS - TDK Electronics,CAP FILM 33UF 10% 63VDC RADIAL
B32926C3106K000,1,74.84,EPCOS - TDK Electronics,CAP FILM 10UF 10% 630VDC RADIAL
B32756G4505K000,1,76,EPCOS - TDK Electronics,CAP FILM 5UF 10% 800VDC RADIAL
B32656S7224K564,1,76.49,EPCOS - TDK Electronics,CAP FILM 0.22UF 1.25KVDC SCREW
B32716H1156K000,1,76.74,EPCOS - TDK Electronics,"MKP DC FILTERING - 1100VDC, 15UF"
B32928C3206K000,1,79.8,EPCOS - TDK Electronics,CAP FILM 20UF 10% 630VDC RADIAL
B32926B4475M000,1,80.88,EPCOS - TDK Electronics,CAP FILM 4.7UF 20% 650VDC RADIAL
B32716H8306K000,1,81.54,EPCOS - TDK Electronics,"MKP DC FILTERING - 800VDC, 30UF"
B32776T5126K000,1,82.78,EPCOS - TDK Electronics,CAP FILM 12UF 10% 575VDC RADIAL
B32776T4166K000,1,84.18,EPCOS - TDK Electronics,CAP FILM 16UF 10% 450VDC RADIAL
B32926D3156K000,1,86.83,EPCOS - TDK Electronics,CAP FILM 15UF 10% 630VDC RADIAL
B32776G8156K000,1,87.49,EPCOS - TDK Electronics,CAP FILM 15UF 800VDC RAD 4 LEAD
B32716H6506K000,1,94.69,EPCOS - TDK Electronics,"MKP DC FILTERING - 600VDC, 50UF"
B32916A3475M000,1,102.54,EPCOS - TDK Electronics,CAP FILM 4.7UF 20% 760VDC RADIAL
B32916A3685K000,1,111.22,EPCOS - TDK Electronics,CAP FILM 6.8UF 10% 760VDC RADIAL
B32718H8506K000,1,119.41,EPCOS - TDK Electronics,"MKP DC FILTERING - 800VDC, 50UF"
B32776G4406K000,1,120.24,EPCOS - TDK Electronics,CAP FILM 40UF 450VDC RAD 4 LEAD
B32778Z9706K000,1,131.24,EPCOS - TDK Electronics,CAP FILM 70UF 900VDC RDL 4 LEAD
B32778G9506K000,1,140.33,EPCOS - TDK Electronics,CAP FILM 50UF 900VDC RAD 4 LEAD
B32526R3686K000,1,149.51,EPCOS - TDK Electronics,CAP FILM 68UF 10% 250VDC RADIAL
B32778G1256K000,1,153.98,EPCOS - TDK Electronics,CAP FILM 25UF 1.3KVDC RAD 4 LEAD
B32678G4406J000,1,155.38,EPCOS - TDK Electronics,CAP FILM 40UF 5% 450VDC RADIAL
B32778G0306K000,1,155.96,EPCOS - TDK Electronics,CAP FILM 30UF 1.1KVDC RAD 4 LEAD
B32526R0107K000,1,163.07,EPCOS - TDK Electronics,CAP FILM 100UF 10% 63VDC RADIAL
B32918A5475M000,1,174.82,EPCOS - TDK Electronics,CAP FILM 4.7UF 20% 1KVDC RADIAL
B32361B3506J030,1,237.5,EPCOS - TDK Electronics,CAP FILM 50UF 5% 330VAC RADIAL
B32362A4706J080,1,447.54,EPCOS - TDK Electronics,CAP FILM 70UF 5% 480VAC RADIAL
B25680B1427A101,1,450.44,EPCOS - TDK Electronics,CAP FILM 420UF 10% 1.1KV RADIAL
B32362B2207J050,1,465.4,EPCOS - TDK Electronics,CAP FILM 200UF 5% 250VAC RADIAL
B32373A3257J030,1,492.86,EPCOS - TDK Electronics,CAP FILM 250UF 5% 900VDC RADIAL
B25695E1297K001,1,497.32,EPCOS - TDK Electronics,290UF +-10% 1000V PEC MKP DC
B32362A2257J050,1,502.29,EPCOS - TDK Electronics,CAP FILM 250UF 5% 250VAC RADIAL
B25690A1507K101,1,519.16,EPCOS - TDK Electronics,CAP FILM 500UF 10% 1.1KV RADIAL
B32362A3307J030,1,603.59,EPCOS - TDK Electronics,CAP FILM 300UF 5% 330VAC RADIAL
B25620B0567K703,1,743.18,EPCOS - TDK Electronics,CAP FILM 560UF 10% 700VDC RADIAL
B25690A0128K903,1,827.85,EPCOS - TDK Electronics,CAP FILM 1200UF 10% 900V RADIAL
B25680B0198K903,1,938.75,EPCOS - TDK Electronics,CAP FILM 1900UF 10% 900V RADIAL
B25680B2477K003,1,1261.67,EPCOS - TDK Electronics,470UF +-10% 2000V PEC MKP DC
B25690C2807K003,1,1885.6,EPCOS - TDK Electronics,CAP FILM 800UF 10% 2KV RADIAL
B32529C0222M000,1,1.9,EPCOS - TDK Electronics,CAP FILM 2200PF 20% 63VDC RADIAL
B32529C0102M000,1,1.9,EPCOS - TDK Electronics,CAP FILM 1000PF 20% 63VDC RADIAL
B32529C0682K000,1,1.9,EPCOS - TDK Electronics,CAP FILM 6800PF 10% 63VDC RADIAL
B32529C1683K000,1,1.9,EPCOS - TDK Electronics,CAP FILM 0.068UF 10% 100VDC RAD
B32529C0222K000,1,1.9,EPCOS - TDK Electronics,CAP FILM 2200PF 10% 63VDC RADIAL
B32529C0332K000,1,1.9,EPCOS - TDK Electronics,CAP FILM 3300PF 10% 63VDC RADIAL
B32529C0333K000,1,1.9,EPCOS - TDK Electronics,CAP FILM 0.033UF 10% 63VDC RAD
B32529C1153K000,1,1.9,EPCOS - TDK Electronics,CAP FILM 0.015UF 10% 100VDC RAD
B32529C1682J000,1,2.07,EPCOS - TDK Electronics,CAP FILM 6800PF 5% 100VDC RADIAL
B32529C0183J000,1,2.07,EPCOS - TDK Electronics,CAP FILM 0.018UF 5% 63VDC RADIAL
B32529C1152J000,1,2.07,EPCOS - TDK Electronics,CAP FILM 1500PF 5% 100VDC RADIAL
B32529C1332J000,1,2.07,EPCOS - TDK Electronics,CAP FILM 3300PF 5% 100VDC RADIAL
B32529C1563K289,1,2.15,EPCOS - TDK Electronics,CAP FILM 0.056UF 10% 100VDC RAD
B32529C0333K289,1,2.15,EPCOS - TDK Electronics,CAP FILM 0.033UF 10% 63VDC RAD
B32529C1333K189,1,2.15,EPCOS - TDK Electronics,CAP FILM 0.033UF 10% 100VDC RAD
B32529C0472K189,1,2.15,EPCOS - TDK Electronics,CAP FILM 4700PF 10% 63VDC RADIAL
B32529C1223K289,1,2.15,EPCOS - TDK Electronics,CAP FILM 0.022UF 10% 100VDC RAD
B32529C0103M289,1,2.15,EPCOS - TDK Electronics,CAP FILM 10000PF 20% 63VDC RAD
B32529C0182K289,1,2.15,EPCOS - TDK Electronics,CAP FILM 1800PF 10% 63VDC RADIAL
B32529C1152K189,1,2.15,EPCOS - TDK Electronics,CAP FILM 1500PF 10% 100VDC RAD
B32529C1222K189,1,2.15,EPCOS - TDK Electronics,CAP FILM 2200PF 10% 100VDC RAD
B32529C1104M189,1,2.15,EPCOS - TDK Electronics,CAP FILM 0.1UF 20% 100VDC RADIAL
B32529C3222K000,1,2.15,EPCOS - TDK Electronics,CAP FILM 2200PF 10% 250VDC RAD
B32529C1273K289,1,2.15,EPCOS - TDK Electronics,CAP FILM 0.027UF 10% 100VDC RAD
B32529C0822K289,1,2.15,EPCOS - TDK Electronics,CAP FILM 8200PF 10% 63VDC RADIAL
B32529C1472M289,1,2.15,EPCOS - TDK Electronics,CAP FILM 4700PF 20% 100VDC RAD
B32529C3472K000,1,2.15,EPCOS - TDK Electronics,CAP FILM 4700PF 10% 250VDC RAD
B32529C3103K000,1,2.15,EPCOS - TDK Electronics,CAP FILM 10000PF 10% 250VDC RAD
B32529C1153J000,1,2.23,EPCOS - TDK Electronics,CAP FILM 0.015UF 5% 100VDC RAD
B32529C1683J000,1,2.23,EPCOS - TDK Electronics,CAP FILM 0.068UF 5% 100VDC RAD
B32529C1333J189,1,2.32,EPCOS - TDK Electronics,CAP FILM 0.033UF 5% 100VDC RAD
B32529C0153J289,1,2.32,EPCOS - TDK Electronics,CAP FILM 0.015UF 5% 63VDC RADIAL
B32529C0333J189,1,2.32,EPCOS - TDK Electronics,CAP FILM 0.033UF 5% 63VDC RADIAL
B32529C6682M000,1,2.32,EPCOS - TDK Electronics,CAP FILM 6800PF 20% 400VDC RAD
B32529C0683J189,1,2.32,EPCOS - TDK Electronics,CAP FILM 0.068UF 5% 63VDC RADIAL
B32529C0823J289,1,2.32,EPCOS - TDK Electronics,CAP FILM 0.082UF 5% 63VDC RADIAL
B32529C1223J189,1,2.32,EPCOS - TDK Electronics,CAP FILM 0.022UF 5% 100VDC RAD
B32529C0333K189,1,2.32,EPCOS - TDK Electronics,CAP FILM 0.033UF 10% 63VDC RAD
B32529C0392J289,1,2.32,EPCOS - TDK Electronics,CAP FILM 3900PF 5% 63VDC RADIAL
B32529C0222J289,1,2.32,EPCOS - TDK Electronics,CAP FILM 2200PF 5% 63VDC RADIAL
B32529C0273J289,1,2.32,EPCOS - TDK Electronics,CAP FILM 0.027UF 5% 63VDC RADIAL
B32529C1153J289,1,2.32,EPCOS - TDK Electronics,CAP FILM 0.015UF 5% 100VDC RAD
B32529C0152J289,1,2.32,EPCOS - TDK Electronics,CAP FILM 1500PF 5% 63VDC RADIAL
B32529C0472J289,1,2.32,EPCOS - TDK Electronics,CAP FILM 4700PF 5% 63VDC RADIAL
B32529C6222K000,1,2.32,EPCOS - TDK Electronics,CAP FILM 2200PF 10% 400VDC RAD
B32529C0332J189,1,2.32,EPCOS - TDK Electronics,CAP FILM 3300PF 5% 63VDC RADIAL
B32529C3152J000,1,2.32,EPCOS - TDK Electronics,CAP FILM 1500PF 5% 250VDC RADIAL
B32529C1473J289,1,2.32,EPCOS - TDK Electronics,CAP FILM 0.047UF 5% 100VDC RAD
B32529C3332J000,1,2.32,EPCOS - TDK Electronics,CAP FILM 3300PF 5% 250VDC RADIAL
B32529C0102J189,1,2.32,EPCOS - TDK Electronics,CAP FILM 1000PF 5% 63VDC RADIAL
B32529C0473K289,1,2.32,EPCOS - TDK Electronics,CAP FILM 0.047UF 10% 63VDC RAD
B32529C0222K189,1,2.32,EPCOS - TDK Electronics,CAP FILM 2200PF 10% 63VDC RADIAL
B32529C0223J189,1,2.32,EPCOS - TDK Electronics,CAP FILM 0.022UF 5% 63VDC RADIAL
B32529C1472J289,1,2.32,EPCOS - TDK Electronics,CAP FILM 4700PF 5% 100VDC RADIAL
B32529C1102K289,1,2.32,EPCOS - TDK Electronics,CAP FILM 1000PF 10% 100VDC RAD
B32529C0562J289,1,2.32,EPCOS - TDK Electronics,CAP FILM 5600PF 5% 63VDC RADIAL
B32529C1103K189,1,2.32,EPCOS - TDK Electronics,CAP FILM 10000PF 10% 100VDC RAD
B32529C1103J189,1,2.32,EPCOS - TDK Electronics,CAP FILM 10000PF 5% 100VDC RAD
B32529C3103K189,1,2.4,EPCOS - TDK Electronics,CAP FILM 10000PF 10% 250VDC RAD
B32529C3102K189,1,2.4,EPCOS - TDK Electronics,CAP FILM 1000PF 10% 250VDC RAD
B32529C6222J000,1,2.48,EPCOS - TDK Electronics,CAP FILM 2200PF 5% 400VDC RADIAL
B32529C0153J189,1,2.48,EPCOS - TDK Electronics,CAP FILM 0.015UF 5% 63VDC RADIAL
B32529C0154K189,1,2.48,EPCOS - TDK Electronics,CAP FILM 0.15UF 10% 63VDC RADIAL
B32529C1332J189,1,2.48,EPCOS - TDK Electronics,CAP FILM 3300PF 5% 100VDC RADIAL
B32529C0224M000,1,2.48,EPCOS - TDK Electronics,CAP FILM 0.22UF 20% 63VDC RADIAL
B32529C6102K000,1,2.48,EPCOS - TDK Electronics,CAP FILM 1000PF 10% 400VDC RAD
B32529C6332J000,1,2.48,EPCOS - TDK Electronics,CAP FILM 3300PF 5% 400VDC RADIAL
B32529C0154K289,1,2.48,EPCOS - TDK Electronics,CAP FILM 0.15UF 10% 63VDC RADIAL
B32529C1102J189,1,2.48,EPCOS - TDK Electronics,CAP FILM 1000PF 5% 100VDC RADIAL
B32529C0102M289,1,2.56,EPCOS - TDK Electronics,CAP FILM 1000PF 20% 63VDC RADIAL
B32529C0683M289,1,2.56,EPCOS - TDK Electronics,CAP FILM 0.068UF 20% 63VDC RAD
B32529C1332K289,1,2.56,EPCOS - TDK Electronics,CAP FILM 3300PF 10% 100VDC RAD
B32529C3102J189,1,2.56,EPCOS - TDK Electronics,CAP FILM 1000PF 5% 250VDC RADIAL
B32529C3223J289,1,2.56,EPCOS - TDK Electronics,CAP FILM 0.022UF 5% 250VDC RAD
B32529C3103J289,1,2.56,EPCOS - TDK Electronics,CAP FILM 10000PF 5% 250VDC RAD
B32529C6102K289,1,2.65,EPCOS - TDK Electronics,CAP FILM 1000PF 10% 400VDC RAD
B32529C6102M289,1,2.65,EPCOS - TDK Electronics,CAP FILM 1000PF 20% 400VDC RAD
B32529C6152K289,1,2.65,EPCOS - TDK Electronics,CAP FILM 1500PF 10% 400VDC RAD
B32529C0182J289,1,2.73,EPCOS - TDK Electronics,CAP FILM 1800PF 5% 63VDC RADIAL
B32529C3103M289,1,2.81,EPCOS - TDK Electronics,CAP FILM 10000PF 20% 250VDC RAD
B32529C6222K189,1,2.81,EPCOS - TDK Electronics,CAP FILM 2200PF 10% 400VDC RAD
B32529C6472K289,1,2.81,EPCOS - TDK Electronics,CAP FILM 4700PF 10% 400VDC RAD
B32529C6102K189,1,2.81,EPCOS - TDK Electronics,CAP FILM 1000PF 10% 400VDC RAD
B32529C6472K189,1,2.81,EPCOS - TDK Electronics,CAP FILM 4700PF 10% 400VDC RAD
B32560J6222K000,1,2.89,EPCOS - TDK Electronics,CAP FILM 2200PF 10% 400VDC 2DIP
B32560J8102K000,1,2.89,EPCOS - TDK Electronics,CAP FILM 1000PF 10% 630VDC 2DIP
B32529C3682J289,1,2.98,EPCOS - TDK Electronics,CAP FILM 6800PF 5% 250VDC RADIAL
B32529C6103J289,1,2.98,EPCOS - TDK Electronics,CAP FILM 10000PF 5% 400VDC RAD
B32560J6143J000,1,2.98,EPCOS - TDK Electronics,CAP FILM 0.014UF 5% 400VDC 2DIP
B32529C6472J189,1,2.98,EPCOS - TDK Electronics,CAP FILM 4700PF 5% 400VDC RADIAL
B32529E6103K000,1,3.06,EPCOS - TDK Electronics,CAP FILM 10000PF 10% 400VDC RAD
B32529C3473K000,1,3.14,EPCOS - TDK Electronics,CAP FILM 0.047UF 10% 250VDC RAD
B32560J6103K000,1,3.14,EPCOS - TDK Electronics,CAP FILM 10000PF 10% 400VDC 2DIP
B32529C3333J000,1,3.23,EPCOS - TDK Electronics,CAP FILM 0.033UF 5% 250VDC RAD
B32529E6103J000,1,3.23,EPCOS - TDK Electronics,CAP FILM 10000PF 5% 400V RADIAL
B32529C1154J000,1,3.23,EPCOS - TDK Electronics,CAP FILM 0.15UF 5% 100VDC RADIAL
B32560J6223K000,1,3.31,EPCOS - TDK Electronics,CAP FILM 0.022UF 10% 400VDC 2DIP
B32560J6153K000,1,3.31,EPCOS - TDK Electronics,CAP FILM 0.015UF 10% 400VDC 2DIP
B32529C3333K289,1,3.39,EPCOS - TDK Electronics,CAP FILM 0.033UF 10% 250VDC RAD
B32520E6153K000,1,3.39,EPCOS - TDK Electronics,CAP FILM 0.015UF 10% 400VDC RAD
B32529C8222K000,1,3.39,EPCOS - TDK Electronics,CAP FILM 2200PF 10% 630VDC RAD
B32529C1224K189,1,3.47,EPCOS - TDK Electronics,CAP FILM 0.22UF 10% 100VDC RAD
B32921C3333M026,1,3.56,EPCOS - TDK Electronics,FILM CAP MKP X2 0.033UF 20% 305V
B32521C3473K000,1,3.56,EPCOS - TDK Electronics,CAP FILM 0.047UF 10% 250VDC RAD
B32529C3473K289,1,3.56,EPCOS - TDK Electronics,CAP FILM 0.047UF 10% 250VDC RAD
B32560J6473K000,1,3.56,EPCOS - TDK Electronics,CAP FILM 0.047UF 10% 400VDC 2DIP
B32521E6103K000,1,3.56,EPCOS - TDK Electronics,CAP FILM 10000PF 10% 400VDC RAD
B32529C1224K289,1,3.64,EPCOS - TDK Electronics,CAP FILM 0.22UF 10% 100VDC RAD
B32520C6223J000,1,3.64,EPCOS - TDK Electronics,CAP FILM 0.022UF 5% 400VDC RAD
B32520C6223K000,1,3.64,EPCOS - TDK Electronics,CAP FILM 0.022UF 10% 400VDC RAD
B32521C3473J000,1,3.64,EPCOS - TDK Electronics,CAP FILM 0.047UF 5% 250VDC RAD
B32529C1184J189,1,3.64,EPCOS - TDK Electronics,CAP FILM 0.18UF 5% 100VDC RADIAL
B32521C6103K189,1,3.64,EPCOS - TDK Electronics,CAP FILM 10000PF 10% 400VDC RAD
B32529E6223K289,1,3.72,EPCOS - TDK Electronics,CAP FILM 0.022UF 10% 400VDC RAD
B32921C3683M000,1,3.72,EPCOS - TDK Electronics,CAP FILM 0.068UF 20% 630VDC RAD
B32921C3473M026,1,3.72,EPCOS - TDK Electronics,FILM CAP MKP X2 0.047UF 20% 305V
B32560J1154K000,1,3.72,EPCOS - TDK Electronics,CAP FILM 0.15UF 10% 100VDC 2DIP
B32529C3473J189,1,3.8,EPCOS - TDK Electronics,CAP FILM 0.047UF 5% 250VDC RAD
B32921C3103M289,1,3.8,EPCOS - TDK Electronics,CAP FILM 10000PF 20% 630VDC RAD
B32921C3223K000,1,3.8,EPCOS - TDK Electronics,CAP FILM 0.022UF 10% 630VDC RAD
B32529C0334K189,1,4.05,EPCOS - TDK Electronics,CAP FILM 0.33UF 10% 63VDC RADIAL
B32529C1334K000,1,3.89,EPCOS - TDK Electronics,CAP FILM 0.33UF 10% 100VDC RAD
B32922C3103M000,1,3.89,EPCOS - TDK Electronics,CAP FILM 10000PF 20% 630VDC RAD
B32672L4683J000,1,3.89,EPCOS - TDK Electronics,CAP FILM 0.068UF 5% 450VDC RAD
B32671L1222K000,1,3.89,EPCOS - TDK Electronics,CAP FILM 2200PF 10% 1.6KVDC RAD
B32620A0222K000,1,3.97,EPCOS - TDK Electronics,CAP FILM 2200PF 10% 1KVDC RADIAL
B32520E6473K000,1,3.97,EPCOS - TDK Electronics,CAP FILM 0.047UF 10% 400VDC RAD
B32529C0474J006,1,3.97,EPCOS - TDK Electronics,FILM CAP MKT BOX 0.47UF 5% 63VDC
B32529C8332J000,1,3.97,EPCOS - TDK Electronics,CAP FILM 3300PF 5% 630VDC RADIAL
B32921C3333M189,1,3.97,EPCOS - TDK Electronics,CAP FILM 0.033UF 20% 630VDC RAD
B32521C3473J189,1,3.97,EPCOS - TDK Electronics,CAP FILM 0.047UF 5% 250VDC RAD
B32520C3683K189,1,3.97,EPCOS - TDK Electronics,CAP FILM 0.068UF 10% 250VDC RAD
B32529C8102J189,1,4.05,EPCOS - TDK Electronics,CAP FILM 1000PF 5% 630VDC RADIAL
B32529C3683J000,1,4.05,EPCOS - TDK Electronics,CAP FILM 0.068UF 5% 250VDC RAD
B32529C1274J289,1,4.05,EPCOS - TDK Electronics,CAP FILM 0.27UF 5% RADIAL
B32921C3104M026,1,4.13,EPCOS - TDK Electronics,FILM CAP MKP X2 0.10UF 20% 305VA
B32521C3104K289,1,4.13,EPCOS - TDK Electronics,CAP FILM 0.1UF 10% 250VDC RADIAL
B32560J8223K000,1,4.13,EPCOS - TDK Electronics,CAP FILM 0.022UF 10% 630VDC 2DIP
B32560J3224K000,1,4.13,EPCOS - TDK Electronics,CAP FILM 0.22UF 10% 250VDC 2DIP
B32521C6103K,1,4.13,EPCOS - TDK Electronics,CAP FILM 10000PF 10% 400VDC RAD
B32671L0332J000,1,4.13,EPCOS - TDK Electronics,CAP FILM 3300PF 5% 1KVDC RADIAL
B32520C1224K000,1,4.22,EPCOS - TDK Electronics,CAP FILM 0.22UF 10% 100VDC RAD
B32529C0474K289,1,4.22,EPCOS - TDK Electronics,CAP FILM 0.47UF 10% 63VDC RADIAL
B32671L1152J006,1,4.22,EPCOS - TDK Electronics,FILM CAP MKP BOX 1.5NF 5% 600VAC
B32921C3473M189,1,4.22,EPCOS - TDK Electronics,CAP FILM 0.047UF 20% 630VDC RAD
B32921C3683K189,1,4.22,EPCOS - TDK Electronics,CAP FILM 0.068UF 10% 630VDC RAD
B32521C6103J,1,4.22,EPCOS - TDK Electronics,CAP FILM 10000PF 5% 400VDC RAD
B32671L8332K000,1,4.22,EPCOS - TDK Electronics,CAP FILM 3300PF 10% 2KVDC RADIAL
B32671L0392J000,1,4.22,EPCOS - TDK Electronics,CAP FILM 3900PF 5% 1KVDC RADIAL
B32671L1272J000,1,4.22,EPCOS - TDK Electronics,CAP FILM 2700PF 5% 1.6KVDC RAD
B32521C3104J289,1,4.3,EPCOS - TDK Electronics,CAP FILM 0.1UF 5% 250VDC RADIAL
B32521C6223J,1,4.38,EPCOS - TDK Electronics,CAP FILM 0.022UF 5% 400VDC RAD
B32520C3104J189,1,4.38,EPCOS - TDK Electronics,CAP FILM 0.1UF 5% 250VDC RADIAL
B32672Z6683J000,1,4.38,EPCOS - TDK Electronics,CAP FILM 0.068UF 5% 630VDC RAD
B32672L8172J000,1,4.47,EPCOS - TDK Electronics,CAP FILM 1700PF 5% 2KVDC RADIAL
B32671L1412J000,1,4.47,EPCOS - TDK Electronics,CAP FILM 4100PF 5% 1.6KVDC RAD
B32671L1472J000,1,4.47,EPCOS - TDK Electronics,CAP FILM 4700PF 5% 1.6KVDC RAD
B32672L1722K000,1,4.47,EPCOS - TDK Electronics,CAP FILM 7200PF 10% 1.6KVDC RAD
B32672L8182J000,1,4.47,EPCOS - TDK Electronics,CAP FILM 1800PF 5% 2KVDC RADIAL
B32671L1392J000,1,4.47,EPCOS - TDK Electronics,CAP FILM 3900PF 5% 1.6KVDC RAD
B32529C8103J000,1,4.55,EPCOS - TDK Electronics,CAP FILM 10000PF 5% 630VDC RAD
B32621A6222K000,1,4.55,EPCOS - TDK Electronics,CAP FILM 2200PF 10% 630VDC RAD
B32922C3223M189,1,4.55,EPCOS - TDK Electronics,CAP FILM 0.022UF 20% 630VDC RAD
B32560J6104K000,1,4.55,EPCOS - TDK Electronics,CAP FILM 0.1UF 10% 400VDC 2DIP
B32672L8102J000,1,4.63,EPCOS - TDK Electronics,CAP FILM 1000PF 5% 2KVDC RADIAL
B32672L8122J000,1,4.63,EPCOS - TDK Electronics,CAP FILM 1200PF 5% 2KVDC RADIAL
B32672L1622J000,1,4.63,EPCOS - TDK Electronics,CAP FILM 6200PF 5% 1.6KVDC RAD
B32672L8152K000,1,4.63,EPCOS - TDK Electronics,CAP FILM 1500PF 10% 2KVDC RADIAL
B32672L1682J000,1,4.63,EPCOS - TDK Electronics,CAP FILM 6800PF 5% 1.6KVDC RAD
B32672L6333K000,1,4.63,EPCOS - TDK Electronics,CAP FILM 0.033UF 10% 630VDC RAD
B32641B6682J,1,4.71,EPCOS - TDK Electronics,CAP FILM 6800PF 5% 630VDC RAD
B32522N6104K000,1,4.71,EPCOS - TDK Electronics,CAP FILM 0.1UF 10% 450VDC RADIAL
B32521C3154J000,1,4.71,EPCOS - TDK Electronics,CAP FILM 0.15UF 5% 250VDC RADIAL
B32620A6222K000,1,4.71,EPCOS - TDK Electronics,CAP FILM 2200PF 10% 630VDC RAD
B32521C6333J,1,4.71,EPCOS - TDK Electronics,CAP FILM 0.033UF 5% 400VDC RAD
B32520C6473K000,1,4.71,EPCOS - TDK Electronics,CAP FILM 0.047UF 10% 400VDC RAD
B32922C3104M289,1,4.8,EPCOS - TDK Electronics,CAP FILM 0.1UF 20% 630VDC RADIAL
B32671L0472J289,1,4.8,EPCOS - TDK Electronics,CAP FILM 4700PF 5% 1KVDC RADIAL
B32529C0684K000,1,4.8,EPCOS - TDK Electronics,CAP FILM 0.68UF 10% 63VDC RADIAL
B32641B6103K,1,4.8,EPCOS - TDK Electronics,CAP FILM 10000PF 10% 630VDC RAD
B32521C1334K000,1,4.8,EPCOS - TDK Electronics,CAP FILM 0.33UF 10% 100VDC RAD
B32021H3102K000,1,4.8,EPCOS - TDK Electronics,CAP FILM 1000PF 10% 1.5KVDC RAD
B32621A6222J000,1,4.88,EPCOS - TDK Electronics,CAP FILM 2200PF 5% 630VDC RADIAL
B32520C3154J000,1,4.88,EPCOS - TDK Electronics,CAP FILM 0.15UF 5% 250VDC RADIAL
B32672L2334J000,1,4.88,EPCOS - TDK Electronics,CAP FILM 0.33UF 5% 250VDC RADIAL
B32672L8472K000,1,4.88,EPCOS - TDK Electronics,CAP FILM 4700PF 10% 2KVDC RADIAL
B32671L1332J289,1,4.88,EPCOS - TDK Electronics,CAP FILM 3300PF 5% 1.6KVDC RAD
B32520C6473J000,1,4.88,EPCOS - TDK Electronics,CAP FILM 0.047UF 5% 400VDC RAD
B32529C0105K006,1,4.96,EPCOS - TDK Electronics,FILM CAP MKT BOX 1.UF 10% 63VDC
B32521C6473J,1,4.96,EPCOS - TDK Electronics,CAP FILM 0.047UF 5% 400VDC RAD
B32529C3154J000,1,4.96,EPCOS - TDK Electronics,CAP FILM 0.15UF 5% 250VDC RADIAL
B32621A6332J000,1,4.96,EPCOS - TDK Electronics,CAP FILM 3300PF 5% 630VDC RADIAL
B32522N6224J000,1,5.04,EPCOS - TDK Electronics,CAP FILM 0.22UF 5% 450VDC RADIAL
B32521C1334J000,1,5.04,EPCOS - TDK Electronics,CAP FILM 0.33UF 5% 100VDC RADIAL
B32672L6104K000,1,5.04,EPCOS - TDK Electronics,CAP FILM 0.1UF 10% 630VDC RADIAL
B32652A1332K000,1,5.04,EPCOS - TDK Electronics,CAP FILM 3300PF 10% 1.6KVDC RAD
B32671L6473K000,1,5.04,EPCOS - TDK Electronics,CAP FILM 0.047UF 10% 630VDC RAD
B32620A6222J000,1,5.13,EPCOS - TDK Electronics,CAP FILM 2200PF 5% 630VDC RADIAL
B32522C3104K000,1,5.13,EPCOS - TDK Electronics,CAP FILM 0.1UF 10% 250VDC RADIAL
B32672L1822J000,1,5.13,EPCOS - TDK Electronics,CAP FILM 8200PF 5% 1.6KVDC RAD
B32621A6472J000,1,5.21,EPCOS - TDK Electronics,CAP FILM 4700PF 5% 630VDC RADIAL
B32621A3472J000,1,5.21,EPCOS - TDK Electronics,CAP FILM 4700PF 5% 250VDC RADIAL
B32560J1474K000,1,5.21,EPCOS - TDK Electronics,CAP FILM 0.47UF 10% 100VDC 2DIP
B32521C0474J000,1,5.21,EPCOS - TDK Electronics,CAP FILM 0.47UF 5% 63VDC RADIAL
B32520C3224K000,1,5.21,EPCOS - TDK Electronics,CAP FILM 0.22UF 10% 250VDC RAD
B32652A1472K000,1,5.29,EPCOS - TDK Electronics,CAP FILM 4700PF 10% 1.6KVDC RAD
B32620A0222J000,1,5.29,EPCOS - TDK Electronics,CAP FILM 2200PF 5% 1KVDC RADIAL
B32521C3154J189,1,5.29,EPCOS - TDK Electronics,CAP FILM 0.15UF 5% 250VDC RADIAL
B32671L0123J000,1,5.29,EPCOS - TDK Electronics,CAP FILM 0.012UF 5% 1KVDC RADIAL
B32522C3224J000,1,5.38,EPCOS - TDK Electronics,CAP FILM 0.22UF 5% 250VDC RADIAL
B32521E6104K000,1,5.38,EPCOS - TDK Electronics,CAP FILM 0.1UF 10% 400VDC RADIAL
B32521C3224J000,1,5.38,EPCOS - TDK Electronics,CAP FILM 0.22UF 5% 250VDC RADIAL
B32021H3332K000,1,5.46,EPCOS - TDK Electronics,CAP FILM 3300PF 10% 1.5KVDC RAD
B32652A3154J000,1,5.46,EPCOS - TDK Electronics,CAP FILM 0.15UF 5% 250VDC RADIAL
B32522N6224K000,1,5.46,EPCOS - TDK Electronics,CAP FILM 0.22UF 10% 450VDC RAD
B32672L6224K000,1,5.46,EPCOS - TDK Electronics,CAP FILM 0.22UF 10% 630VDC RAD
B32529C1474J289,1,5.54,EPCOS - TDK Electronics,CAP FILM 0.47UF 5% 100VDC RADIAL
B32652A0103K000,1,5.54,EPCOS - TDK Electronics,CAP FILM 10000PF 10% 1KVDC RAD
B32621A3103J000,1,5.54,EPCOS - TDK Electronics,CAP FILM 10000PF 5% 250VDC RAD
B32671L4683J000,1,5.54,EPCOS - TDK Electronics,CAP FILM 0.068UF 5% 400VDC RAD
B32621A3222K289,1,5.62,EPCOS - TDK Electronics,CAP FILM 2200PF 10% 250VDC RAD
B32620A6472J000,1,5.62,EPCOS - TDK Electronics,CAP FILM 4700PF 5% 630VDC RADIAL
B32520C1334K189,1,5.62,EPCOS - TDK Electronics,CAP FILM 0.33UF 10% 100VDC RAD
B32922C3473K006,1,5.62,EPCOS - TDK Electronics,FILM CAP MKP X2 0.047UF 10% 305V
B32922C3334M003,1,5.62,EPCOS - TDK Electronics,CAP FILM 0.33UF 630VDC RAD
B32671L0103K289,1,5.62,EPCOS - TDK Electronics,CAP FILM 10000PF 10% 1KVDC RAD
B32529C1684K000,1,5.71,EPCOS - TDK Electronics,CAP FILM 0.68UF 10% 100VDC RAD
B32521C1224M289,1,5.71,EPCOS - TDK Electronics,CAP FILM 0.22UF 20% 100VDC RAD
B32520C1474K000,1,5.71,EPCOS - TDK Electronics,CAP FILM 0.47UF 10% 100VDC RAD
B32521C6104K,1,5.71,EPCOS - TDK Electronics,CAP FILM 0.1UF 10% 400VDC RADIAL
B32672Z6104K000,1,5.71,EPCOS - TDK Electronics,CAP FILM 0.1UF 10% 630VDC RADIAL
B32671L0682K289,1,5.79,EPCOS - TDK Electronics,CAP FILM 6800PF 10% 1KVDC RADIAL
B32521C1474K000,1,5.79,EPCOS - TDK Electronics,CAP FILM 0.47UF 10% 100VDC RAD
B32529C1474K289,1,5.87,EPCOS - TDK Electronics,CAP FILM 0.47UF 10% 100VDC RAD
B32652J1222J000,1,5.87,EPCOS - TDK Electronics,CAP FILM 2200PF 5% 1.6KVDC RAD
B32620A0472J000,1,5.87,EPCOS - TDK Electronics,CAP FILM 4700PF 5% 1KVDC RADIAL
B32521C3224K189,1,5.87,EPCOS - TDK Electronics,CAP FILM 0.22UF 10% 250VDC RAD
B32522C6473K,1,5.87,EPCOS - TDK Electronics,CAP FILM 0.047UF 10% 400VDC RAD
B32521C6104K289,1,5.87,EPCOS - TDK Electronics,CAP FILM 0.1UF 10% 400VDC RADIAL
B32621A0222J000,1,5.87,EPCOS - TDK Electronics,CAP FILM 2200PF 5% 1KVDC RADIAL
B32522N6334K000,1,5.87,EPCOS - TDK Electronics,CAP FILM 0.33UF 10% 450VDC RAD
B32021A3152M289,1,5.95,EPCOS - TDK Electronics,CAP FILM 1500PF 20% 1.5KVDC RAD
B32652A0223K000,1,5.95,EPCOS - TDK Electronics,CAP FILM 0.022UF 10% 1KVDC RAD
B32652A2102K000,1,5.95,EPCOS - TDK Electronics,CAP FILM 1000PF 10% 2KVDC RADIAL
B32672L8562J289,1,5.95,EPCOS - TDK Electronics,CAP FILM 5600PF 5% 2KVDC RADIAL
B32620J0102K289,1,5.95,EPCOS - TDK Electronics,CAP FILM 1000PF 10% 1KVDC RADIAL
B32621A0332J000,1,5.95,EPCOS - TDK Electronics,CAP FILM 3300PF 5% 1KVDC RADIAL
B32652A1682J000,1,5.95,EPCOS - TDK Electronics,CAP FILM 6800PF 5% 1.6KVDC RAD
B32922C3333K000,1,5.95,EPCOS - TDK Electronics,CAP FILM 0.033UF 10% 630VDC RAD
B32652A3334K000,1,5.95,EPCOS - TDK Electronics,CAP FILM 0.33UF 10% 250VDC RAD
B32922C3333M000,1,5.95,EPCOS - TDK Electronics,CAP FILM 0.033UF 20% 630VDC RAD
B32672L4474J000,1,5.95,EPCOS - TDK Electronics,CAP FILM 0.47UF 5% 420VDC RADIAL
B32521C3224J289,1,6.04,EPCOS - TDK Electronics,CAP FILM 0.22UF 5% 250VDC RADIAL
B32621A6222M289,1,6.04,EPCOS - TDK Electronics,CAP FILM 2200PF 20% 630VDC RAD
B32671L0682J289,1,6.04,EPCOS - TDK Electronics,CAP FILM 6800PF 5% 1KVDC RADIAL
B32522C3334K000,1,6.04,EPCOS - TDK Electronics,CAP FILM 0.33UF 10% 250VDC RAD
B32652A4104K000,1,6.04,EPCOS - TDK Electronics,CAP FILM 0.1UF 10% 400VDC RADIAL
B32522Q8104M000,1,6.04,EPCOS - TDK Electronics,CAP FILM 0.1UF 20% 630VDC RADIAL
B32521C3334J000,1,6.12,EPCOS - TDK Electronics,CAP FILM 0.33UF 5% 250VDC RADIAL
B32522N6334J000,1,6.12,EPCOS - TDK Electronics,CAP FILM 0.33UF 5% 450VDC RADIAL
B32529E6104K000,1,6.12,EPCOS - TDK Electronics,CAP FILM 0.1UF 10% 400VDC RADIAL
B32652A6473K000,1,6.12,EPCOS - TDK Electronics,CAP FILM 0.047UF 10% 630VDC RAD
B32021A3102K289,1,6.12,EPCOS - TDK Electronics,CAP FILM 1000PF 10% 300VAC RAD
B32652A6333J000,1,6.12,EPCOS - TDK Electronics,CAP FILM 0.033UF 5% 630VDC RAD
B32620A3683J000,1,6.2,EPCOS - TDK Electronics,CAP FILM 0.068UF 5% 250VDC RAD
B32021A3562M000,1,6.2,EPCOS - TDK Electronics,CAP FILM 5600PF 20% 1.5KVDC RAD
B32620A5104J000,1,6.28,EPCOS - TDK Electronics,CAP FILM 0.1UF 5% 160VDC RADIAL
B32522C3334J000,1,6.28,EPCOS - TDK Electronics,CAP FILM 0.33UF 5% 250VDC RADIAL
B32652A0333K000,1,6.28,EPCOS - TDK Electronics,CAP FILM 0.033UF 10% 1KVDC RAD
B32620A6103J000,1,6.28,EPCOS - TDK Electronics,CAP FILM 10000PF 5% 630VDC RAD
B32651A7222J000,1,6.28,EPCOS - TDK Electronics,CAP FILM 2200PF 5% 1.25KVDC RAD
B32522Q8333J000,1,6.28,EPCOS - TDK Electronics,CAP FILM 0.033UF 5% 630VDC RAD
B32922C3334M289,1,6.37,EPCOS - TDK Electronics,CAP FILM 0.33UF 20% 630VDC RAD
B32922C3473K189,1,6.37,EPCOS - TDK Electronics,CAP FILM 0.047UF 10% 630VDC RAD
B32520C1474K189,1,6.37,EPCOS - TDK Electronics,CAP FILM 0.47UF 10% 100VDC RAD
B32922C3473M189,1,6.37,EPCOS - TDK Electronics,CAP FILM 0.047UF 20% 630VDC RAD
B32652A6473J000,1,6.37,EPCOS - TDK Electronics,CAP FILM 0.047UF 5% 630VDC RAD
B32672L1123J000,1,6.45,EPCOS - TDK Electronics,CAP FILM 0.012UF 5% 1.6KVDC RAD
B32520C6683K289,1,6.45,EPCOS - TDK Electronics,CAP FILM 0.068UF 10% 400VDC RAD
B32621A6153K000,1,6.45,EPCOS - TDK Electronics,CAP FILM 0.015UF 10% 630VDC RAD
B32562J6334K000,1,6.45,EPCOS - TDK Electronics,CAP FILM 0.33UF 10% 400VDC 2DIP
B32621A6103K189,1,6.53,EPCOS - TDK Electronics,CAP FILM 10000PF 10% 630VDC RAD
B32522E6224K000,1,6.53,EPCOS - TDK Electronics,CAP FILM 0.22UF 10% 400VDC RAD
B32923C3224M000,1,6.53,EPCOS - TDK Electronics,CAP FILM 0.22UF 20% 630VDC RAD
B32922C3334K289,1,6.62,EPCOS - TDK Electronics,CAP FILM 0.33UF 10% 630VDC RAD
B32520C1474J189,1,6.62,EPCOS - TDK Electronics,CAP FILM 0.47UF 5% 100VDC RADIAL
B32021A3332M189,1,6.62,EPCOS - TDK Electronics,CAP FILM 3300PF 20% 1.5KVDC RAD
B32652A2222J000,1,6.7,EPCOS - TDK Electronics,CAP FILM 2200PF 5% 2KVDC RADIAL
B32922C3333K189,1,6.7,EPCOS - TDK Electronics,CAP FILM 0.033UF 10% 630VDC RAD
B32671L6473J289,1,6.7,EPCOS - TDK Electronics,CAP FILM 0.047UF 5% 630VDC RAD
B32651A7682K000,1,6.7,EPCOS - TDK Electronics,CAP FILM 6800PF 10% 1.25KVDC RAD
B32642B6333J,1,6.7,EPCOS - TDK Electronics,CAP FILM 0.033UF 5% 630VDC RAD
B32652A4224J000,1,6.7,EPCOS - TDK Electronics,CAP FILM 0.22UF 5% 400VDC RADIAL
B32672L0104J289,1,6.7,EPCOS - TDK Electronics,CAP FILM 0.1UF 5% 1KVDC RADIAL
B32522C1474J000,1,6.7,EPCOS - TDK Electronics,CAP FILM 0.47UF 5% 100VDC RADIAL
B81123C1102M003,1,6.7,EPCOS - TDK Electronics,CAP FILM 1000PF 500VAC RAD
B32672L7473K000,1,6.7,EPCOS - TDK Electronics,CAP FILM 0.047UF 10% 1.3KVDC RAD
B32621A0682J000,1,6.78,EPCOS - TDK Electronics,CAP FILM 6800PF 5% 1KVDC RADIAL
B32932A3473K189,1,6.78,EPCOS - TDK Electronics,CAP FILM 0.047UF 10% 305VAC RAD
B32652A4334K000,1,6.78,EPCOS - TDK Electronics,CAP FILM 0.33UF 10% 400VDC RAD
B32621A3103K289,1,6.78,EPCOS - TDK Electronics,CAP FILM 10000PF 10% 250VDC RAD
B32520C1684J000,1,6.78,EPCOS - TDK Electronics,CAP FILM 0.68UF 5% 100VDC RADIAL
B32529D3224J000,1,6.78,EPCOS - TDK Electronics,CAP FILM 0.22UF 5% 250VDC RADIAL
B32620A0682J000,1,6.78,EPCOS - TDK Electronics,CAP FILM 6800PF 5% 1KVDC RADIAL
B32671P5104K000,1,6.78,EPCOS - TDK Electronics,CAP FILM 0.1UF 10% 520VDC RADIAL
B32641B6223J,1,6.78,EPCOS - TDK Electronics,CAP FILM 0.022UF 5% 630VDC RAD
B32529D6104J,1,6.86,EPCOS - TDK Electronics,CAP FILM 0.1UF 5% 400VDC RADIAL
B32522C3474K000,1,6.86,EPCOS - TDK Electronics,CAP FILM 0.47UF 10% 250VDC RAD
B32521C3334J189,1,6.86,EPCOS - TDK Electronics,CAP FILM 0.33UF 5% 250VDC RADIAL
B32672L1153J000,1,6.95,EPCOS - TDK Electronics,CAP FILM 0.015UF 5% 1.6KVDC RAD
B32652A2332J000,1,6.95,EPCOS - TDK Electronics,CAP FILM 3300PF 5% 2KVDC RADIAL
B32521C1684J000,1,6.95,EPCOS - TDK Electronics,CAP FILM 0.68UF 5% 100VDC RADIAL
B32923C3824M000,1,6.95,EPCOS - TDK Electronics,CAP FILM 0.82UF 20% 630VDC RAD
B32923C3684M026,1,6.95,EPCOS - TDK Electronics,FILM CAP MKP X2 0.68UF 20% 305VA
B32621A4333J000,1,7.03,EPCOS - TDK Electronics,CAP FILM 0.033UF 5% 400VDC RAD
B32032A4223K000,1,7.03,EPCOS - TDK Electronics,CAP FILM 0.022UF 10% 1KV RADIAL
B32652A4334J000,1,7.03,EPCOS - TDK Electronics,CAP FILM 0.33UF 5% 400VDC RADIAL
B32021A3472K189,1,7.11,EPCOS - TDK Electronics,CAP FILM 4700PF 10% 300VAC RAD
B32652A0683K000,1,7.11,EPCOS - TDK Electronics,CAP FILM 0.068UF 10% 1KVDC RAD
B32652A3474K000,1,7.11,EPCOS - TDK Electronics,CAP FILM 0.47UF 10% 250VDC RAD
B32652A1103J000,1,7.11,EPCOS - TDK Electronics,CAP FILM 10000PF 5% 1.6KVDC RAD
B32521C0105K000,1,7.11,EPCOS - TDK Electronics,CAP FILM 1UF 10% 63VDC RADIAL
B32522C3334K289,1,7.19,EPCOS - TDK Electronics,CAP FILM 0.33UF 10% 250VDC RAD
B32672Z4474K189,1,7.19,EPCOS - TDK Electronics,CAP FILM 0.47UF 10% 450VDC RAD
B32621A3104K000,1,7.19,EPCOS - TDK Electronics,CAP FILM 0.1UF 10% 250VDC RADIAL
B32671P6154K000,1,7.28,EPCOS - TDK Electronics,CAP FILM 0.15UF 10% 630VDC RAD
B32652A0223J189,1,7.36,EPCOS - TDK Electronics,CAP FILM 0.022UF 5% 1KVDC RADIAL
B32652A2472K000,1,7.36,EPCOS - TDK Electronics,CAP FILM 4700PF 10% 2KVDC RADIAL
B32621A4473J000,1,7.36,EPCOS - TDK Electronics,CAP FILM 0.047UF 5% 400VDC RAD
B32521C3474J000,1,7.44,EPCOS - TDK Electronics,CAP FILM 0.47UF 5% 250VDC RADIAL
B32652A0683J000,1,7.44,EPCOS - TDK Electronics,CAP FILM 0.068UF 5% 1KVDC RADIAL
B32672Z6474J000,1,7.44,EPCOS - TDK Electronics,CAP FILM 0.47UF 5% 630VDC RADIAL
B32652A4104J189,1,7.53,EPCOS - TDK Electronics,CAP FILM 0.1UF 5% 400VDC RADIAL
B32642B0273J,1,7.53,EPCOS - TDK Electronics,CAP FILM 0.027UF 5% 1KVDC RADIAL
B32671P4104K000,1,7.61,EPCOS - TDK Electronics,CAP FILM 0.1UF 10% 450VDC RADIAL
B32621A0103J000,1,7.61,EPCOS - TDK Electronics,CAP FILM 10000PF 5% 1KVDC RADIAL
B32522N6474K000,1,7.69,EPCOS - TDK Electronics,CAP FILM 0.47UF 10% 450VDC RAD
B32923C3334M289,1,7.77,EPCOS - TDK Electronics,CAP FILM 0.33UF 20% 630VDC RAD
B32923D3334K289,1,7.77,EPCOS - TDK Electronics,CAP FILM 0.33UF 10% 630VDC RAD
B32923C3684M289,1,7.77,EPCOS - TDK Electronics,CAP FILM 0.68UF 20% 630VDC RAD
B32621A6273K289,1,7.77,EPCOS - TDK Electronics,CAP FILM 0.027UF 10% 630VDC RAD
B32923C3474M189,1,7.77,EPCOS - TDK Electronics,CAP FILM 0.47UF 20% 630VDC RAD
B32923C3474K189,1,7.77,EPCOS - TDK Electronics,CAP FILM 0.47UF 20% 630VDC RAD
B32923C3684K289,1,7.77,EPCOS - TDK Electronics,CAP FILM 0.68UF 10% 630VDC RAD
B32562J6474J000,1,7.86,EPCOS - TDK Electronics,CAP FILM 0.47UF 5% 400VDC 2DIP
B32562J3105K000,1,7.86,EPCOS - TDK Electronics,CAP FILM 1UF 10% 250VDC 2DIP
B32520C0684J289,1,7.94,EPCOS - TDK Electronics,CAP FILM 0.68UF 5% 63VDC RADIAL
B32021A3103M189,1,7.94,EPCOS - TDK Electronics,CAP FILM 10000PF 20% 300VAC RAD
B32671P6334J000,1,7.94,EPCOS - TDK Electronics,CAP FILM 0.33UF 5% 630VDC RADIAL
B81123C1102M289,1,8.02,EPCOS - TDK Electronics,CAP FILM 1000PF 20% 500VAC RAD
B32923C3224M189,1,8.02,EPCOS - TDK Electronics,CAP FILM 0.22UF 20% 630VDC RAD
B32653A7223J000,1,8.1,EPCOS - TDK Electronics,CAP FILM 0.022UF 5% 1.25KVDC RAD
B32522C3684K000,1,8.1,EPCOS - TDK Electronics,CAP FILM 0.68UF 10% 250VDC RAD
B32671P6184K000,1,8.1,EPCOS - TDK Electronics,CAP FILM 0.18UF 10% 630VDC RAD
B32671P4224K000,1,8.1,EPCOS - TDK Electronics,CAP FILM 0.22UF 10% 450VDC RAD
B32922P3474K000,1,8.1,EPCOS - TDK Electronics,"FILM CAP MKP X2 - 125C, 0.47UF 1"
B32922H3334M,1,8.1,EPCOS - TDK Electronics,CAP FILM 0.33UF 20% 630VDC RAD
B32671P5224K000,1,8.1,EPCOS - TDK Electronics,CAP FILM 0.22UF 10% 520VDC RAD
B32671P6394K000,1,8.1,EPCOS - TDK Electronics,CAP FILM 0.39UF 10% 630VDC RAD
B32652A6154J000,1,8.1,EPCOS - TDK Electronics,CAP FILM 0.15UF 5% 630VDC RADIAL
B32652A6104J289,1,8.19,EPCOS - TDK Electronics,CAP FILM 0.1UF 5% 630VDC RADIAL
B32912B5103M000,1,8.19,EPCOS - TDK Electronics,CAP FILM 10000PF 20% 530VAC RAD
B32922C3474K289,1,8.19,EPCOS - TDK Electronics,CAP FILM 0.47UF 10% 630VDC RAD
B32922C3564K000,1,8.19,EPCOS - TDK Electronics,CAP FILM 0.56UF 10% 630VDC RAD
B32923C3224K189,1,8.27,EPCOS - TDK Electronics,CAP FILM 0.22UF 10% 630VDC RAD
B32672L1223J000,1,8.27,EPCOS - TDK Electronics,CAP FILM 0.022UF 5% 1.6KVDC RAD
B32522C3474J289,1,8.35,EPCOS - TDK Electronics,CAP FILM 0.47UF 5% 250VDC RADIAL
B32912A3683K000,1,8.35,EPCOS - TDK Electronics,CAP FILM 0.068UF 10% 760VDC RAD
B32912A3223K000,1,8.35,EPCOS - TDK Electronics,CAP FILM 0.022UF 10% 760VDC RAD
B32911A3333M189,1,8.35,EPCOS - TDK Electronics,CAP FILM 0.033UF 20% 760VDC RAD
B32923P3474K000,1,8.35,EPCOS - TDK Electronics,"FILM CAP MKP X2 - 125C, 0.47UF 1"
B32522C3684J000,1,8.43,EPCOS - TDK Electronics,CAP FILM 0.68UF 5% 250VDC RADIAL
B32933A3104K000,1,8.43,EPCOS - TDK Electronics,CAP FILM 0.1UF 10% 305VAC RADIAL
B32922H3334K000,1,8.43,EPCOS - TDK Electronics,CAP FILM 0.33UF 10% 630VDC RAD
B32682A7222J000,1,8.52,EPCOS - TDK Electronics,CAP FILM 2200PF 5% 1.25KVDC RAD
B32529C3474J289,1,8.6,EPCOS - TDK Electronics,CAP FILM 0.47UF 5% 250VDC RADIAL
B32923H3224M,1,8.6,EPCOS - TDK Electronics,CAP FILM 0.22UF 20% 630VDC RAD
B32652A7473K000,1,8.6,EPCOS - TDK Electronics,CAP FILM 0.047UF 10% 1.25KVDC
B32672P4474K000,1,8.68,EPCOS - TDK Electronics,CAP FILM 0.47UF 10% 450VDC RAD
B32641B0223K,1,8.77,EPCOS - TDK Electronics,CAP FILM 0.022UF 10% 1000VDC RAD
B32022A3153K000,1,8.77,EPCOS - TDK Electronics,CAP FILM 0.015UF 10% 1.5KVDC RAD
B32520C0105K189,1,8.77,EPCOS - TDK Electronics,CAP FILM 1UF 10% 63VDC RADIAL
B32922C3683M000,1,8.85,EPCOS - TDK Electronics,CAP FILM 0.068UF 20% 630VDC RAD
B32912B5103K000,1,8.85,EPCOS - TDK Electronics,CAP FILM 10000PF 10% 1KVDC RAD
B32922C3683K000,1,8.85,EPCOS - TDK Electronics,CAP FILM 0.068UF 10% 630VDC RAD
B32022H3333K000,1,8.85,EPCOS - TDK Electronics,CAP FILM 0.033UF 10% 1.5KVDC RAD
B32671P4334K000,1,8.93,EPCOS - TDK Electronics,CAP FILM 0.33UF 10% 450VDC RAD
B32652A3824J000,1,8.93,EPCOS - TDK Electronics,CAP FILM 0.82UF 5% 250VDC RADIAL
B32529C8333J189,1,9.01,EPCOS - TDK Electronics,CAP FILM 0.033UF 5% 630VDC RAD
B32672P6474J000,1,9.01,EPCOS - TDK Electronics,CAP FILM 0.47UF 5% 630V RADIAL
B32682A0103K000,1,9.1,EPCOS - TDK Electronics,CAP FILM 10000PF 10% 1KVDC RAD
B32562J6684K000,1,9.1,EPCOS - TDK Electronics,CAP FILM 0.68UF 10% 400VDC 2DIP
B81123C1222M289,1,9.18,EPCOS - TDK Electronics,CAP FILM 2200PF 20% 500VAC RAD
B81123C1222M189,1,9.18,EPCOS - TDK Electronics,CAP FILM 2200PF 20% 500VAC RAD
B32672P5334K000,1,9.18,EPCOS - TDK Electronics,CAP FILM 0.33UF 10% 520VDC RAD
B32022B3223M000,1,9.18,EPCOS - TDK Electronics,CAP FILM 0.022UF 20% 1.5KVDC RAD
B32672P5224K000,1,9.18,EPCOS - TDK Electronics,CAP FILM 0.22UF 10% 520VDC RAD
B32522C1105K289,1,9.26,EPCOS - TDK Electronics,CAP FILM 1UF 10% 100VDC RADIAL
B32522C3684K189,1,9.26,EPCOS - TDK Electronics,CAP FILM 0.68UF 10% 250VDC RAD
B32652A7473J000,1,9.26,EPCOS - TDK Electronics,CAP FILM 0.047UF 5% 1.25KV RAD
B32642B0393K,1,9.26,EPCOS - TDK Electronics,CAP FILM 0.039UF 10% 1KVDC RAD
B32562J3105K189,1,9.26,EPCOS - TDK Electronics,CAP FILM 1UF 10% 250VDC 2DIP
B32672P5474K000,1,9.34,EPCOS - TDK Electronics,CAP FILM 0.47UF 10% 520VDC RAD
B32672P6474K000,1,9.34,EPCOS - TDK Electronics,CAP FILM 0.47UF 10% 630VDC RAD
B32672P5684K000,1,9.34,EPCOS - TDK Electronics,CAP FILM 0.68UF 10% 520VDC RAD
B32932A3224K189,1,9.43,EPCOS - TDK Electronics,CAP FILM 0.22UF 10% 305VAC RAD
B32923P3684K000,1,9.43,EPCOS - TDK Electronics,"FILM CAP MKP X2 - 125C, 0.68UF 1"
B32912A3154K000,1,9.51,EPCOS - TDK Electronics,CAP FILM 0.15UF 10% 760VDC RAD
B32529D1105K289,1,9.59,EPCOS - TDK Electronics,CAP FILM 1UF 10% 100VDC RADIAL
B32653A8222K000,1,9.59,EPCOS - TDK Electronics,CAP FILM 2200PF 10% 2KVDC RADIAL
B32932A3224K289,1,9.59,EPCOS - TDK Electronics,CAP FILM 0.22UF 10% 305VAC RAD
B32652A6334K000,1,9.59,EPCOS - TDK Electronics,CAP FILM 0.33UF 10% 630V RADIAL
B32642B6823J,1,9.68,EPCOS - TDK Electronics,CAP FILM 0.082UF 5% 630VDC RAD
B32912A3104M189,1,9.76,EPCOS - TDK Electronics,CAP FILM 0.1UF 20% 760VDC RADIAL
B32032A4563M000,1,9.76,EPCOS - TDK Electronics,CAP FILM 0.056UF 20% 1KVDC RAD
B32922C3683M189,1,9.92,EPCOS - TDK Electronics,CAP FILM 0.068UF 20% 630VDC RAD
B81123C1332M189,1,9.92,EPCOS - TDK Electronics,CAP FILM 3300PF 20% 500VAC RAD
B32652A0473J189,1,10.01,EPCOS - TDK Electronics,CAP FILM 0.047UF 5% 1KVDC RADIAL
B32912A3683K189,1,10.09,EPCOS - TDK Electronics,CAP FILM 0.068UF 10% 760VDC RAD
B81123C1472M026,1,10.09,EPCOS - TDK Electronics,CAP FILM 4700PF 20% 500VAC RAD
B32672Z4105K000,1,10.09,EPCOS - TDK Electronics,CAP FILM 1UF 10% 450VDC RADIAL
B32932A3334K000,1,10.17,EPCOS - TDK Electronics,CAP FILM 0.33UF 10% 305VAC RAD
B32522C3155K000,1,10.17,EPCOS - TDK Electronics,CAP FILM 1.5UF 10% 250VDC RADIAL
B32520C0155J000,1,10.17,EPCOS - TDK Electronics,CAP FILM 1.5UF 5% 63VDC RADIAL
B32672L1333J289,1,10.25,EPCOS - TDK Electronics,CAP FILM 0.033UF 5% 1.6KVDC RAD
B32642B0563K,1,10.25,EPCOS - TDK Electronics,CAP FILM 0.056UF 10% 1KVDC RAD
B32653A2472J000,1,10.42,EPCOS - TDK Electronics,CAP FILM 4700PF 5% 2KVDC RADIAL
B32653A6104K000,1,10.42,EPCOS - TDK Electronics,CAP FILM 0.1UF 10% 630VDC RADIAL
B32653A2472K000,1,10.42,EPCOS - TDK Electronics,CAP FILM 4700PF 10% 2KVDC RADIAL
B32523Q6105K000,1,10.42,EPCOS - TDK Electronics,CAP FILM 1UF 10% 400VDC RADIAL
B32933A3334K000,1,10.42,EPCOS - TDK Electronics,CAP FILM 0.33UF 10% 305VAC RAD
B32673P6474K000,1,10.42,EPCOS - TDK Electronics,CAP FILM 0.47UF 10% 630VDC RAD
B32672P4564K000,1,10.42,EPCOS - TDK Electronics,CAP FILM 0.56UF 10% 450VDC RAD
B32022A3223M189,1,10.5,EPCOS - TDK Electronics,CAP FILM 0.022UF 20% 1.5KVDC RAD
B32653A0683K000,1,10.5,EPCOS - TDK Electronics,CAP FILM 0.068UF 10% 1KVDC RAD
B32652A0154J000,1,10.58,EPCOS - TDK Electronics,CAP FILM 0.15UF 5% 1KV RADIAL
B32652A6154J289,1,10.67,EPCOS - TDK Electronics,CAP FILM 0.15UF 5% 630VDC RADIAL
B32022A3333K000,1,10.67,EPCOS - TDK Electronics,CAP FILM 0.033UF 10% 1.5KVDC RAD
B32653A8332K000,1,10.75,EPCOS - TDK Electronics,CAP FILM 3300PF 10% 2KVDC RADIAL
B32522C3105J189,1,10.75,EPCOS - TDK Electronics,CAP FILM 1UF 5% 250VDC RADIAL
B32672P4684K000,1,10.75,EPCOS - TDK Electronics,CAP FILM 0.68UF 10% 450VDC RAD
B32682A6223J000,1,10.92,EPCOS - TDK Electronics,CAP FILM 0.022UF 5% 630VDC RAD
B32653A7333K000,1,11,EPCOS - TDK Electronics,CAP FILM 0.033UF 1.25KVDC RADIAL
B32923H3474M,1,11.08,EPCOS - TDK Electronics,CAP FILM 0.47UF 20% 630VDC RAD
B32653A6224K000,1,11.08,EPCOS - TDK Electronics,CAP FILM 0.22UF 10% 630VDC RAD
B32923P3105K000,1,11.08,EPCOS - TDK Electronics,"FILM CAP MKP X2 - 125C, 1UF 10%"
B32672P5155J000,1,11.25,EPCOS - TDK Electronics,CAP FILM 1.5UF 5% 520VDC RADIAL
B32672P6105J000,1,11.25,EPCOS - TDK Electronics,CAP FILM 1UF 5% 630VDC RADIAL
B32923H3684M,1,11.33,EPCOS - TDK Electronics,CAP FILM 0.68UF 20% 630VDC RAD
B32653A1103K000,1,11.41,EPCOS - TDK Electronics,CAP FILM 10000PF 10% 1.6KVDC RAD
B32653A4474K000,1,11.41,EPCOS - TDK Electronics,CAP FILM 0.47UF 10% 400VDC RAD
B32653A0104J000,1,11.49,EPCOS - TDK Electronics,CAP FILM 0.1UF 5% 1KVDC RADIAL
B32912A3224K000,1,11.58,EPCOS - TDK Electronics,CAP FILM 0.22UF 10% 760VDC RAD
B32022B3473K000,1,11.66,EPCOS - TDK Electronics,CAP FILM 0.047UF 10% 1.5KVDC RAD
B32520C0225J000,1,11.74,EPCOS - TDK Electronics,CAP FILM 2.2UF 5% 63VDC RADIAL
B32562J6105K000,1,11.74,EPCOS - TDK Electronics,CAP FILM 1UF 10% 400VDC 2DIP
B32522C3155J000,1,11.74,EPCOS - TDK Electronics,CAP FILM 1.5UF 5% 250VDC RADIAL
B32520C0225K000,1,11.83,EPCOS - TDK Electronics,CAP FILM 2.2UF 10% 63VDC RADIAL
B32653A2682J000,1,11.83,EPCOS - TDK Electronics,CAP FILM 6800PF 5% 2KVDC RADIAL
B32922C3684M289,1,11.91,EPCOS - TDK Electronics,CAP FILM 0.68UF 20% 630VDC RAD
B32022A3333M289,1,11.99,EPCOS - TDK Electronics,CAP FILM 0.033UF 20% 300VAC RAD
B32933A3564K000,1,12.07,EPCOS - TDK Electronics,CAP FILM 0.56UF 10% 305VAC RAD
B32653A0154K000,1,12.24,EPCOS - TDK Electronics,CAP FILM 0.15UF 10% 1KVDC RADIAL
B32529D0225J189,1,12.24,EPCOS - TDK Electronics,CAP FILM 2.2UF 5% 63VDC RADIAL
B32522E6105K000,1,12.32,EPCOS - TDK Electronics,CAP FILM 1UF 10% 400V RADIAL
B32932A3474M189,1,12.32,EPCOS - TDK Electronics,CAP FILM 0.47UF 20% 305VAC RAD
B32562J1225K000,1,12.4,EPCOS - TDK Electronics,CAP FILM 2.2UF 10% 100VDC 2DIP
B32560J0225K000,1,12.4,EPCOS - TDK Electronics,CAP FILM 2.2UF 10% 63VDC 2DIP
B32653A2103K000,1,12.57,EPCOS - TDK Electronics,CAP FILM 10000PF 10% 2KVDC RAD
B32022A3473M289,1,12.65,EPCOS - TDK Electronics,CAP FILM 0.047UF 20% 300VAC RAD
B32653A0683K189,1,12.65,EPCOS - TDK Electronics,CAP FILM 0.068UF 10% 1KVDC RAD
B32923P3155K000,1,12.65,EPCOS - TDK Electronics,"FILM CAP MKP X2 - 125C, 1.5UF 10"
B32924C3684M000,1,12.65,EPCOS - TDK Electronics,CAP FILM 0.68UF 20% 630VDC RAD
B32023A3683M000,1,12.73,EPCOS - TDK Electronics,CAP FILM 0.068UF 20% 1.5KVDC RAD
B32933B3474K189,1,12.9,EPCOS - TDK Electronics,CAP FILM 0.47UF 10% 305VAC RAD
B32653A4684K000,1,12.98,EPCOS - TDK Electronics,CAP FILM 0.68UF 10% 400VDC RAD
B32673P6105K000,1,13.07,EPCOS - TDK Electronics,CAP FILM 1UF 10% 630VDC RADIAL
B32653A7683K000,1,13.15,EPCOS - TDK Electronics,CAP FILM 0.068UF 1.25KVDC RADIAL
B32023A3563M000,1,13.31,EPCOS - TDK Electronics,CAP FILM 0.056UF 20% 1.5KVDC RAD
B32033A4473M000,1,13.4,EPCOS - TDK Electronics,CAP FILM 0.047UF 20% 1KVDC RAD
B32023H3104M000,1,13.4,EPCOS - TDK Electronics,CAP FILM 0.1UF 20% 1.5KVDC RAD
B32032A4683K000,1,13.4,EPCOS - TDK Electronics,CAP FILM 0.068UF 400VDC RAD
B32933A3684K000,1,13.48,EPCOS - TDK Electronics,CAP FILM 0.68UF 10% 305VAC RAD
B32673Z5105K000,1,13.56,EPCOS - TDK Electronics,CAP FILM 1UF 10% 520VDC RADIAL
B32560J1225K000,1,13.64,EPCOS - TDK Electronics,CAP FILM 2.2UF 10% 100VDC 2DIP
B32653A2103J000,1,13.73,EPCOS - TDK Electronics,CAP FILM 10000PF 5% 2KVDC RADIAL
B32521C0225K189,1,13.81,EPCOS - TDK Electronics,CAP FILM 2.2UF 10% 63VDC RADIAL
B81123C1562M000,1,14.14,EPCOS - TDK Electronics,CAP FILM 5600PF 20% 500VAC RAD
B32774X0205K000,1,14.31,EPCOS - TDK Electronics,CAP FILM 2UF 10% 1KVDC RADIAL
B32642B0104K,1,14.31,EPCOS - TDK Electronics,CAP FILM 0.1UF 10% 1KVDC RADIAL
B32523Q3155K289,1,14.39,EPCOS - TDK Electronics,CAP FILM 1.5UF 10% 250VDC RADIAL
B32522C0335J000,1,14.39,EPCOS - TDK Electronics,CAP FILM 3.3UF 5% 63VDC RADIAL
B32654A0224K000,1,14.47,EPCOS - TDK Electronics,CAP FILM 0.22UF 10% 1KVDC RADIAL
B32023A3823M000,1,14.47,EPCOS - TDK Electronics,CAP FILM 0.082UF 20% 1.5KVDC RAD
B32522C1225K189,1,14.64,EPCOS - TDK Electronics,CAP FILM 2.2UF 10% 100VDC RADIAL
B32924C3155K000,1,14.64,EPCOS - TDK Electronics,CAP FILM 1.5UF 10% 630VDC RADIAL
B32653A3105J000,1,14.72,EPCOS - TDK Electronics,CAP FILM 1UF 5% 250VDC RADIAL
B32653A6334K289,1,14.8,EPCOS - TDK Electronics,CAP FILM 0.33UF 10% 630VDC RAD
B32562H3225J000,1,14.8,EPCOS - TDK Electronics,CAP FILM 2.2UF 5% 250VDC 2DIP
B32923C3225M026,1,14.97,EPCOS - TDK Electronics,FILM CAP MKP X2 2.2UF 20% 305VAC
B32673P5225K000,1,15.05,EPCOS - TDK Electronics,CAP FILM 2.2UF 10% 520VDC RADIAL
B32653A0224J000,1,15.3,EPCOS - TDK Electronics,CAP FILM 0.22UF 5% 1KVDC RADIAL
B32924P3105K000,1,15.3,EPCOS - TDK Electronics,"FILM CAP MKP X2 - 125C, 1UF 10%"
B32522C1335K000,1,15.38,EPCOS - TDK Electronics,CAP FILM 3.3UF 10% 100VDC RADIAL
B32563J3225K000,1,15.38,EPCOS - TDK Electronics,CAP FILM 2.2UF 10% 250VDC 2DIP
B32924C3155M000,1,15.55,EPCOS - TDK Electronics,CAP FILM 1.5UF 20% 630VDC RADIAL
B32653A8332J189,1,15.71,EPCOS - TDK Electronics,CAP FILM 3300PF 5% 2KVDC RADIAL
B32913C5104K000,1,15.71,EPCOS - TDK Electronics,CAP FILM 0.1UF 10% 1KVDC RADIAL
B32774X5405K000,1,16.04,EPCOS - TDK Electronics,CAP FILM 4UF 10% 600VDC RADIAL
B32522C1335J000,1,16.04,EPCOS - TDK Electronics,CAP FILM 3.3UF 5% 100VDC RADIAL
B32653A2103J189,1,16.13,EPCOS - TDK Electronics,CAP FILM 10000PF 5% 2KVDC RADIAL
B32684A0473K000,1,16.13,EPCOS - TDK Electronics,CAP FILM 0.047UF 10% 1KVDC RAD
B32924C3275K000,1,16.13,EPCOS - TDK Electronics,CAP FILM 2.7UF 10% 630VDC RADIAL
B32523Q3335K000,1,16.37,EPCOS - TDK Electronics,CAP FILM 3.3UF 10% 250VDC RADIAL
B32924C3155M189,1,16.46,EPCOS - TDK Electronics,CAP FILM 1.5UF 20% 630VDC RADIAL
B32653A2153J000,1,16.54,EPCOS - TDK Electronics,CAP FILM 0.015UF 5% 2KVDC RADIAL
B32522C1335K189,1,16.54,EPCOS - TDK Electronics,CAP FILM 3.3UF 10% 100VDC RADIAL
B32674D4155K000,1,16.62,EPCOS - TDK Electronics,CAP FILM 1.5UF 10% 450VDC RADIAL
B32562J1335K000,1,16.62,EPCOS - TDK Electronics,CAP FILM 3.3UF 10% 100VDC 2DIP
B32654A0334K000,1,16.62,EPCOS - TDK Electronics,CAP FILM 0.33UF 10% 1KVDC RADIAL
B32023A3104M189,1,16.62,EPCOS - TDK Electronics,CAP FILM 0.1UF 20% 1.5KVDC RAD
B32924C3225M026,1,16.62,EPCOS - TDK Electronics,FILM CAP MKP X2 2.2UF 20% 305VAC
B32654A0224J000,1,16.7,EPCOS - TDK Electronics,CAP FILM 0.22UF 5% 1KVDC RADIAL
B32924C3105M189,1,16.87,EPCOS - TDK Electronics,CAP FILM 1UF 20% 630VDC RADIAL
B32673P6225K000,1,17.04,EPCOS - TDK Electronics,CAP FILM 2.2UF 10% 630VDC RADIAL
B32524Q8474K000,1,17.12,EPCOS - TDK Electronics,CAP FILM 0.47UF 10% 630VDC RAD
B32653A0224K289,1,17.28,EPCOS - TDK Electronics,CAP FILM 0.22UF 10% 1KVDC RADIAL
B32714H1205K000,1,17.28,EPCOS - TDK Electronics,"MKP DC FILTERING - 1100VDC, 2UF"
B32033A4104M000,1,17.37,EPCOS - TDK Electronics,CAP FILM 0.1UF 20% 1KVDC RADIAL
B32934A3474K000,1,17.37,EPCOS - TDK Electronics,CAP FILM 0.47UF 10% 305VAC RAD
B32033B4104K000,1,17.61,EPCOS - TDK Electronics,CAP FILM 0.1UF 10% 1KVDC RADIAL
B32774P6155K000,1,17.61,EPCOS - TDK Electronics,CAP FILM 1.5UF 10% 630VDC RADIAL
B32913A3334M000,1,17.7,EPCOS - TDK Electronics,CAP FILM 0.33UF 20% 760VDC RAD
B32924P3225M000,1,17.78,EPCOS - TDK Electronics,"FILM CAP MKP X2 - 125C, 2.2UF 20"
B32524R6225J000,1,17.86,EPCOS - TDK Electronics,CAP FILM 2.2UF 5% 400VDC RADIAL
B32033B4154K000,1,17.86,EPCOS - TDK Electronics,CAP FILM 0.15UF 10% 1KVDC RADIAL
B32674D8155K000,1,17.94,EPCOS - TDK Electronics,CAP FILM 1.5UF 10% 875VDC RADIAL
B32933A3105M000,1,17.94,EPCOS - TDK Electronics,CAP FILM 1UF 20% 305VAC RADIAL
B32674D1684K000,1,17.94,EPCOS - TDK Electronics,CAP FILM 0.68UF 10% 750VDC RAD
B32672P4185K000,1,18.19,EPCOS - TDK Electronics,CAP FILM 1.8UF 10% 450VDC RADIAL
B32654A1683K000,1,18.52,EPCOS - TDK Electronics,CAP FILM 0.068UF 10% 1.6KVDC RAD
B32674D8684K000,1,18.61,EPCOS - TDK Electronics,CAP FILM 0.68UF 10% 875VDC RAD
B32024A3154M000,1,18.69,EPCOS - TDK Electronics,CAP FILM 0.15UF 20% 1.5KVDC RAD
B32033A4154M000,1,18.69,EPCOS - TDK Electronics,CAP FILM 0.15UF 20% 1KVDC RADIAL
B32672P4225J000,1,19.27,EPCOS - TDK Electronics,CAP FILM 2.2UF 5% 450VDC RADIAL
B32654A4105J000,1,19.27,EPCOS - TDK Electronics,CAP FILM 1UF 5% 400VDC RADIAL
B32714H5505K000,1,19.68,EPCOS - TDK Electronics,"MKP DC FILTERING - 500VDC, 5UF 1"
B32774X8505K000,1,19.76,EPCOS - TDK Electronics,CAP FILM 5UF 10% 800VDC RADIAL
B32023H3224M000,1,19.93,EPCOS - TDK Electronics,CAP FILM 0.22UF 20% 1.5KVDC RAD
B32674D8105J000,1,19.93,EPCOS - TDK Electronics,CAP FILM 1UF 5% 875VDC RADIAL
B32524Q8105K000,1,19.93,EPCOS - TDK Electronics,CAP FILM 1UF 10% 630VDC RADIAL
B32714H2155K000,1,20.09,EPCOS - TDK Electronics,"MKP DC FILTERING - 1200VDC, 1.5U"
B32654A7104K189,1,20.09,EPCOS - TDK Electronics,CAP FILM 0.1UF 10% 1.25KVDC RAD
B32924D3335M000,1,20.18,EPCOS - TDK Electronics,CAP FILM 3.3UF 20% 630VDC RADIAL
B32654A0474K000,1,20.51,EPCOS - TDK Electronics,CAP FILM 0.47UF 10% 1KVDC RADIAL
B32933A3155K000,1,20.84,EPCOS - TDK Electronics,CAP FILM 1.5UF 10% 305VAC RADIAL
B32913A3474K000,1,21.42,EPCOS - TDK Electronics,CAP FILM 0.47UF 10% 760VDC RAD
B32524R6335K000,1,22.08,EPCOS - TDK Electronics,CAP FILM 3.3UF 10% 400VDC RADIAL
B32774X1205K000,1,22.16,EPCOS - TDK Electronics,CAP FILM 2UF 10% 1.2KVDC RADIAL
B32924P3335M000,1,22.24,EPCOS - TDK Electronics,"FILM CAP MKP X2 - 125C, 3.3UF 20"
B32653A0474K000,1,22.49,EPCOS - TDK Electronics,CAP FILM 0.47UF 10% 1KVDC RADIAL
B32674D3335K000,1,22.58,EPCOS - TDK Electronics,CAP FILM 3.3UF 10% 300VDC RADIAL
B32560J0475K000,1,22.58,EPCOS - TDK Electronics,CAP FILM 4.7UF 10% 63VDC 2DIP
B32926C3225M000,1,22.82,EPCOS - TDK Electronics,CAP FILM 2.2UF 20% 630VDC RADIAL
B32774X1305K000,1,23.15,EPCOS - TDK Electronics,CAP FILM 3UF 10% 1.2KVDC RADIAL
B32654A3225K000,1,23.32,EPCOS - TDK Electronics,CAP FILM 2.2UF 10% 250VDC RADIAL
B32653A0474J000,1,23.32,EPCOS - TDK Electronics,CAP FILM 0.47UF 5% 1KVDC RADIAL
B32914A3105K000,1,23.4,EPCOS - TDK Electronics,CAP FILM 1UF 10% 760VDC RADIAL
B32774X4805K000,1,23.57,EPCOS - TDK Electronics,FILM CAP MKP DC FILTERING - 500V
B32934A3684K189,1,23.73,EPCOS - TDK Electronics,CAP FILM 0.68UF 10% 305VAC RAD
B32674D3475K000,1,23.73,EPCOS - TDK Electronics,CAP FILM 4.7UF 10% 300VDC RADIAL
B32926C3225K000,1,23.73,EPCOS - TDK Electronics,CAP FILM 2.2UF 10% 630VDC RADIAL
B32654A0684K000,1,23.9,EPCOS - TDK Electronics,CAP FILM 0.68UF 10% 1KVDC RADIAL
B32654A7224J000,1,23.9,EPCOS - TDK Electronics,CAP FILM 0.22UF 5% 1.25KVDC RAD
B32914A5334M000,1,24.23,EPCOS - TDK Electronics,CAP FILM 0.33UF 20% 1KVDC RADIAL
B32913A3474M189,1,24.31,EPCOS - TDK Electronics,CAP FILM 0.47UF 20% 760VDC RAD
B32654A2333J000,1,24.56,EPCOS - TDK Electronics,CAP FILM 0.033UF 5% 2KVDC RADIAL
B32562H1475K000,1,24.81,EPCOS - TDK Electronics,CAP FILM 4.7UF 10% 100VDC 2DIP
B32654A0684J000,1,24.81,EPCOS - TDK Electronics,CAP FILM 0.68UF 5% 1KVDC RADIAL
B32654A4225K000,1,24.97,EPCOS - TDK Electronics,CAP FILM 2.2UF 10% 400VDC RADIAL
B32924Q3335K000,1,25.14,EPCOS - TDK Electronics,"FILM CAP MKP X2 - 125C, 3.3UF 10"
B32674D4335K000,1,25.22,EPCOS - TDK Electronics,CAP FILM 3.3UF 10% 450VDC RADIAL
B32924J3225K000,1,25.47,EPCOS - TDK Electronics,CAP FILM 2.2UF 10% 630VDC RADIAL
B32926C3335M000,1,25.88,EPCOS - TDK Electronics,CAP FILM 3.3UF 20% 630VDC RADIAL
B32754C8205K000,1,26.13,EPCOS - TDK Electronics,CAP FILM 2UF 10% 600VDC RADIAL
B32774X8705K000,1,26.21,EPCOS - TDK Electronics,FILM CAP MKP DC FILTERING - 800V
B32524Q1685K000,1,26.88,EPCOS - TDK Electronics,CAP FILM 6.8UF 10% 100VDC RADIAL
B32774X0505K000,1,27.12,EPCOS - TDK Electronics,FILM CAP MKP DC FILTERING - 1000
B32564J6335K000,1,27.62,EPCOS - TDK Electronics,CAP FILM 3.3UF 10% 400VDC 2DIP
B32023A3334M000,1,28.03,EPCOS - TDK Electronics,CAP FILM 0.33UF 20% 1.5KVDC RAD
B32654A7334K000,1,28.12,EPCOS - TDK Electronics,CAP FILM 0.33UF 10% 1.25KVDC RAD
B32774X8126K000,1,28.2,EPCOS - TDK Electronics,CAP FILM 12UF 10% 800VDC RADIAL
B32654A4225J000,1,28.36,EPCOS - TDK Electronics,CAP FILM 2.2UF 5% 400VDC RADIAL
B32654A2473J000,1,28.36,EPCOS - TDK Electronics,CAP FILM 0.047UF 5% 2KVDC RADIAL
B32562J1685K000,1,28.61,EPCOS - TDK Electronics,CAP FILM 6.8UF 10% 100VDC 2DIP
B32774H8475K000,1,28.78,EPCOS - TDK Electronics,CAP FILM 4.7UF 10% 700VDC RAD
B32676E6205K000,1,28.86,EPCOS - TDK Electronics,CAP FILM 2UF 10% 630VDC RADIAL
B32654A1154J000,1,28.86,EPCOS - TDK Electronics,CAP FILM 0.15UF 5% 1.6KVDC RAD
B32654A6155K000,1,29.03,EPCOS - TDK Electronics,CAP FILM 1.5UF 10% 630VDC RADIAL
B32653A7224K000,1,29.6,EPCOS - TDK Electronics,CAP FILM 0.22UF 10% 1.25KVDC RAD
B32924H3335M,1,29.85,EPCOS - TDK Electronics,CAP FILM 3.3UF 20% 630VDC RADIAL
B32714H2505K000,1,30.18,EPCOS - TDK Electronics,"MKP DC FILTERING - 1200VDC, 5UF"
B32924Q3475M000,1,30.18,EPCOS - TDK Electronics,"FILM CAP MKP X2 - 125C, 4.7UF 20"
B32914A3155K000,1,30.76,EPCOS - TDK Electronics,CAP FILM 1.5UF 10% 760VDC RADIAL
B32023A3394M000,1,30.85,EPCOS - TDK Electronics,CAP FILM 0.39UF 20% 1.5KVDC RAD
B32674D6335K000,1,30.93,EPCOS - TDK Electronics,CAP FILM 3.3UF 10% 630VDC RADIAL
B32034C4334M000,1,31.18,EPCOS - TDK Electronics,CAP FILM 0.33UF 20% 1KVDC RADIAL
B32774X5106K000,1,34.15,EPCOS - TDK Electronics,FILM CAP MKP DC FILTERING - 600V
B32034C4474K000,1,34.24,EPCOS - TDK Electronics,CAP FILM 0.47UF 10% 1KVDC RADIAL
B32524R3685K000,1,34.48,EPCOS - TDK Electronics,CAP FILM 6.8UF 10% 250VDC RADIAL
B32654A2683J000,1,35.06,EPCOS - TDK Electronics,CAP FILM 0.068UF 5% 2KVDC RADIAL
B32654A4335K000,1,35.39,EPCOS - TDK Electronics,CAP FILM 3.3UF 10% 400VDC RADIAL
B32914B3684M000,1,35.48,EPCOS - TDK Electronics,CAP FILM 0.68UF 20% 760VDC RAD
B32674D4505K000,1,35.64,EPCOS - TDK Electronics,CAP FILM 5UF 10% 450VDC RADIAL
B32754C7705K000,1,35.89,EPCOS - TDK Electronics,CAP FILM 7UF 10% 560VDC RADIAL
B32676E8225K000,1,36.3,EPCOS - TDK Electronics,CAP FILM 2.2UF 10% 875VDC RADIAL
B32562H1106K000,1,37.13,EPCOS - TDK Electronics,CAP FILM 10UF 10% 100VDC 2DIP
B32924C3565K000,1,38.29,EPCOS - TDK Electronics,CAP FILM 5.6UF 10% 630VDC RADIAL
B32524Q1106K189,1,38.87,EPCOS - TDK Electronics,CAP FILM 10UF 10% 100VDC RADIAL
B32654A0105K000,1,39.2,EPCOS - TDK Electronics,CAP FILM 1UF 10% 1KVDC RADIAL
B32686A0104K000,1,39.2,EPCOS - TDK Electronics,CAP FILM 0.1UF 10% 1KVDC RADIAL
B32654A0105J000,1,39.2,EPCOS - TDK Electronics,CAP FILM 1UF 5% 1KVDC RADIAL
B32024A3564M000,1,39.53,EPCOS - TDK Electronics,CAP FILM 0.56UF 20% 1.5KVDC RAD
B32026A3474M000,1,39.69,EPCOS - TDK Electronics,CAP FILM 0.47UF 20% 1.5KVDC RAD
B32036A4474M000,1,39.69,EPCOS - TDK Electronics,CAP FILM 0.47UF 20% 1KVDC RADIAL
B32926C3685M000,1,41.93,EPCOS - TDK Electronics,CAP FILM 6.8UF 20% 630VDC RADIAL
B32674D1405K000,1,42.09,EPCOS - TDK Electronics,CAP FILM 4UF 10% 750VDC RADIAL
B32674D6505K000,1,42.09,EPCOS - TDK Electronics,CAP FILM 5UF 10% 630VDC RADIAL
B32674D3805K000,1,42.09,EPCOS - TDK Electronics,CAP FILM 8UF 10% 300VDC RADIAL
B32524R3106K189,1,42.75,EPCOS - TDK Electronics,CAP FILM 10UF 10% 250VDC RADIAL
B32754C3605K000,1,43.17,EPCOS - TDK Electronics,CAP FILM 6UF 10% 630VDC RADIAL
B32924H3475M,1,43.17,EPCOS - TDK Electronics,CAP FILM 4.7UF 20% 630VDC RADIAL
B32024B3684K000,1,43.41,EPCOS - TDK Electronics,CAP FILM 0.68UF 10% 1.5KVDC RAD
B32674D3126K000,1,44.9,EPCOS - TDK Electronics,CAP FILM 12UF 10% 300VDC RADIAL
B32676E6475K000,1,44.99,EPCOS - TDK Electronics,CAP FILM 4.7UF 10% 630VDC RADIAL
B32026A3564M000,1,45.48,EPCOS - TDK Electronics,CAP FILM 0.56UF 20% 1.5KVDC RAD
B32776Z9156K000,1,45.56,EPCOS - TDK Electronics,FILM CAP MKP DC FILTERING - 900V
B32754C4305K000,1,46.31,EPCOS - TDK Electronics,CAP FILM 3UF 10% 800VDC RADIAL
B32754C8355K000,1,46.31,EPCOS - TDK Electronics,CAP FILM 3.5UF 10% 600VDC RADIAL
B32656J2104J000,1,46.47,EPCOS - TDK Electronics,CAP FILM 0.1UF 5% 2KVDC RADIAL
B32774D0705K000,1,47.8,EPCOS - TDK Electronics,CAP FILM 7UF 10% 1.1KVDC RADIAL
B32776Z0126K000,1,48.38,EPCOS - TDK Electronics,FILM CAP MKP DC FILTERING - 1000
B32776Z8256K000,1,51.68,EPCOS - TDK Electronics,FILM CAP MKP DC FILTERING - 800V
B32524R3156M000,1,52.26,EPCOS - TDK Electronics,CAP FILM 15UF 20% 250VDC RADIAL
B33331V7205J080,1,53.09,EPCOS - TDK Electronics,CAP FILM 2UF 5% 460VAC RADIAL
B32926H3685M,1,53.34,EPCOS - TDK Electronics,CAP FILM 6.8UF 20% 630VDC RADIAL
B32524R6106K000,1,53.67,EPCOS - TDK Electronics,CAP FILM 10UF 10% 400VDC RADIAL
B32774X4226K000,1,53.75,EPCOS - TDK Electronics,FILM CAP MKP DC FILTERING - 500V
B32716H9156K000,1,54.74,EPCOS - TDK Electronics,"MKP DC FILTERING - 900VDC, 15UF"
B32776Z8306K000,1,55.32,EPCOS - TDK Electronics,CAP FILM 30UF 10% 800VDC RADIAL
B32924A4225M000,1,55.65,EPCOS - TDK Electronics,CAP FILM 2.2UF 20% 650VDC RADIAL
B32776P6106K000,1,56.07,EPCOS - TDK Electronics,CAP FILM 10UF 10% 630VDC RADIAL
B32774D1505J000,1,56.15,EPCOS - TDK Electronics,CAP FILM 5UF 5% 1.3KVDC RADIAL
B32776Z0206K000,1,58.63,EPCOS - TDK Electronics,CAP FILM 20UF 10% 1KVDC RADIAL
B32776Z9226K000,1,58.96,EPCOS - TDK Electronics,FILM CAP MKP DC FILTERING - 900V
B32716H8146K000,1,59.46,EPCOS - TDK Electronics,"MKP DC FILTERING - 800VDC, 14UF"
B32654S7224K500,1,61.52,EPCOS - TDK Electronics,CAP FILM 0.22UF 1.25KVDC SCRW
B33331V7605J080,1,61.77,EPCOS - TDK Electronics,CAP FILM 6UF 5% 460VAC RADIAL
B32776T1355K000,1,62.6,EPCOS - TDK Electronics,CAP FILM 3.5UF 10% 1.3KVDC RAD
B32656A0105J000,1,63.34,EPCOS - TDK Electronics,CAP FILM 1UF 5% 1KVDC RADIAL
B32656A0105K000,1,63.76,EPCOS - TDK Electronics,CAP FILM 1UF 10% 1KVDC RADIAL
B32676E4156K000,1,65.49,EPCOS - TDK Electronics,CAP FILM 15UF 10% 450VDC RADIAL
B32776P8166K000,1,66.16,EPCOS - TDK Electronics,CAP FILM 16UF 10% 840VDC RADIAL
B32686A1154J000,1,66.9,EPCOS - TDK Electronics,CAP FILM 0.15UF 5% 1.6KVDC RAD
B32914A5185M000,1,67.23,EPCOS - TDK Electronics,CAP FILM 1.8UF 20% 1KVDC RADIAL
B33331V7805J080,1,67.31,EPCOS - TDK Electronics,CAP FILM 8UF 5% 460VAC RADIAL
B32656J1224K000,1,68.06,EPCOS - TDK Electronics,CAP FILM 0.22UF 10% 1.6KVDC RAD
B32716H9206K000,1,68.8,EPCOS - TDK Electronics,"MKP DC FILTERING - 900VDC, 20UF"
B33331V7106J080,1,70.21,EPCOS - TDK Electronics,CAP FILM 10UF 5% 460VAC RADIAL
B32926A4335M000,1,71.61,EPCOS - TDK Electronics,CAP FILM 3.3UF 20% 650VDC RADIAL
B32354S2206K010,1,71.61,EPCOS - TDK Electronics,CAP FILM 20UF 400VDC RDL 4 LEAD
B32778Z1206K000,1,72.36,EPCOS - TDK Electronics,CAP FILM 20UF 1.2KVDC RDL 4 LEAD
B32778Z9356K000,1,73.76,EPCOS - TDK Electronics,CAP FILM 35UF 900VDC RDL 4 LEAD
B32676G3156K000,1,74.18,EPCOS - TDK Electronics,CAP FILM 15UF 10% 300VDC RADIAL
B32778Z8456K000,1,76.33,EPCOS - TDK Electronics,CAP FILM 45UF 800VDC RDL 4 LEAD
B32676G1106K   Z 1,1,77.73,EPCOS - TDK Electronics,CAP FILM 10UF 10% 750VDC RADIAL
B32686A7334J000,1,77.82,EPCOS - TDK Electronics,CAP FILM 0.33UF 5% 1.25KVDC RAD
B32756G2206K000,1,78.81,EPCOS - TDK Electronics,CAP FILM 20UF 10% 500VDC RADIAL
B33331V7146J080,1,81.21,EPCOS - TDK Electronics,CAP FILM 14UF 5% 460VAC RADIAL
B32776H8276K000,1,81.54,EPCOS - TDK Electronics,CAP FILM 27UF 10% 700VDC RADIAL
B32656S0684K564,1,81.62,EPCOS - TDK Electronics,CAP FILM 0.68UF 10% 1KVDC SCREW
B32676E4206K000,1,81.87,EPCOS - TDK Electronics,CAP FILM 20UF 10% 450VDC RADIAL
B32776E9206K000,1,83.36,EPCOS - TDK Electronics,CAP FILM 20UF 10% 900VDC RADIAL
B32656S0684J564,1,85.01,EPCOS - TDK Electronics,CAP FILM 0.68UF 5% 1KVDC SCREW
B32928C3206M000,1,86.58,EPCOS - TDK Electronics,CAP FILM 20UF 20% 630VDC RADIAL
B33331V7166J080,1,89.14,EPCOS - TDK Electronics,CAP FILM 16UF 5% 460VAC RADIAL
B32778Z0356K000,1,89.89,EPCOS - TDK Electronics,CAP FILM 35UF 1KVDC RDL 4 LEAD
B32526T3156K000,1,93.11,EPCOS - TDK Electronics,CAP FILM 15UF 10% 250VDC RADIAL
B32354S2406K010,1,95.43,EPCOS - TDK Electronics,CAP FILM 40UF 400VDC RDL 4 LEAD
B32656S1224K565,1,97.08,EPCOS - TDK Electronics,CAP FILM 0.22UF 10% 1.7KVDC SCRW
B32354S3206K010,1,97.25,EPCOS - TDK Electronics,CAP FILM 20UF 10% 500VDC RADIAL
B32776E8306K000,1,98.57,EPCOS - TDK Electronics,CAP FILM 30UF 10% 800VDC RADIAL
B32778Z4756K000,1,99.23,EPCOS - TDK Electronics,CAP FILM 75UF 500VDC RDL 4 LEAD
B33331V7256J080,1,99.65,EPCOS - TDK Electronics,CAP FILM 25UF 5% 460VAC RADIAL
B32656S7105K561,1,100.39,EPCOS - TDK Electronics,CAP FILM 1UF 10% 1.25KVDC SCREW
B32656S7105K577,1,102.05,EPCOS - TDK Electronics,CAP FILM 1UF 10% 1.25KVDC SCREW
B32656A7105K000,1,102.46,EPCOS - TDK Electronics,CAP FILM 1UF 10% 1.25KVDC RADIAL
B32778Z4806K000,1,102.62,EPCOS - TDK Electronics,CAP FILM 80UF 500VDC RDL 4 LEAD
B32656S0105K563,1,102.71,EPCOS - TDK Electronics,CAP FILM 1UF 10% 1KVDC SCREW
B32776G4306K000,1,104.53,EPCOS - TDK Electronics,CAP FILM 30UF 450VDC RAD 4 LEAD
B32656S7474J565,1,104.94,EPCOS - TDK Electronics,CAP FILM 0.47UF 5% 1.25KVDC SCRW
B33331V7306J080,1,104.94,EPCOS - TDK Electronics,CAP FILM 30UF 5% 460VAC RADIAL
B32656S1474K561,1,105.1,EPCOS - TDK Electronics,CAP FILM 0.47UF 10% 1.7KVDC SCRW
B32928C3256K000,1,108.08,EPCOS - TDK Electronics,CAP FILM 25UF 10% 630VDC RADIAL
B32656S7684K561,1,110.07,EPCOS - TDK Electronics,CAP FILM 0.68UF 1.25KVDC SCREW
B32678G1206K000,1,111.14,EPCOS - TDK Electronics,CAP FILM 20UF 10% 750VDC RADIAL
B32526T3226K000,1,112.8,EPCOS - TDK Electronics,CAP FILM 22UF 10% 250VDC RADIAL
B33331V7406J080,1,115.28,EPCOS - TDK Electronics,CAP FILM 40UF 5% 460VAC RADIAL
B32656S2104J564,1,116.35,EPCOS - TDK Electronics,CAP FILM 0.1UF 5% 2KVDC SCREW
B32776G0206K000,1,118.34,EPCOS - TDK Electronics,CAP FILM 20UF 1.1KVDC RAD 4 LEAD
B32526T1476K000,1,125.45,EPCOS - TDK Electronics,CAP FILM 47UF 10% 100VDC RADIAL
B32776G5456K000,1,126.52,EPCOS - TDK Electronics,CAP FILM 45UF 575VDC RAD 4 LEAD
B32778H9506J000,1,130.24,EPCOS - TDK Electronics,CAP FILM 50UF 5% 800VDC RADIAL
B32678G6256K000,1,132.72,EPCOS - TDK Electronics,CAP FILM 25UF 10% 630VDC RADIAL
B32656S7125K561,1,132.81,EPCOS - TDK Electronics,CAP FILM 1.2UF 10% 1.25KVDC SCRW
B32718H5806K000,1,140.08,EPCOS - TDK Electronics,"MKP DC FILTERING - 500VDC, 80UF"
B32718H8117K000,1,143.31,EPCOS - TDK Electronics,"MKP DC FILTERING - 800VDC, 110UF"
B32656A0225J000,1,145.38,EPCOS - TDK Electronics,CAP FILM 2.2UF 5% 1KVDC RADIAL
B32718H9706K000,1,151.58,EPCOS - TDK Electronics,"MKP DC FILTERING - 900VDC, 70UF"
B32758G3456K000,1,162.49,EPCOS - TDK Electronics,CAP FILM 45UF 10% 630VDC RADIAL
B32926A4106M000,1,167.29,EPCOS - TDK Electronics,CAP FILM 10UF 20% 650VDC RADIAL
B32778G1276K000,1,179.61,EPCOS - TDK Electronics,CAP FILM 27UF 1.3KVDC RAD 4 LEAD
B32776E4606J000,1,201.94,EPCOS - TDK Electronics,CAP FILM 60UF 5% 450VDC RADIAL
B32361A4106J080,1,210.79,EPCOS - TDK Electronics,CAP FILM 10UF 5% 480VAC RADIAL
B32361A4256J080,1,261.56,EPCOS - TDK Electronics,CAP FILM 25UF 5% 480VAC RADIAL
B32371A3806J030,1,288.44,EPCOS - TDK Electronics,CAP FILM 80UF 5% 900VDC RADIAL
B32361A4406J080,1,291.33,EPCOS - TDK Electronics,CAP FILM 40UF 5% 480VAC RADIAL
B32371A2207J050,1,309.94,EPCOS - TDK Electronics,CAP FILM 200UF 5% 675VDC RADIAL
B25690S1427K101,1,477.64,EPCOS - TDK Electronics,CAP FILM 420UF 10% 1.1KVDC RAD
B25631B0207K600,1,550.08,EPCOS - TDK Electronics,200UF+-10% 600V PEC MKP DC LSI
B25690A0737K901,1,586.97,EPCOS - TDK Electronics,CAP FILM 730UF 10% 900V RADIAL
B25632E0137K900,1,601.77,EPCOS - TDK Electronics,POWER ELECTRONIC CAPACITORS (PEC
B32373A7536J080,1,629.64,EPCOS - TDK Electronics,CAP FILM 53UF 5% 1.95KVDC RADIAL
B25620C1427A101,1,683.55,EPCOS - TDK Electronics,CAP FILM 420UF 1.1KVDC SCREW
B25620B0557K881,1,813.8,EPCOS - TDK Electronics,CAP FILM 550UF 10% 880VDC RADIAL
B32778J4487K000,1,887.89,EPCOS - TDK Electronics,CAP FILM 480UF 10% 450VDC 12-DIP
B32778J5367K000,1,906.91,EPCOS - TDK Electronics,CAP FILM 360UF 10% 575VDC 12-DIP
B25680B0148K903,1,969.68,EPCOS - TDK Electronics,CAP FILM 1400UF 10% 900V RADIAL
B25620C0757K881,1,1070.4,EPCOS - TDK Electronics,CAP FILM 750UF 10% 900VDC RADIAL
B32529C0122K189,1,2.15,EPCOS - TDK Electronics,CAP FILM 1200PF 10% 100VDC RAD
B32529C0683K289,1,2.15,EPCOS - TDK Electronics,CAP FILM 0.068UF 10% 63VDC RAD
B32529C0223K289,1,2.15,EPCOS - TDK Electronics,CAP FILM 0.022UF 10% 63VDC RAD
B32529C0472K289,1,2.15,EPCOS - TDK Electronics,CAP FILM 4700PF 10% 63VDC RADIAL
B32529C1473K289,1,2.15,EPCOS - TDK Electronics,CAP FILM 0.047UF 10% 100VDC RAD
B32529C0102M189,1,2.15,EPCOS - TDK Electronics,CAP FILM 1000PF 20% 63VDC RADIAL
B32529C0473M189,1,2.15,EPCOS - TDK Electronics,CAP FILM 0.047UF 20% 63VDC RAD
B32529C0104M189,1,2.15,EPCOS - TDK Electronics,CAP FILM 0.1UF 20% 63VDC RADIAL
B32529C0472M189,1,2.15,EPCOS - TDK Electronics,CAP FILM 4700PF 20% 63VDC RADIAL
B32529C0103M189,1,2.15,EPCOS - TDK Electronics,CAP FILM 10000PF 20% 63VDC RAD
B32529C0104M289,1,2.15,EPCOS - TDK Electronics,CAP FILM 0.1UF 20% 63VDC RADIAL
B32529C1333K289,1,2.15,EPCOS - TDK Electronics,CAP FILM 0.033UF 10% 100VDC RAD
B32529C1104M289,1,2.15,EPCOS - TDK Electronics,CAP FILM 0.1UF 20% 100VDC RADIAL
B32529C0682K289,1,2.15,EPCOS - TDK Electronics,CAP FILM 6800PF 10% 63VDC RADIAL
B32529C3223K000,1,2.15,EPCOS - TDK Electronics,CAP FILM 0.022UF 10% 250VDC RAD
B32529C1472K289,1,2.15,EPCOS - TDK Electronics,CAP FILM 4700PF 10% 100VDC RAD
B32529C1682M289,1,2.15,EPCOS - TDK Electronics,CAP FILM 6800PF 20% 100VDC RAD
B32529C1152K289,1,2.15,EPCOS - TDK Electronics,CAP FILM 1500PF 10% 100VDC RAD
B32529C0332K189,1,2.15,EPCOS - TDK Electronics,CAP FILM 3300PF 10% 63VDC RADIAL
B32529C1333M189,1,2.15,EPCOS - TDK Electronics,CAP FILM 0.033UF 20% 100VDC RAD
B32529C0152K189,1,2.15,EPCOS - TDK Electronics,CAP FILM 1500PF 10% 63VDC RADIAL
B32529C0332K289,1,2.23,EPCOS - TDK Electronics,CAP FILM 3300PF 10% 63VDC RADIAL
B32529C6152K000,1,2.32,EPCOS - TDK Electronics,CAP FILM 1500PF 10% 400VDC RAD
B32529C1152J189,1,2.32,EPCOS - TDK Electronics,CAP FILM 1500PF 5% 100VDC RADIAL
B32529C0822J289,1,2.32,EPCOS - TDK Electronics,CAP FILM 8200PF 5% 63VDC RADIAL
B32529C1472J189,1,2.32,EPCOS - TDK Electronics,CAP FILM 4700PF 5% 100VDC RADIAL
B32529C1153J189,1,2.32,EPCOS - TDK Electronics,CAP FILM 0.015UF 5% 100VDC RAD
B32529C1333J289,1,2.32,EPCOS - TDK Electronics,CAP FILM 0.033UF 5% 100VDC RAD
B32529C0682J289,1,2.32,EPCOS - TDK Electronics,CAP FILM 6800PF 5% 63VDC RADIAL
B32529C3682J000,1,2.32,EPCOS - TDK Electronics,CAP FILM 6800PF 5% 250VDC RADIAL
B32529C1223K189,1,2.32,EPCOS - TDK Electronics,CAP FILM 0.022UF 10% 100VDC RAD
B32529C1683M289,1,2.32,EPCOS - TDK Electronics,CAP FILM 0.068UF 20% 100VDC RAD
B32529C1152J289,1,2.32,EPCOS - TDK Electronics,CAP FILM 1500PF 5% 100VDC RADIAL
B32529C3222K189,1,2.4,EPCOS - TDK Electronics,CAP FILM 2200PF 10% 250VDC RAD
B32529C3153K189,1,2.4,EPCOS - TDK Electronics,CAP FILM 0.015UF 10% 250VDC RAD
B32529C3103M189,1,2.4,EPCOS - TDK Electronics,CAP FILM 10000PF 20% 250VDC RAD
B32529C3153K289,1,2.4,EPCOS - TDK Electronics,CAP FILM 0.015UF 10% 250VDC RAD
B32529C3223K289,1,2.4,EPCOS - TDK Electronics,CAP FILM 0.022UF 10% 250VDC RAD
B32529C1473M289,1,2.56,EPCOS - TDK Electronics,CAP FILM 0.047UF 20% 100VDC RAD
B32529C3222J189,1,2.56,EPCOS - TDK Electronics,CAP FILM 2200PF 5% 250VDC RADIAL
B32529C6222K289,1,2.65,EPCOS - TDK Electronics,CAP FILM 2200PF 10% 400VDC RAD
B32529C6332K189,1,2.65,EPCOS - TDK Electronics,CAP FILM 3300PF 10% 400VDC RAD
B32529C6152K189,1,2.65,EPCOS - TDK Electronics,CAP FILM 1500PF 10% 400VDC RAD
B32560J3333K000,1,2.65,EPCOS - TDK Electronics,CAP FILM 0.033UF 10% 250VDC 2DIP
B32529C6332K289,1,2.65,EPCOS - TDK Electronics,CAP FILM 3300PF 10% 400VDC RAD
B32560J3473K000,1,2.73,EPCOS - TDK Electronics,CAP FILM 0.047UF 10% 250VDC 2DIP
B32529C6123J289,1,2.73,EPCOS - TDK Electronics,CAP FILM 0.012UF 5% 400VDC RAD
B32560J6152K000,1,2.73,EPCOS - TDK Electronics,CAP FILM 1500PF 10% 400VDC 2DIP
B32529C6102J289,1,2.81,EPCOS - TDK Electronics,CAP FILM 1000PF 5% 400VDC RADIAL
B32560J3683K000,1,2.81,EPCOS - TDK Electronics,CAP FILM 0.068UF 10% 250VDC 2DIP
B32560J6102K000,1,2.89,EPCOS - TDK Electronics,CAP FILM 1000PF 10% 400VDC 2DIP
B32529C0184J189,1,2.98,EPCOS - TDK Electronics,CAP FILM 0.18UF 5% 63VDC RADIAL
B32560J6472J000,1,2.98,EPCOS - TDK Electronics,CAP FILM 4700PF 5% 400VDC 2DIP
B32560J6103J000,1,3.06,EPCOS - TDK Electronics,CAP FILM 10000PF 5% 400VDC 2DIP
B32521C3333J000,1,3.47,EPCOS - TDK Electronics,CAP FILM 0.033UF 5% 250VDC RAD
B32529E6103J189,1,3.47,EPCOS - TDK Electronics,CAP FILM 10000PF 5% 400VDC RAD
B32529C3473K189,1,3.56,EPCOS - TDK Electronics,CAP FILM 0.047UF 10% 250VDC RAD
B32521C1154K000,1,3.56,EPCOS - TDK Electronics,CAP FILM 0.15UF 10% 100VDC RAD
B32521C3104K008,1,3.64,EPCOS - TDK Electronics,FILM CAP MKT BOX 0.1UF 10% 250VD
B32521C3333K289,1,3.64,EPCOS - TDK Electronics,CAP FILM 0.033UF 10% 250VDC RAD
B32521C3104M000,1,3.64,EPCOS - TDK Electronics,CAP FILM 0.1UF 20% 250VDC RADIAL
B32521C3473K189,1,3.8,EPCOS - TDK Electronics,CAP FILM 0.047UF 10% 250VDC RAD
B32521C3473M289,1,3.8,EPCOS - TDK Electronics,CAP FILM 0.047UF 20% 250VDC RAD
B32521E6153K000,1,3.8,EPCOS - TDK Electronics,CAP FILM 0.015UF 10% 400VDC RAD
B32521E6223K000,1,3.89,EPCOS - TDK Electronics,CAP FILM 0.022UF 10% 400VDC RAD
B32521E6223J000,1,3.97,EPCOS - TDK Electronics,CAP FILM 0.022UF 5% 400VDC RAD
B32922C3154M026,1,3.97,EPCOS - TDK Electronics,FILM CAP MKP X2 0.15UF 20% 305VA
B32921C3333M289,1,3.97,EPCOS - TDK Electronics,CAP FILM 0.033UF 20% 630VDC RAD
B32560J1224J000,1,4.05,EPCOS - TDK Electronics,CAP FILM 0.22UF 5% 100VDC 2DIP
B32560J1224K000,1,4.05,EPCOS - TDK Electronics,CAP FILM 0.22UF 10% 100VDC 2DIP
B32521C1104K289,1,4.05,EPCOS - TDK Electronics,CAP FILM 0.1UF 10% 100VDC RADIAL
B32922P3333K000,1,4.05,EPCOS - TDK Electronics,"FILM CAP MKP X2 - 125C, 0.033UF"
B32529E6473K000,1,4.13,EPCOS - TDK Electronics,CAP FILM 0.047UF 10% 400VDC RAD
B32520C6223K189,1,4.13,EPCOS - TDK Electronics,CAP FILM 0.022UF 10% 400VDC RAD
B32521C3104K189,1,4.13,EPCOS - TDK Electronics,CAP FILM 0.1UF 10% 250VDC RADIAL
B32671L0332K000,1,4.13,EPCOS - TDK Electronics,CAP FILM 3300PF 10% 1KVDC RADIAL
B32529C3104M189,1,4.22,EPCOS - TDK Electronics,CAP FILM 0.1UF 20% 250VDC RADIAL
B32922P3473K000,1,4.22,EPCOS - TDK Electronics,"FILM CAP MKP X2 - 125C, 0.047UF"
B32921C3683M189,1,4.3,EPCOS - TDK Electronics,CAP FILM 0.068UF 20% 630VDC RAD
B32921C3683M289,1,4.3,EPCOS - TDK Electronics,CAP FILM 0.068UF 20% 630VDC RAD
B32529C6473K189,1,4.3,EPCOS - TDK Electronics,CAP FILM 0.047UF 10% 400VDC RAD
B32520C3104J289,1,4.38,EPCOS - TDK Electronics,CAP FILM 0.1UF 5% 250VDC RADIAL
B32671L9472K000,1,4.38,EPCOS - TDK Electronics,CAP FILM 4700PF 10% 1KVDC RADIAL
B32671L0562K000,1,4.38,EPCOS - TDK Electronics,CAP FILM 5600PF 10% 1KVDC RADIAL
B32672L8392K000,1,4.38,EPCOS - TDK Electronics,CAP FILM 3900PF 10% 2KVDC RADIAL
B32671L9472J000,1,4.38,EPCOS - TDK Electronics,CAP FILM 4700PF 5% 1KVDC RADIAL
B32922C3224M026,1,4.38,EPCOS - TDK Electronics,FILM CAP MKP X2 0.22UF 20% 305VA
B32672Z6683K000,1,4.38,EPCOS - TDK Electronics,CAP FILM 10% 630VDC RADIAL
B32560J1334K000,1,4.47,EPCOS - TDK Electronics,CAP FILM 0.33UF 10% 100VDC 2DIP
B32922C3154M289,1,4.55,EPCOS - TDK Electronics,CAP FILM 0.15UF 20% 630VDC RAD
B32672Z4104K289,1,4.55,EPCOS - TDK Electronics,CAP FILM 0.1UF 10% 450VDC RADIAL
B32529C3154K000,1,4.63,EPCOS - TDK Electronics,CAP FILM 0.15UF 10% 250VDC RAD
B32672L6473K000,1,4.63,EPCOS - TDK Electronics,CAP FILM 0.047UF 10% 630VDC RAD
B32521C1224J000,1,4.63,EPCOS - TDK Electronics,CAP FILM 0.22UF 5% 100VDC RADIAL
B32529C8103K289,1,4.71,EPCOS - TDK Electronics,CAP FILM 10000PF 10% 630VDC RAD
B32672L0103J000,1,4.71,EPCOS - TDK Electronics,CAP FILM 10000PF 5% 1KVDC RADIAL
B32671L9103J000,1,4.71,EPCOS - TDK Electronics,CAP FILM 10000PF 5% 1KVDC RADIAL
B32521C1104J289,1,4.8,EPCOS - TDK Electronics,CAP FILM 0.1UF 5% 100VDC RADIAL
B32671L9153J000,1,4.8,EPCOS - TDK Electronics,CAP FILM 0.015UF 5% 1KVDC RADIAL
B32520C1334K000,1,4.8,EPCOS - TDK Electronics,CAP FILM 0.33UF 10% 100VDC RAD
B32671L1272J289,1,4.8,EPCOS - TDK Electronics,CAP FILM 2700PF 5% 1.6KVDC RAD
B32672Z4224K000,1,4.88,EPCOS - TDK Electronics,CAP FILM 0.22UF 10% 450VDC RAD
B32560J8103J000,1,5.04,EPCOS - TDK Electronics,CAP FILM 10000PF 5% 630VDC 2DIP
B32672Z6333K000,1,5.04,EPCOS - TDK Electronics,CAP FILM 0.033UF 10% 630VDC RAD
B32621A3222J000,1,5.04,EPCOS - TDK Electronics,CAP FILM 2200PF 5% 250VDC RADIAL
B32529D3224K000,1,5.13,EPCOS - TDK Electronics,CAP FILM 0.22UF 10% 250VDC RAD
B32529C0564K289,1,5.13,EPCOS - TDK Electronics,CAP FILM 0.56UF 10% 63VDC RADIAL
B32672L8622K000,1,5.13,EPCOS - TDK Electronics,CAP FILM 6200PF 10% 2KVDC RADIAL
B32621A3332J000,1,5.13,EPCOS - TDK Electronics,CAP FILM 3300PF 5% 250VDC RADIAL
B32521N8223J000,1,5.29,EPCOS - TDK Electronics,CAP FILM 0.022UF 5% 630VDC RAD
B32521C6104K189,1,5.29,EPCOS - TDK Electronics,CAP FILM 0.1UF 10% 400VDC RADIAL
B32621A6222K189,1,5.29,EPCOS - TDK Electronics,CAP FILM 2200PF 10% 630VDC RAD
B32522Q8473K000,1,5.29,EPCOS - TDK Electronics,CAP FILM 0.047UF 10% 630VDC RAD
B32620A4682J000,1,5.29,EPCOS - TDK Electronics,CAP FILM 6800PF 5% 400VDC RADIAL
B32521C1334K189,1,5.38,EPCOS - TDK Electronics,CAP FILM 0.33UF 10% 100VDC RAD
B32529C0684K289,1,5.38,EPCOS - TDK Electronics,CAP FILM 0.68UF 10% 63VDC RADIAL
B32529C0684K189,1,5.38,EPCOS - TDK Electronics,CAP FILM 0.68UF 10% 63VDC RADIAL
B32671L4104K000,1,5.38,EPCOS - TDK Electronics,CAP FILM 0.1UF 10% 400V RAD
B32522E6473K000,1,5.46,EPCOS - TDK Electronics,CAP FILM 0.047UF 10% 400VDC RAD
B32672Z4224K289,1,5.46,EPCOS - TDK Electronics,CAP FILM 0.22UF 10% 450VDC RAD
B32521E6104J000,1,5.46,EPCOS - TDK Electronics,CAP FILM 0.1UF 5% 400VDC RADIAL
B32672L4334K000,1,5.46,EPCOS - TDK Electronics,CAP FILM 0.33UF 10% 450VDC RAD
B32620A6222K189,1,5.54,EPCOS - TDK Electronics,CAP FILM 2200PF 10% 630VDC RAD
B32621A4103K000,1,5.54,EPCOS - TDK Electronics,CAP FILM 10000PF 10% 400VDC RAD
B32652A3224K000,1,5.54,EPCOS - TDK Electronics,CAP FILM 0.22UF 10% 250VDC RAD
B32529C0105M289,1,5.62,EPCOS - TDK Electronics,CAP FILM 1UF 20% 63VDC RADIAL
B32529C3154J289,1,5.62,EPCOS - TDK Electronics,CAP FILM 0.15UF 5% 250VDC RADIAL
B32620A3473J000,1,5.71,EPCOS - TDK Electronics,CAP FILM 0.047UF 5% 250VDC RAD
B32620A4103K289,1,5.79,EPCOS - TDK Electronics,CAP FILM 10000PF 10% 400VDC RAD
B32621A4103J000,1,5.79,EPCOS - TDK Electronics,CAP FILM 10000PF 5% 400VDC RAD
B32621A6392J289,1,5.79,EPCOS - TDK Electronics,CAP FILM 3900PF 5% 630VDC RADIAL
B32621A3223J000,1,5.79,EPCOS - TDK Electronics,CAP FILM 0.022UF 5% 250VDC RAD
B32641B6682K,1,5.79,EPCOS - TDK Electronics,CAP FILM 6800PF 10% 630VDC RAD
B32521D8223K000,1,5.87,EPCOS - TDK Electronics,CAP FILM 0.022UF 10% 630VDC RAD
B32672L8822K000,1,5.87,EPCOS - TDK Electronics,CAP FILM 8200PF 10% 2KVDC RADIAL
B32641B0472K,1,5.87,EPCOS - TDK Electronics,CAP FILM 4700PF 10% 1000VDC RAD
B32671L0103J289,1,5.87,EPCOS - TDK Electronics,CAP FILM 10000PF 5% 1KVDC RADIAL
B32521C6104J,1,5.87,EPCOS - TDK Electronics,CAP FILM 0.1UF 5% 400VDC RADIAL
B32621A5473K000,1,5.95,EPCOS - TDK Electronics,CAP FILM 0.047UF 10% 160VDC RAD
B32021H3682K000,1,6.04,EPCOS - TDK Electronics,CAP FILM 6800PF 10% 1.5KVDC RAD
B32522C6104K,1,6.04,EPCOS - TDK Electronics,CAP FILM 0.1UF 10% 400VDC RADIAL
B32522C1334J000,1,6.12,EPCOS - TDK Electronics,CAP FILM 0.33UF 5% 100VDC RADIAL
B32671P5823K000,1,6.12,EPCOS - TDK Electronics,CAP FILM 0.082UF 10% 520VDC RAD
B32522C3104K189,1,6.12,EPCOS - TDK Electronics,CAP FILM 0.1UF 10% 250VDC RADIAL
B32641B6153K,1,6.2,EPCOS - TDK Electronics,CAP FILM 0.015UF 10% 630VDC RAD
B32672L2474K289,1,6.2,EPCOS - TDK Electronics,CAP FILM 0.47UF 10% 250VDC RAD
B32560J3474K000,1,6.28,EPCOS - TDK Electronics,CAP FILM 0.47UF 10% 250VDC 2DIP
B32620A6472J289,1,6.37,EPCOS - TDK Electronics,CAP FILM 4700PF 5% 630VDC RADIAL
B32562J3684K000,1,6.37,EPCOS - TDK Electronics,CAP FILM 0.68UF 10% 250VDC 2DIP
B32560J1684K000,1,6.37,EPCOS - TDK Electronics,CAP FILM 0.68UF 10% 100VDC 2DIP
B32621A4223J000,1,6.37,EPCOS - TDK Electronics,CAP FILM 0.022UF 5% 400VDC RAD
B32522C6104J000,1,6.37,EPCOS - TDK Electronics,CAP FILM 0.1UF 5% 400VDC RADIAL
B32652A4224K000,1,6.45,EPCOS - TDK Electronics,CAP FILM 0.22UF 10% 400VDC RAD
B32651A7472K000,1,6.45,EPCOS - TDK Electronics,CAP FILM 4700PF 10% 1.25KVDC RAD
B32672L8222J289,1,6.45,EPCOS - TDK Electronics,CAP FILM 2200PF 5% 2KVDC RADIAL
B32522C1474K000,1,6.45,EPCOS - TDK Electronics,CAP FILM 0.47UF 10% 100VDC RAD
B32620A4223J289,1,6.53,EPCOS - TDK Electronics,CAP FILM 0.022UF 5% 400VDC RAD
B32620A0472J289,1,6.53,EPCOS - TDK Electronics,CAP FILM 4700PF 5% 1KVDC RADIAL
B32923C3154M000,1,6.53,EPCOS - TDK Electronics,CAP FILM 0.15UF 20% 630VDC RAD
B32620J0222J189,1,6.53,EPCOS - TDK Electronics,CAP FILM 2200PF 5% 1KVDC RADIAL
B32521C3334K189,1,6.62,EPCOS - TDK Electronics,CAP FILM 0.33UF 10% 250VDC RAD
B32922C3333K289,1,6.62,EPCOS - TDK Electronics,CAP FILM 0.033UF 10% 630VDC RAD
B32621A6472J289,1,6.62,EPCOS - TDK Electronics,CAP FILM 4700PF 5% 630VDC RADIAL
B32621A3683J000,1,6.62,EPCOS - TDK Electronics,CAP FILM 0.068UF 5% 250VDC RAD
B32620A4333J000,1,6.62,EPCOS - TDK Electronics,CAP FILM 0.033UF 5% 400VDC RAD
B32651A7222K189,1,6.7,EPCOS - TDK Electronics,CAP FILM 2200PF 10% 1.25KVDC RAD
B32922H3154M,1,6.7,EPCOS - TDK Electronics,CAP FILM 0.15UF 20% 630VDC RAD
B32522N6224J189,1,6.7,EPCOS - TDK Electronics,CAP FILM 0.22UF 5% 450VDC RADIAL
B32521C0684J000,1,6.78,EPCOS - TDK Electronics,CAP FILM 0.68UF 5% 63VDC RADIAL
B32922Q3334K000,1,6.78,EPCOS - TDK Electronics,"FILM CAP MKP X2 - 125C, 0.33UF 1"
B32672Z5334J000,1,6.78,EPCOS - TDK Electronics,CAP FILM 0.33UF 5% 520VDC RADIAL
B32520C1684K000,1,6.86,EPCOS - TDK Electronics,CAP FILM 0.68UF 10% 100VDC RAD
B32672Z5224K189,1,6.95,EPCOS - TDK Electronics,CAP FILM 0.22UF 10% 520VDC RAD
B32671P4154K000,1,6.95,EPCOS - TDK Electronics,CAP FILM 0.15UF 10% 450VDC RAD
B32522C6224K,1,6.95,EPCOS - TDK Electronics,CAP FILM 0.22UF 10% 400VDC RAD
B32922D3334K026,1,6.95,EPCOS - TDK Electronics,FILM CAP MKP X2 0.33UF 10% 305VA
B32682A6222K000,1,6.95,EPCOS - TDK Electronics,CAP FILM 2200PF 10% 630VDC RAD
B32522E6334K000,1,6.95,EPCOS - TDK Electronics,CAP FILM 0.33UF 10% 400VDC RAD
B32922D3334M000,1,6.95,EPCOS - TDK Electronics,CAP FILM 0.33UF 20% 630VDC RAD
B32652J1332J000,1,7.03,EPCOS - TDK Electronics,CAP FILM 3300PF 5% 1.6KVDC RAD
B32620A5154J000,1,7.03,EPCOS - TDK Electronics,CAP FILM 0.15UF 5% 160VDC RADIAL
B32529C3474K000,1,7.11,EPCOS - TDK Electronics,CAP FILM 0.47UF 10% 250VDC RAD
B32620A5104K189,1,7.19,EPCOS - TDK Electronics,CAP FILM 0.1UF 10% 160VDC RADIAL
B32621A5104J000,1,7.19,EPCOS - TDK Electronics,CAP FILM 0.1UF 5% 160VDC RADIAL
B32672L6104K289,1,7.19,EPCOS - TDK Electronics,CAP FILM 0.1UF 10% 630VDC RADIAL
B32672Z6334K000,1,7.19,EPCOS - TDK Electronics,CAP FILM 0.33UF 10% 630VDC RAD
B32932A3104M189,1,7.28,EPCOS - TDK Electronics,CAP FILM 0.1UF 20% 305VAC RADIAL
B32672L8153K000,1,7.28,EPCOS - TDK Electronics,CAP FILM 0.015UF 10% 2KVDC RAD
B32911A3333M000,1,7.36,EPCOS - TDK Electronics,CAP FILM 0.033UF 20% 760VDC RAD
B32522Q8104K189,1,7.36,EPCOS - TDK Electronics,CAP FILM 0.1UF 10% 630VDC RADIAL
B32672L8123K000,1,7.36,EPCOS - TDK Electronics,CAP FILM 0.012UF 10% 2KVDC RAD
B32672L6154K189,1,7.44,EPCOS - TDK Electronics,CAP FILM 0.15UF 10% 630VDC RAD
B32932A3104K189,1,7.53,EPCOS - TDK Electronics,CAP FILM 0.1UF 10% 305VAC RADIAL
B32672L7473J189,1,7.53,EPCOS - TDK Electronics,CAP FILM 0.047UF 5% 1.3KVDC RAD
B32523Q8104K000,1,7.53,EPCOS - TDK Electronics,CAP FILM 0.1UF 10% 630VDC RADIAL
B32672Z5474K000,1,7.69,EPCOS - TDK Electronics,CAP FILM 0.47UF 10% 520VDC RAD
B32522C6334J,1,7.69,EPCOS - TDK Electronics,CAP FILM 0.33UF 5% 400VDC RADIAL
B32922D3334K289,1,7.77,EPCOS - TDK Electronics,CAP FILM 0.33UF 10% 630VDC RAD
B32923C3474M289,1,7.77,EPCOS - TDK Electronics,CAP FILM 0.47UF 20% 630VDC RAD
B32923C3824M289,1,7.77,EPCOS - TDK Electronics,CAP FILM 0.82UF 20% 630VDC RAD
B32923C3474K289,1,7.77,EPCOS - TDK Electronics,CAP FILM 0.47UF 10% 630VDC RAD
B32652A4224K289,1,7.77,EPCOS - TDK Electronics,CAP FILM 0.22UF 10% 400VDC RAD
B32529C0155K000,1,7.86,EPCOS - TDK Electronics,CAP FILM 1.5UF 10% 63VDC RADIAL
B32620A6153K289,1,7.94,EPCOS - TDK Electronics,CAP FILM 0.015UF 10% 630VDC RAD
B32652A6104K289,1,7.94,EPCOS - TDK Electronics,CAP FILM 0.1UF 10% 630VDC RADIAL
B32682A6472K000,1,7.94,EPCOS - TDK Electronics,CAP FILM 4700PF 10% 630VDC RAD
B32652A1153K000,1,7.94,EPCOS - TDK Electronics,CAP FILM 0.015UF 10% 1.6KVDC RAD
B32522C3474K189,1,8.02,EPCOS - TDK Electronics,CAP FILM 0.47UF 10% 250VDC RAD
B81123C1152M189,1,8.02,EPCOS - TDK Electronics,CAP FILM 1500PF 20% 500VAC RAD
B32912A3333M000,1,8.02,EPCOS - TDK Electronics,CAP FILM 0.033UF 20% 760VDC RAD
B32652A4224J189,1,8.02,EPCOS - TDK Electronics,CAP FILM 0.22UF 5% 400VDC RADIAL
B32529C3474K189,1,8.02,EPCOS - TDK Electronics,CAP FILM 0.47UF 10% 250VDC RAD
B32922J3224K,1,8.02,EPCOS - TDK Electronics,CAP FILM 0.22UF 10% 630VDC RAD
B32652A2682K000,1,8.02,EPCOS - TDK Electronics,CAP FILM 6800PF 10% 2KVDC RADIAL
B32652A7333K000,1,8.1,EPCOS - TDK Electronics,CAP FILM 0.033UF 1.25KVDC RADIAL
B32682A0332K000,1,8.19,EPCOS - TDK Electronics,CAP FILM 3300PF 10% 1KVDC RADIAL
B32652A6104J189,1,8.19,EPCOS - TDK Electronics,CAP FILM 0.1UF 5% 630VDC RADIAL
B32672Z4684J000,1,8.19,EPCOS - TDK Electronics,CAP FILM 0.68UF 5% 450VDC RADIAL
B32521C1105K000,1,8.27,EPCOS - TDK Electronics,CAP FILM 1UF 10% 100VDC RADIAL
B32652A4334J189,1,8.35,EPCOS - TDK Electronics,CAP FILM 0.33UF 5% 400VDC RADIAL
B32523Q6224J000,1,8.35,EPCOS - TDK Electronics,CAP FILM 0.22UF 5% 400VDC RADIAL
B32912A3333K000,1,8.35,EPCOS - TDK Electronics,CAP FILM 0.033UF 10% 760VDC RAD
B32672Z6474K189,1,8.35,EPCOS - TDK Electronics,CAP FILM 0.47UF 10% 630VDC RAD
B32652A1223K000,1,8.35,EPCOS - TDK Electronics,CAP FILM 0.022UF 10% 1.6KVDC RAD
B32682A1332K000,1,8.52,EPCOS - TDK Electronics,CAP FILM 3300PF 1.6KVDC RADIAL
B32562J1105K000,1,8.6,EPCOS - TDK Electronics,CAP FILM 1UF 10% 100VDC 2DIP
B32672P4104K000,1,8.6,EPCOS - TDK Electronics,CAP FILM 0.1UF 10% 450VDC RADIAL
B32672P4474J000,1,8.68,EPCOS - TDK Electronics,CAP FILM 0.47UF 5% 450V RADIAL
B32682A7472K000,1,8.68,EPCOS - TDK Electronics,CAP FILM 4700PF 10% 1.25KVDC RAD
B32673P6334K000,1,8.77,EPCOS - TDK Electronics,CAP FILM 0.33UF 10% 630VDC RAD
B32672L1333K000,1,8.77,EPCOS - TDK Electronics,CAP FILM 0.033UF 10% 1.6KVDC RAD
B32523Q6474K000,1,8.77,EPCOS - TDK Electronics,CAP FILM 0.47UF 10% 400VDC RAD
B32529C0155K289,1,8.85,EPCOS - TDK Electronics,CAP FILM 1.5UF 10% 63VDC RADIAL
B32682A6103J000,1,8.85,EPCOS - TDK Electronics,CAP FILM 10000PF 5% 630VDC RAD
B32022A3103M189,1,8.93,EPCOS - TDK Electronics,CAP FILM 10000PF 20% 300VAC RAD
B32682A2102K000,1,8.93,EPCOS - TDK Electronics,CAP FILM 1000PF 10% 2KVDC RADIAL
B32682A6103K000,1,9.01,EPCOS - TDK Electronics,CAP FILM 10000PF 10% 630VDC RAD
B32682A6153K000,1,9.18,EPCOS - TDK Electronics,CAP FILM 0.015UF 10% 630VDC RAD
B32682A2102J000,1,9.26,EPCOS - TDK Electronics,CAP FILM 1000PF 5% 2KVDC RADIAL
B32682A6472K189,1,9.26,EPCOS - TDK Electronics,CAP FILM 4700PF 10% 630VDC RAD
B32522N6474J189,1,9.34,EPCOS - TDK Electronics,CAP FILM 0.47UF 5% 450VDC RADIAL
B32562J3105K289,1,9.43,EPCOS - TDK Electronics,CAP FILM 1UF 10% 250VDC 2DIP
B32522N6684J000,1,9.43,EPCOS - TDK Electronics,CAP FILM 0.68UF 5% 450VDC RADIAL
B32523Q6224K189,1,9.68,EPCOS - TDK Electronics,CAP FILM 0.22UF 10% 400VDC RAD
B32529C0155K189,1,9.76,EPCOS - TDK Electronics,CAP FILM 1.5UF 10% 63VDC RADIAL
B32652A6224J189,1,9.84,EPCOS - TDK Electronics,CAP FILM 0.22UF 5% 630VDC RADIAL
B32922C3683K189,1,9.92,EPCOS - TDK Electronics,CAP FILM 0.068UF 10% 630VDC RAD
B32922C3683K289,1,9.92,EPCOS - TDK Electronics,CAP FILM 0.068UF 10% 630VDC RAD
B32562J3155K000,1,9.92,EPCOS - TDK Electronics,CAP FILM 1.5UF 10% 250VDC 2DIP
B32682A2332K000,1,10.09,EPCOS - TDK Electronics,CAP FILM 3300PF 2KVDC RADIAL
B32912A3154M000,1,10.17,EPCOS - TDK Electronics,CAP FILM 0.15UF 20% 760VDC RAD
B32653A7223K000,1,10.34,EPCOS - TDK Electronics,CAP FILM 0.022UF 1.25KVDC RADIAL
B32682A2102K189,1,10.34,EPCOS - TDK Electronics,CAP FILM 1000PF 10% 2KVDC RADIAL
B32522E6474K289,1,10.42,EPCOS - TDK Electronics,CAP FILM 0.47UF 10% 400VDC RAD
B32653A0473J000,1,10.58,EPCOS - TDK Electronics,CAP FILM 0.047UF 5% 1KVDC RADIAL
B32523Q6474J000,1,10.58,EPCOS - TDK Electronics,CAP FILM 0.47UF 5% 400VDC RADIAL
B32022B3223M289,1,10.83,EPCOS - TDK Electronics,CAP FILM 0.022UF 20% 1.5KVDC RAD
B32923P3824K000,1,10.83,EPCOS - TDK Electronics,"FILM CAP MKP X2 - 125C, 0.82UF 1"
B32923H3564M,1,10.92,EPCOS - TDK Electronics,CAP FILM 0.56UF 20% 630VDC RAD
B32653A0104K000,1,11,EPCOS - TDK Electronics,CAP FILM 0.1UF 10% 1KVDC RADIAL
B32673P6564K000,1,11.08,EPCOS - TDK Electronics,CAP FILM 0.56UF 10% 630VDC RAD
B32683A2472K000,1,11.08,EPCOS - TDK Electronics,CAP FILM 4700PF 10% 2KVDC RADIAL
B32523Q6105J000,1,11.25,EPCOS - TDK Electronics,CAP FILM 1UF 5% 400VDC RADIAL
B32529D0225K189,1,11.41,EPCOS - TDK Electronics,CAP FILM 2.2UF 10% 63VDC RADIAL
B32933A3224K189,1,11.49,EPCOS - TDK Electronics,CAP FILM 0.22UF 10% 305VAC RAD
B32652A4474J189,1,11.66,EPCOS - TDK Electronics,CAP FILM 0.47UF 5% 400VDC RADIAL
B32921C3473M003,1,11.74,EPCOS - TDK Electronics,CAP FILM 0.047UF 630VDC
B32022A3473M003,1,11.74,EPCOS - TDK Electronics,CAP FILM 0.047UF 300VAC RAD
B32923J3684K,1,11.83,EPCOS - TDK Electronics,CAP FILM 0.68UF 10% 630VDC RAD
B32522C1155K289,1,11.91,EPCOS - TDK Electronics,CAP FILM 1.5UF 10% 100VDC RADIAL
B32671P4474M,1,11.99,EPCOS - TDK Electronics,CAP FILM 0.47UF 20% 450VDC RAD
B32933A3334K189,1,12.24,EPCOS - TDK Electronics,CAP FILM 0.33UF 10% 305VAC RAD
B32673Z4105K000,1,12.24,EPCOS - TDK Electronics,CAP FILM 10% 450VDC RADIAL
B32562H6105K000,1,12.32,EPCOS - TDK Electronics,CAP FILM 1UF 10% 400VDC 2DIP
B32653A2822K000,1,12.49,EPCOS - TDK Electronics,CAP FILM 8200PF 10% 2KVDC RADIAL
B32683A0223K000,1,12.9,EPCOS - TDK Electronics,CAP FILM 0.022UF 10% 1KVDC RAD
B32522C3155K189,1,12.98,EPCOS - TDK Electronics,CAP FILM 1.5UF 10% 250VDC RADIAL
B32523Q3225J000,1,12.98,EPCOS - TDK Electronics,CAP FILM 2.2UF 5% 250VDC RADIAL
B32653A0104K189,1,13.23,EPCOS - TDK Electronics,CAP FILM 0.1UF 10% 1KVDC RADIAL
B32032B4563K000,1,13.23,EPCOS - TDK Electronics,CAP FILM 0.056UF 10% 1KVDC RAD
B32520C0225K189,1,13.31,EPCOS - TDK Electronics,CAP FILM 2.2UF 10% 63VDC RADIAL
B32653A0154J000,1,13.31,EPCOS - TDK Electronics,CAP FILM 0.15UF 5% 1KVDC RADIAL
B32562H8224J000,1,13.31,EPCOS - TDK Electronics,CAP FILM 0.22UF 5% 630VDC 2DIP
B32683A0333K000,1,13.48,EPCOS - TDK Electronics,CAP FILM 0.033UF 10% 1KVDC RAD
B32562H3225K000,1,13.48,EPCOS - TDK Electronics,CAP FILM 2.2UF 10% 250VDC 2DIP
B32682A6473J000,1,13.89,EPCOS - TDK Electronics,CAP FILM 0.047UF 5% 630VDC RAD
B32683A7333K000,1,14.06,EPCOS - TDK Electronics,CAP FILM 0.033UF 1.25KVDC RADIAL
B32683A6473J000,1,14.14,EPCOS - TDK Electronics,CAP FILM 0.047UF 5% 630VDC RAD
B32653A1223K189,1,14.22,EPCOS - TDK Electronics,CAP FILM 0.022UF 10% 1.6KVDC RAD
B32653A4105K000,1,14.39,EPCOS - TDK Electronics,CAP FILM 1UF 10% 400VDC RADIAL
B32912A5563M000,1,14.39,EPCOS - TDK Electronics,CAP FILM 0.056
B32672P4105K189,1,14.55,EPCOS - TDK Electronics,CAP FILM 1UF 10% 450VDC RADIAL
B32523Q3225K289,1,14.55,EPCOS - TDK Electronics,CAP FILM 2.2UF 10% 250VDC RADIAL
B32523Q3225K189,1,14.55,EPCOS - TDK Electronics,CAP FILM 2.2UF 10% 250VDC RADIAL
B32924H3684M,1,14.55,EPCOS - TDK Electronics,CAP FILM 0.68UF 20% 630VDC RAD
B32683A1223J000,1,14.64,EPCOS - TDK Electronics,CAP FILM 0.022UF 5% 1.6KVDC RAD
B32673P6105K289,1,14.72,EPCOS - TDK Electronics,CAP FILM 1UF 10% 630VDC RADIAL
B32682A6473K189,1,15.3,EPCOS - TDK Electronics,CAP FILM 0.047UF 10% 630VDC RAD
B32913A3224M000,1,15.55,EPCOS - TDK Electronics,CAP FILM 0.22UF 20% 760VDC RAD
B32924H3105K000,1,15.88,EPCOS - TDK Electronics,CAP FILM 1.5UF 10% 630V RADIAL
B32033A4823M000,1,16.04,EPCOS - TDK Electronics,CAP FILM 0.082UF 20% 1KVDC RAD
B32913A3224K000,1,16.13,EPCOS - TDK Electronics,CAP FILM 0.22UF 10% 760VDC RAD
B32672P4155J000,1,16.46,EPCOS - TDK Electronics,CAP FILM 1.5UF 5% 450VDC RADIAL
B32653A1473K000,1,16.54,EPCOS - TDK Electronics,CAP FILM 0.047UF 10% 1.6KVDC RAD
B32524Q6105K000,1,16.54,EPCOS - TDK Electronics,CAP FILM 1UF 10% 400VDC RADIAL
B32933A3824K000,1,16.62,EPCOS - TDK Electronics,CAP FILM 0.82UF 10% 305VAC RAD
B32653A6474K189,1,16.95,EPCOS - TDK Electronics,CAP FILM 0.47UF 10% 630VDC RAD
B32674D4155J000,1,17.37,EPCOS - TDK Electronics,CAP FILM 1.5UF 5% 450VDC RADIAL
B32924A4474M000,1,17.61,EPCOS - TDK Electronics,CAP FILM 0.47UF 20% 650VDC RAD
B32674D6155K000,1,18.36,EPCOS - TDK Electronics,CAP FILM 1.5UF 10% 630VDC RADIAL
B32684A0683K000,1,18.36,EPCOS - TDK Electronics,CAP FILM 0.068UF 10% 1KVDC RAD
B32654A1683J000,1,19.27,EPCOS - TDK Electronics,CAP FILM 0.068UF 5% 1.6KVDC RAD
B32683A6154J000,1,19.27,EPCOS - TDK Electronics,CAP FILM 0.15UF 5% 630VDC RADIAL
B32562J3335K000,1,19.27,EPCOS - TDK Electronics,CAP FILM 3.3UF 10% 250VDC 2DIP
B32524Q6225J,1,19.43,EPCOS - TDK Electronics,CAP FILM 2.2UF 5% 400VDC RADIAL
B32522C0685K189,1,19.6,EPCOS - TDK Electronics,CAP FILM 6.8UF 10% 63VDC RADIAL
B32933B3105K000,1,19.76,EPCOS - TDK Electronics,CAP FILM 1UF 10% 305VAC RADIAL
B32023A3154M189,1,19.85,EPCOS - TDK Electronics,CAP FILM 0.15UF 20% 1.5KVDC RAD
B32654A2223K000,1,19.85,EPCOS - TDK Electronics,CAP FILM 0.022UF 10% 2KVDC RAD
B32924C3225K189,1,20.01,EPCOS - TDK Electronics,CAP FILM 2.2UF 10% 630VDC RADIAL
B32923H3155M,1,20.26,EPCOS - TDK Electronics,CAP FILM 1.5UF 20% 630VDC RADIAL
B32522C0475J189,1,20.34,EPCOS - TDK Electronics,CAP FILM 4.7UF 5% 63VDC RADIAL
B32673Z4225K000,1,20.51,EPCOS - TDK Electronics,CAP FILM 2.2UF 10% 450VDC RADIAL
B32653A7124J000,1,21.09,EPCOS - TDK Electronics,CAP FILM 0.12UF 5% 1.25KVDC RAD
B32562J1475K000,1,21.83,EPCOS - TDK Electronics,CAP FILM 4.7UF 10% 100VDC 2DIP
B32914A3474K000,1,22.74,EPCOS - TDK Electronics,CAP FILM 0.47UF 10% 760VDC RAD
B32653A0564K000,1,22.91,EPCOS - TDK Electronics,CAP FILM 0.56UF 10% 1KVDC RADIAL
B32653A3225J000,1,23.15,EPCOS - TDK Electronics,CAP FILM 2.2UF 5% 250VDC RADIAL
B32924J3155K,1,25.39,EPCOS - TDK Electronics,CAP FILM 1.5UF 10% 630VDC RADIAL
B32774X9605K000,1,26.13,EPCOS - TDK Electronics,FILM CAP MKP DC FILTERING - 900V
B32914A3474M189,1,26.63,EPCOS - TDK Electronics,CAP FILM 0.47UF 20% 760VDC RAD
B32926C3335K000,1,26.88,EPCOS - TDK Electronics,CAP FILM 3.3UF 10% 630VDC RADIAL
B32936A3105K000,1,28.45,EPCOS - TDK Electronics,CAP FILM 1UF 10% 305VAC RADIAL
B32684A6474K000,1,28.45,EPCOS - TDK Electronics,CAP FILM 0.47UF 630VDC RADIAL
B32674D1225K000,1,28.94,EPCOS - TDK Electronics,CAP FILM 2.2UF 10% 750VDC RADIAL
B32934D3155K000,1,29.77,EPCOS - TDK Electronics,CAP FILM 1.5UF 10% 305VAC RADIAL
B32924J3335M000,1,30.1,EPCOS - TDK Electronics,CAP FILM 3.3UF 20% 630VDC RADIAL
B32654A6155J000,1,30.18,EPCOS - TDK Electronics,CAP FILM 1.5UF 5% 630VDC RADIAL
B32774X1405K000,1,30.85,EPCOS - TDK Electronics,FILM CAP MKP DC FILTERING - 1200
B32926A4105M000,1,30.93,EPCOS - TDK Electronics,CAP FILM 1UF 20% 650VDC RADIAL
B32653A1104J000,1,32.25,EPCOS - TDK Electronics,CAP FILM 0.1UF 5% 1.6KVDC RADIAL
B32524Q8225K000,1,32.42,EPCOS - TDK Electronics,CAP FILM 2.2UF 10% 630VDC RADIAL
B32676E8105K000,1,33.24,EPCOS - TDK Electronics,CAP FILM 1UF 10% 875VDC RADIAL
B32034A4474M000,1,33.41,EPCOS - TDK Electronics,CAP FILM 0.47UF 20% 1KVDC RADIAL
B32774P6475K000,1,33.57,EPCOS - TDK Electronics,CAP FILM 4.7UF 10% 630VDC RADIAL
B32024C3474M000,1,34.57,EPCOS - TDK Electronics,CAP FILM 0.47UF 20% 1.5KVDC RAD
B32774X0705K000,1,34.98,EPCOS - TDK Electronics,FILM CAP MKP DC FILTERING - 1000
B32774X7505K000,1,35.23,EPCOS - TDK Electronics,FILM CAP MKP DC FILTERING - 1100
B32924B4105K000,1,35.64,EPCOS - TDK Electronics,CAP FILM 1UF 10% 650VDC RADIAL
B32714H1505K000,1,36.05,EPCOS - TDK Electronics,"MKP DC FILTERING - 1100VDC, 5UF"
B32654A4335J000,1,36.8,EPCOS - TDK Electronics,CAP FILM 3.3UF 5% 400VDC RADIAL
B32926H3225M,1,37.13,EPCOS - TDK Electronics,CAP FILM 2.2UF 20% 630VDC RADIAL
B32654A6225J000,1,39.2,EPCOS - TDK Electronics,CAP FILM 2.2UF 5% 630VDC RADIAL
B32774P7475K000,1,39.53,EPCOS - TDK Electronics,CAP FILM 4.7UF 10% 700VDC RADIAL
B32674D1335K000,1,39.78,EPCOS - TDK Electronics,CAP FILM 3.3UF 10% 750VDC RADIAL
B32754C4205K000,1,40.27,EPCOS - TDK Electronics,CAP FILM 2UF 10% 800VDC RADIAL
B32936A3225K000,1,40.69,EPCOS - TDK Electronics,CAP FILM 2.2UF 10% 305VAC RADIAL
B32523R0226M000,1,41.35,EPCOS - TDK Electronics,CAP FILM 22UF 20% 63VDC RADIAL
B32686A0154K000,1,42.09,EPCOS - TDK Electronics,CAP FILM 0.15UF 10% 1KVDC RADIAL
B32686A7104K000,1,42.09,EPCOS - TDK Electronics,CAP FILM 0.1UF 10% 1.25KVDC RAD
B32676E6335K000,1,42.09,EPCOS - TDK Electronics,CAP FILM 3.3UF 10% 630VDC RADIAL
B32024A3824M000,1,42.17,EPCOS - TDK Electronics,CAP FILM 0.82UF 20% 1.5KVDC RAD
B32776Y7605K000,1,43.83,EPCOS - TDK Electronics,FILM CAP MKP DC FILTERING - 1100
B32674D4685K000,1,43.83,EPCOS - TDK Electronics,CAP FILM 6.8UF 10% 450VDC RADIAL
B32656A7224J000,1,44.99,EPCOS - TDK Electronics,CAP FILM 0.22UF 5% 1.25KVDC RAD
B32034A4684M000,1,48.21,EPCOS - TDK Electronics,CAP FILM 0.68UF 20% 1KVDC RADIAL
B32656A0684K000,1,48.21,EPCOS - TDK Electronics,CAP FILM 0.68UF 10% 1KVDC RADIAL
B32654A0155K000,1,48.46,EPCOS - TDK Electronics,CAP FILM 1.5UF 10% 1KVDC RADIAL
B32524R0226K000,1,50.77,EPCOS - TDK Electronics,CAP FILM 22UF 10% 63VDC RADIAL
B32656J2104K000,1,51.27,EPCOS - TDK Electronics,CAP FILM 0.1UF 10% 2KVDC RADIAL
B32656T0474K000,1,51.44,EPCOS - TDK Electronics,CAP FILM 0.47UF 10% 1.1KVDC RAD
B32676T1205K000,1,52.59,EPCOS - TDK Electronics,CAP FILM 2UF 10% 750VDC RADIAL
B32656T2104K000,1,54.08,EPCOS - TDK Electronics,CAP FILM 0.1UF 10% 2KVDC RADIAL
B32776Z0146K000,1,56.98,EPCOS - TDK Electronics,FILM CAP MKP DC FILTERING - 1000
B32526T6565K000,1,57.39,EPCOS - TDK Electronics,CAP FILM 5.6UF 10% 400VDC RADIAL
B32686A7224K000,1,58.8,EPCOS - TDK Electronics,CAP FILM 0.22UF 10% 1.25KVDC RAD
B32776Z5256K000,1,60.2,EPCOS - TDK Electronics,FILM CAP MKP DC FILTERING - 600V
B32776Z0166K000,1,60.53,EPCOS - TDK Electronics,FILM CAP MKP DC FILTERING - 1000
B32656T8824K000,1,60.78,EPCOS - TDK Electronics,CAP FILM 0.82UF 10% 850VDC RAD
B32656T0684K000,1,61.61,EPCOS - TDK Electronics,CAP FILM 0.68UF 10% 1KVDC RADIAL
B32776Z7126K000,1,62.1,EPCOS - TDK Electronics,FILM CAP MKP DC FILTERING - 1100
B32674D8305J000,1,62.6,EPCOS - TDK Electronics,CAP FILM 3UF 5% 875VDC RADIAL
B32678G8106K000,1,64.25,EPCOS - TDK Electronics,CAP FILM 10UF 10% 875VDC RADIAL
B32776H0126K000,1,65.99,EPCOS - TDK Electronics,CAP FILM 12UF 10% 920VDC RADIAL
B32776G0126K000,1,66.98,EPCOS - TDK Electronics,CAP FILM 12UF 1.1KVDC RAD 4 LEAD
B32656T7394K000,1,67.81,EPCOS - TDK Electronics,CAP FILM 0.39UF 10% 1.25KVDC RAD
B32914A5155K000,1,68.22,EPCOS - TDK Electronics,CAP FILM 1.5UF 10% 530VAC RADIAL
B32656T2124K000,1,68.47,EPCOS - TDK Electronics,CAP FILM 0.12UF 10% 2KVDC RADIAL
B32756G3126K000,1,69.63,EPCOS - TDK Electronics,CAP FILM 12UF 10% 630VDC RADIAL
B32776P7126K000,1,69.79,EPCOS - TDK Electronics,CAP FILM 12UF 10% 700VDC RADIAL
B32656S8105K566,1,69.96,EPCOS - TDK Electronics,CAP FILM 1UF 10% 850VDC SCREW
B32776P6156K000,1,71.28,EPCOS - TDK Electronics,CAP FILM 15UF 10% 630VDC RADIAL
B32776Z5306K000,1,71.28,EPCOS - TDK Electronics,FILM CAP MKP DC FILTERING - 600V
B32656S0474K564,1,71.78,EPCOS - TDK Electronics,CAP FILM 0.47UF 10% 1KVDC SCREW
B32676G1905K000,1,71.86,EPCOS - TDK Electronics,CAP FILM 9UF 10% 750VDC RADIAL
B32776H0156K000,1,74.59,EPCOS - TDK Electronics,CAP FILM 15UF 10% 920VDC RADIAL
B32778Z0256K000,1,75,EPCOS - TDK Electronics,CAP FILM 25UF 1KVDC RDL 4 LEAD
B32778Z1226K000,1,75,EPCOS - TDK Electronics,CAP FILM 22UF 1.2KVDC RDL 4 LEAD
B32924B4335K000,1,78.23,EPCOS - TDK Electronics,CAP FILM 3.3UF 10% 650VDC RADIAL
B32776T4126K000,1,79.22,EPCOS - TDK Electronics,CAP FILM 12UF 10% 450VDC RADIAL
B32778Z0306K000,1,80.79,EPCOS - TDK Electronics,CAP FILM 30UF 1KVDC RDL 4 LEAD
B32656S0684K565,1,81.62,EPCOS - TDK Electronics,CAP FILM 0.68UF 10% 1KVDC SCREW
B32778Z7206K000,1,82.45,EPCOS - TDK Electronics,CAP FILM 20UF 1.1KVDC RDL 4 LEAD
B32776Z4406K000,1,83.36,EPCOS - TDK Electronics,FILM CAP MKP DC FILTERING - 500V
B32778Z7226K000,1,87.33,EPCOS - TDK Electronics,CAP FILM 22UF 1.1KVDC RDL 4 LEAD
B32676G4156K000,1,87.49,EPCOS - TDK Electronics,CAP FILM 15UF 10% 450VDC RADIAL
B32776E0166K000,1,89.89,EPCOS - TDK Electronics,CAP FILM 16UF 10% 1.1KVDC RADIAL
B32676E3256K000,1,90.05,EPCOS - TDK Electronics,CAP FILM 25UF 10% 300VDC RADIAL
B32776P6226K000,1,90.96,EPCOS - TDK Electronics,CAP FILM 22UF 10% 630VDC RADIAL
B32926A4565M000,1,92.2,EPCOS - TDK Electronics,CAP FILM 5.6UF 20% 650VDC RADIAL
B32778Z5556K000,1,93.61,EPCOS - TDK Electronics,CAP FILM 55UF 600VDC RDL 4 LEAD
B33331V7206J080,1,94.52,EPCOS - TDK Electronics,CAP FILM 20UF 5% 460VAC RADIAL
B32926D3156M000,1,94.85,EPCOS - TDK Electronics,CAP FILM 15UF 20% 630VDC RADIAL
B32776Z4506K000,1,94.93,EPCOS - TDK Electronics,FILM CAP MKP DC FILTERING - 500V
B32778P8276K000,1,95.18,EPCOS - TDK Electronics,CAP FILM 27UF 10% 840VDC RADIAL
B32778Z5606K000,1,97.83,EPCOS - TDK Electronics,CAP FILM 60UF 600VDC RDL 4 LEAD
B32926A4685M000,1,98.65,EPCOS - TDK Electronics,CAP FILM 6.8UF 20% 650VDC RADIAL
B32656S8155K561,1,100.72,EPCOS - TDK Electronics,CAP FILM 1.5UF 10% 850VDC SCREW
B32526T1336K000,1,101.14,EPCOS - TDK Electronics,CAP FILM 33UF 10% 100VDC RADIAL
B32778P8206K000,1,101.38,EPCOS - TDK Electronics,CAP FILM 20UF 10% 840VDC RADIAL
B32926A4475K000,1,102.95,EPCOS - TDK Electronics,CAP FILM 4.7UF 10% 650VDC RADIAL
B32778H0306K000,1,107.5,EPCOS - TDK Electronics,CAP FILM 30UF 10% 920VDC RADIAL
B32778H8566K000,1,109.24,EPCOS - TDK Electronics,CAP FILM 56UF 10% 700VDC RADIAL
B32676G3306K000,1,112.22,EPCOS - TDK Electronics,CAP FILM 30UF 10% 300VDC RADIAL
B32686S7224J565,1,116.93,EPCOS - TDK Electronics,CAP FILM 0.22UF 5% 1.25KVDC SCRW
B32926A4825M000,1,122.39,EPCOS - TDK Electronics,CAP FILM 8.2UF 20% 650VDC RADIAL
B32686S1104K564,1,127.93,EPCOS - TDK Electronics,CAP FILM 0.1UF 10% 1.6KVDC SCREW
B32776E4406J000,1,129,EPCOS - TDK Electronics,CAP FILM 40UF 5% 450VDC RADIAL
B32776G8306J000,1,129.33,EPCOS - TDK Electronics,CAP FILM 30UF 800VDC RAD 4 LEAD
B32718H1306K000,1,136.78,EPCOS - TDK Electronics,"MKP DC FILTERING - 1100VDC, 30UF"
B32758G7556K000,1,146.04,EPCOS - TDK Electronics,CAP FILM 55UF 10% 560VDC RADIAL
B32371A4306J080,1,237.5,EPCOS - TDK Electronics,CAP FILM 30UF 5% 480VAC RADIAL
B32361A2806J050,1,247.01,EPCOS - TDK Electronics,CAP FILM 80UF 5% 250VAC RADIAL
B32361A3706J030,1,250.65,EPCOS - TDK Electronics,CAP FILM 70UF 5% 330VAC RADIAL
B32778G4756K000,1,259.83,EPCOS - TDK Electronics,CAP FILM 75UF 450VDC RAD 4 LEAD
B32361A4306J080,1,269.75,EPCOS - TDK Electronics,CAP FILM 30UF 5% 480VAC RADIAL
B32373A4806J080,1,455.32,EPCOS - TDK Electronics,CAP FILM 80UF 5% 1.2KVDC RADIAL
B25690A1287K101,1,501.29,EPCOS - TDK Electronics,280UF +-10% 1100V PEC MKP DC
B32362A4806J080,1,508.24,EPCOS - TDK Electronics,CAP FILM 80UF 5% 480VAC RADIAL
B25680B1287K201,1,538.75,EPCOS - TDK Electronics,280UF +-10% 1200V PEC MKP DC
B25620B0227K881,1,588.21,EPCOS - TDK Electronics,CAP FILM 220UF 10% 880VDC RADIAL
B25680B1427K101,1,601.77,EPCOS - TDK Electronics,420UF +-10% 1100V PEC MKP DC
B25690A1427K303,1,604.41,EPCOS - TDK Electronics,CAP FILM 420UF 1.3KVDC SCREW
B25680B1427K103,1,633.52,EPCOS - TDK Electronics,420UF +-10% 1100V PEC MKP DC
B32362A4207J080,1,648.16,EPCOS - TDK Electronics,CAP FILM 200UF 5% 480VAC RADIAL
B25680B0607K901,1,720.6,EPCOS - TDK Electronics,600UF +-10% 900V PEC MKP DC
B25620B1667K323,1,828.93,EPCOS - TDK Electronics,CAP FILM 660UF 10% 1.32KVDC RAD
B32373A7157J080,1,1009.37,EPCOS - TDK Electronics,CAP FILM 150UF 5% 1.95KVDC RAD
B25620B1947K103,1,1208.33,EPCOS - TDK Electronics,CAP FILM 940UF 10% 1.1KVDC RAD
B25620B0977K883,1,1220.24,EPCOS - TDK Electronics,CAP FILM 970UF 10% 900VDC RADIAL
B25690A2367K003,1,1530.59,EPCOS - TDK Electronics,CAP FILM 360UF 10% 2KV RADIAL
B32529C0153M189,1,2.15,EPCOS - TDK Electronics,CAP FILM 0.015UF 20% 63VDC RAD
B32529C3332K000,1,2.15,EPCOS - TDK Electronics,CAP FILM 3300PF 10% 250VDC RAD
B32529C6222M000,1,2.32,EPCOS - TDK Electronics,CAP FILM 2200PF 20% 400VDC RAD
B32529C0273K289,1,2.48,EPCOS - TDK Electronics,CAP FILM 0.027UF 10% 63VDC RAD
B32529C0223M189,1,2.48,EPCOS - TDK Electronics,CAP FILM 0.022UF 20% 63VDC RAD
B32529C6152J000,1,2.48,EPCOS - TDK Electronics,CAP FILM 1500PF 5% 400VDC RADIAL
B32529C0563J289,1,2.65,EPCOS - TDK Electronics,CAP FILM 0.056UF 5% 63VDC RADIAL
B32529C0563J189,1,2.65,EPCOS - TDK Electronics,CAP FILM 0.056UF 5% 63VDC RADIAL
B32529C1153K189,1,2.65,EPCOS - TDK Electronics,CAP FILM 0.015UF 10% 100VDC RAD
B32529C3682J189,1,2.98,EPCOS - TDK Electronics,CAP FILM 6800PF 5% 250VDC RADIAL
B32560J6682K000,1,2.73,EPCOS - TDK Electronics,CAP FILM 6800PF 10% 400VDC 2DIP
B32560J3333J000,1,2.81,EPCOS - TDK Electronics,CAP FILM 0.033UF 5% 250VDC 2DIP
B32529C6123J,1,3.47,EPCOS - TDK Electronics,CAP FILM 0.012UF 5% 400VDC RAD
B32921C3153M000,1,3.47,EPCOS - TDK Electronics,CAP FILM 0.015UF 20% 630VDC RAD
B32521C3683K000,1,3.56,EPCOS - TDK Electronics,CAP FILM 0.068UF 10% 250VDC RAD
B32529C8682J000,1,3.97,EPCOS - TDK Electronics,CAP FILM 6800PF 5% 630VDC RADIAL
B32922C3223K000,1,4.05,EPCOS - TDK Electronics,CAP FILM 0.022UF 10% 630VDC RAD
B32641H0222J000,1,4.38,EPCOS - TDK Electronics,2.2NF 5% 1000V MMKP BOXED
B32672L8222K000,1,4.38,EPCOS - TDK Electronics,CAP FILM 2200PF 10% 2KVDC RADIAL
B32671L1222K189,1,4.96,EPCOS - TDK Electronics,CAP FILM 2200PF 10% 1.6KVDC RAD
B32672L8122K000,1,4.47,EPCOS - TDK Electronics,CAP FILM 1200PF 10% 2KVDC RADIAL
B32520C1154J189,1,4.55,EPCOS - TDK Electronics,CAP FILM 0.15UF 5% 100VDC RADIAL
B32521C3683K289,1,4.63,EPCOS - TDK Electronics,CAP FILM 0.068UF 10% 250VDC RAD
B32671L9682J000,1,4.71,EPCOS - TDK Electronics,CAP FILM 6800PF 5% 1KVDC RADIAL
B32641H6682J000,1,4.71,EPCOS - TDK Electronics,6.8NF 5% 630V MMKP BOXED
B32672L8562K000,1,4.71,EPCOS - TDK Electronics,CAP FILM 5600PF 10% 2KVDC RADIAL
B32522N6104M000,1,4.8,EPCOS - TDK Electronics,CAP FILM 0.1UF 20% 450VDC RADIAL
B32922M3104K000,1,4.96,EPCOS - TDK Electronics,0.10UF  10%  305VAC MKP SUPPRESS
B32671L9223J000,1,5.21,EPCOS - TDK Electronics,CAP FILM 0.022UF 5% 1KVDC RADIAL
B32620A6332J000,1,5.29,EPCOS - TDK Electronics,CAP FILM 3300PF 5% 630VDC RADIAL
B32701P4474K000,1,5.29,EPCOS - TDK Electronics,0.47UF 10% 450V MKP WOUND BOXED
B32641H6123J000,1,5.38,EPCOS - TDK Electronics,12NF  5%  630V  MMKP BOXED
B32642H8332J000,1,5.38,EPCOS - TDK Electronics,3.3NF 5% 2000V MMKP BOXED
B32021A3152M189,1,5.95,EPCOS - TDK Electronics,CAP FILM 1500PF 20% 300VAC RAD
B32642H1472J000,1,5.46,EPCOS - TDK Electronics,4.7NF 5% 1600V MMKP BOXED
B32642H0103J000,1,5.46,EPCOS - TDK Electronics,10NF 5% 1000V MMKP BOXED
B32642H1682J000,1,5.54,EPCOS - TDK Electronics,6.8NF 5% 1600V MMKP BOXED
B32641H6153J000,1,5.54,EPCOS - TDK Electronics,15NF  5%  630V  MMKP BOXED
B32642H0123J000,1,5.62,EPCOS - TDK Electronics,12NF  5%  1000V  MMKP BOXED
B32702P4684K000,1,5.62,EPCOS - TDK Electronics,0.68UF 10% 450V MKP WOUND BOXED
B32641H6183J000,1,5.62,EPCOS - TDK Electronics,18NF  5%  630V  MMKP BOXED
B32642H0153J000,1,5.71,EPCOS - TDK Electronics,15NF  5%  1000V  MMKP BOXED
B32642H8472J000,1,5.71,EPCOS - TDK Electronics,4.7NF 5% 2000V MMKP BOXED
B32642H1103J000,1,5.71,EPCOS - TDK Electronics,10NF  5%  1600V  MMKP BOXED
B32620J0222J000,1,5.79,EPCOS - TDK Electronics,CAP FILM 2200PF 5% 1KVDC RADIAL
B32642H6223J000,1,5.79,EPCOS - TDK Electronics,22NF 5% 630V MMKP BOXED
B32521C3154K289,1,5.87,EPCOS - TDK Electronics,CAP FILM 0.15UF 10% 250VDC RAD
B32621A4153J000,1,5.95,EPCOS - TDK Electronics,CAP FILM 0.015UF 5% 400VDC RAD
B32620A3683K000,1,5.95,EPCOS - TDK Electronics,CAP FILM 0.068UF 10% 250VDC RAD
B32620A4103J289,1,5.95,EPCOS - TDK Electronics,CAP FILM 10000PF 5% 400VDC RAD
B32642H1123J000,1,6.04,EPCOS - TDK Electronics,12NF  5%  1600V  MMKP BOXED
B32652A1722J000,1,6.12,EPCOS - TDK Electronics,CAP FILM 7200PF 5% 1.6KVDC RAD
B32621A5473J000,1,6.2,EPCOS - TDK Electronics,CAP FILM 0.047UF 5% 160VDC RAD
B32701P4684K000,1,6.28,EPCOS - TDK Electronics,0.68UF 10% 450V MKP WOUND BOXED
B32641H6223J000,1,6.28,EPCOS - TDK Electronics,22NF  5%  630V  MMKP BOXED
B32922H3104K000,1,6.28,EPCOS - TDK Electronics,CAP FILM 0.1UF 10% 630VDC RADIAL
B32642H1153J000,1,6.45,EPCOS - TDK Electronics,15NF  5%  1600V  MMKP BOXED
B32529E6104K189,1,6.45,EPCOS - TDK Electronics,CAP FILM 0.1UF 10% 400VDC RADIAL
B32641H0682J000,1,6.53,EPCOS - TDK Electronics,6.8NF 5% 1000V MMKP BOXED
B32641H6273J000,1,6.62,EPCOS - TDK Electronics,27NF  5%  630V  MMKP BOXED
B32702P4105K000,1,6.7,EPCOS - TDK Electronics,1.0UF 10% 450V MKP WOUND BOXED
B32642H6393J000,1,6.7,EPCOS - TDK Electronics,39NF 5% 630V MMKP BOXED
B32621A6153J000,1,6.7,EPCOS - TDK Electronics,CAP FILM 0.015UF 5% 630VDC RAD
B32671L6333K289,1,6.7,EPCOS - TDK Electronics,CAP FILM 0.033UF 10% 630VDC RAD
B32642H0223J000,1,6.86,EPCOS - TDK Electronics,22NF  5%  1000V  MMKP BOXED
B32562J6224K189,1,7.28,EPCOS - TDK Electronics,CAP FILM 0.22UF 10% 400VDC 2DIP
B32642H8682J000,1,6.95,EPCOS - TDK Electronics,6.8NF 5% 2000V MMKP BOXED
B32672L1153K289,1,6.95,EPCOS - TDK Electronics,CAP FILM 0.015UF 10% 1.6KVDC RAD
B32642H6473J000,1,7.03,EPCOS - TDK Electronics,47NF 5% 630V MMKP BOXED
B32922N3334M000,1,7.11,EPCOS - TDK Electronics,0.33UF  20%  305VAC MKP SUPPRESS
B32642H1223J000,1,7.19,EPCOS - TDK Electronics,22NF  5%  1600V  MMKP BOXED
B32701P4105K000,1,7.19,EPCOS - TDK Electronics,1.0UF 10% 450V MKP WOUND BOXED
B32652A0473K189,1,7.36,EPCOS - TDK Electronics,CAP FILM 0.047UF 10% 1KVDC RAD
B32642H8822J000,1,7.44,EPCOS - TDK Electronics,8.2NF 5% 2000V MMKP BOXED
B32641H6333J000,1,7.44,EPCOS - TDK Electronics,33NF 5% 630V MMKP BOXED
B32672Z6474K000,1,7.44,EPCOS - TDK Electronics,CAP FILM 0.47UF 10% 630VDC RAD
B32672L8123J000,1,7.61,EPCOS - TDK Electronics,CAP FILM 0.012UF 5% 2KVDC RADIAL
B32922M3474M000,1,7.86,EPCOS - TDK Electronics,0.47UF  20%  305VAC MKP SUPPRESS
B32520C0105K289,1,8.02,EPCOS - TDK Electronics,CAP FILM 1UF 10% 63VDC RADIAL
B32642H0333J000,1,8.02,EPCOS - TDK Electronics,33NF  5%  1000V  MMKP BOXED
B32643H8103J000,1,8.02,EPCOS - TDK Electronics,10NF 5% 2000V MMKP BOXED
B32562J6224K289,1,8.1,EPCOS - TDK Electronics,CAP FILM 0.22UF 10% 400VDC 2DIP
B32642H8103J000,1,8.1,EPCOS - TDK Electronics,10NF 5% 2000V MMKP BOXED
B81141C1103M000,1,8.19,EPCOS - TDK Electronics,CAP FILM 10000PF 20% 440VAC RAD
B32643H8123J000,1,8.19,EPCOS - TDK Electronics,12NF 5% 2000V MMKP BOXED
B32912A3473M189,1,10.83,EPCOS - TDK Electronics,CAP FILM 0.047UF 20% 760VDC RAD
B32672Z4684K000,1,8.19,EPCOS - TDK Electronics,CAP FILM 0.68UF 10% 450VDC RAD
B32702P4155K000,1,8.27,EPCOS - TDK Electronics,1.5UF 10% 450V MKP WOUND BOXED
B32923C3224K289,1,8.27,EPCOS - TDK Electronics,CAP FILM 0.22UF 10% 630VDC RAD
B32522N6474K189,1,9.92,EPCOS - TDK Electronics,CAP FILM 0.47UF 10% 450VDC RAD
B32672P4334K000,1,8.35,EPCOS - TDK Electronics,CAP FILM 0.33UF 10% 450VDC RAD
B32641H6393J000,1,8.35,EPCOS - TDK Electronics,39NF 5% 630V MMKP BOXED
B32643H1223J000,1,8.35,EPCOS - TDK Electronics,22NF 5% 1600V MMKP BOXED
B32642H6683J000,1,8.35,EPCOS - TDK Electronics,68NF 5% 630V MMKP BOXED
B32641H0123J000,1,8.43,EPCOS - TDK Electronics,12NF 5% 1000V MMKP BOXED
B32642H8123J000,1,8.43,EPCOS - TDK Electronics,12NF 5% 2000V MMKP BOXED
B32642H0473J000,1,8.77,EPCOS - TDK Electronics,47NF  5%  1000V  MMKP BOXED
B32642H8153J000,1,8.85,EPCOS - TDK Electronics,15NF 5% 2000V MMKP BOXED
B32643H6683J000,1,8.93,EPCOS - TDK Electronics,68NF 5% 630V MMKP BOXED
B32643H6823J000,1,9.01,EPCOS - TDK Electronics,82NF 5% 630V MMKP BOXED
B32932A3224M289,1,9.1,EPCOS - TDK Electronics,CAP FILM 0.22UF 20% 305VAC RAD
B32652A7333J289,1,9.26,EPCOS - TDK Electronics,CAP FILM 0.033UF 5% 1.25KVDC RAD
B32642H8183J000,1,9.26,EPCOS - TDK Electronics,18NF 5% 2000V MMKP BOXED
B32643H8223J000,1,9.51,EPCOS - TDK Electronics,22NF 5% 2000V MMKP BOXED
B32523Q3105K289,1,9.59,EPCOS - TDK Electronics,CAP FILM 1UF 10% 250VDC RADIAL
B32642B0393J,1,9.59,EPCOS - TDK Electronics,CAP FILM 0.039UF 5% 1KVDC RADIAL
B32643H0563J000,1,9.68,EPCOS - TDK Electronics,56NF 5% 1000V MMKP BOXED
B32643H1393J000,1,9.84,EPCOS - TDK Electronics,39NF 5% 1600V MMKP BOXED
B32912H4104M000,1,9.92,EPCOS - TDK Electronics,0.10UF  20%  480VAC MKP SUPPRESS
B32703P4225K000,1,10.09,EPCOS - TDK Electronics,2.2UF 10% 450V MKP WOUND BOXED
B32653A0333J000,1,10.09,EPCOS - TDK Electronics,CAP FILM 0.033UF 5% 1KVDC RADIAL
B32701P4155K000,1,10.09,EPCOS - TDK Electronics,1.5UF 10% 450V MKP WOUND BOXED
B32652A0154K000,1,10.17,EPCOS - TDK Electronics,CAP FILM 0.15UF 10% 1KVDC RADIAL
B32641H6473J000,1,10.25,EPCOS - TDK Electronics,47NF  5%  630V  MMKP BOXED
B32641H0153J000,1,10.25,EPCOS - TDK Electronics,15NF 5% 1000V MMKP BOXED
B32642H0683J000,1,10.34,EPCOS - TDK Electronics,68NF  5%  1000V  MMKP BOXED
B32642H1333J000,1,10.34,EPCOS - TDK Electronics,33NF  5%  1600V  MMKP BOXED
B32560J1155K000,1,10.34,EPCOS - TDK Electronics,CAP FILM 1.5UF 10% 100VDC 2DIP
B32672Z5684K000,1,10.42,EPCOS - TDK Electronics,CAP FILM 0.68UF 10% 520VDC RAD
B32642H6104J000,1,10.58,EPCOS - TDK Electronics,0.10UF 5% 630V MMKP BOXED
B32642H8223J000,1,10.58,EPCOS - TDK Electronics,22NF 5% 2000V MMKP BOXED
B32643H1563J000,1,11.08,EPCOS - TDK Electronics,56NF 5% 1600V MMKP BOXED
B32643H0823J000,1,11.16,EPCOS - TDK Electronics,82NF 5% 1000V MMKP BOXED
B32653A2682K000,1,11.33,EPCOS - TDK Electronics,CAP FILM 6800PF 10% 2KVDC RADIAL
B32022A3333M189,1,11.58,EPCOS - TDK Electronics,CAP FILM 0.033UF 20% 300VAC RAD
B32652A4684K189,1,14.06,EPCOS - TDK Electronics,CAP FILM 0.68UF 10% 400VDC RAD
B32923M3105M000,1,11.74,EPCOS - TDK Electronics,1.0UF  20%  305VAC MKP SUPPRESSI
B32022A3223M289,1,11.91,EPCOS - TDK Electronics,CAP FILM 0.022UF 20% 300VAC RAD
B32022B3223K289,1,12.07,EPCOS - TDK Electronics,CAP FILM 0.022UF 10% 300VAC RAD
B32701P4225K000,1,12.16,EPCOS - TDK Electronics,2.2UF 10% 450V MKP WOUND BOXED
B32522Q1225K000,1,12.4,EPCOS - TDK Electronics,CAP FILM 2.2UF 10% 100VDC RADIAL
B32642H0823J000,1,12.4,EPCOS - TDK Electronics,82NF  5%  1000V  MMKP BOXED
B32653A1103K289,1,12.49,EPCOS - TDK Electronics,CAP FILM 10000PF 10% 1.6KVDC RAD
B32643H0104J000,1,12.98,EPCOS - TDK Electronics,0.10UF 5% 1000V MMKP BOXED
B32642H8273J000,1,12.98,EPCOS - TDK Electronics,27NF 5% 2000V MMKP BOXED
B32642H1563J000,1,12.98,EPCOS - TDK Electronics,56NF 5% 1600V MMKP BOXED
B32913H4224K000,1,12.98,EPCOS - TDK Electronics,0.22UF  10%  480VAC MKP SUPPRESS
B32642H6154J000,1,13.23,EPCOS - TDK Electronics,0.15UF 5% 630V MMKP BOXED
B32653A4684J000,1,13.73,EPCOS - TDK Electronics,CAP FILM 0.68UF 5% 400VDC RADIAL
B32643H1823J000,1,13.81,EPCOS - TDK Electronics,82NF 5% 1600V MMKP BOXED
B32923M3155M000,1,14.14,EPCOS - TDK Electronics,1.5UF  20%  305VAC MKP SUPPRESSI
B32912A5563M,1,14.39,EPCOS - TDK Electronics,CAP FILM 0.056UF 20% 1KVDC RAD
B32643H1104J000,1,14.55,EPCOS - TDK Electronics,0.10UF 5% 1600V MMKP BOXED
B32521C0335K189,1,14.64,EPCOS - TDK Electronics,CAP FILM 3.3UF 10% 63VDC RADIAL
B32643H0154J000,1,14.72,EPCOS - TDK Electronics,0.15UF 5% 1000V MMKP BOXED
B32643B6224K000,1,15.22,EPCOS - TDK Electronics,0.22UF  10%  630V  MMKP  WOUND B
B32653A2153K000,1,15.88,EPCOS - TDK Electronics,CAP FILM 0.015UF 10% 2KVDC RAD
B32643H8683J000,1,15.96,EPCOS - TDK Electronics,68NF 5% 2000V MMKP BOXED
B32923M3185M000,1,16.13,EPCOS - TDK Electronics,1.8UF  20%  305VAC MKP SUPPRESSI
B32562H6155K000,1,16.37,EPCOS - TDK Electronics,CAP FILM 1.5UF 10% 400VDC 2DIP
B32643H8823J000,1,16.54,EPCOS - TDK Electronics,82NF 5% 2000V MMKP BOXED
B32673Z5155K000,1,16.54,EPCOS - TDK Electronics,CAP FILM 1.5UF 10% 520VDC RADIAL
B32023A3104M289,1,16.62,EPCOS - TDK Electronics,CAP FILM 0.1UF 20% 1.5KVDC RAD
B32523Q1335J000,1,16.79,EPCOS - TDK Electronics,CAP FILM 3.3UF 5% 100VDC RADIAL
B32933A3824K189,1,17.12,EPCOS - TDK Electronics,CAP FILM 0.82UF 10% 305VAC RAD
B32673Z6225K000,1,17.28,EPCOS - TDK Electronics,CAP FILM 2.2UF 10% 630VDC RADIAL
B32774P8105K000,1,17.37,EPCOS - TDK Electronics,CAP FILM 1UF 10% 840VDC RADIAL
B32653A6474K289,1,18.28,EPCOS - TDK Electronics,CAP FILM 0.47UF 10% 630VDC RAD
B32524Q3225K189,1,21.83,EPCOS - TDK Electronics,CAP FILM 2.2UF 10% 250VDC RADIAL
B32684A0683K,1,18.36,EPCOS - TDK Electronics,CAP FILM 0.068UF 1KVDC RADIAL
B32654A4105K000,1,18.52,EPCOS - TDK Electronics,CAP FILM 1UF 10% 400VDC RADIAL
B32684A1473K000,1,18.61,EPCOS - TDK Electronics,CAP FILM 0.047UF 1.6KVDC RAD
B32523Q1475J000,1,19.85,EPCOS - TDK Electronics,CAP FILM 4.7UF 5% 100VDC RADIAL
B32913H4474K000,1,20.09,EPCOS - TDK Electronics,0.47UF  10%  480VAC MKP SUPPRESS
B32023B3224M000,1,20.84,EPCOS - TDK Electronics,CAP FILM 0.22UF 20% 1.5KVDC RAD
B32653A8103J189,1,20.92,EPCOS - TDK Electronics,CAP FILM 10000PF 5% 2KVDC RADIAL
B32654A3155J000,1,20.92,EPCOS - TDK Electronics,CAP FILM 1.5UF 5% 250VDC RADIAL
B32643H8104J000,1,21.58,EPCOS - TDK Electronics,0.10UF 5% 2000V MMKP BOXED
B32924M3335M000,1,22.08,EPCOS - TDK Electronics,3.30UF  20%  305VAC MKP SUPPRESS
B32643H8124J000,1,22.24,EPCOS - TDK Electronics,0.12UF 5% 2000V MMKP BOXED
B32924M3335K000,1,22.91,EPCOS - TDK Electronics,3.30UF  10%  305VAC MKP SUPPRESS
B32654A2333K000,1,23.57,EPCOS - TDK Electronics,CAP FILM 0.033UF 10% 2KVDC RAD
B32654A4155J000,1,23.9,EPCOS - TDK Electronics,CAP FILM 1.5UF 5% 400VDC RADIAL
B32674D1155K000,1,23.9,EPCOS - TDK Electronics,CAP FILM 1.5UF 10% 750VDC RADIAL
B32643H1224J000,1,24.23,EPCOS - TDK Electronics,0.22UF 5% 1600V MMKP BOXED
B32563J3475J000,1,24.39,EPCOS - TDK Electronics,CAP FILM 4.7UF 5% 250VDC 2DIP
B32653A0564J000,1,25.14,EPCOS - TDK Electronics,CAP FILM 0.56UF 5% 1KVDC RADIAL
B32643H0394J000,1,25.22,EPCOS - TDK Electronics,0.39UF 5% 1000V MMKP BOXED
B81141C1104K000,1,25.47,EPCOS - TDK Electronics,CAP FILM 0.1UF 10% 440VAC RADIAL
B32524Q3475K189,1,25.47,EPCOS - TDK Electronics,CAP FILM 4.7UF 10% 250VDC RADIAL
B32924M3475M000,1,27.29,EPCOS - TDK Electronics,4.70UF  20%  305VAC MKP SUPPRESS
B32654A4225K189,1,32.5,EPCOS - TDK Electronics,CAP FILM 2.2UF 10% 400VDC RADIAL
B32926M3225K000,1,28.61,EPCOS - TDK Electronics,2.2UF  10%  305VAC  MKP  SUPPRES
B32914A3155M000,1,29.6,EPCOS - TDK Electronics,CAP FILM 1.5UF 20% 760VDC RADIAL
B81141C1224M000,1,31.92,EPCOS - TDK Electronics,CAP FILM 0.22UF 20% 440VAC RAD
B32523Q1106K189,1,32.09,EPCOS - TDK Electronics,CAP FILM 10UF 10% 100VDC RADIAL
B32774D8505J000,1,34.65,EPCOS - TDK Electronics,CAP FILM 5UF 5% 800VDC RADIAL
B32926M3475M000,1,35.39,EPCOS - TDK Electronics,"4,7UF  20%  305VAC  MKP  SUPPRES"
B32523Q1156K000,1,37.3,EPCOS - TDK Electronics,CAP FILM 15UF 10% 100VDC RADIAL
B32914A5564M000,1,38.29,EPCOS - TDK Electronics,CAP FILM 0.56UF 20% 1KVDC RADIAL
B32916H4155K000,1,39.11,EPCOS - TDK Electronics,1.50UF  10%  480VAC MKP SUPPRESS
B32674D4565K000,1,39.78,EPCOS - TDK Electronics,CAP FILM 5.6UF 10% 450VDC RADIAL
B32524Q6685J,1,40.02,EPCOS - TDK Electronics,CAP FILM 6.8UF 5% 400VDC RADIAL
B32936A3225M000,1,40.93,EPCOS - TDK Electronics,CAP FILM 2.2UF 20% 305VAC RADIAL
B32656A7224K000,1,43.17,EPCOS - TDK Electronics,CAP FILM 0.22UF 10% 1.25KVDC RAD
B32914B5105K000,1,43.41,EPCOS - TDK Electronics,CAP FILM 1UF 10% 1KVDC RADIAL
B32776P8106K000,1,43.83,EPCOS - TDK Electronics,CAP FILM 10UF 10% 840VDC RADIAL
B32674D4755K000,1,47.8,EPCOS - TDK Electronics,CAP FILM 7.5UF 10% 450VDC RADIAL
B32036A4824M000,1,48.79,EPCOS - TDK Electronics,CAP FILM 0.82UF 20% 1KVDC RADIAL
B32916H4225M000,1,49.04,EPCOS - TDK Electronics,2.20UF  20%  480VAC MKP SUPPRESS
B32756G2106J000,1,50.28,EPCOS - TDK Electronics,CAP FILM 10UF 5% 500VDC RADIAL
B32524R3156K000,1,51.93,EPCOS - TDK Electronics,CAP FILM 15UF 10% 250VDC RADIAL
B32716H8156K000,1,54.33,EPCOS - TDK Electronics,"MKP DC FILTERING - 800VDC, 15F 1"
B32916H4275K000,1,58.38,EPCOS - TDK Electronics,2.70UF  10%  480VAC MKP SUPPRESS
B32776H7685K000,1,60.78,EPCOS - TDK Electronics,CAP FILM 6.8UF 10% 1.6KVDC RAD
B32676G6685K000,1,61.77,EPCOS - TDK Electronics,CAP FILM 6.8UF 10% 630VDC RADIAL
B32676G6825K000,1,82.45,EPCOS - TDK Electronics,CAP FILM 8.2UF 10% 630VDC RADIAL
B32526R3336K000,1,90.05,EPCOS - TDK Electronics,CAP FILM 33UF 10% 250VDC RADIAL
B32776G5306K000,1,92.54,EPCOS - TDK Electronics,CAP FILM 30UF 575VDC RAD 4 LEAD
B32676G6126K000,1,92.54,EPCOS - TDK Electronics,CAP FILM 12UF 10% 630VDC RADIAL
B32776G1106J000,1,121.56,EPCOS - TDK Electronics,CAP FILM 10UF 1.3KVDC RAD 4 LEAD
B32778P7306K000,1,123.05,EPCOS - TDK Electronics,CAP FILM 30UF 10% 700VDC RADIAL
B32928A4825K000,1,123.38,EPCOS - TDK Electronics,CAP FILM 8.2UF 10% 650VDC RADIAL
B32778G5806J000,1,162.74,EPCOS - TDK Electronics,CAP FILM 80UF 575VDC RAD 4 LEAD
B32776E4506K000,1,166.05,EPCOS - TDK Electronics,CAP FILM 50UF 10% 450VDC RADIAL
B32778P6356K000,1,166.96,EPCOS - TDK Electronics,CAP FILM 35UF 10% 630VDC RADIAL
B25654A5207K001,1,429.6,EPCOS - TDK Electronics,XEVCAP _TYPE A0_200UF_500V_LEAD
B25631A1107K100,1,434.06,EPCOS - TDK Electronics,CAP FILM 100UF 10% 1.1KVDC RAD
B32373A2307J050,1,475.41,EPCOS - TDK Electronics,CAP FILM 300UF 5% 250VAC RADIAL
B25654A5277K001,1,497.49,EPCOS - TDK Electronics,XEVCAP _TYPE C0_270UF_500V_LEAD
B25620B0357K881,1,635.92,EPCOS - TDK Electronics,CAP FILM 350UF 10% 880VDC RADIAL
B32362A2407J050,1,681.24,EPCOS - TDK Electronics,CAP FILM 400UF 5% 250VAC RADIAL
B25695E1607K203,1,935.77,EPCOS - TDK Electronics,600UF +-10% 1200V PEC MKP DC
B25695E0118K903,1,1133.41,EPCOS - TDK Electronics,1150UF +-10% 900V PEC MKP DC
B32529C1102M289,1,2.32,EPCOS - TDK Electronics,CAP FILM 1000PF 20% 100VDC RAD
B32922X2104K000,1,2.81,EPCOS - TDK Electronics,"FILM CAP MKP X2 - COMPACT, 0.1UF"
B32921Y2104K000,1,3.14,EPCOS - TDK Electronics,"FILM CAP MKP X2 - COMPACT, 0.1UF"
B32921X2393K000,1,3.39,EPCOS - TDK Electronics,"FILM CAP MKP X2 - COMPACT, 0.039"
B32922X2224M000,1,4.13,EPCOS - TDK Electronics,"FILM CAP MKP X2 - COMPACT, 0.22U"
B32922Y2224K000,1,4.3,EPCOS - TDK Electronics,"FILM CAP MKP X2 - COMPACT, 0.22U"
B32922X2474M000,1,4.96,EPCOS - TDK Electronics,"FILM CAP MKP X2 - COMPACT, 0.47U"
B32922Y2474K000,1,5.13,EPCOS - TDK Electronics,"FILM CAP MKP X2 - COMPACT, 0.47U"
B32922X2684K000,1,6.2,EPCOS - TDK Electronics,"FILM CAP MKP X2 - COMPACT, 0.68U"
B32923X2334K000,1,6.45,EPCOS - TDK Electronics,"FILM CAP MKP X2 - COMPACT, 0.33U"
B32923X2474K000,1,6.78,EPCOS - TDK Electronics,"FILM CAP MKP X2 - COMPACT, 0.47U"
B32923X2684K000,1,7.36,EPCOS - TDK Electronics,"FILM CAP MKP X2 - COMPACT, 0.68U"
B32923X2105K000,1,8.19,EPCOS - TDK Electronics,"FILM CAP MKP X2 - COMPACT, 1UF 1"
B32682A2222K000,1,9.43,EPCOS - TDK Electronics,CAP FILM 2200PF 2KVDC RADIAL
B32683A0473K000,1,15.79,EPCOS - TDK Electronics,CAP FILM 0.047UF 10% 1KVDC RAD
B32684A6334K000,1,24.48,EPCOS - TDK Electronics,CAP FILM 0.33UF 630VDC RADIAL
B32320I4206K000,1,43.99,EPCOS - TDK Electronics,20MFD 450V PP 35X53 PBT 5 PIN
B32320I0955K000,1,50.94,EPCOS - TDK Electronics,9.5MFD 1100V PP 35X53 PBT 5 PIN
B32320I4276K000,1,59.87,EPCOS - TDK Electronics,27MFD 450V PP 35X53 PBT 5 PIN
B32320I0306K000,1,66.4,EPCOS - TDK Electronics,30MFD 1100V PP 50X57 PBT 5 PIN
B32676G4106K000,1,74.18,EPCOS - TDK Electronics,CAP FILM 10UF 10% 450VDC RADIAL
B32320I8117K000,1,107.92,EPCOS - TDK Electronics,110MFD 800V PP 50X95 PBT 5 PIN
B32320I8207K000,1,152.82,EPCOS - TDK Electronics,200MFD 800V PP 60X120 PBT 5 PIN
B32320I4207K000,1,156.62,EPCOS - TDK Electronics,200MFD 450V PP 50X95 PBT 5 PIN
B32320I4267K000,1,175.48,EPCOS - TDK Electronics,260MFD 450V PP 50X120 PBT 5 PIN
B32922C3224M289,1,4.96,EPCOS - TDK Electronics,CAP FILM 0.22UF 20% 630VDC RAD
B32652A6104J000,1,5.54,EPCOS - TDK Electronics,CAP FILM 0.1UF 5% 630VDC RADIAL
B32923C3684M000,1,6.12,EPCOS - TDK Electronics,CAP FILM 0.68UF 20% 630VDC RAD
B32021A3103M289,1,6.28,EPCOS - TDK Electronics,CAP FILM 10000PF 20% 1.5KVDC RAD
B32912A3104M000,1,7.94,EPCOS - TDK Electronics,CAP FILM 0.1UF 20% 760VDC RADIAL
B32774D8505K000,1,30.27,EPCOS - TDK Electronics,CAP FILM 5UF 10% 800VDC RADIAL
B32776G1126K000,1,109.82,EPCOS - TDK Electronics,CAP FILM 12UF 1.3KVDC RAD 4 LEAD
B32778G1206K000,1,146.04,EPCOS - TDK Electronics,CAP FILM 20UF 1.3KVDC RAD 4 LEAD
B32778G8456K000,1,161.92,EPCOS - TDK Electronics,CAP FILM 45UF 800VDC RAD 4 LEAD
B32371A2107J050,1,248.17,EPCOS - TDK Electronics,CAP FILM 100UF 5% 675VDC RADIAL
B25690A1307K201,1,405.78,EPCOS - TDK Electronics,CAP FILM 300UF 10% 1.2KV RADIAL
B25667C4467A375,1,1149.21,EPCOS - TDK Electronics,CAP FILM 154UF -5% +10% 440VAC
B32378A6706J000,1,1276.06,EPCOS - TDK Electronics,CAP FILM 70UF 5% 1.5KVDC RADIAL
B25645A1108K003,1,4118.19,EPCOS - TDK Electronics,MODULAR DCR 1025UF - 1800V - 115
B25647A1887K003,1,4652.56,EPCOS - TDK Electronics,MODULAR DCR HF 880UF-1350V-170A
B32529C0104K000,1,2.07,EPCOS - TDK Electronics,CAP FILM 0.1UF 10% 63VDC RADIAL
B32529C3223K189,1,2.65,EPCOS - TDK Electronics,CAP FILM 0.022UF 10% 250VDC RAD
B32529C0224K189,1,2.98,EPCOS - TDK Electronics,CAP FILM 0.22UF 10% 63VDC RADIAL
B32529C0334K000,1,3.64,EPCOS - TDK Electronics,CAP FILM 0.33UF 10% 63VDC RADIAL
B32529C8222J000,1,3.72,EPCOS - TDK Electronics,CAP FILM 2200PF 5% 630VDC RADIAL
B32921C3223M289,1,4.13,EPCOS - TDK Electronics,CAP FILM 0.022UF 20% 630VDC RAD
B32922C3154K000,1,4.22,EPCOS - TDK Electronics,CAP FILM 0.15UF 10% 630VDC RAD
B32529C1334J000,1,4.22,EPCOS - TDK Electronics,CAP FILM 0.33UF 5% 100VDC RADIAL
B32921C3223K289,1,4.3,EPCOS - TDK Electronics,CAP FILM 0.022UF 10% 630VDC RAD
B32529C3104K189,1,4.38,EPCOS - TDK Electronics,CAP FILM 0.1UF 10% 250VDC RADIAL
B32529C3104K289,1,4.38,EPCOS - TDK Electronics,CAP FILM 0.1UF 10% 250VDC RADIAL
B32671L1332J000,1,4.47,EPCOS - TDK Electronics,CAP FILM 3300PF 5% 1.6KVDC RAD
B32672L8102K000,1,4.47,EPCOS - TDK Electronics,CAP FILM 1000PF 10% 2KVDC RADIAL
B32529C1334K289,1,4.47,EPCOS - TDK Electronics,CAP FILM 0.33UF 10% 100VDC RAD
B32529C3104J289,1,4.63,EPCOS - TDK Electronics,CAP FILM 0.1UF 5% 250VDC RADIAL
B32922C3154M189,1,4.71,EPCOS - TDK Electronics,CAP FILM 0.15UF 20% 630VDC RAD
B32529C1334J289,1,4.8,EPCOS - TDK Electronics,CAP FILM 0.33UF 5% 100VDC RADIAL
B32520E6104K000,1,5.21,EPCOS - TDK Electronics,CAP FILM 0.1UF 10% 400VDC RADIAL
B32652A1332J000,1,5.29,EPCOS - TDK Electronics,CAP FILM 3300PF 5% 1.6KVDC RAD
B32021A3102M026,1,5.29,EPCOS - TDK Electronics,FILM CAP Y2 MKP 1.0 NF 20% 300VA
B32652A1472J000,1,5.54,EPCOS - TDK Electronics,CAP FILM 4700PF 5% 1.6KVDC RAD
B32922C3473M000,1,5.71,EPCOS - TDK Electronics,CAP FILM 0.047UF 20% 630VDC RAD
B32021A3102M289,1,5.95,EPCOS - TDK Electronics,CAP FILM 1000PF 20% 1.5KVDC RAD
B32021A3332M000,1,5.95,EPCOS - TDK Electronics,CAP FILM 3300PF 20% 1.5KVDC RAD
B32652A0223J000,1,6.12,EPCOS - TDK Electronics,CAP FILM 0.022UF 5% 1KVDC RADIAL
B32621A3473J000,1,6.45,EPCOS - TDK Electronics,CAP FILM 0.047UF 5% 250VDC RAD
B32642B0183J,1,6.62,EPCOS - TDK Electronics,CAP FILM 0.018UF 5% 1KVDC RADIAL
B32522E6104K189,1,6.7,EPCOS - TDK Electronics,CAP FILM 0.1UF 10% 400VDC RADIAL
B32922H3204K000,1,6.86,EPCOS - TDK Electronics,CAP FILM 0.2UF 10% 630VDC RADIAL
B32021A3822M000,1,6.86,EPCOS - TDK Electronics,CAP FILM 8200PF 20% 1.5KVDC RAD
B32620A6153J000,1,7.28,EPCOS - TDK Electronics,CAP FILM 0.015UF 5% 630VDC RAD
B32522N3105J000,1,7.61,EPCOS - TDK Electronics,CAP FILM 1UF 5% 250VDC RADIAL
B32923C3684K189,1,7.77,EPCOS - TDK Electronics,CAP FILM 0.68UF 10% 630VDC RAD
B32932A3224M000,1,7.86,EPCOS - TDK Electronics,CAP FILM 0.22UF 20% 305VAC RAD
B32652A6224K000,1,7.94,EPCOS - TDK Electronics,CAP FILM 0.22UF 10% 630VDC RAD
B32522C0685K000,1,16.13,EPCOS - TDK Electronics,CAP FILM 6.8UF 10% 63VDC RADIAL
B32926C3825M000,1,49.45,EPCOS - TDK Electronics,CAP FILM 8.2UF 20% 630VDC RADIAL
B32926C3156M000,1,78.64,EPCOS - TDK Electronics,CAP FILM 15UF 20% 630VDC RADIAL
B32776Z7206K000,1,85.51,EPCOS - TDK Electronics,FILM CAP MKP DC FILTERING - 1100
B32656S2224K561,1,116.93,EPCOS - TDK Electronics,CAP FILM 0.22UF 10% 2KVDC SCREW
B32656S2474J561,1,134.05,EPCOS - TDK Electronics,CAP FILM 0.47UF 5% 2KVDC SCREW
B32320I0157K000,1,137.44,EPCOS - TDK Electronics,150MFD 1100V PP 60X120 PBT 5 PIN
B32354S3406K010,1,145.13,EPCOS - TDK Electronics,CAP FILM 40UF 10% 500VDC RADIAL
B32373A1206J000,1,407.11,EPCOS - TDK Electronics,CAP FILM 20UF 5% 2.475KVDC RAD
B32373A5476J030,1,417.94,EPCOS - TDK Electronics,CAP FILM 47UF 5% 1.35KVDC RADIAL
B25690A 387K901,1,451.35,EPCOS - TDK Electronics,380UF +-10% 900V PEC MKP DC
B25631B0307K600,1,548.43,EPCOS - TDK Electronics,CAP FILM 300UF 10% 600V RADIAL
B32373A3307J030,1,569.85,EPCOS - TDK Electronics,CAP FILM 300UF 5% 900VDC RADIAL
B32373A8686J050,1,583.99,EPCOS - TDK Electronics,CAP FILM 68UF 5% 2.1KVDC RADIAL
B32373A1456J000,1,618.8,EPCOS - TDK Electronics,CAP FILM 45UF 5% 2.475KVDC RAD
B32344E4202A080,1,744.25,EPCOS - TDK Electronics,CAP FILM 3X96UF 480VAC SCREW
B25620B1487K101,1,759.3,EPCOS - TDK Electronics,CAP FILM 480UF 10% 1.1KVDC RAD
B25674C5252J025,1,1120.59,EPCOS - TDK Electronics,CAP FILM 96.2UF 5% 525VAC RADIAL
B25680B2807K003,1,1610.81,EPCOS - TDK Electronics,CAP FILM 800UF 10% 2KV RADIAL
B25645A1328K003,1,4118.19,EPCOS - TDK Electronics,MODULAR DCR 3210UF - 1000V - 150
B32529C1182J000,1,2.07,EPCOS - TDK Electronics,CAP FILM 1800PF 5% 100VDC RADIAL
B32529C1102K189,1,2.15,EPCOS - TDK Electronics,CAP FILM 1000PF 10% 100VDC RAD
B32529C3153J000,1,2.32,EPCOS - TDK Electronics,CAP FILM 0.015UF 5% 250VDC RAD
B32529C1683K189,1,2.32,EPCOS - TDK Electronics,CAP FILM 0.068UF 10% 100VDC RAD
B32529C1473K189,1,2.32,EPCOS - TDK Electronics,CAP FILM 0.047UF 10% 100VDC RAD
B32529C6102J000,1,2.48,EPCOS - TDK Electronics,CAP FILM 1000PF 5% 400VDC RADIAL
B32560J6472K000,1,2.89,EPCOS - TDK Electronics,CAP FILM 4700PF 10% 400VDC 2DIP
B32521C6103K289,1,3.64,EPCOS - TDK Electronics,CAP FILM 10000PF 10% 400VDC RAD
B32921C3473M289,1,4.22,EPCOS - TDK Electronics,CAP FILM 0.047UF 20% 630VDC RAD
B32529C0334J289,1,4.22,EPCOS - TDK Electronics,CAP FILM 0.33UF 5% 63VDC RADIAL
B32921C3333K289,1,4.3,EPCOS - TDK Electronics,CAP FILM 0.033UF 10% 630VDC RAD
B32521C6223K,1,4.38,EPCOS - TDK Electronics,CAP FILM 0.022UF 10% 400VDC RAD
B32521C1224K000,1,4.47,EPCOS - TDK Electronics,CAP FILM 0.22UF 10% 100VDC RAD
B32529C8103K189,1,4.71,EPCOS - TDK Electronics,CAP FILM 10000PF 10% 630VDC RAD
B32521N8103K000,1,4.88,EPCOS - TDK Electronics,CAP FILM 10000PF 10% 630VDC RAD
B32522N6104J000,1,4.88,EPCOS - TDK Electronics,CAP FILM 0.1UF 5% 450VDC RADIAL
B32521N8103J000,1,5.04,EPCOS - TDK Electronics,CAP FILM 10000PF 5% 630VDC RAD
B32671L0822J000,1,5.13,EPCOS - TDK Electronics,CAP FILM 8200PF 5% 1KVDC RADIAL
B32621A6682J000,1,5.62,EPCOS - TDK Electronics,CAP FILM 6800PF 5% 630VDC RADIAL
B32672L0333J000,1,5.71,EPCOS - TDK Electronics,CAP FILM 0.033UF 5% 1KV RADIAL
B32621A6103K000,1,5.79,EPCOS - TDK Electronics,CAP FILM 10000PF 10% 630VDC RAD
B32620A6682J000,1,5.87,EPCOS - TDK Electronics,CAP FILM 6800PF 5% 630VDC RADIAL
B32672L0104K000,1,5.95,EPCOS - TDK Electronics,CAP FILM 0.1UF 10% 1KVDC RADIAL
B32521C1474J000,1,5.95,EPCOS - TDK Electronics,CAP FILM 0.47UF 5% 100VDC RADIAL
B32922C3334M026,1,5.95,EPCOS - TDK Electronics,FILM CAP MKP X2 0.33UF 20% 305VA
B32562J6224K000,1,6.04,EPCOS - TDK Electronics,CAP FILM 0.22UF 10% 400VDC 2DIP
B32521E6104K289,1,6.04,EPCOS - TDK Electronics,CAP FILM 0.1UF 10% 400VDC RADIAL
B32932A3683K000,1,6.12,EPCOS - TDK Electronics,CAP FILM 0.068UF 10% 305VAC RAD
B32672L4684J000,1,6.28,EPCOS - TDK Electronics,CAP FILM 0.68UF 5% 450VDC RADIAL
B32522Q8104K000,1,6.28,EPCOS - TDK Electronics,CAP FILM 0.1UF 10% 630VDC RADIAL
B32529C1684J000,1,6.37,EPCOS - TDK Electronics,CAP FILM 0.68UF 5% 100VDC RADIAL
B32021A3682M000,1,6.45,EPCOS - TDK Electronics,CAP FILM 6800PF 20% 1.5KVDC RAD
B32529C0684J289,1,6.45,EPCOS - TDK Electronics,CAP FILM 0.68UF 5% 63VDC RADIAL
B32922C3474M003,1,6.53,EPCOS - TDK Electronics,CAP FILM 0.47UF 630VDC RAD
B32652A0333J000,1,6.53,EPCOS - TDK Electronics,CAP FILM 0.033UF 5% 1KVDC RADIAL
B32672L0104K289,1,6.7,EPCOS - TDK Electronics,CAP FILM 0.1UF 10% 1KVDC RADIAL
B32522C6154J,1,6.7,EPCOS - TDK Electronics,CAP FILM 0.15UF 5% 400VDC RADIAL
B32652A7103J000,1,6.7,EPCOS - TDK Electronics,CAP FILM 10000PF 5% 1.25KVDC RAD
B32621A6103J189,1,6.78,EPCOS - TDK Electronics,CAP FILM 10000PF 5% 630VDC RAD
B32923D3334K000,1,6.95,EPCOS - TDK Electronics,CAP FILM 0.33UF 10% 630VDC RAD
B32620A3104J000,1,7.03,EPCOS - TDK Electronics,CAP FILM 0.1UF 5% 250VDC RADIAL
B32520C0684J000,1,7.11,EPCOS - TDK Electronics,CAP FILM 0.68UF 5% 63VDC RADIAL
B32672Z4474K289,1,7.11,EPCOS - TDK Electronics,CAP FILM 0.47UF 10% 450VDC RAD
B32621A6223J000,1,7.11,EPCOS - TDK Electronics,CAP FILM 0.022UF 5% 630VDC RAD
B32022H3223M000,1,7.11,EPCOS - TDK Electronics,CAP FILM 0.022UF 20% 1.5KVDC RAD
B32922H3204M,1,7.19,EPCOS - TDK Electronics,CAP FILM 0.2UF 20% 630VDC RADIAL
B32529E6104J289,1,7.28,EPCOS - TDK Electronics,CAP FILM 0.1UF 5% 400VDC RADIAL
B32652J1472J000,1,7.44,EPCOS - TDK Electronics,CAP FILM 4700PF 5% 1.6KVDC RAD
B32922H3224M,1,7.44,EPCOS - TDK Electronics,CAP FILM 0.22UF 20% 630VDC RAD
B32652A7223K000,1,7.44,EPCOS - TDK Electronics,CAP FILM 0.022UF 1.25KVDC RADIAL
B32652A2472J000,1,7.61,EPCOS - TDK Electronics,CAP FILM 4700PF 5% 2KVDC RADIAL
B32911A3103K000,1,7.61,EPCOS - TDK Electronics,CAP FILM 10000PF 10% 760VDC RAD
B32652A6154K000,1,7.77,EPCOS - TDK Electronics,CAP FILM 0.15UF 10% 630VDC RAD
B32522Q1105K000,1,7.94,EPCOS - TDK Electronics,CAP FILM 1UF 10% 100VDC RADIAL
B32560J1105K000,1,8.1,EPCOS - TDK Electronics,CAP FILM 1UF 10% 100VDC 2DIP
B32932A3154K189,1,8.1,EPCOS - TDK Electronics,CAP FILM 0.15UF 10% 305VAC RAD
B32671P5474K000,1,8.1,EPCOS - TDK Electronics,CAP FILM 0.47UF 10% 520VDC RAD
B32621A0103K289,1,8.27,EPCOS - TDK Electronics,CAP FILM 10000PF 10% 1KVDC RAD
B32022H3473M000,1,8.85,EPCOS - TDK Electronics,CAP FILM 0.047UF 20% 1.5KVDC RAD
B32683A1103K000,1,11.49,EPCOS - TDK Electronics,CAP FILM 10000PF 10% 1.6KVDC RAD
B32924C3684K000,1,11.74,EPCOS - TDK Electronics,CAP FILM 0.68UF 10% 630VDC RAD
B32562J3225K000,1,13.48,EPCOS - TDK Electronics,CAP FILM 2.2UF 10% 250VDC 2DIP
B32653A6474K000,1,14.39,EPCOS - TDK Electronics,CAP FILM 0.47UF 10% 630VDC RAD
B32912A5683M000,1,14.8,EPCOS - TDK Electronics,CAP FILM 0.068UF 20% 1KVDC RAD
B32524Q6225K,1,17.53,EPCOS - TDK Electronics,CAP FILM 2.2UF 10% 400VDC RADIAL
B32674D3225K000,1,19.27,EPCOS - TDK Electronics,CAP FILM 2.2UF 10% 300VDC RADIAL
B32776Z1166K000,1,67.23,EPCOS - TDK Electronics,FILM CAP MKP DC FILTERING - 1200
B32654A6335K000,1,68.88,EPCOS - TDK Electronics,CAP FILM 3.3UF 10% 630VDC RADIAL
B32686A2104J000,1,72.36,EPCOS - TDK Electronics,CAP FILM 0.1UF 5% 2KVDC RADIAL
B32778Z1256K000,1,82.36,EPCOS - TDK Electronics,CAP FILM 25UF 1.2KVDC RDL 4 LEAD
B32778Z0406K000,1,89.89,EPCOS - TDK Electronics,CAP FILM 40UF 1KVDC RDL 4 LEAD
B32776Z5506K000,1,99.32,EPCOS - TDK Electronics,CAP FILM 50UF 10% 600VDC RADIAL
B32656S0105K564,1,100.72,EPCOS - TDK Electronics,CAP FILM 1UF 10% 1KVDC SCREW
B32656S0105K565,1,100.72,EPCOS - TDK Electronics,CAP FILM 1UF 10% 1KVDC SCREW
B32928C3256M000,1,103.78,EPCOS - TDK Electronics,CAP FILM 25UF 20% 630VDC RADIAL
B32778H0396K000,1,109.57,EPCOS - TDK Electronics,CAP FILM 39UF 10% 920VDC RADIAL
B32656S0125K565,1,110.07,EPCOS - TDK Electronics,CAP FILM 1.2UF 10% 1KVDC SCREW
B32656S1334K561,1,114.61,EPCOS - TDK Electronics,CAP FILM 0.33UF 10% 1.7KVDC SCRW
B32778Z4107K000,1,118.34,EPCOS - TDK Electronics,CAP FILM 100UF 500VDC RDL 4 LEAD
B32656S7105K563,1,121.56,EPCOS - TDK Electronics,CAP FILM 1UF 10% 1.25KVDC SCREW
B32678G3476K000,1,122.64,EPCOS - TDK Electronics,CAP FILM 47UF 10% 300VDC RADIAL
B32758G3406K000,1,130.49,EPCOS - TDK Electronics,CAP FILM 40UF 10% 630VDC RADIAL
B32678G3606K000,1,131.24,EPCOS - TDK Electronics,CAP FILM 60UF 10% 300VDC RADIAL
B32686S7474K561,1,131.32,EPCOS - TDK Electronics,CAP FILM 0.47UF 1.25KVDC SCREW
B32656S1684K561,1,132.81,EPCOS - TDK Electronics,CAP FILM 0.68UF 10% 1.7KVDC SCRW
B32656S8225K561,1,132.81,EPCOS - TDK Electronics,CAP FILM 2.2UF 10% 850VDC SCREW
B32718H1406K000,1,135.37,EPCOS - TDK Electronics,"MKP DC FILTERING - 1100VDC, 40UF"
B32758G8306K000,1,136.28,EPCOS - TDK Electronics,CAP FILM 30UF 10% 600VDC RADIAL
B32678G4356K000,1,139.34,EPCOS - TDK Electronics,CAP FILM 35UF 10% 450VDC RADIAL
B32758G4156K000,1,142.23,EPCOS - TDK Electronics,CAP FILM 15UF 10% 800VDC RADIAL
B32758G2706K000,1,164.07,EPCOS - TDK Electronics,CAP FILM 70UF 10% 500VDC RADIAL
B32340C4022A500,1,230.88,EPCOS - TDK Electronics,PFC FILM CAP 50UF
B32340C4052A000,1,257.43,EPCOS - TDK Electronics,PFC FILM CAP 99UF
B32778G0406J000,1,265.04,EPCOS - TDK Electronics,CAP FILM 40UF 1.1KVDC RAD 4 LEAD
B32371A4506J020,1,270.82,EPCOS - TDK Electronics,CAP FILM 50UF 5% 1.05KVDC RADIAL
B32371A3506J030,1,308.86,EPCOS - TDK Electronics,CAP FILM 50UF 5% 900VDC RADIAL
B25632B1127K100,1,406.77,EPCOS - TDK Electronics,CAP FILM 120UF 10% 1.1KV RADIAL
B25632B0187K800,1,418.85,EPCOS - TDK Electronics,CAP FILM 180UF 10% 800V RADIAL
B25632E1117K100,1,494.93,EPCOS - TDK Electronics,POWER ELECTRONIC CAPACITORS (PEC
B32373A8406J050,1,538.34,EPCOS - TDK Electronics,CAP FILM 40UF 5% 2.1KVDC RADIAL
B32377A4506J080,1,549.01,EPCOS - TDK Electronics,CAP FILM 3X50UF 5% 1.2KVDC RAD
B32373A8606J050,1,614.42,EPCOS - TDK Electronics,CAP FILM 60UF 5% 250VAC RADIAL
B32373A4207J080,1,653.62,EPCOS - TDK Electronics,CAP FILM 200UF 5% 1.2KVDC RADIAL
B32373A6127J060,1,778.49,EPCOS - TDK Electronics,CAP FILM 120UF 5% 1.65KVDC RAD
B25674C4282J140,1,1153.09,EPCOS - TDK Electronics,CAP FILM 154UF 5% 440VAC RADIAL
B25674C4302J040,1,1248.19,EPCOS - TDK Electronics,CAP FILM 164.4UF 5% 440VAC RAD
B25674C4302J080,1,1248.19,EPCOS - TDK Electronics,CAP FILM 138.1UF 5% 480VAC RAD
B32305A5372B025,1,1385.71,EPCOS - TDK Electronics,CAP FILM 143UF 5% 525VAC RAD
B25674C4332J080,1,1432.77,EPCOS - TDK Electronics,CAP FILM 152UF 5% 480VAC RADIAL
B25690C2367K803,1,1956.06,EPCOS - TDK Electronics,360UF +-10% 2800V PEC MKP DC
B25690C1248K203,1,2223.57,EPCOS - TDK Electronics,2400UF +-10% 1200V PEC MKP DC
B25645A1178K003,1,4019.53,EPCOS - TDK Electronics,MODULAR DCR 1775UF - 1000V - 190
B25645A1138K003,1,4019.53,EPCOS - TDK Electronics,MODULAR DCR 1395UF - 1100V - 180
B25645A1567K003,1,4019.53,EPCOS - TDK Electronics,MODULAR DCR 560UF - 1800V - 140A
B25645A9218K003,1,4019.53,EPCOS - TDK Electronics,MODULAR DCR 2150UF - 900V - 200A
B25645A1118K003,1,4019.53,EPCOS - TDK Electronics,MODULAR DCR 1100UF - 1250V - 170
B25645A2827K003,1,4037.56,EPCOS - TDK Electronics,MODULAR DCR 820UF - 2000V - 110A
B25645A1198K003,1,4348.66,EPCOS - TDK Electronics,MODULAR DCR 1985UF - 1250V - 135
B25645A2677K003,1,4348.66,EPCOS - TDK Electronics,MODULAR DCR 670UF - 2300V - 105A
B25647A9198K003,1,5006.74,EPCOS - TDK Electronics,MODULAR DCR HF 1850UF-900V-210A
B25647A1158K003,1,5006.74,EPCOS - TDK Electronics,MODULAR DCR HF 1520UF-1000V-200A
B32529C0683K189,1,2.15,EPCOS - TDK Electronics,CAP FILM 0.068UF 10% 63VDC RAD
B32529C1223J289,1,2.32,EPCOS - TDK Electronics,CAP FILM 0.022UF 5% 100VDC RAD
B32529C1154K000,1,3.06,EPCOS - TDK Electronics,CAP FILM 0.15UF 10% 100VDC RAD
B32521C6473K189,1,4.3,EPCOS - TDK Electronics,CAP FILM 0.047UF 10% 400VDC RAD
B32521E6473K000,1,4.47,EPCOS - TDK Electronics,CAP FILM 0.047UF 10% 400VDC RAD
B32529C6473K289,1,4.47,EPCOS - TDK Electronics,CAP FILM 0.047UF 10% 400VDC RAD
B32521C3154K000,1,4.63,EPCOS - TDK Electronics,CAP FILM 0.15UF 10% 250VDC RAD
B32529E6473K189,1,4.88,EPCOS - TDK Electronics,CAP FILM 0.047UF 10% 400VDC RAD
B32521C1224J289,1,5.21,EPCOS - TDK Electronics,CAP FILM 0.22UF 5% 100VDC RADIAL
B32672Z4334K000,1,5.54,EPCOS - TDK Electronics,CAP FILM 0.33UF 10% 450VDC RAD
B32522E6104K000,1,5.62,EPCOS - TDK Electronics,CAP FILM 0.1UF 10% 400VDC RADIAL
B32522C3154J000,1,5.79,EPCOS - TDK Electronics,CAP FILM 0.15UF 5% 250VDC RADIAL
B32620A6103K000,1,5.79,EPCOS - TDK Electronics,CAP FILM 10000PF 10% 630VDC RAD
B32529D6104J189,1,5.87,EPCOS - TDK Electronics,CAP FILM 0.1UF 5% 400VDC RADIAL
B32620A4223J000,1,5.87,EPCOS - TDK Electronics,CAP FILM 0.022UF 5% 400VDC RAD
B32522C6473J,1,6.04,EPCOS - TDK Electronics,CAP FILM 0.047UF 5% 400VDC RAD
B32562J3474K000,1,6.04,EPCOS - TDK Electronics,CAP FILM 0.47UF 10% 250VDC 2DIP
B32922P3334M000,1,6.2,EPCOS - TDK Electronics,"FILM CAP MKP X2 - 125C, 0.33UF 2"
B32672L7333J000,1,6.28,EPCOS - TDK Electronics,CAP FILM 0.033UF 5% 1.3KVDC RAD
B32522C3224J289,1,6.45,EPCOS - TDK Electronics,CAP FILM 0.22UF 5% 250VDC RADIAL
B32671P6823K000,1,6.45,EPCOS - TDK Electronics,CAP FILM 0.082UF 10% 630VDC RAD
B32652A1103K000,1,6.86,EPCOS - TDK Electronics,CAP FILM 10000PF 10% 1.6KVDC RAD
B32529D3224K289,1,7.19,EPCOS - TDK Electronics,CAP FILM 0.22UF 10% 250VDC RAD
B32620A4333K289,1,7.19,EPCOS - TDK Electronics,CAP FILM 0.033UF 10% 400VDC RAD
B32621A6153K289,1,7.28,EPCOS - TDK Electronics,CAP FILM 0.015UF 10% 630VDC RAD
B32652A4104J289,1,7.44,EPCOS - TDK Electronics,CAP FILM 0.1UF 5% 400VDC RADIAL
B32621A3683K289,1,7.44,EPCOS - TDK Electronics,CAP FILM 0.068UF 10% 250VDC RAD
B32923C3684M189,1,7.77,EPCOS - TDK Electronics,CAP FILM 0.68UF 20% 630VDC RAD
B32671P4224J000,1,7.94,EPCOS - TDK Electronics,CAP FILM 0.22UF 5% 450V RADIAL
B32652A3684K000,1,8.02,EPCOS - TDK Electronics,CAP FILM 0.68UF 10% 250VDC RAD
B32652A4474K000,1,8.1,EPCOS - TDK Electronics,CAP FILM 0.47UF 10% 400VDC RAD
B32652A7273J000,1,8.1,EPCOS - TDK Electronics,CAP FILM 0.027UF 5% 1.25KVDC RAD
B32672P4224K000,1,9.01,EPCOS - TDK Electronics,CAP FILM 0.22UF 10% 450VDC RAD
B32523Q1225K000,1,13.07,EPCOS - TDK Electronics,CAP FILM 2.2UF 10% 100VDC RADIAL
B32653A4474K189,1,13.64,EPCOS - TDK Electronics,CAP FILM 0.47UF 10% 400VDC RAD
B32683A6683J189,1,18.69,EPCOS - TDK Electronics,CAP FILM 0.068UF 5% 630VDC RAD
B32924H3225M,1,31.92,EPCOS - TDK Electronics,CAP FILM 2.2UF 20% 630VDC RADIAL
B32676E3156K000,1,48.71,EPCOS - TDK Electronics,CAP FILM 15UF 10% 300VDC RADIAL
B32354S2106K010,1,57.72,EPCOS - TDK Electronics,CAP FILM 10UF 400VDC RDL 4 LEAD
B32354S2156K010,1,63.43,EPCOS - TDK Electronics,CAP FILM 15UF 400VDC RDL 4 LEAD
B32676T4475K000,1,64.01,EPCOS - TDK Electronics,CAP FILM 4.7UF 10% 450VDC RADIAL
B32776Z0226K000,1,72.61,EPCOS - TDK Electronics,FILM CAP MKP DC FILTERING - 1000
B33331V7126J080,1,75.67,EPCOS - TDK Electronics,CAP FILM 12UF 5% 460VAC RADIAL
B32656S7224K563,1,83.93,EPCOS - TDK Electronics,CAP FILM 0.22UF 1.25KVDC SCREW
B32354S2256K010,1,84.84,EPCOS - TDK Electronics,CAP FILM 25UF 400VDC RDL 4 LEAD
B32778Z1276K000,1,84.93,EPCOS - TDK Electronics,CAP FILM 27UF 1.2KVDC RDL 4 LEAD
B32778Z9456K000,1,85.09,EPCOS - TDK Electronics,CAP FILM 45UF 900VDC RDL 4 LEAD
B32778Z8556K000,1,86.42,EPCOS - TDK Electronics,CAP FILM 55UF 800VDC RDL 4 LEAD
B32354S2306K010,1,90.22,EPCOS - TDK Electronics,CAP FILM 30UF 400VDC RDL 4 LEAD
B32656S0105K562,1,90.55,EPCOS - TDK Electronics,CAP FILM 1UF 10% 1KVDC SCREW
B32354S2356K010,1,97.99,EPCOS - TDK Electronics,CAP FILM 35UF 400VDC RDL 4 LEAD
B32656S0105K566,1,100.72,EPCOS - TDK Electronics,CAP FILM 1UF 10% 1KVDC SCREW
B32656S0105J564,1,104.94,EPCOS - TDK Electronics,CAP FILM 1UF 5% 1KVDC SCREW
B32776G8206K000,1,107.34,EPCOS - TDK Electronics,CAP FILM 20UF 800VDC RAD 4 LEAD
B32758G2406K000,1,108.5,EPCOS - TDK Electronics,CAP FILM 40UF 10% 500VDC RADIAL
B32656S0125K564,1,110.07,EPCOS - TDK Electronics,CAP FILM 1.2UF 10% 1KVDC SCREW
B32656S1334K565,1,114.61,EPCOS - TDK Electronics,CAP FILM 0.33UF 10% 1.7KVDC SCRW
B32678G6206K000,1,116.1,EPCOS - TDK Electronics,CAP FILM 20UF 10% 630VDC RADIAL
B32656S0155K561,1,119.25,EPCOS - TDK Electronics,CAP FILM 1.5UF 10% 1KVDC SCREW
B32678G4306K000,1,123.21,EPCOS - TDK Electronics,CAP FILM 30UF 10% 450VDC RADIAL
B32656S7125K562,1,132.81,EPCOS - TDK Electronics,CAP FILM 1.2UF 10% 1.25KVDC SCRW
B32656S0185K561,1,132.81,EPCOS - TDK Electronics,CAP FILM 1.8UF 10% 1KVDC SCREW
B32656S2224J561,1,138.43,EPCOS - TDK Electronics,CAP FILM 0.22UF 5% 2KVDC SCREW
B32656S8225J561,1,138.43,EPCOS - TDK Electronics,CAP FILM 2.2UF 5% 850VDC SCREW
B32676G8106K000,1,138.76,EPCOS - TDK Electronics,CAP FILM 10UF 10% 875VDC RADIAL
B32928A4156K000,1,165.64,EPCOS - TDK Electronics,CAP FILM 15UF 10% 650VDC RADIAL
B32778G8556K000,1,173.66,EPCOS - TDK Electronics,CAP FILM 55UF 800VDC RAD 4 LEAD
B32778P6506K000,1,197.14,EPCOS - TDK Electronics,CAP FILM 50UF 10% 630VDC RADIAL
B32371A4606J080,1,266.11,EPCOS - TDK Electronics,CAP FILM 60UF 5% 480VAC RADIAL
B32375A3206J030,1,266.69,EPCOS - TDK Electronics,CAP FILM 20UF 5% 460V RADIAL
B32374A4506J080,1,306.3,EPCOS - TDK Electronics,CAP FILM 50UF 5% 1.2KVDC RAD
B32371A3306J030,1,308.86,EPCOS - TDK Electronics,CAP FILM 30UF 5% 900VDC RADIAL
B32375A4106J080,1,334.09,EPCOS - TDK Electronics,CAP FILM 10UF 5% 680V RADIAL
B32373A2207J050,1,393.38,EPCOS - TDK Electronics,CAP FILM 200UF 5% 675VDC RADIAL
B25631A1506K200,1,398.67,EPCOS - TDK Electronics,CAP FILM 50UF 10% 1.2KVDC RADIAL
B25631B1127K100,1,398.67,EPCOS - TDK Electronics,CAP FILM 120UF 10% 1.1KV RADIAL
B25631B0127K800,1,417.77,EPCOS - TDK Electronics,CAP FILM 120UF 10% 800V RADIAL
B32362A3107J030,1,430.51,EPCOS - TDK Electronics,CAP FILM 100UF 5% 330VAC RADIAL
B25631A187K800,1,431,EPCOS - TDK Electronics,CAP FILM 180UF 10% 800VDC RADIAL
B25631B1606K200,1,438.12,EPCOS - TDK Electronics,CAP FILM 60UF 10% 1.2KV RADIAL
B25631B0107K900,1,468.88,EPCOS - TDK Electronics,CAP FILM 100UF 10% 900V RADIAL
B32373C3207J030,1,578.7,EPCOS - TDK Electronics,CAP FILM 200UF 5% 900VDC RADIAL
B32374A6107J000,1,712.33,EPCOS - TDK Electronics,CAP FILM 100UF 5% 1.5KVDC RADIAL
B32373A6336J060,1,735.49,EPCOS - TDK Electronics,CAP FILM 33UF 5% 1.65KVDC RAD
B32376A5107J030,1,910.71,EPCOS - TDK Electronics,CAP FILM 100UF 5% 750V RADIAL
B32305A4252B080,1,1078.25,EPCOS - TDK Electronics,CAP FILM 115UF 5% 480VAC RAD
B32305A5252B025,1,1240.91,EPCOS - TDK Electronics,CAP FILM 96UF 5% 525VAC RADIAL
B25645A2447K003,1,4019.53,EPCOS - TDK Electronics,MODULAR DCR 445UF - 2000V - 130A
B25645A2367K003,1,4019.53,EPCOS - TDK Electronics,MODULAR DCR 365UF - 2300V - 120A
B25645A1757K003,1,4019.53,EPCOS - TDK Electronics,MODULAR DCR 755UF - 1600V - 150A
B32672L7333K000,1,5.62,EPCOS - TDK Electronics,CAP FILM 0.033UF 10% 1.3KVDC RAD
B32521N8103J289,1,6.45,EPCOS - TDK Electronics,CAP FILM 10000PF 5% 630VDC RAD
B32923C3224K000,1,6.78,EPCOS - TDK Electronics,CAP FILM 0.22UF 10% 630VDC RAD
B32653A6224K189,1,12.07,EPCOS - TDK Electronics,CAP FILM 0.22UF 10% 630VDC RAD
B32686S0684K563,1,91.13,EPCOS - TDK Electronics,CAP FILM 0.68UF 10% 1KVDC SCREW
B32918H4825M000,1,102.95,EPCOS - TDK Electronics,8.20UF  20%  480VAC MKP SUPPRESS
B32758G8206K000,1,110.07,EPCOS - TDK Electronics,CAP FILM 20UF 10% 580VDC RADIAL
B32656S0125K566,1,110.07,EPCOS - TDK Electronics,CAP FILM 1.2UF 10% 1KVDC SCREW
B32656S0155K566,1,121.56,EPCOS - TDK Electronics,CAP FILM 1.5UF 10% 1KVDC SCREW
B32656S1684K566,1,132.81,EPCOS - TDK Electronics,CAP FILM 0.68UF 10% 1.7KVDC SCRW
B32656S2474K561,1,146.2,EPCOS - TDK Electronics,CAP FILM 0.47UF 10% 2KVDC SCREW
B32678G4406K000,1,155.38,EPCOS - TDK Electronics,CAP FILM 40UF 10% 450VDC RADIAL
B32371A4256J080,1,206.9,EPCOS - TDK Electronics,CAP FILM 25UF 5% 480VAC RADIAL
B25654A9606K001,1,281.33,EPCOS - TDK Electronics,XEVCAP _TYPE B3 _60UF_920V_LEAD
B25654A9756K001,1,296.46,EPCOS - TDK Electronics,XEVCAP _TYPE A3 _75UF_920V_LEAD
B25654A8806K001,1,296.96,EPCOS - TDK Electronics,XEVCAP _TYPE B2_80UF_850 V_LEAD
B25654A8107K001,1,307.13,EPCOS - TDK Electronics,XEVCAP _TYPE A2_100UF_850V_LEAD
B25654A9117K001,1,314.98,EPCOS - TDK Electronics,XEVCAP _TYPE C3 _110UF_920V_LEAD
B25654A6117K001,1,347.48,EPCOS - TDK Electronics,XEVCAP _TYPE B1_115UF_650V_LEAD
B25654A6137K001,1,364.43,EPCOS - TDK Electronics,XEVCAP _TYPE A1_130UF_650V_LEAD
B25654A6177K001,1,410.74,EPCOS - TDK Electronics,XEVCAP _TYPE C1_175UF_650V_LEAD
B25631A1117K000,1,449.44,EPCOS - TDK Electronics,CAP FILM 110UF 10% 1KVDC RADIAL
B25631A1756K000,1,479.71,EPCOS - TDK Electronics,CAP FILM 75UF 10% 1KVDC RADIAL
B25631S0227K600,1,517.17,EPCOS - TDK Electronics,CAP FILM 220UF 10% 600VDC RADIAL
B32373A4127J480,1,530.4,EPCOS - TDK Electronics,CAP FILM 124UF 5% 1.2KVDC RADIAL
B32373B5806J030,1,552.15,EPCOS - TDK Electronics,CAP FILM 80UF 5% 1.35KVDC RADIAL
B25674C5122J525,1,788.82,EPCOS - TDK Electronics,CAPACITANCE 3X48UF  - 15KVAR_525
B25674C4082J380,1,847.7,EPCOS - TDK Electronics,CAPACITANCE 3X38.2UF  - 10KVAR_4
B25674C4122J580,1,1010.28,EPCOS - TDK Electronics,CAPACITANCE 3X57.6UF  - 15KVAR_4
B25674C5162J725,1,1053.61,EPCOS - TDK Electronics,CAPACITANCE 3X64.3UF  - 20KVAR_5
B32377G8426J050,1,1056.17,EPCOS - TDK Electronics,3X42UF 850V PEC MKD AC GAS
B25675C4252J000,1,1135.4,EPCOS - TDK Electronics,CAPACITANCE 3X165.8UF - 30KVAR_4
B25675C4252J040,1,1135.4,EPCOS - TDK Electronics,CAPACITANCE 3X137UF - 30KVAR_440
B25674C4252J000,1,1162.11,EPCOS - TDK Electronics,CAPACITANCE 3X165.8UF  - 30KVAR_
B25674C4252J015,1,1212.88,EPCOS - TDK Electronics,CAPACITANCE 3X154UF  - 30KVAR_41
B32377G8506J050,1,1275.15,EPCOS - TDK Electronics,3X50UF 850V PEC MKD AC GAS
B25674C4302J000,1,1312.03,EPCOS - TDK Electronics,CAPACITANCE 3X198.9UF  - 30KVAR_
B25674C4252J040,1,1368.76,EPCOS - TDK Electronics,CAPACITANCE 3X137UF  - 30KVAR_44
B25674C4252J080,1,1433.51,EPCOS - TDK Electronics,CAPACITANCE 3X115.1UF  - 30KVAR_
B32377G1566J000,1,1515.21,EPCOS - TDK Electronics,3X56UF 1000V PEC MKD AC GAS
B32377G1426J000,1,1518.27,EPCOS - TDK Electronics,3X42UF 1000V PEC MKD AC GAS
B32377G8566J050,1,1528.77,EPCOS - TDK Electronics,3X55.8UF 850V PEC MKD AC GAS
B32377G9566J000,1,1603.78,EPCOS - TDK Electronics,3X56UF 900V PEC MKD AC GAS
B32521C6473K,1,4.71,EPCOS - TDK Electronics,CAP FILM 0.047UF 10% 400VDC RAD
B32320I8156K000,1,36.8,EPCOS - TDK Electronics,15MFD 800V PP 35X53 PBT 5 PIN
B32320I1655K000,1,43.99,EPCOS - TDK Electronics,6.5MFD 1300V PP 35X53 PBT 5 PIN
B32320I8506K000,1,81.37,EPCOS - TDK Electronics,50MFD 800V PP 50X57 PBT 5 PIN
B32320I1666K000,1,113.95,EPCOS - TDK Electronics,66MFD 1300V PP 50X120 PBT 5 PIN
B32320I0107K000,1,125.78,EPCOS - TDK Electronics,100MFD 1100V PP 50X120 PBT 5 PIN
B32320I1107K000,1,147.11,EPCOS - TDK Electronics,100MFD 1300V PP 60X120 PBT 5 PIN
B32021A3102M189,1,4.8,EPCOS - TDK Electronics,CAP FILM 1000PF 20% 1.5KVDC RAD
B32672L8822J000,1,4.96,EPCOS - TDK Electronics,CAP FILM 8200PF 5% 2KVDC RADIAL
B32021A3332K000,1,6.12,EPCOS - TDK Electronics,CAP FILM 3300PF 10% 1.5KVDC RAD
B32652A0104K000,1,7.86,EPCOS - TDK Electronics,CAP FILM 0.1UF 10% 1KVDC RADIAL
B32529D5475M289,1,13.4,EPCOS - TDK Electronics,CAP FILM 4.7UF 20% 50VDC RADIAL
B81123C1103M000,1,13.73,EPCOS - TDK Electronics,CAP FILM 10000PF 20% 500VAC RAD
B32912A5104M000,1,17.53,EPCOS - TDK Electronics,CAP FILM 0.1UF 20% 1KVDC RADIAL
B32522C1475K000,1,18.11,EPCOS - TDK Electronics,CAP FILM 4.7UF 10% 100VDC RADIAL
B32934B3105K000,1,19.43,EPCOS - TDK Electronics,CAP FILM 1UF 10% 305VAC RADIAL
B32924D3475K000,1,24.15,EPCOS - TDK Electronics,CAP FILM 4.7UF 10% 630VDC RADIAL
B32914A5474M000,1,26.05,EPCOS - TDK Electronics,CAP FILM 0.47UF 20% 1KVDC RADIAL
B32774H4106K000,1,32.83,EPCOS - TDK Electronics,CAP FILM 10UF 10% 450VDC RADIAL
B32934B3225K000,1,35.97,EPCOS - TDK Electronics,CAP FILM 2.2UF 10% 305VAC RADIAL
B32914A5684M000,1,36.8,EPCOS - TDK Electronics,CAP FILM 0.68UF 20% 1KVDC RADIAL
B32754C2106K000,1,44.24,EPCOS - TDK Electronics,CAP FILM 10UF 10% 500VDC RADIAL
B32914A5105M000,1,44.99,EPCOS - TDK Electronics,CAP FILM 1UF 20% 1KVDC RADIAL
B32776T1275K000,1,54.58,EPCOS - TDK Electronics,CAP FILM 2.7UF 10% 1.3KVDC RAD
B32676E4106K000,1,56.31,EPCOS - TDK Electronics,CAP FILM 10UF 10% 450VDC RADIAL
B32564J1336K000,1,98.49,EPCOS - TDK Electronics,CAP FILM 33UF 10% 100VDC 2DIP
B32776E0206K000,1,111.55,EPCOS - TDK Electronics,CAP FILM 20UF 10% 1.1KVDC RADIAL
B32361A2157J050,1,286.04,EPCOS - TDK Electronics,CAP FILM 150UF 5% 250VAC RADIAL
B32362B3207J030,1,463.25,EPCOS - TDK Electronics,CAP FILM 200UF 5% 330VAC RADIAL
B25620B1227K321,1,544.21,EPCOS - TDK Electronics,CAP FILM 220UF 10% 1.32KVDC RAD
B32362A4157J080,1,565.22,EPCOS - TDK Electronics,CAP FILM 150UF 5% 480VAC RADIAL
B25620B0158K883,1,1388.77,EPCOS - TDK Electronics,CAP FILM 1500UF 10% 900VDC RAD
B25645A9398K003,1,4118.19,EPCOS - TDK Electronics,MODULAR DCR 3900UF - 900V - 155A
B32529C1102K000,1,2.07,EPCOS - TDK Electronics,CAP FILM 1000PF 10% 100VDC RAD
B32529C0104J000,1,2.23,EPCOS - TDK Electronics,CAP FILM 0.1UF 5% 63VDC RADIAL
B32529C0563J000,1,2.23,EPCOS - TDK Electronics,CAP FILM 0.056UF 5% 63VDC RADIAL
B32529C1222J289,1,2.32,EPCOS - TDK Electronics,CAP FILM 2200PF 5% 100VDC RADIAL
B32529C1104K289,1,2.32,EPCOS - TDK Electronics,CAP FILM 0.1UF 10% 100VDC RADIAL
B32529C3223J000,1,2.48,EPCOS - TDK Electronics,CAP FILM 0.022UF 5% 250VDC RAD
B32529C0104J189,1,2.48,EPCOS - TDK Electronics,CAP FILM 0.1UF 5% 63VDC RADIAL
B32521C3104K000,1,3.14,EPCOS - TDK Electronics,CAP FILM 0.1UF 10% 250VDC RADIAL
B32529C3104K000,1,3.23,EPCOS - TDK Electronics,CAP FILM 0.1UF 10% 250VDC RADIAL
B32529C0274J000,1,3.56,EPCOS - TDK Electronics,CAP FILM 0.27UF 5% 63VDC RADIAL
B32921C3223M000,1,3.8,EPCOS - TDK Electronics,CAP FILM 0.022UF 20% 630VDC RAD
B32922P3104K000,1,4.38,EPCOS - TDK Electronics,"FILM CAP MKP X2 - 125C, 0.1UF 10"
B32529C1334J189,1,4.8,EPCOS - TDK Electronics,CAP FILM 0.33UF 5% 100VDC RADIAL
B32520C0474K000,1,5.21,EPCOS - TDK Electronics,CAP FILM 0.47UF 10% 63VDC RADIAL
B32021A3102M000,1,5.29,EPCOS - TDK Electronics,CAP FILM 1000PF 20% 1.5KVDC RAD
B32021H3103M000,1,6.28,EPCOS - TDK Electronics,CAP FILM 10000PF 20% 1.5KVDC RAD
B32652A3334J000,1,6.45,EPCOS - TDK Electronics,CAP FILM 0.33UF 5% 250VDC RADIAL
B32021A3332M289,1,6.7,EPCOS - TDK Electronics,CAP FILM 3300PF 20% 1.5KVDC RAD
B32032A4223M000,1,6.78,EPCOS - TDK Electronics,CAP FILM 0.022UF 20% 1KVDC RAD
B32651A7682J000,1,6.95,EPCOS - TDK Electronics,CAP FILM 6800PF 5% 1.25KVDC RAD
B32560J0105K000,1,7.03,EPCOS - TDK Electronics,CAP FILM 1UF 10% 63VDC 2DIP
B32562J6474K000,1,7.44,EPCOS - TDK Electronics,CAP FILM 0.47UF 10% 400VDC 2DIP
B32022A3103M000,1,7.86,EPCOS - TDK Electronics,CAP FILM 10000PF 20% 1.5KVDC RAD
B32522C1105K000,1,7.94,EPCOS - TDK Electronics,CAP FILM 1UF 10% 100VDC RADIAL
B32620A6153J289,1,8.19,EPCOS - TDK Electronics,CAP FILM 0.015UF 5% 630VDC RAD
B32652A7333J000,1,8.27,EPCOS - TDK Electronics,CAP FILM 0.033UF 5% 1.25KVDC RAD
B32641B0183J,1,8.52,EPCOS - TDK Electronics,CAP FILM 0.018UF 5% 1KVDC RADIAL
B32522N3105K189,1,8.6,EPCOS - TDK Electronics,CAP FILM 1UF 10% 250VDC RADIAL
B32672L8223J000,1,9.59,EPCOS - TDK Electronics,CAP FILM 0.022UF 5% 2KVDC RADIAL
B32529D0225K000,1,10.17,EPCOS - TDK Electronics,CAP FILM 2.2UF 10% 63VDC RADIAL
B32522C0225K000,1,10.42,EPCOS - TDK Electronics,CAP FILM 2.2UF 10% 63VDC RADIAL
B32932A3474M000,1,10.75,EPCOS - TDK Electronics,CAP FILM 0.47UF 20% 305VAC RAD
B32529D5335K000,1,11.41,EPCOS - TDK Electronics,CAP FILM 3.3UF 10% 50VDC RADIAL
B32521C0225J000,1,12.24,EPCOS - TDK Electronics,CAP FILM 2.2UF 5% 63VDC RADIAL
B32529D5335K289,1,12.82,EPCOS - TDK Electronics,CAP FILM 3.3UF 10% 50VDC RADIAL
B32522C3225K000,1,12.82,EPCOS - TDK Electronics,CAP FILM 2.2UF 10% 250V RADIAL
B32912A5473M000,1,13.15,EPCOS - TDK Electronics,CAP FILM 0.047UF 20% 1KVDC RAD
B32654A0474J000,1,19.76,EPCOS - TDK Electronics,CAP FILM 0.47UF 5% 1KVDC RADIAL
B32024A3224M000,1,21.34,EPCOS - TDK Electronics,CAP FILM 0.22UF 20% 1.5KVDC RAD
B32653A6105K000,1,23.24,EPCOS - TDK Electronics,CAP FILM 1UF 10% 630VDC RADIAL
B32923M3335K000,1,24.48,EPCOS - TDK Electronics,3.30UF  10%  305VAC MKP SUPPRESS
B32654A2683K000,1,30.6,EPCOS - TDK Electronics,CAP FILM 0.068UF 10% 2KVDC RAD
B32714H9106K000,1,34.98,EPCOS - TDK Electronics,"MKP DC FILTERING - 900VDC, 10UF"
B32654A2104J000,1,42.92,EPCOS - TDK Electronics,CAP FILM 0.1UF 5% 2KVDC RADIAL
B32924A4335M000,1,63.01,EPCOS - TDK Electronics,CAP FILM 3.3UF 20% 650VDC RADIAL
B32778Z8606K000,1,75.58,EPCOS - TDK Electronics,CAP FILM 60UF 800VDC RDL 4 LEAD
B32776E8206K000,1,81.87,EPCOS - TDK Electronics,CAP FILM 20UF 10% 800VDC RADIAL
B32524R0476K000,1,91.21,EPCOS - TDK Electronics,CAP FILM 47UF 10% 63VDC RADIAL
B32916A5225M000,1,99.48,EPCOS - TDK Electronics,CAP FILM 2.2UF 20% 1KVDC RADIAL
B33331V7506J080,1,106.01,EPCOS - TDK Electronics,CAP FILM 50UF 5% 460VAC RADIAL
B32656S7185K562,1,115.28,EPCOS - TDK Electronics,CAP FILM 1.8UF 10% 1.25KVDC SCRW
B32916A5335M000,1,120.07,EPCOS - TDK Electronics,CAP FILM 3.3UF 20% 1KVDC RADIAL
B32370A4306J080,1,174.73,EPCOS - TDK Electronics,CAP FILM 30UF 5% 1.2KVDC RADIAL
B32718H5177K000,1,211.45,EPCOS - TDK Electronics,"MKP DC FILTERING - 500VDC, 170UF"
B32778G8506K000,1,212.69,EPCOS - TDK Electronics,CAP FILM 50UF 800VDC RAD 4 LEAD
B32361A2506J050,1,227.82,EPCOS - TDK Electronics,CAP FILM 50UF 5% 250VAC RADIAL
B25654A8137K001,1,337.39,EPCOS - TDK Electronics,XEVCAP _TYPE C2_135UF_850V_LEAD
B25632E0906K900,1,430.51,EPCOS - TDK Electronics,POWER ELECTRONIC CAPACITORS (PEC
B32362A4107J080,1,,EPCOS - TDK Electronics,CAP FILM 100UF 5% 480VAC RADIAL
B25674C4122J500,1,812.72,EPCOS - TDK Electronics,CAPACITANCE 3X82.9UF  - 15KVAR_4
B32378A3107J060,1,818.92,EPCOS - TDK Electronics,CAP FILM 100UF 5% 360VAC RADIAL
B25620B1707K103,1,910.3,EPCOS - TDK Electronics,CAP FILM 700UF 10% 1.1KVDC RAD
B32377A6406J060,1,922.13,EPCOS - TDK Electronics,CAP FILM 3X40UF 5% 1.65KVDC RAD
B32529C1222K289,1,2.32,EPCOS - TDK Electronics,CAP FILM 2200PF 10% 100VDC RAD
B32529C3223J189,1,2.81,EPCOS - TDK Electronics,CAP FILM 0.022UF 5% 250VDC RAD
B32560J1104K000,1,3.31,EPCOS - TDK Electronics,CAP FILM 0.1UF 10% 100VDC 2DIP
B32529C8102K000,1,3.39,EPCOS - TDK Electronics,CAP FILM 1000PF 10% 630VDC RAD
B32520C3683K000,1,3.56,EPCOS - TDK Electronics,CAP FILM 0.068UF 10% 250VDC RAD
B32529C6103J,1,3.56,EPCOS - TDK Electronics,CAP FILM 10000PF 5% 400VDC RAD
B32529C6333J289,1,3.8,EPCOS - TDK Electronics,CAP FILM 0.033UF 5% 400VDC RAD
B32921C3333K000,1,3.8,EPCOS - TDK Electronics,CAP FILM 0.033UF 10% 630VDC RAD
B32921C3223M026,1,3.8,EPCOS - TDK Electronics,FILM CAP MKP X2 0.022UF 20% 305V
B32921C3223M189,1,4.13,EPCOS - TDK Electronics,CAP FILM 0.022UF 20% 630VDC RAD
B32921C3104M003,1,4.13,EPCOS - TDK Electronics,FILM CAP MKP X2 0.10F 20% 305VAC
B32521C6333K,1,4.38,EPCOS - TDK Electronics,CAP FILM 0.033UF 10% 400VDC RAD
B32529C1474K000,1,4.63,EPCOS - TDK Electronics,CAP FILM 0.47UF 10% 100VDC RAD
B32672L8392J000,1,4.71,EPCOS - TDK Electronics,CAP FILM 3900PF 5% 2KVDC RADIAL
B32922C3154K289,1,5.13,EPCOS - TDK Electronics,CAP FILM 0.15UF 10% 630VDC RAD
B32021H3222K000,1,5.21,EPCOS - TDK Electronics,CAP FILM 2200PF 10% 1.5KVDC RAD
B32620A0152J000,1,5.29,EPCOS - TDK Electronics,CAP FILM 1500PF 5% 1KVDC RADIAL
B32620A0332J000,1,5.54,EPCOS - TDK Electronics,CAP FILM 3300PF 5% 1KVDC RADIAL
B32652A0103J000,1,5.79,EPCOS - TDK Electronics,CAP FILM 10000PF 5% 1KVDC RADIAL
B32521C3334K000,1,5.87,EPCOS - TDK Electronics,CAP FILM 0.33UF 10% 250VDC RAD
B32521E6104J289,1,6.2,EPCOS - TDK Electronics,CAP FILM 0.1UF 5% 400VDC RADIAL
B32652A2222K000,1,6.45,EPCOS - TDK Electronics,CAP FILM 2200PF 10% 2KVDC RADIAL
B32652A7103K000,1,6.45,EPCOS - TDK Electronics,CAP FILM 10000PF 1.25KVDC RADIAL
B32522Q8104J000,1,6.53,EPCOS - TDK Electronics,CAP FILM 0.1UF 5% 630VDC RADIAL
B32641B0103K,1,6.53,EPCOS - TDK Electronics,CAP FILM 10000PF 10% 1KVDC RAD
B32529C8223J000,1,6.53,EPCOS - TDK Electronics,CAP FILM 0.022UF 5% 630VDC RAD
B32652A6104K000,1,6.62,EPCOS - TDK Electronics,CAP FILM 0.1UF 10% 630VDC RADIAL
B32621A6223K000,1,6.78,EPCOS - TDK Electronics,CAP FILM 0.022UF 10% 630VDC RAD
B32923C3334M000,1,6.86,EPCOS - TDK Electronics,CAP FILM 0.33UF 20% 630VDC RAD
B32522C6224J,1,7.19,EPCOS - TDK Electronics,CAP FILM 0.22UF 5% 400VDC RADIAL
B32911A3103M000,1,7.28,EPCOS - TDK Electronics,CAP FILM 10000PF 20% 760VDC RAD
B32911B3223M000,1,7.36,EPCOS - TDK Electronics,CAP FILM 0.022UF 20% 760VDC RAD
B32522N6474J000,1,7.86,EPCOS - TDK Electronics,CAP FILM 0.47UF 5% 450VDC RADIAL
B32912A3104M026,1,7.94,EPCOS - TDK Electronics,FILM CAP MKP X1 0.1UF 20% 330VAC
B32932A3224K000,1,8.1,EPCOS - TDK Electronics,CAP FILM 0.22UF 10% 305VAC RAD
B32560J1105J000,1,8.43,EPCOS - TDK Electronics,CAP FILM 1UF 5% 100VDC 2DIP
B32522C3105J000,1,9.01,EPCOS - TDK Electronics,CAP FILM 1UF 5% 250VDC RADIAL
B32922H3474M,1,9.68,EPCOS - TDK Electronics,CAP FILM 0.47UF 20% 630VDC RAD
B32653A0473K000,1,9.84,EPCOS - TDK Electronics,CAP FILM 0.047UF 10% 1KVDC RAD
B32922H3474K000,1,10.01,EPCOS - TDK Electronics,CAP FILM 0.47UF 10% 630VDC RAD
B32529D1105J189,1,10.17,EPCOS - TDK Electronics,CAP FILM 1UF 5% 100VDC RADIAL
B32562H3155K000,1,10.58,EPCOS - TDK Electronics,CAP FILM 1.5UF 10% 250VDC 2DIP
B32923C3155M026,1,10.58,EPCOS - TDK Electronics,FILM CAP MKP X2 1.5UF 20% 305VAC
B32652A3105K000,1,11.33,EPCOS - TDK Electronics,CAP FILM 1UF 10% 250VDC RADIAL
B32652A3105J000,1,11.74,EPCOS - TDK Electronics,CAP FILM 1UF 5% 250VDC RADIAL
B32774X8305K000,1,12.16,EPCOS - TDK Electronics,CAP FILM 3UF 10% 800VDC RADIAL
B32774X9305K000,1,15.13,EPCOS - TDK Electronics,CAP FILM 3UF 10% 900VDC RADIAL
B32524Q6155K000,1,16.7,EPCOS - TDK Electronics,CAP FILM 1.5UF 10% 400VDC RADIAL
B32654A6684J000,1,16.79,EPCOS - TDK Electronics,CAP FILM 0.68UF 5% 630VDC RADIAL
B32673P6225J000,1,17.04,EPCOS - TDK Electronics,CAP FILM 2.2UF 5% 630VDC RADIAL
B32654A0334J000,1,17.28,EPCOS - TDK Electronics,CAP FILM 0.33UF 5% 1KVDC RADIAL
B32923H3155K000,1,18.11,EPCOS - TDK Electronics,CAP FILM 1.5UF 10% 630VDC RADIAL
B32774X1505K000,1,26.38,EPCOS - TDK Electronics,CAP FILM 5UF 10% 1.2KVDC RADIAL
B32924A4105M000,1,28.94,EPCOS - TDK Electronics,CAP FILM 1UF 20% 650VDC RADIAL
B32924B4225K000,1,55.65,EPCOS - TDK Electronics,CAP FILM 2.2UF 10% 650VDC RADIAL
B32656S0474K563,1,58.38,EPCOS - TDK Electronics,CAP FILM 0.47UF 10% 1KVDC SCREW
B32776T0505K000,1,60.7,EPCOS - TDK Electronics,CAP FILM 5UF 10% 1.1KVDC RADIAL
B32778Z8506K000,1,66.32,EPCOS - TDK Electronics,CAP FILM 50UF 800VDC RDL 4 LEAD
B32036A4105M000,1,68.55,EPCOS - TDK Electronics,CAP FILM 1UF 20% 1KVDC RADIAL
B32716H1206K000,1,79.72,EPCOS - TDK Electronics,"MKP DC FILTERING - 1100VDC, 20UF"
B32656S7334K566,1,84.84,EPCOS - TDK Electronics,CAP FILM 0.33UF 1.25KVDC QC TERM
B32926H3156M,1,90.39,EPCOS - TDK Electronics,CAP FILM 15UF 20% 630VDC RADIAL
B32676G4206K000,1,90.47,EPCOS - TDK Electronics,CAP FILM 20UF 10% 450VDC RADIAL
B32756G4905K000,1,96.17,EPCOS - TDK Electronics,CAP FILM 9UF 10% 800VDC RADIAL
B32656S7684K565,1,97.08,EPCOS - TDK Electronics,CAP FILM 0.68UF 1.25KVDC SCREW
B32756G8156K000,1,103.62,EPCOS - TDK Electronics,CAP FILM 15UF 10% 600VDC RADIAL
B32656S0125K563,1,112.22,EPCOS - TDK Electronics,CAP FILM 1.2UF 10% 1KVDC SCREW
B32678G8156K000,1,122.8,EPCOS - TDK Electronics,CAP FILM 15UF 10% 875VDC RADIAL
B32778Z4117K000,1,124.95,EPCOS - TDK Electronics,CAP FILM 110UF 500VDC RDL 4 LEAD
B32928A4206K000,1,221.95,EPCOS - TDK Electronics,CAP FILM 20UF 10% 650VDC RADIAL
B25690A1427K101,1,442,EPCOS - TDK Electronics,CAP FILM 420UF 10% 1.1KVDC RAD
B25680B0557K901,1,469.79,EPCOS - TDK Electronics,CAP FILM 550UF 10% 900V RADIAL
B25690A1487K101,1,593,EPCOS - TDK Electronics,CAP FILM 480UF 10% 1.1KV RADIAL
B32373A5137J300,1,698.36,EPCOS - TDK Electronics,CAP FILM 133UF 5% 500VAC RADIAL
B25645A1138K013,1,4118.19,EPCOS - TDK Electronics,MODULAR DCR 1375UF - 1600V - 120
B32375A5106J030,1,,EPCOS - TDK Electronics,CAP FILM 10UF 5% 750V RADIAL
B32529C1152K000,1,2.07,EPCOS - TDK Electronics,CAP FILM 1500PF 10% 100VDC RAD
B32529C0153K289,1,2.15,EPCOS - TDK Electronics,CAP FILM 0.015UF 10% 63VDC RAD
B32529C1473M189,1,2.15,EPCOS - TDK Electronics,CAP FILM 0.047UF 20% 100VDC RAD
B32529C0222K289,1,2.32,EPCOS - TDK Electronics,CAP FILM 2200PF 10% 63VDC RADIAL
B32529C1222M289,1,2.32,EPCOS - TDK Electronics,CAP FILM 2200PF 20% 100VDC RAD
B32529C1332M289,1,2.32,EPCOS - TDK Electronics,CAP FILM 3300PF 20% 100VDC RAD
B32529C1223M289,1,2.32,EPCOS - TDK Electronics,CAP FILM 0.022UF 20% 100VDC RAD
B32529C6472K000,1,2.48,EPCOS - TDK Electronics,CAP FILM 4700PF 10% 400VDC RAD
B32529C1332J289,1,2.48,EPCOS - TDK Electronics,CAP FILM 3300PF 5% 100VDC RADIAL
B32529C0104K289,1,2.56,EPCOS - TDK Electronics,CAP FILM 0.1UF 10% 63VDC RADIAL
B32529C3153J289,1,2.56,EPCOS - TDK Electronics,CAP FILM 0.015UF 5% 250VDC RAD
B32529C1683J289,1,2.73,EPCOS - TDK Electronics,CAP FILM 0.068UF 5% 100VDC RAD
B32560J6332K000,1,2.73,EPCOS - TDK Electronics,CAP FILM 3300PF 10% 400VDC 2DIP
B32529C6103K189,1,2.81,EPCOS - TDK Electronics,CAP FILM 10000PF 10% 400VDC RAD
B32529C6472J289,1,2.98,EPCOS - TDK Electronics,CAP FILM 4700PF 5% 400VDC RADIAL
B32529C3333K000,1,3.14,EPCOS - TDK Electronics,CAP FILM 0.033UF 10% 250VDC RAD
B32529C0224J289,1,3.31,EPCOS - TDK Electronics,CAP FILM 0.22UF 5% 63VDC RADIAL
B32529C1224M189,1,3.47,EPCOS - TDK Electronics,CAP FILM 0.22UF 20% 100VDC RAD
B32529C6333K289,1,3.72,EPCOS - TDK Electronics,CAP FILM 0.033UF 10% 400VDC RAD
B32521C3683J000,1,3.89,EPCOS - TDK Electronics,CAP FILM 0.068UF 5% 250VDC RAD
B32520C3104K189,1,4.05,EPCOS - TDK Electronics,CAP FILM 0.1UF 10% 250VDC RADIAL
B32521C6153K,1,4.13,EPCOS - TDK Electronics,CAP FILM 0.015UF 10% 400VDC RAD
B32520C6223K289,1,4.3,EPCOS - TDK Electronics,CAP FILM 0.022UF 10% 400VDC RAD
B32529C1334K189,1,4.38,EPCOS - TDK Electronics,CAP FILM 0.33UF 10% 100VDC RAD
B32521C6473K289,1,4.47,EPCOS - TDK Electronics,CAP FILM 0.047UF 10% 400VDC RAD
B32521N8103M000,1,4.88,EPCOS - TDK Electronics,CAP FILM 10000PF 20% 630VDC RAD
B32521E6683K000,1,4.96,EPCOS - TDK Electronics,CAP FILM 0.068UF 10% 400VDC RAD
B32521C1224K289,1,5.13,EPCOS - TDK Electronics,CAP FILM 0.22UF 10% 100VDC RAD
B32522C3224K000,1,5.21,EPCOS - TDK Electronics,CAP FILM 0.22UF 10% 250VDC RAD
B32621A3682J000,1,5.29,EPCOS - TDK Electronics,CAP FILM 6800PF 5% 250VDC RADIAL
B32522Q8473M000,1,5.29,EPCOS - TDK Electronics,CAP FILM 0.047UF 20% 630VDC RAD
B32620A3223J000,1,5.38,EPCOS - TDK Electronics,CAP FILM 0.022UF 5% 250VDC RAD
B32521C6683K000,1,5.38,EPCOS - TDK Electronics,CAP FILM 0.068UF 10% 400VDC RAD
B32521N8333J000,1,5.54,EPCOS - TDK Electronics,CAP FILM 0.033UF 5% 630VDC RAD
B32522Q8683M000,1,5.71,EPCOS - TDK Electronics,CAP FILM 0.068UF 20% 630VDC RAD
B32522C1334K000,1,5.87,EPCOS - TDK Electronics,CAP FILM 0.33UF 10% 100VDC RAD
B32621A0103K000,1,7.03,EPCOS - TDK Electronics,CAP FILM 10000PF 10% 1KVDC RAD
B32529D3224K189,1,7.11,EPCOS - TDK Electronics,CAP FILM 0.22UF 10% 250VDC RAD
B32621A4473K000,1,7.19,EPCOS - TDK Electronics,CAP FILM 0.047UF 10% 400VDC RAD
B32671P5154K000,1,7.28,EPCOS - TDK Electronics,CAP FILM 0.15UF 10% 520VDC RAD
B32621A6223K289,1,7.61,EPCOS - TDK Electronics,CAP FILM 0.022UF 10% 630VDC RAD
B32682A7332K000,1,8.35,EPCOS - TDK Electronics,CAP FILM 3300PF 10% 1.25KVDC RAD
B32922H3394M000,1,8.6,EPCOS - TDK Electronics,CAP FILM 0.39UF 20% 630VDC RAD
B32529D1105K000,1,8.68,EPCOS - TDK Electronics,CAP FILM 1UF 10% 100VDC RADIAL
B32672P5154K000,1,8.68,EPCOS - TDK Electronics,CAP FILM 0.15UF 10% 520VDC RAD
B32682A0682K000,1,8.77,EPCOS - TDK Electronics,CAP FILM 6800PF 10% 1KVDC RADIAL
B32682A7682K000,1,8.93,EPCOS - TDK Electronics,CAP FILM 6800PF 10% 1.25KVDC RAD
B32923J3334K,1,10.25,EPCOS - TDK Electronics,CAP FILM 0.33UF 10% 630VDC RAD
B32683A1682K000,1,10.42,EPCOS - TDK Electronics,CAP FILM 6800PF 10% 1.6KVDC RAD
B32523Q3155K000,1,10.67,EPCOS - TDK Electronics,CAP FILM 1.5UF 10% 250VDC RADIAL
B32652A4684J000,1,11.49,EPCOS - TDK Electronics,CAP FILM 0.68UF 5% 400VDC RADIAL
B32683A7153K000,1,11.49,EPCOS - TDK Electronics,CAP FILM 0.015UF 1.25KVDC RADIAL
B32683A2472J000,1,11.58,EPCOS - TDK Electronics,CAP FILM 4700PF 5% 2KVDC RADIAL
B32683A1153K000,1,12.4,EPCOS - TDK Electronics,CAP FILM 0.015UF 10% 1.6KVDC RAD
B32923H3824M,1,12.73,EPCOS - TDK Electronics,CAP FILM 0.82UF 20% 630VDC RAD
B32523Q8474K000,1,14.14,EPCOS - TDK Electronics,CAP FILM 0.47UF 10% 630VDC RAD
B32683A2103J000,1,14.39,EPCOS - TDK Electronics,CAP FILM 10000PF 5% 2KVDC RADIAL
B32924H3105M,1,15.88,EPCOS - TDK Electronics,CAP FILM 1UF 20% 630VDC RADIAL
B32524R6225K000,1,16.79,EPCOS - TDK Electronics,CAP FILM 2.2UF 10% 400VDC RADIAL
B32562H8474K000,1,19.35,EPCOS - TDK Electronics,CAP FILM 0.47UF 10% 630VDC 2DIP
B32934A3684M000,1,19.43,EPCOS - TDK Electronics,CAP FILM 0.68UF 20% 305VAC RAD
B32914A3474M000,1,20.26,EPCOS - TDK Electronics,CAP FILM 0.47UF 20% 760VDC RAD
B32934A3474K189,1,20.59,EPCOS - TDK Electronics,CAP FILM 0.47UF 10% 305VAC RAD
B32774X5505K000,1,20.92,EPCOS - TDK Electronics,CAP FILM 5UF 10% 600VDC RADIAL
B32924H3155M,1,21.75,EPCOS - TDK Electronics,CAP FILM 1.5UF 20% 630VDC RADIAL
B32654A4155K000,1,22.99,EPCOS - TDK Electronics,CAP FILM 1.5UF 10% 400VDC RADIAL
B32924A4824M000,1,23.98,EPCOS - TDK Electronics,CAP FILM 0.82UF 20% 650VDC RAD
B32524Q6475K,1,28.12,EPCOS - TDK Electronics,CAP FILM 4.7UF 10% 400VDC RADIAL
B32033A4394M000,1,30.18,EPCOS - TDK Electronics,CAP FILM 0.39UF 20% 1KVDC RADIAL
B32654A3335J000,1,30.85,EPCOS - TDK Electronics,CAP FILM 3.3UF 5% 250VDC RADIAL
B32774H0475K000,1,34.73,EPCOS - TDK Electronics,CAP FILM 4.7UF 10% 920VDC RADIAL
B32924A4155M000,1,41.26,EPCOS - TDK Electronics,CAP FILM 1.5UF 20% 650VDC RADIAL
B32674D8305K000,1,42.09,EPCOS - TDK Electronics,CAP FILM 3UF 10% 875VDC RADIAL
B32676E6405K000,1,43.83,EPCOS - TDK Electronics,CAP FILM 4UF 10% 630VDC RADIAL
B32036A4684M000,1,49.37,EPCOS - TDK Electronics,CAP FILM 0.68UF 20% 1KVDC RADIAL
B32686A1104K000,1,53.34,EPCOS - TDK Electronics,CAP FILM 0.1UF 10% 1.6KVDC RAD
B33331V7405J080,1,55.9,EPCOS - TDK Electronics,CAP FILM 4UF 5% 460VAC RADIAL
B32776T8685K000,1,57.47,EPCOS - TDK Electronics,CAP FILM 6.8UF 10% 800VDC RADIAL
B32686A2683J000,1,58.47,EPCOS - TDK Electronics,CAP FILM 0.068UF 5% 2KVDC RADIAL
B32676T4405K000,1,59.54,EPCOS - TDK Electronics,CAP FILM 4UF 10% 450VDC RADIAL
B32526T6825K000,1,61.03,EPCOS - TDK Electronics,CAP FILM 8.2UF 10% 400VDC RADIAL
B32776T8855K000,1,61.36,EPCOS - TDK Electronics,CAP FILM 8.5UF 10% 800VDC RADIAL
B32656T7274K000,1,62.19,EPCOS - TDK Electronics,CAP FILM 0.27UF 10% 1.25KVDC RAD
B32676T6275K000,1,63.67,EPCOS - TDK Electronics,CAP FILM 2.7UF 10% 630VDC RADIAL
B32656T1154K000,1,64.25,EPCOS - TDK Electronics,CAP FILM 0.15UF 10% 1.6KVDC RAD
B32676T3625K000,1,65.33,EPCOS - TDK Electronics,CAP FILM 6.2UF 10% 300VDC RADIAL
B32656T1224K000,1,70.21,EPCOS - TDK Electronics,CAP FILM 0.22UF 10% 1.6KVDC RAD
B32926J3106K000,1,77.32,EPCOS - TDK Electronics,CAP FILM 10UF 10% 630VDC RADIAL
B32676E3206K000,1,87.49,EPCOS - TDK Electronics,CAP FILM 20UF 10% 300VDC RADIAL
B32354S3106K010,1,92.45,EPCOS - TDK Electronics,CAP FILM 10UF 10% 500VDC RADIAL
B32926H3156K000,1,94.19,EPCOS - TDK Electronics,CAP FILM 15UF 10% 630V RADIAL
B32676G6146K000,1,99.98,EPCOS - TDK Electronics,CAP FILM 14UF 10% 630VDC RADIAL
B32354S3156K010,1,99.98,EPCOS - TDK Electronics,CAP FILM 15UF 10% 500VDC RADIAL
B32656S0105K561,1,100.72,EPCOS - TDK Electronics,CAP FILM 1UF 10% 1KVDC SCREW
B32656S0105J561,1,104.94,EPCOS - TDK Electronics,CAP FILM 1UF 5% 1KVDC SCREW
B32656S7564K561,1,105.35,EPCOS - TDK Electronics,CAP FILM 0.56UF 1.25KVDC SCREW
B32656S0125K562,1,110.07,EPCOS - TDK Electronics,CAP FILM 1.2UF 10% 1KVDC SCREW
B32778H5506K000,1,115.77,EPCOS - TDK Electronics,CAP FILM 50UF 10% 500VDC RADIAL
B32686S7224J564,1,116.93,EPCOS - TDK Electronics,CAP FILM 0.22UF 5% 1.25KVDC SCRW
B32656S1684K563,1,119.25,EPCOS - TDK Electronics,CAP FILM 0.68UF 10% 1.7KVDC SCRW
B32656S7105K562,1,119.25,EPCOS - TDK Electronics,CAP FILM 1UF 10% 1.25KVDC SCREW
B32656S0155J561,1,124.21,EPCOS - TDK Electronics,CAP FILM 1.5UF 5% 1KVDC SCREW
B32354S3256K010,1,126.19,EPCOS - TDK Electronics,CAP FILM 25UF 10% 500VDC RADIAL
B32928A4106K000,1,131.48,EPCOS - TDK Electronics,CAP FILM 10UF 10% 650VDC RADIAL
B32656S7145K561,1,141.74,EPCOS - TDK Electronics,CAP FILM 1.4UF 10% 1.25KVDC SCRW
B32656S2474K562,1,146.2,EPCOS - TDK Electronics,CAP FILM 0.47UF 10% 2KVDC SCREW
B32354S3356K010,1,155.22,EPCOS - TDK Electronics,CAP FILM 35UF 10% 500VDC RADIAL
B32526T0566K000,1,202.85,EPCOS - TDK Electronics,CAP FILM 56UF 10% 63VDC RADIAL
B32778G0306J000,1,214.76,EPCOS - TDK Electronics,CAP FILM 30UF 1.1KVDC RAD 4 LEAD
B32526T0826K000,1,259.91,EPCOS - TDK Electronics,CAP FILM 82UF 10% 63VDC RADIAL
B32778G4107K000,1,312.83,EPCOS - TDK Electronics,CAP FILM 100UF 450VDC RAD 4 LEAD
B25631B0147K900,1,413.56,EPCOS - TDK Electronics,CAP FILM 140UF 10% 900V RADIAL
B25631B0187K800,1,435.88,EPCOS - TDK Electronics,CAP FILM 180UF 10% 800V RADIAL
B25631B0157K700,1,457.71,EPCOS - TDK Electronics,150UF+-10% 700V PEC MKP DC LSI
B25631B1956K200,1,459.62,EPCOS - TDK Electronics,CAP FILM 95UF 10% 1.2KV RADIAL
B25631B0157K900,1,469.54,EPCOS - TDK Electronics,CAP FILM 150UF 10% 900V RADIAL
B25632E1127K000,1,478.72,EPCOS - TDK Electronics,POWER ELECTRONIC CAPACITORS (PEC
B25620B1427A101,1,647.66,EPCOS - TDK Electronics,CAP FILM 420UF 1.1KVDC SCREW
B32376A3307J030,1,730.69,EPCOS - TDK Electronics,CAP FILM 300UF 5% 460V RADIAL
B32377A5256J030,1,812.47,EPCOS - TDK Electronics,CAP FILM 3X25UF 5% 1.35KVDC RAD
B32377A4107J080,1,820.08,EPCOS - TDK Electronics,CAP FILM 3X100UF 5% 1.2KVDC RAD
B25620B0447K883,1,837.12,EPCOS - TDK Electronics,CAP FILM 440UF 10% 900VDC RADIAL
B32377A7306J020,1,838.52,EPCOS - TDK Electronics,CAP FILM 3X30UF 5% 1.8KVDC RAD
B32373A5307J030,1,959.09,EPCOS - TDK Electronics,CAP FILM 300UF 5% 1.35KVDC RAD
B32377B4107J080,1,975.13,EPCOS - TDK Electronics,CAP FILM 3X100UF 5% 1.2KVDC RAD
B32377A5107J030,1,1080.73,EPCOS - TDK Electronics,CAP FILM 3X100UF 5% 1.35KVDC RAD
B32377A7356J080,1,1087.19,EPCOS - TDK Electronics,CAP FILM 3X35UF 5% 1.95KVDC RAD
B25620B0148K703,1,2185.45,EPCOS - TDK Electronics,CAP FILM 1400UF 10% 700VDC RAD
B25645A1258K003,1,4348.66,EPCOS - TDK Electronics,MODULAR DCR 2525UF - 1100V - 140
B32594C6684J008,1,,EPCOS - TDK Electronics,CAP FILM 0.68UF 5% 400VDC RADIAL
B32686A0224K,1,,EPCOS - TDK Electronics,CAP FILM 0.22UF 10% 1KVDC RADIAL
B32686A0474J,1,,EPCOS - TDK Electronics,CAP FILM 0.47UF 5% 1KVDC RADIAL
B32305A4252B040,1,,EPCOS - TDK Electronics,CAP FILM 137UF 5% 440VAC RAD
B32305A4302B040,1,,EPCOS - TDK Electronics,CAP FILM 165UF 5% 440VAC RAD
B32305A4302B080,1,,EPCOS - TDK Electronics,CAP FILM 138UF 5% 480VAC RAD
B32521D8333K000,4000,1.8696,EPCOS - TDK Electronics,CAP FILM 0.033UF 10% 630VDC RAD
B32529C0152K289,1,2.32,EPCOS - TDK Electronics,CAP FILM 1500PF 10% 63VDC RADIAL
B32560J1105M000,2000,3.0234,EPCOS - TDK Electronics,CAP FILM 1UF 20% 100VDC 2DIP
B32529E6103K289,1,3.39,EPCOS - TDK Electronics,CAP FILM 10000PF 10% 400VDC RAD
B32529E6153K289,1,3.47,EPCOS - TDK Electronics,CAP FILM 0.015UF 10% 400VDC RAD
B32529E6223J189,1,3.97,EPCOS - TDK Electronics,CAP FILM 0.022UF 5% 400VDC RAD
B32529C3563J289,1,4.22,EPCOS - TDK Electronics,CAP FILM 0.056UF 5% 250VDC RAD
B32671L6223K289,1,5.54,EPCOS - TDK Electronics,CAP FILM 0.022UF 10% 630VDC RAD
B32672L9332J000,1,5.79,EPCOS - TDK Electronics,CAP FILM 3300PF 5% 2KVDC RAD
B32523Q8684K000,1800,5.83626,EPCOS - TDK Electronics,CAP FILM 0.68UF 10% 630VDC RAD
B32672L6224J000,1,6.78,EPCOS - TDK Electronics,220NF  5%  630V MKP WOUND  BOXED
B32682A2471M000,1,7.79,EPCOS - TDK Electronics,CAP FILM 470PF 20% 2KVDC RADIAL
B32523Q6224K000,1,7.94,EPCOS - TDK Electronics,CAP FILM 0.22UF 10% 400VDC RAD
B32562J3105J000,1,8.1,EPCOS - TDK Electronics,CAP FILM 1UF 5% 250VDC 2DIP
B32642B8103K000,1,8.1,EPCOS - TDK Electronics,10NF  10%  2000V MMKP WOUND BOXE
B32912H4683K000,1,9.5,EPCOS - TDK Electronics,CAP FILM 0.068UF 10% 1KVDC RDL
B32912H4683K189,1,9.67,EPCOS - TDK Electronics,CAP FILM 0.068UF 10% 1KVDC RDL
B32912H4683K289,1,9.67,EPCOS - TDK Electronics,CAP FILM 0.068UF 10% 1KVDC RDL
B32913H4154M000,1,10.01,EPCOS - TDK Electronics,CAP FILM 0.15UF 20% 1KVDC RADIAL
B32653A6154K000,1,10.34,EPCOS - TDK Electronics,CAP FILM 0.15UF 10% 630VDC RAD
B32912B3154M189,1,11.49,EPCOS - TDK Electronics,CAP FILM 0.15UF 20% 760VDC RAD
B32923H3474K000,1,10.58,EPCOS - TDK Electronics,CAP FILM 0.47UF 10% 630VDC RAD
B32913J4154M000,1,11.55,EPCOS - TDK Electronics,CAP FILM 0.15UF 20% 1KVDC RADIAL
B32913J4154M289,1,11.98,EPCOS - TDK Electronics,CAP FILM 0.15UF 20% 1KVDC RADIAL
B32913J4154M189,1,11.98,EPCOS - TDK Electronics,CAP FILM 0.15UF 20% 1KVDC RADIAL
B32923H3105K000,1,14.31,EPCOS - TDK Electronics,CAP FILM 1UF 10% 630VDC RADIAL
B32524Q6105J000,1,15.55,EPCOS - TDK Electronics,CAP FILM 1UF 5% 400VDC RADIAL
B32654A7104K000,1,15.55,EPCOS - TDK Electronics,CAP FILM 0.1UF 10% 1.25KVDC RAD
B32913B5224M000,1,18.36,EPCOS - TDK Electronics,220 NF   20%   530VAC    MKP X1
B32562J1395K000,1,18.85,EPCOS - TDK Electronics,CAP FILM 3.9UF 10% 100VDC 2DIP
B32023B3104M289,1,21.34,EPCOS - TDK Electronics,CAP FILM 0.1UF 20% 1.5KVDC RAD
B32563J6225K000,1,21.67,EPCOS - TDK Electronics,CAP FILM 2.2UF 10% 400VDC 2DIP
B32914H4684K000,1,23.79,EPCOS - TDK Electronics,CAP FILM 0.68UF 10% 1KVDC RADIAL
B32654A7224K189,1,25.14,EPCOS - TDK Electronics,CAP FILM 0.22UF 10% 1.25KVDC RAD
B32914H4105K000,1,29.43,EPCOS - TDK Electronics,CAP FILM 1UF 10% 1KVDC RADIAL
B32674D8225J000,1,32.33,EPCOS - TDK Electronics,CAP FILM 2.2UF 5% 875VDC RADIAL
B32916H4105K000,1,33.54,EPCOS - TDK Electronics,CAP FILM 1UF 10% 1KVDC RADIAL
B32656A7474K000,1,52.76,EPCOS - TDK Electronics,CAP FILM 0.47UF 10% 1.25KVDC RAD
B32916H4335M000,1,63.26,EPCOS - TDK Electronics,3.30UF  20%  480VAC MKP SUPPRESS
B32756G8106K000,1,72.61,EPCOS - TDK Electronics,CAP FILM 10UF 10% 600VDC RADIAL
B32656A0225K000,1,127.93,EPCOS - TDK Electronics,CAP FILM 2.2UF 10% 1KVDC RADIAL
B32656S0225K561,1,135.1,EPCOS - TDK Electronics,2.2000UF 10% 1000V- MKP BOX
B32758G2606K000,1,132.31,EPCOS - TDK Electronics,CAP FILM 60UF 10% RADIAL
B32526R1107K000,1,161.09,EPCOS - TDK Electronics,CAP FILM 100UF 10% 100VDC RADIAL
B32758G4206K000,1,170.52,EPCOS - TDK Electronics,FILM CAP MKP AC FILTERING 20.0F
B25631A0227K700,1,396.35,EPCOS - TDK Electronics,CAP FILM 220UF 10% 700VDC RADIAL
B25631B2306K000,1,415.29,EPCOS - TDK Electronics,CAP FILM 30UF 10% 2KV RADIAL
B32362A3257J030,1,590.44,EPCOS - TDK Electronics,CAP FILM 250UF 5% 330VAC RADIAL
B25620B1427K101,1,599.2,EPCOS - TDK Electronics,CAP FILM 420UF 10% 1.1KVDC RAD
B25631S0407K500,1,648.99,EPCOS - TDK Electronics,CAP FILM 400UF 10% 500VDC RADIAL
B32362A4257J080,1,762.36,EPCOS - TDK Electronics,CAP FILM 250UF 5% 1.2KVDC RADIAL
B44066S2511C242,1,867.65,EPCOS - TDK Electronics,25KVAR CAPDUTYCONT1NO+1NC240VAC
B25674C5202J825,1,1077.84,EPCOS - TDK Electronics,CAPACITANCE 3X80.1UF  - 25KVAR_5
B44066S5012C242,1,1726.06,EPCOS - TDK Electronics,50KVAR CAPDUTYCONT1NO+2NC240
B32529C1122K289,12800,0.41266,EPCOS - TDK Electronics,CAP FILM 1200PF 10% 100VDC RAD
B32529C1153K289,12800,0.41266,EPCOS - TDK Electronics,CAP FILM 0.015UF 10% 100VDC RAD
B32529C0122K289,12800,0.41266,EPCOS - TDK Electronics,CAP FILM 1200PF 10% 100VDC RAD
B32529C1392K289,12800,0.41266,EPCOS - TDK Electronics,CAP FILM 3900PF 10% 100VDC RAD
B32529C1393K289,12800,0.41266,EPCOS - TDK Electronics,CAP FILM 0.039UF 10% 100VDC RAD
B32529C1562K289,12800,0.41266,EPCOS - TDK Electronics,CAP FILM 5600PF 10% 100VDC RAD
B32529C1682K289,12800,0.41266,EPCOS - TDK Electronics,CAP FILM 6800PF 10% 100VDC RAD
B32529C1822K289,12800,0.41266,EPCOS - TDK Electronics,CAP FILM 8200PF 10% 100VDC RAD
B32529C0183K289,12800,0.41266,EPCOS - TDK Electronics,CAP FILM 0.018UF 10% 63VDC RAD
B32529C0272K289,12800,0.41266,EPCOS - TDK Electronics,CAP FILM 2700PF 10% 63VDC RADIAL
B32529C0393K289,12800,0.41266,EPCOS - TDK Electronics,CAP FILM 0.039UF 10% 63VDC RAD
B32529C0562K289,12800,0.41266,EPCOS - TDK Electronics,CAP FILM 5600PF 10% 63VDC RADIAL
B32529C0563K289,12800,0.41266,EPCOS - TDK Electronics,CAP FILM 0.056UF 10% 63VDC RAD
B32529C0563M289,12800,0.41266,EPCOS - TDK Electronics,CAP FILM 0.056UF 20% 63VDC RAD
B32529C0823K289,12800,0.41266,EPCOS - TDK Electronics,CAP FILM 0.082UF 10% 63VDC RAD
B32529C1562M289,12800,0.41266,EPCOS - TDK Electronics,CAP FILM 5600PF 20% RADIAL
B32529C1563M289,12800,0.41266,EPCOS - TDK Electronics,CAP FILM 0.056UF 20% RADIAL
B32529C0153M289,12800,0.41266,EPCOS - TDK Electronics,CAP FILM 0.015UF 20% 63VDC RAD
B32529C0223M289,12800,0.41266,EPCOS - TDK Electronics,CAP FILM 0.022UF 20% 63VDC RAD
B32529C0333M289,12800,0.41266,EPCOS - TDK Electronics,CAP FILM 0.033UF 20% 63VDC RAD
B32529C0472M289,12800,0.41266,EPCOS - TDK Electronics,CAP FILM 4700PF 20% 63VDC RADIAL
B32529C0473M289,12800,0.41266,EPCOS - TDK Electronics,CAP FILM 0.047UF 20% 63VDC RAD
B32529C0823M289,12800,0.41266,EPCOS - TDK Electronics,CAP FILM 0.082UF 20% RADIAL
B32529C1123K189,11200,0.41795,EPCOS - TDK Electronics,CAP FILM 0.012UF 10% 100VDC RAD
B32529C1332K189,11200,0.41795,EPCOS - TDK Electronics,CAP FILM 3300PF 10% 100VDC RAD
B32529C1682K189,11200,0.41795,EPCOS - TDK Electronics,CAP FILM 6800PF 10% 100VDC RAD
B32529C0563K189,11200,0.41795,EPCOS - TDK Electronics,CAP FILM 0.056UF 10% 63VDC RAD
B32529C0682K189,11200,0.41795,EPCOS - TDK Electronics,CAP FILM 6800PF 10% 63VDC RADIAL
B32529C1472M189,11200,0.41795,EPCOS - TDK Electronics,CAP FILM 4700PF 20% 100VDC RAD
B32529C0333M189,11200,0.41795,EPCOS - TDK Electronics,CAP FILM 0.033UF 20% 63VDC RAD
B32529C0683M189,11200,0.41795,EPCOS - TDK Electronics,CAP FILM 0.068UF 20% 63VDC RAD
B32529C3182M289,12800,0.42614,EPCOS - TDK Electronics,CAP FILM 1800PF 20% RADIAL
B32529C1333K000,8000,0.43201,EPCOS - TDK Electronics,CAP FILM 0.033UF 10% 100VDC RAD
B32529C0123K000,8000,0.43201,EPCOS - TDK Electronics,CAP FILM 0.012UF 10% 63VDC RAD
B32529C1563K000,8000,0.43201,EPCOS - TDK Electronics,CAP FILM 0.056UF 10% 100VDC RAD
B32529C1682K000,8000,0.43201,EPCOS - TDK Electronics,CAP FILM 6800PF 10% 100VDC RAD
B32529C0273K000,8000,0.43201,EPCOS - TDK Electronics,CAP FILM 0.027UF 10% 63VDC RAD
B32529C0392K000,8000,0.43201,EPCOS - TDK Electronics,CAP FILM 3900PF 10% 63VDC RADIAL
B32529C0562K000,8000,0.43201,EPCOS - TDK Electronics,CAP FILM 5600PF 10% 63VDC RADIAL
B32529C0563K000,8000,0.43201,EPCOS - TDK Electronics,CAP FILM 0.056UF 10% 63VDC RAD
B32529C0103M000,8000,0.43201,EPCOS - TDK Electronics,CAP FILM 10000PF 20% 63VDC RAD
B32529C0104M000,8000,0.43201,EPCOS - TDK Electronics,CAP FILM 0.1UF 20% 63VDC RADIAL
B32529C0223M000,8000,0.43201,EPCOS - TDK Electronics,CAP FILM 0.022UF 20% 63VDC RAD
B32529C1103M289,12800,0.43523,EPCOS - TDK Electronics,CAP FILM 10000PF 20% 100VDC RAD
B32529C1123J289,12800,0.44884,EPCOS - TDK Electronics,CAP FILM 0.012UF 5% 100VDC RAD
B32529C1182J289,12800,0.44884,EPCOS - TDK Electronics,CAP FILM 1800PF 5% 100VDC RADIAL
B32529C1183J289,12800,0.44884,EPCOS - TDK Electronics,CAP FILM 0.018UF 5% 100VDC RAD
B32529C0122J289,12800,0.44884,EPCOS - TDK Electronics,CAP FILM 1200PF 5% 100VDC RADIAL
B32529C0123J289,12800,0.44884,EPCOS - TDK Electronics,CAP FILM 0.012UF 5% 63VDC RADIAL
B32529C1272J289,12800,0.44884,EPCOS - TDK Electronics,CAP FILM 2700PF 5% 100VDC RADIAL
B32529C1273J289,12800,0.44884,EPCOS - TDK Electronics,CAP FILM 0.027UF 5% 100VDC RAD
B32529C1392J289,12800,0.44884,EPCOS - TDK Electronics,CAP FILM 3900PF 5% 100VDC RADIAL
B32529C1393J289,12800,0.44884,EPCOS - TDK Electronics,CAP FILM 0.039UF 5% 100VDC RAD
B32529C1562J289,12800,0.44884,EPCOS - TDK Electronics,CAP FILM 5600PF 5% 100VDC RADIAL
B32529C1563J289,12800,0.44884,EPCOS - TDK Electronics,CAP FILM 0.056UF 5% 100VDC RAD
B32529C1822J289,12800,0.44884,EPCOS - TDK Electronics,CAP FILM 8200PF 5% 100VDC RADIAL
B32529C0122J189,11200,0.45451,EPCOS - TDK Electronics,CAP FILM 1200PF 5% 100VDC RADIAL
B32529C1562J189,11200,0.45451,EPCOS - TDK Electronics,CAP FILM 5600PF 5% 100VDC RADIAL
B32529C1563J189,11200,0.45451,EPCOS - TDK Electronics,CAP FILM 0.056UF 5% 100VDC RAD
B32529C1682J189,11200,0.45451,EPCOS - TDK Electronics,CAP FILM 6800PF 5% 100VDC RADIAL
B32529C1823J189,11200,0.45451,EPCOS - TDK Electronics,CAP FILM 0.082UF 5% 100VDC RAD
B32529C0183J189,11200,0.45451,EPCOS - TDK Electronics,CAP FILM 0.018UF 5% 63VDC RADIAL
B32529C0273J189,11200,0.45451,EPCOS - TDK Electronics,CAP FILM 0.027UF 5% 63VDC RADIAL
B32529C0393J189,11200,0.45451,EPCOS - TDK Electronics,CAP FILM 0.039UF 5% 63VDC RADIAL
B32529C0823J189,11200,0.45451,EPCOS - TDK Electronics,CAP FILM 0.082UF 5% 63VDC RADIAL
B32529C1123J189,11200,0.45451,EPCOS - TDK Electronics,CAP FILM 0.012UF 5% RADIAL
B32529C1563J000,8000,0.46959,EPCOS - TDK Electronics,CAP FILM 0.056UF 5% 100VDC RAD
B32529C1822J000,8000,0.46959,EPCOS - TDK Electronics,CAP FILM 8200PF 5% RADIAL
B32529C1823J000,8000,0.47341,EPCOS - TDK Electronics,CAP FILM 0.08UF 5% 100VDC RAD
B32529C3102K289,12800,0.47757,EPCOS - TDK Electronics,CAP FILM 1000PF 10% 250VDC RAD
B32529C3152K289,12800,0.47757,EPCOS - TDK Electronics,CAP FILM 1500PF 10% 250VDC RAD
B32529C3332K289,12800,0.47757,EPCOS - TDK Electronics,CAP FILM 3300PF 10% 250VDC RAD
B32529C3682K289,12800,0.47757,EPCOS - TDK Electronics,CAP FILM 6800PF 10% 250VDC RAD
B32529C3153M289,12800,0.47757,EPCOS - TDK Electronics,CAP FILM 0.015UF 20% 250VDC RAD
B32529C3223M289,12800,0.47757,EPCOS - TDK Electronics,CAP FILM 0.022UF 20% 250VDC RAD
B32529C3272M289,12800,0.47757,EPCOS - TDK Electronics,CAP FILM 2700PF 20% RADIAL
B32529C3332M189,11200,0.48356,EPCOS - TDK Electronics,CAP FILM 3300PF 20% 250VDC RAD
B32529C0124K289,12800,0.49189,EPCOS - TDK Electronics,CAP FILM 0.12UF 10% 63VDC RADIAL
B32529C3152K000,8000,0.49945,EPCOS - TDK Electronics,CAP FILM 1500PF 10% 250VDC RAD
B32529C3153K000,8000,0.49945,EPCOS - TDK Electronics,CAP FILM 0.015UF 10% 250VDC RAD
B32529C3562K000,8000,0.49945,EPCOS - TDK Electronics,CAP FILM 5600PF 10% 250VDC RAD
B32529C3183J289,12800,0.51227,EPCOS - TDK Electronics,CAP FILM 0.018UF 5% 250VDC RAD
B32529C3222J289,12800,0.51227,EPCOS - TDK Electronics,CAP FILM 2200PF 5% 250VDC RADIAL
B32529C3332J289,12800,0.51227,EPCOS - TDK Electronics,CAP FILM 3300PF 5% 250VDC RADIAL
B32529C3472J289,12800,0.51227,EPCOS - TDK Electronics,CAP FILM 4700PF 5% 250VDC RADIAL
B32529C3153J189,11200,0.51861,EPCOS - TDK Electronics,CAP FILM 0.015UF 5% 250VDC RAD
B32529C6122K289,12800,0.52649,EPCOS - TDK Electronics,CAP FILM 1200PF 10% 400VDC RAD
B32529C6392K289,12800,0.52649,EPCOS - TDK Electronics,CAP FILM 3900PF 10% 400VDC RAD
B32529C6562K289,12800,0.52649,EPCOS - TDK Electronics,CAP FILM 5600PF 10% 400VDC RAD
B32529C6682K289,12800,0.52649,EPCOS - TDK Electronics,CAP FILM 6800PF 10% 400VDC RAD
B32529C6152M289,12800,0.52649,EPCOS - TDK Electronics,CAP FILM 1500PF 20% 400VDC RAD
B32529C6222M289,12800,0.52649,EPCOS - TDK Electronics,CAP FILM 2200PF 20% 400VDC RAD
B32529C6332M289,12800,0.52649,EPCOS - TDK Electronics,CAP FILM 3300PF 20% 400VDC RAD
B32529C6472M289,12800,0.52649,EPCOS - TDK Electronics,CAP FILM 4700PF 20% 400VDC RAD
B32529C6562M289,12800,0.52649,EPCOS - TDK Electronics,CAP FILM 5600PF 20% RADIAL
B32529C6682M289,12800,0.52649,EPCOS - TDK Electronics,CAP FILM 6800PF 20% 400VDC RAD
B32529C6682K189,11200,0.53298,EPCOS - TDK Electronics,CAP FILM 6800PF 10% 400VDC RAD
B32529C6682M189,11200,0.53298,EPCOS - TDK Electronics,CAP FILM 6800PF 20% 400VDC RAD
B32529C3123J000,8000,0.53547,EPCOS - TDK Electronics,CAP FILM 0.012UF 5% 250VDC RAD
B32529C6103K289,10800,0.53889,EPCOS - TDK Electronics,CAP FILM 10000PF 10% 400VDC RAD
B32529C0124J189,11200,0.54015,EPCOS - TDK Electronics,CAP FILM 0.12UF 5% 63VDC RADIAL
B32529C6123K289,9200,0.54707,EPCOS - TDK Electronics,CAP FILM 0.012UF 10% 400VDC RAD
B32529C6332K000,8000,0.55023,EPCOS - TDK Electronics,CAP FILM 3300PF 10% 400VDC RAD
B32529C6682K000,8000,0.55023,EPCOS - TDK Electronics,CAP FILM 6800PF 10% 400VDC RAD
B32529C0184K289,12800,0.55382,EPCOS - TDK Electronics,CAP FILM 0.18UF 10% 63VDC RADIAL
B32529C0184M289,12800,0.55382,EPCOS - TDK Electronics,CAP FILM 0.18UF 20% RADIAL
B32529C0224M289,12800,0.55382,EPCOS - TDK Electronics,CAP FILM 0.22UF 20% 63VDC RADIAL
B32529C6332J189,11200,0.55549,EPCOS - TDK Electronics,CAP FILM 3300PF 5% 400VDC RADIAL
B32529C6153K289,9200,0.55643,EPCOS - TDK Electronics,CAP FILM 0.015UF 10% 400VDC RAD
B32529C0184K189,11200,0.5606,EPCOS - TDK Electronics,CAP FILM 0.18UF 10% 63VDC RADIAL
B32529C0224M189,11200,0.5606,EPCOS - TDK Electronics,CAP FILM 0.22UF 20% 63VDC RADIAL
B32529C6153K189,8000,0.56392,EPCOS - TDK Electronics,CAP FILM 0.015UF 10% 400VDC RAD
B32529C6122J289,12800,0.56794,EPCOS - TDK Electronics,CAP FILM 1200PF 5% 400VDC RADIAL
B32529C6272J289,12800,0.56794,EPCOS - TDK Electronics,CAP FILM 2700PF 5% 400VDC RADIAL
B32529C6332J289,12800,0.56794,EPCOS - TDK Electronics,CAP FILM 3300PF 5% 400VDC RADIAL
B32529C6562J289,12800,0.56794,EPCOS - TDK Electronics,CAP FILM 5600PF 5% 400VDC RADIAL
B32529C6682J289,12800,0.56794,EPCOS - TDK Electronics,CAP FILM 6800PF 5% 400VDC RADIAL
B32529C6103J189,9600,0.57074,EPCOS - TDK Electronics,CAP FILM 10000PF 5% 400VDC RAD
B32559C3473K000,8800,0.57117,EPCOS - TDK Electronics,CAP FILM 0.047UF 10% 250VDC RAD
B32529C6152J189,11200,0.57487,EPCOS - TDK Electronics,CAP FILM 1500PF 5% 400VDC RADIAL
B32529C6222J189,11200,0.57487,EPCOS - TDK Electronics,CAP FILM 2200PF 5% 400VDC RADIAL
B32529C6562J189,11200,0.57487,EPCOS - TDK Electronics,CAP FILM 5600PF 5% 400VDC RADIAL
B32529C6682J189,11200,0.57487,EPCOS - TDK Electronics,CAP FILM 6800PF 5% 400VDC RADIAL
B32529C6153J289,9200,0.58131,EPCOS - TDK Electronics,CAP FILM 0.015UF 5% 400VDC RAD
B32529C6153J189,8000,0.58906,EPCOS - TDK Electronics,CAP FILM 0.015UF 5% 400VDC RAD
B32529C6392J000,8000,0.59325,EPCOS - TDK Electronics,CAP FILM 3900PF 5% 400VDC RADIAL
B32529C3273K289,12800,0.5951,EPCOS - TDK Electronics,CAP FILM 0.027UF 10% 250VDC RAD
B32529C3273M289,12800,0.5951,EPCOS - TDK Electronics,CAP FILM 0.027UF 20% RADIAL
B32529C6163J289,9200,0.61227,EPCOS - TDK Electronics,CAP FILM 0.016UF 5% 400VDC RAD
B32560J8102K289,14800,0.62613,EPCOS - TDK Electronics,CAP FILM 1000PF 10% 630VDC 2DIP
B32560J6102K289,14000,0.62916,EPCOS - TDK Electronics,CAP FILM 1000PF 10% 400VDC 2DIP
B32560J6682K289,14000,0.62916,EPCOS - TDK Electronics,CAP FILM 6800PF 10% 400VDC 2DIP
B32560J6472K289,13600,0.63075,EPCOS - TDK Electronics,CAP FILM 4700PF 10% 400VDC 2DIP
B32560J6222K289,13400,0.63158,EPCOS - TDK Electronics,CAP FILM 2200PF 10% 400VDC 2DIP
B32560J3473K289,13000,0.63326,EPCOS - TDK Electronics,CAP FILM 0.047UF 10% 250VDC 2DIP
B32560J6152K289,13000,0.63326,EPCOS - TDK Electronics,CAP FILM 1500PF 10% 400VDC 2DIP
B32560J6332K289,12400,0.63591,EPCOS - TDK Electronics,CAP FILM 3300PF 10% 400VDC 2DIP
B32529C0184J000,8000,0.63598,EPCOS - TDK Electronics,CAP FILM 0.18UF 5% 63VDC RADIAL
B32520C1103K289,12800,0.63712,EPCOS - TDK Electronics,CAP FILM 10000PF 10% 100VDC RAD
B32529C3273J289,12800,0.63712,EPCOS - TDK Electronics,CAP FILM 0.027UF 5% 250VDC RAD
B32560J8102K189,12000,0.63777,EPCOS - TDK Electronics,CAP FILM 1000PF 10% 630VDC 2DIP
B32529C1124K289,10800,0.63776,EPCOS - TDK Electronics,CAP FILM 0.12UF 10% RADIAL
B32560J6472K189,10800,0.64383,EPCOS - TDK Electronics,CAP FILM 4700PF 10% 400VDC 2DIP
B32560J6152K189,10400,0.64604,EPCOS - TDK Electronics,CAP FILM 1500PF 10% 400VDC 2DIP
B32529C6223K189,6000,0.64749,EPCOS - TDK Electronics,CAP FILM 0.022UF 10% 400VDC RAD
B32520C1223K189,11200,0.65078,EPCOS - TDK Electronics,CAP FILM 0.022UF 10% 100VDC RAD
B32520C1223K,10000,0.6575,EPCOS - TDK Electronics,CAP FILM 0.022UF 10% 100VDC RAD
B32560J6682J289,14000,0.66082,EPCOS - TDK Electronics,CAP FILM 6800PF 5% 400VDC 2DIP
B32529C6223J289,7200,0.66122,EPCOS - TDK Electronics,CAP FILM 0.022UF 5% 400VDC RAD
B32560J6472J289,13600,0.66248,EPCOS - TDK Electronics,CAP FILM 4700PF 5% 400VDC 2DIP
B32560J3473J289,13000,0.66509,EPCOS - TDK Electronics,CAP FILM 0.047UF 5% 250VDC 2DIP
B32529C6223J189,6000,0.67298,EPCOS - TDK Electronics,CAP FILM 0.022UF 5% 400VDC RAD
B32560J3183J000,11200,0.67391,EPCOS - TDK Electronics,CAP FILM 0.018UF 5% 250VDC 2DIP
B32560J6102J189,11200,0.67391,EPCOS - TDK Electronics,CAP FILM 1000PF 5% 400VDC 2DIP
B32560J6222J189,10800,0.6761,EPCOS - TDK Electronics,CAP FILM 2200PF 5% 400VDC 2DIP
B32529C6273K289,7200,0.67688,EPCOS - TDK Electronics,CAP FILM 0.027UF 10% 400VDC RAD
B32520C6272K289,12800,0.68188,EPCOS - TDK Electronics,CAP FILM 2700PF 10% 400VDC RAD
B32520C6562K289,12800,0.68188,EPCOS - TDK Electronics,CAP FILM 5600PF 10% 400VDC RAD
B32529C6822K289,10800,0.68215,EPCOS - TDK Electronics,CAP FILM 8200PF 10% 400VDC RAD
B32560J3223J000,9200,0.68601,EPCOS - TDK Electronics,CAP FILM 0.022UF 5% 250VDC 2DIP
B32560J6102J000,9200,0.68601,EPCOS - TDK Electronics,CAP FILM 1000PF 5% 400VDC 2DIP
B32560J8102J000,9200,0.68601,EPCOS - TDK Electronics,CAP FILM 1000PF 5% 630VDC 2DIP
B32560J3223K000,9200,0.68601,EPCOS - TDK Electronics,CAP FILM 0.022UF 10% 2DIP
B32520C3103K189,11200,0.68995,EPCOS - TDK Electronics,CAP FILM 10000PF 10% 250VDC RAD
B32529C6273J289,7200,0.6925,EPCOS - TDK Electronics,CAP FILM 0.027UF 5% 400VDC RAD
B32520C3103K,10000,0.697,EPCOS - TDK Electronics,CAP FILM 10000PF 10% 250VDC RAD
B32560J6103K289,12800,0.69774,EPCOS - TDK Electronics,CAP FILM 10000PF 10% 400VDC 2DIP
B32560J3273J000,7600,0.69828,EPCOS - TDK Electronics,CAP FILM 0.027UF 5% 250VDC 2DIP
B32560J3393J000,7600,0.69828,EPCOS - TDK Electronics,CAP FILM 0.039UF 5% 250VDC 2DIP
B32560J3473J000,7600,0.69828,EPCOS - TDK Electronics,CAP FILM 0.047UF 5% 250VDC 2DIP
B32560J6682J000,7600,0.69828,EPCOS - TDK Electronics,CAP FILM 6800PF 5% 400VDC 2DIP
B32560J6152J000,7200,0.70185,EPCOS - TDK Electronics,CAP FILM 1500PF 5% 400VDC 2DIP
B32560J6182J000,7200,0.70185,EPCOS - TDK Electronics,CAP FILM 1800PF 5% 400VDC 2DIP
B32560J6222J000,7200,0.70185,EPCOS - TDK Electronics,CAP FILM 2200PF 5% 400VDC 2DIP
B32560J6272J000,7200,0.70185,EPCOS - TDK Electronics,CAP FILM 2700PF 5% 400VDC 2DIP
B32560J6562J000,7200,0.70185,EPCOS - TDK Electronics,CAP FILM 5600PF 5% 400VDC 2DIP
B32529E6153K189,9600,0.70363,EPCOS - TDK Electronics,CAP FILM 0.015UF 10% 400VDC RAD
B32529C6273J189,6000,0.70472,EPCOS - TDK Electronics,CAP FILM 0.027UF 5% 400VDC RAD
B32560J6332J000,6800,0.70568,EPCOS - TDK Electronics,CAP FILM 3300PF 5% 400VDC 2DIP
B32560J6392J000,6800,0.70568,EPCOS - TDK Electronics,CAP FILM 3900PF 5% 400VDC 2DIP
B32529C1124J289,10800,0.70925,EPCOS - TDK Electronics,CAP FILM 0.12UF 5% 100VDC RADIAL
B32560J6103K189,10400,0.71064,EPCOS - TDK Electronics,CAP FILM 10000PF 10% 400VDC 2DIP
B32560J3683K189,10000,0.71314,EPCOS - TDK Electronics,CAP FILM 0.068UF 10% 250VDC 2DIP
B32529C3333M289,10800,0.71626,EPCOS - TDK Electronics,CAP FILM 0.033UF 20% 250VDC RAD
B32520C6392J,10000,0.72322,EPCOS - TDK Electronics,CAP FILM 3900PF 5% 400VDC RADIAL
B32529C3333K189,9600,0.72386,EPCOS - TDK Electronics,CAP FILM 0.033UF 10% 250VDC RAD
B32529C1154K289,10800,0.72927,EPCOS - TDK Electronics,CAP FILM 0.15UF 10% 100VDC RAD
B32529C1154M289,10800,0.72927,EPCOS - TDK Electronics,CAP FILM 0.15UF 20% 100VDC RAD
B32529C1154K189,9600,0.73698,EPCOS - TDK Electronics,CAP FILM 0.15UF 10% 100VDC RAD
B32529C1184K289,9200,0.73982,EPCOS - TDK Electronics,CAP FILM 0.18UF 10% 100VDC RAD
B32529C6822J289,10800,0.74326,EPCOS - TDK Electronics,CAP FILM 8200PF 5% 400VDC RADIAL
B32529E6103J289,10800,0.74326,EPCOS - TDK Electronics,CAP FILM 10000PF 5% 400VDC RAD
B32520C6123J189,11200,0.74884,EPCOS - TDK Electronics,CAP FILM 0.012UF 5% 400VDC RAD
B32520C6153K289,10400,0.75375,EPCOS - TDK Electronics,CAP FILM 0.015UF 10% 400VDC RAD
B32560J6822J000,8800,0.75499,EPCOS - TDK Electronics,CAP FILM 8200PF 5% 400VDC 2DIP
B32520C1563J,10000,0.75638,EPCOS - TDK Electronics,CAP FILM 0.056UF 5% 100VDC RAD
B32520C6123J,10000,0.75638,EPCOS - TDK Electronics,CAP FILM 0.012UF 5% 400VDC RAD
B32529C0274K289,10800,0.75722,EPCOS - TDK Electronics,CAP FILM 0.27UF 10% RADIAL
B32560J6223M289,12400,0.75899,EPCOS - TDK Electronics,CAP FILM 0.022UF 20% 400VDC 2DIP
B32520C6153J189,9600,0.75914,EPCOS - TDK Electronics,CAP FILM 0.015UF 5% 400VDC RAD
B32520C6153K189,9600,0.75914,EPCOS - TDK Electronics,CAP FILM 0.015UF 10% 400VDC RAD
B32560J6123K289,13000,0.75985,EPCOS - TDK Electronics,CAP FILM 0.012UF 10% 400VDC 2DIP
B32560J8122J000,8000,0.7616,EPCOS - TDK Electronics,CAP FILM 1200PF 5% 630VDC 2DIP
B32529C1224M289,9200,0.76206,EPCOS - TDK Electronics,CAP FILM 0.22UF 20% 100VDC RAD
B32560J6223K289,12400,0.76293,EPCOS - TDK Electronics,CAP FILM 0.022UF 10% 400VDC 2DIP
B32560J6333K289,12400,0.76293,EPCOS - TDK Electronics,CAP FILM 0.033UF 10% 400VDC 2DIP
B32529C6822J000,8000,0.76364,EPCOS - TDK Electronics,CAP FILM 8200PF 5% 400VDC RADIAL
B32560J3563J000,7600,0.76522,EPCOS - TDK Electronics,CAP FILM 0.056UF 5% 250VDC 2DIP
B32529C3473M289,9200,0.76812,EPCOS - TDK Electronics,CAP FILM 0.047UF 20% 250VDC RAD
B32529C3333J289,10800,0.77116,EPCOS - TDK Electronics,CAP FILM 0.033UF 5% 250VDC RAD
B32520C6183J289,8000,0.77181,EPCOS - TDK Electronics,CAP FILM 0.018UF 5% 400VDC RAD
B32560J3683J000,6800,0.77321,EPCOS - TDK Electronics,CAP FILM 0.068UF 5% 250VDC 2DIP
B32560J6223K189,10000,0.77742,EPCOS - TDK Electronics,CAP FILM 0.022UF 10% 400VDC 2DIP
B32529C0274K000,8000,0.77793,EPCOS - TDK Electronics,CAP FILM 0.27UF 10% 63VDC RADIAL
B32529E6223K000,8000,0.77793,EPCOS - TDK Electronics,CAP FILM 0.022UF 10% 400VDC RAD
B32529C3473M000,8000,0.77793,EPCOS - TDK Electronics,CAP FILM 0.047UF 20% 250VDC RAD
B32529C3333J189,9600,0.77925,EPCOS - TDK Electronics,CAP FILM 0.033UF 5% 250VDC RAD
B32520C6183J189,7200,0.77937,EPCOS - TDK Electronics,CAP FILM 0.018UF 5% 400VDC RAD
B32560J8152K000,9200,0.78323,EPCOS - TDK Electronics,CAP FILM 1500PF 10% 630VDC 2DIP
B32560J1104J189,12400,0.78359,EPCOS - TDK Electronics,CAP FILM 0.1UF 5% 100VDC 2DIP
B32560J6123J289,13000,0.79218,EPCOS - TDK Electronics,CAP FILM 0.012UF 5% 2DIP
B32560J6183J289,12400,0.79538,EPCOS - TDK Electronics,CAP FILM 0.018UF 5% 400VDC 2DIP
B32560J6223J289,12400,0.79538,EPCOS - TDK Electronics,CAP FILM 0.022UF 5% 400VDC 2DIP
B32529C1154J189,9600,0.8003,EPCOS - TDK Electronics,CAP FILM 0.15UF 5% 100VDC RADIAL
B32529C1184J289,9200,0.80335,EPCOS - TDK Electronics,CAP FILM 0.18UF 5% 100VDC RADIAL
B32560J6123J189,10400,0.80759,EPCOS - TDK Electronics,CAP FILM 0.012UF 5% 400VDC 2DIP
B32560J6333K000,6400,0.80981,EPCOS - TDK Electronics,CAP FILM 0.033UF 10% 400VDC 2DIP
B32560J6223J189,10000,0.81038,EPCOS - TDK Electronics,CAP FILM 0.022UF 5% 400VDC 2DIP
B32560J1104J000,8400,0.81096,EPCOS - TDK Electronics,CAP FILM 0.1UF 5% 100VDC 2DIP
B32521C6103J189,6800,0.8114,EPCOS - TDK Electronics,CAP FILM 10000PF 5% 400VDC RAD
B32529C1184J000,8000,0.81354,EPCOS - TDK Electronics,CAP FILM 0.18UF 5% RADIAL
B32529C8182K289,12800,0.82061,EPCOS - TDK Electronics,CAP FILM 1800PF 10% 630VDC RAD
B32529C8102M289,12800,0.82061,EPCOS - TDK Electronics,CAP FILM 1000PF 20% 630VDC RAD
B32529C8152M289,12800,0.82061,EPCOS - TDK Electronics,CAP FILM 1500PF 20% 630VDC RAD
B32529C3393J289,9200,0.82341,EPCOS - TDK Electronics,CAP FILM 0.039UF 5% 250VDC RAD
B32529C0274J289,10800,0.82573,EPCOS - TDK Electronics,CAP FILM 0.27UF 5% 63VDC RADIAL
B32529C8152K189,11200,0.83003,EPCOS - TDK Electronics,CAP FILM 1500PF 10% 630VDC RAD
B32529C8102K189,11200,0.83003,EPCOS - TDK Electronics,CAP FILM 1000PF 10% 630VDC RAD
B32560J3104M289,10000,0.8313,EPCOS - TDK Electronics,CAP FILM 0.1UF 20% 250VDC 2DIP
B32529C3393J000,8000,0.83383,EPCOS - TDK Electronics,CAP FILM 0.039UF 5% 250VDC RAD
B32560J6133J000,7200,0.83474,EPCOS - TDK Electronics,CAP FILM 0.013UF 5% 400VDC 2DIP
B32560J6153J000,7200,0.83474,EPCOS - TDK Electronics,CAP FILM 0.015UF 5% 400VDC 2DIP
B32560J8152J000,7200,0.83474,EPCOS - TDK Electronics,CAP FILM 1500PF 5% 630VDC 2DIP
B32529C1274K289,9200,0.83744,EPCOS - TDK Electronics,CAP FILM 0.27UF 10% 100VDC RAD
B32529E6223J289,9200,0.83744,EPCOS - TDK Electronics,CAP FILM 0.022UF 5% 400VDC RAD
B32560J6223J000,6800,0.83917,EPCOS - TDK Electronics,CAP FILM 0.022UF 5% 400VDC 2DIP
B32560J6473K289,10400,0.83935,EPCOS - TDK Electronics,CAP FILM 0.047UF 10% 400VDC 2DIP
B32529C6153K,8000,0.84192,EPCOS - TDK Electronics,CAP FILM 0.015UF 10% 400VDC RAD
B32560J3104K289,10000,0.84224,EPCOS - TDK Electronics,CAP FILM 0.1UF 10% 250VDC 2DIP
B32560J6333J000,6400,0.84392,EPCOS - TDK Electronics,CAP FILM 0.033UF 5% 400VDC 2DIP
B32529C6183K289,9200,0.84445,EPCOS - TDK Electronics,CAP FILM 0.018UF 10% 400VDC RAD
B32529C1274K189,8000,0.848,EPCOS - TDK Electronics,CAP FILM 0.27UF 10% 100VDC RAD
B32560J8222K289,13400,0.85242,EPCOS - TDK Electronics,CAP FILM 2200PF 10% 630VDC 2DIP
B32529C0334M289,10800,0.8524,EPCOS - TDK Electronics,CAP FILM 0.33UF 20% 63VDC RADIAL
B32560J6683K289,8600,0.85356,EPCOS - TDK Electronics,CAP FILM 0.068UF 10% 400VDC 2DIP
B32529C3563K000,8000,0.85508,EPCOS - TDK Electronics,CAP FILM 0.056UF 10% 250VDC RAD
B32529C8152K000,8000,0.85508,EPCOS - TDK Electronics,CAP FILM 1500PF 10% 630VDC RAD
B32520E6223J000,8000,0.85508,EPCOS - TDK Electronics,CAP FILM 0.022UF 5% 400VDC RAD
B32560J6473K189,8400,0.85536,EPCOS - TDK Electronics,CAP FILM 0.047UF 10% 400VDC 2DIP
B32560J3104K189,8000,0.85912,EPCOS - TDK Electronics,CAP FILM 0.1UF 10% 250VDC 2DIP
B32560J1154K289,13600,0.86105,EPCOS - TDK Electronics,CAP FILM 0.15UF 10% 100VDC 2DIP
B32529C0334M189,9600,0.86119,EPCOS - TDK Electronics,CAP FILM 0.33UF 20% 63VDC RADIAL
B32560J3823J000,4800,0.86741,EPCOS - TDK Electronics,CAP FILM 0.082UF 5% 250VDC 2DIP
B32529C6103M000,8000,0.9001,EPCOS - TDK Electronics,"0,0100UF  20% 400VPOLYESTER BOXE"
B32521C6153K189,6800,0.87299,EPCOS - TDK Electronics,CAP FILM 0.015UF 10% 400VDC RAD
B32521C6223K189,6800,0.87299,EPCOS - TDK Electronics,CAP FILM 0.022UF 10% 400VDC RAD
B32521C3333K000,4000,0.87452,EPCOS - TDK Electronics,CAP FILM 0.033UF 10% 250VDC RAD
B32521C3333M289,4000,0.87452,EPCOS - TDK Electronics,CAP FILM 0.033UF 20% 250VDC RAD
B32520C3683K289,10400,0.87694,EPCOS - TDK Electronics,CAP FILM 0.068UF 10% 250VDC RAD
B32529C6153J,8000,0.87931,EPCOS - TDK Electronics,CAP FILM 0.015UF 5% 400VDC RAD
B32529C8102J289,12800,0.88097,EPCOS - TDK Electronics,CAP FILM 1000PF 5% 630VDC RADIAL
B32529C8222J289,12800,0.88097,EPCOS - TDK Electronics,CAP FILM 2200PF 5% 630VDC RADIAL
B32529C8272K289,12800,0.88097,EPCOS - TDK Electronics,CAP FILM 2700PF 10% 630VDC RAD
B32560J6473J189,8400,0.88752,EPCOS - TDK Electronics,CAP FILM 0.047UF 5% 400VDC 2DIP
B32520C6153K,8000,0.89039,EPCOS - TDK Electronics,CAP FILM 0.015UF 10% 400VDC RAD
B32529C8222J189,11200,0.89097,EPCOS - TDK Electronics,CAP FILM 2200PF 5% 630VDC RADIAL
B32560J3104J189,8000,0.89141,EPCOS - TDK Electronics,CAP FILM 0.1UF 5% 250VDC 2DIP
B32560J6473M000,4800,0.89165,EPCOS - TDK Electronics,CAP FILM 0.047UF 20% 400VDC 2DIP
B32521C3683M189,6800,0.89241,EPCOS - TDK Electronics,CAP FILM 0.068UF 20% 250VDC RAD
B32521C6333K189,6800,0.89649,EPCOS - TDK Electronics,CAP FILM 0.033UF 10% 400VDC RAD
B32520C1124J289,12800,0.89844,EPCOS - TDK Electronics,CAP FILM 0.12UF 5% 100VDC RADIAL
B32921C3103K189,6800,0.89854,EPCOS - TDK Electronics,CAP FILM 10000PF 10% 630VDC RAD
B32521C6153J189,6800,0.90363,EPCOS - TDK Electronics,CAP FILM 0.015UF 5% 400VDC RAD
B32521C6223J189,6800,0.90363,EPCOS - TDK Electronics,CAP FILM 0.022UF 5% 400VDC RAD
B32921C3153M189,6800,0.90465,EPCOS - TDK Electronics,CAP FILM 0.015UF 20% 630VDC RAD
B32529C8332K289,9200,0.90628,EPCOS - TDK Electronics,CAP FILM 3300PF 10% 630VDC RAD
B32529C0394K289,9200,0.90628,EPCOS - TDK Electronics,CAP FILM 0.39UF 10% 63VDC RADIAL
B32529C0394M289,9200,0.90628,EPCOS - TDK Electronics,CAP FILM 0.39UF 20% 63VDC RADIAL
B32529C6183J289,9200,0.90628,EPCOS - TDK Electronics,CAP FILM 0.018UF 5% 400VDC RAD
B32529C8392K289,9200,0.90628,EPCOS - TDK Electronics,CAP FILM 3900PF 10% 630VDC RAD
B32529C8332M289,9200,0.90628,EPCOS - TDK Electronics,CAP FILM 3300PF 20% 630VDC RAD
B32529C8392M289,9200,0.90628,EPCOS - TDK Electronics,CAP FILM 3900PF 20% RADIAL
B32529C8472M289,9200,0.90628,EPCOS - TDK Electronics,CAP FILM 4700PF 20% 630VDC RAD
B32529C1274J189,8000,0.91053,EPCOS - TDK Electronics,CAP FILM 0.27UF 5% 100VDC RADIAL
B32560J1154J289,13600,0.9132,EPCOS - TDK Electronics,CAP FILM 0.15UF 5% 100VDC 2DIP
B32529C1274J000,8000,0.91349,EPCOS - TDK Electronics,CAP FILM 0.27UF 5% 100VDC RAD
B32520C3683J289,10400,0.91733,EPCOS - TDK Electronics,CAP FILM 0.068UF 5% 250VDC RAD
B32529C8332K000,8000,0.91756,EPCOS - TDK Electronics,CAP FILM 3300PF 10% 630VDC RAD
B32529C8472K000,8000,0.91756,EPCOS - TDK Electronics,CAP FILM 4700PF 10% 630VDC RAD
B32521C6153K289,4000,0.91841,EPCOS - TDK Electronics,CAP FILM 0.015UF 10% 400VDC RAD
B32560J8332K289,12600,0.91901,EPCOS - TDK Electronics,CAP FILM 3300PF 10% 630VDC 2DIP
B32520C3683J189,9600,0.9237,EPCOS - TDK Electronics,CAP FILM 0.068UF 5% 250VDC RAD
B32521C1104K189,6800,0.92401,EPCOS - TDK Electronics,CAP FILM 0.1UF 10% 100VDC RADIAL
B32521C1154K189,6800,0.92401,EPCOS - TDK Electronics,CAP FILM 0.15UF 10% 100VDC RAD
B32521E6103K189,6800,0.92401,EPCOS - TDK Electronics,CAP FILM 10000PF 10% 400VDC RAD
B32520C3104M289,8000,0.92459,EPCOS - TDK Electronics,CAP FILM 0.1UF 20% 250VDC RADIAL
B32560J6683K000,3600,0.92701,EPCOS - TDK Electronics,CAP FILM 0.068UF 10% 400VDC 2DIP
B32560J8332K189,11200,0.92817,EPCOS - TDK Electronics,CAP FILM 3300PF 10% 630VDC 2DIP
B32520C3104M189,7200,0.93339,EPCOS - TDK Electronics,CAP FILM 0.1UF 20% 250VDC RADIAL
B32520C6183J,6000,0.93474,EPCOS - TDK Electronics,CAP FILM 0.018UF 5% 400VDC RAD
B32560J3104J000,4800,0.93474,EPCOS - TDK Electronics,CAP FILM 0.1UF 5% 250VDC 2DIP
B32560J6473J000,4800,0.93474,EPCOS - TDK Electronics,CAP FILM 0.047UF 5% 400VDC 2DIP
B32560J8222K000,4800,0.93474,EPCOS - TDK Electronics,CAP FILM 2200PF 10% 630VDC 2DIP
B32521C6333J189,6800,0.9352,EPCOS - TDK Electronics,CAP FILM 0.033UF 5% 400VDC RAD
B32520C3683J000,8000,0.93864,EPCOS - TDK Electronics,CAP FILM 0.068UF 5% 250VDC RAD
B32521C1154M289,4000,0.93867,EPCOS - TDK Electronics,CAP FILM 0.15UF 20% 100VDC RAD
B32520C6223J289,8000,0.93964,EPCOS - TDK Electronics,CAP FILM 0.022UF 5% 400VDC RAD
B32529C8562K289,9200,0.94102,EPCOS - TDK Electronics,CAP FILM 5600PF 10% 630VDC RAD
B32521C6333K289,4000,0.94295,EPCOS - TDK Electronics,CAP FILM 0.033UF 10% 400VDC RAD
B32560J8472K289,13600,0.944,EPCOS - TDK Electronics,CAP FILM 4700PF 10% 630VDC 2DIP
B32560J8472J289,13600,0.944,EPCOS - TDK Electronics,CAP FILM 4700PF 5% 630VDC 2DIP
B32529C6393J289,6400,0.94654,EPCOS - TDK Electronics,CAP FILM 0.039UF 5% 400VDC RAD
B32560J1154J000,8800,0.94766,EPCOS - TDK Electronics,CAP FILM 0.15UF 5% 100VDC 2DIP
B32520C6223J189,7200,0.94855,EPCOS - TDK Electronics,CAP FILM 0.022UF 5% 400VDC RAD
B32520C3104M000,6000,0.94913,EPCOS - TDK Electronics,CAP FILM 0.1UF 20% 250VDC RADIAL
B32521C3473J289,4000,0.94933,EPCOS - TDK Electronics,CAP FILM 0.047UF 5% 250VDC RAD
B32521C6223J289,4000,0.95039,EPCOS - TDK Electronics,CAP FILM 0.022UF 5% 400VDC RAD
B32921C3223K189,6800,0.95247,EPCOS - TDK Electronics,CAP FILM 0.022UF 10% 630VDC RAD
B32560J1184J000,8800,0.95759,EPCOS - TDK Electronics,CAP FILM 0.18UF 5% 100VDC 2DIP
B32560J8332K000,7600,0.96004,EPCOS - TDK Electronics,CAP FILM 3300PF 10% 630VDC 2DIP
B32529C8682M289,9200,0.96081,EPCOS - TDK Electronics,CAP FILM 6800PF 20% 630VDC RAD
B32529C0474M289,9200,0.96081,EPCOS - TDK Electronics,CAP FILM 0.47UF 20% 63VDC RADIAL
B32560J6683J000,3600,0.96144,EPCOS - TDK Electronics,CAP FILM 0.068UF 5% 400VDC 2DIP
B32529C3683K289,7200,0.96168,EPCOS - TDK Electronics,CAP FILM 0.068UF 10% 250VDC RAD
B32529C3683M289,7200,0.96168,EPCOS - TDK Electronics,CAP FILM 0.068UF 20% 250VDC RAD
B32520C1154K289,10400,0.96444,EPCOS - TDK Electronics,CAP FILM 0.15UF 10% 100VDC RAD
B32520C6223M000,6000,0.96449,EPCOS - TDK Electronics,CAP FILM 0.022UF 20% 400VDC RAD
B32520C6333J289,6400,0.96592,EPCOS - TDK Electronics,CAP FILM 0.033UF 5% 400VDC RAD
B32520C6333K289,6400,0.96592,EPCOS - TDK Electronics,CAP FILM 0.033UF 10% 400VDC RAD
B32521C1104J189,6800,0.96668,EPCOS - TDK Electronics,CAP FILM 0.1UF 5% 100VDC RADIAL
B32521C1154J189,6800,0.96668,EPCOS - TDK Electronics,CAP FILM 0.15UF 5% 100VDC RADIAL
B32521C3683J189,6800,0.96668,EPCOS - TDK Electronics,CAP FILM 0.068UF 5% 250VDC RAD
B32671L1122K189,6800,0.96668,EPCOS - TDK Electronics,CAP FILM 1200PF 10% 1.6KVDC RAD
B32520C1154K189,9600,0.97108,EPCOS - TDK Electronics,CAP FILM 0.15UF 10% 100VDC RAD
B32521C1104M289,4000,0.97166,EPCOS - TDK Electronics,CAP FILM 0.1UF 20% 100VDC RADIAL
B32521C3683M000,4000,0.97166,EPCOS - TDK Electronics,CAP FILM 0.068UF 20% 250VDC RAD
B32529C8682K000,8000,0.97266,EPCOS - TDK Electronics,CAP FILM 6800PF 10% 630VDC RAD
B32529C8682K189,8000,0.97266,EPCOS - TDK Electronics,CAP FILM 6800PF 10% 630VDC RAD
B32529C0474M000,8000,0.97266,EPCOS - TDK Electronics,CAP FILM 0.47UF 20% 63VDC RADIAL
B32529C0474M189,8000,0.97266,EPCOS - TDK Electronics,CAP FILM 0.47UF 20% 63VDC RADIAL
B32529C3683K000,6000,0.97781,EPCOS - TDK Electronics,CAP FILM 0.068UF 10% 250VDC RAD
B32529C3683K189,6000,0.97781,EPCOS - TDK Electronics,CAP FILM 0.068UF 10% 250VDC RAD
B32520C6333J189,5600,0.97792,EPCOS - TDK Electronics,CAP FILM 0.033UF 5% 400VDC RAD
B32520C6333K189,5600,0.97792,EPCOS - TDK Electronics,CAP FILM 0.033UF 10% 400VDC RAD
B32560J8332J189,11200,0.97981,EPCOS - TDK Electronics,CAP FILM 3300PF 5% 630VDC 2DIP
B32529E6333K289,7200,0.98185,EPCOS - TDK Electronics,CAP FILM 0.033UF 10% 400VDC RAD
B32529C3104M289,7200,0.98185,EPCOS - TDK Electronics,CAP FILM 0.1UF 20% 250VDC RADIAL
B32560J1224K289,12400,0.9831,EPCOS - TDK Electronics,CAP FILM 0.22UF 10% 100VDC 2DIP
B32521C6333J289,4000,0.98332,EPCOS - TDK Electronics,CAP FILM 0.033UF 5% 400VDC RAD
B32520C1154K000,8000,0.98666,EPCOS - TDK Electronics,CAP FILM 0.15UF 10% 100VDC RAD
B32520C6273K289,8000,0.98666,EPCOS - TDK Electronics,CAP FILM 0.027UF 10% 400VDC RAD
B32520C6273M289,8000,0.98666,EPCOS - TDK Electronics,CAP FILM 0.027UF 20% RADIAL
B32529C8332J289,9200,0.98749,EPCOS - TDK Electronics,CAP FILM 3300PF 5% 630VDC RADIAL
B32529C8472J289,9200,0.98749,EPCOS - TDK Electronics,CAP FILM 4700PF 5% 630VDC RADIAL
B32529C1334M289,9200,0.98749,EPCOS - TDK Electronics,CAP FILM 0.33UF 20% 100VDC RAD
B32922C3103M189,5200,0.99095,EPCOS - TDK Electronics,CAP FILM 10000PF 20% 630VDC RAD
B32671L8122K000,4000,0.99304,EPCOS - TDK Electronics,CAP FILM 1200PF 10% 2KVDC RADIAL
B32671L8102K000,4000,0.99304,EPCOS - TDK Electronics,CAP FILM 1000PF 10% 2KVDC RADIAL
B32521C3104J189,6800,0.99401,EPCOS - TDK Electronics,CAP FILM 0.1UF 5% 250VDC RADIAL
B32560J8472K000,7200,0.99695,EPCOS - TDK Electronics,CAP FILM 4700PF 10% 630VDC 2DIP
B32529C3823K189,6000,0.99828,EPCOS - TDK Electronics,CAP FILM 0.082UF 10% 250VDC RAD
B32529C0394J000,8000,0.99962,EPCOS - TDK Electronics,CAP FILM 0.39UF 5% 63VDC RADIAL
B32529C1334M189,8000,0.99962,EPCOS - TDK Electronics,CAP FILM 0.33UF 20% 100VDC RAD
B32521C3104M289,4000,1.00135,EPCOS - TDK Electronics,CAP FILM 0.1UF 20% 250VDC RADIAL
B32921C3273M000,4000,1.00346,EPCOS - TDK Electronics,CAP 27000PF 305VAC EMI SUPPRESSN
B32521E6103J000,4000,1.03838,EPCOS - TDK Electronics,"0,0100UF   5% 400VPOLYESTER BOXE"
B32520C1393K000,10000,1.00396,EPCOS - TDK Electronics,CAP FILM 0.039UF 10% 100VDC RAD
B32671L1102J189,6800,1.00613,EPCOS - TDK Electronics,CAP FILM 1000PF 5% RADIAL
B32671L1152K189,6800,1.00613,EPCOS - TDK Electronics,CAP FILM 1500PF 10% 1.6KVDC RAD
B32520C6273J000,6000,1.01255,EPCOS - TDK Electronics,CAP FILM 0.027UF 5% 400VDC RAD
B32521C1154J000,4000,1.01617,EPCOS - TDK Electronics,CAP FILM 0.15UF 5% 100VDC RADIAL
B32560J8682K289,11000,1.02213,EPCOS - TDK Electronics,CAP FILM 6800PF 10% 630VDC 2DIP
B32520E6333J189,7200,1.0281,EPCOS - TDK Electronics,CAP FILM 0.033UF 5% 400VDC RAD
B32529C8682J289,9200,1.02887,EPCOS - TDK Electronics,CAP FILM 6800PF 5% 630VDC RADIAL
B32529C3683J289,7200,1.03111,EPCOS - TDK Electronics,CAP FILM 0.068UF 5% 250VDC RAD
B32921C3473K189,5200,1.03125,EPCOS - TDK Electronics,CAP FILM 0.047UF 10% 630VDC RAD
B32529C6273J,6000,1.03397,EPCOS - TDK Electronics,CAP FILM 0.027UF 5% 400VDC RAD
B32672L1562J000,4000,1.03724,EPCOS - TDK Electronics,CAP FILM 5600PF 5% 1.6KVDC RAD
B32671L8152J000,4000,1.03724,EPCOS - TDK Electronics,CAP FILM 1500PF 5% 2KVDC RAD
B32671L8102J000,4000,1.03724,EPCOS - TDK Electronics,CAP FILM 1000PF 5% 2KVDC RAD
B32671L8272K000,4000,1.03827,EPCOS - TDK Electronics,CAP FILM 2700PF 10% 2KVDC RADIAL
B32529C8682J189,8000,1.04143,EPCOS - TDK Electronics,CAP FILM 6800PF 5% 630VDC RADIAL
B32520E6333K000,6000,1.04516,EPCOS - TDK Electronics,CAP FILM 0.033UF 10% 400VDC RAD
B32521E6153J000,4000,1.04574,EPCOS - TDK Electronics,CAP FILM 0.015UF 5% 400VDC RAD
B32560J3154K289,8200,1.0481,EPCOS - TDK Electronics,CAP FILM 0.15UF 10% 250VDC 2DIP
B32529C3683J189,6000,1.04822,EPCOS - TDK Electronics,CAP FILM 0.068UF 5% 250VDC RAD
B32521C6103M000,4000,1.08458,EPCOS - TDK Electronics,"0,0100UF  20% 400VPOLYESTER BOXE"
B32671L8182J000,4000,1.04877,EPCOS - TDK Electronics,CAP FILM 1800PF 5% 2KVDC RAD
B32529C3823J289,7200,1.05115,EPCOS - TDK Electronics,CAP FILM 0.082UF 5% 250VDC RAD
B32529E6333J289,7200,1.05115,EPCOS - TDK Electronics,CAP FILM 0.033UF 5% 400VDC RAD
B32921C3683K289,2720,1.05606,EPCOS - TDK Electronics,CAP FILM 0.068UF 10% 630VDC RAD
B32671L1102J289,4000,1.05731,EPCOS - TDK Electronics,CAP FILM 1000PF 5% RADIAL
B32520C3124K289,8000,1.06227,EPCOS - TDK Electronics,CAP FILM 0.12UF 10% 250VDC RAD
B32520C3124M289,8000,1.06227,EPCOS - TDK Electronics,CAP FILM 0.12UF 20% 250VDC RAD
B32520E6473K289,8000,1.06227,EPCOS - TDK Electronics,CAP FILM 0.047UF 10% 400VDC RAD
B32529C3823J000,6000,1.06854,EPCOS - TDK Electronics,CAP FILM 0.082UF 5% 250VDC RAD
B32529E6333J000,6000,1.06854,EPCOS - TDK Electronics,CAP FILM 0.033UF 5% 400VDC RAD
B32529E6333J189,6000,1.06854,EPCOS - TDK Electronics,CAP FILM 0.033UF 5% 400VDC RAD
B32560J8272K289,13000,1.06935,EPCOS - TDK Electronics,CAP FILM 2700PF 10% 630VDC 2DIP
B32520E6473J289,8000,1.0712,EPCOS - TDK Electronics,CAP FILM 0.047UF 5% 400VDC RAD
B32520E6473K189,7200,1.07217,EPCOS - TDK Electronics,CAP FILM 0.047UF 10% 400VDC RAD
B32529C6473J289,5200,1.07859,EPCOS - TDK Electronics,CAP FILM 0.047UF 5% 400VDC RAD
B32521E6223K289,4000,1.08047,EPCOS - TDK Electronics,CAP FILM 0.022UF 10% 400VDC RAD
B32560J1274J000,6400,1.0825,EPCOS - TDK Electronics,CAP FILM 0.27UF 5% 100VDC 2DIP
B32521C6473J189,5200,1.08269,EPCOS - TDK Electronics,CAP FILM 0.047UF 5% 400VDC RAD
B32560J8682K000,5200,1.09193,EPCOS - TDK Electronics,CAP FILM 6800PF 10% 630VDC 2DIP
B32671L0332J189,6800,1.09468,EPCOS - TDK Electronics,CAP FILM 3300PF 5% 1KVDC RADIAL
B32520C1224K289,10400,1.09885,EPCOS - TDK Electronics,CAP FILM 0.22UF 10% 100VDC RAD
B32520C1224M289,10400,1.09885,EPCOS - TDK Electronics,CAP FILM 0.22UF 20% 100VDC RAD
B32520C3124J289,8000,1.1098,EPCOS - TDK Electronics,CAP FILM 0.12UF 5% 250VDC RADIAL
B32922C3223K289,4680,1.111,EPCOS - TDK Electronics,CAP FILM 0.022UF 10% 630VDC RAD
B32560J8242K000,8000,1.11375,EPCOS - TDK Electronics,CAP FILM 2400PF 10% 630VDC 2DIP
B32529E6473K289,7200,1.12006,EPCOS - TDK Electronics,CAP FILM 0.047UF 10% 400VDC RAD
B32520C1274K289,8000,1.12363,EPCOS - TDK Electronics,CAP FILM 0.27UF 10% 100VDC RAD
B32671L1152J189,6800,1.12473,EPCOS - TDK Electronics,CAP FILM 1500PF 5% 1.6KVDC RAD
B32529C1394K289,6400,1.12479,EPCOS - TDK Electronics,CAP FILM 0.39UF 10% 100VDC RAD
B32560J0334J289,13000,1.13032,EPCOS - TDK Electronics,CAP FILM 0.33UF 5% 250VDC 2DIP
B32560J3154K000,3600,1.13076,EPCOS - TDK Electronics,CAP FILM 0.15UF 10% 250VDC 2DIP
B32672Z5473J000,4000,1.13132,EPCOS - TDK Electronics,CAP FILM 0.047UF 5% 520VDC RAD
B32529C3124K289,6400,1.13182,EPCOS - TDK Electronics,CAP FILM 0.12UF 10% 250VDC RAD
B32529C8103M289,6400,1.13182,EPCOS - TDK Electronics,CAP FILM 10000PF 20% 630VDC RAD
B32671L0472J189,6800,1.13373,EPCOS - TDK Electronics,CAP FILM 4700PF 5% 1KVDC RADIAL
B32560J3224K289,6800,1.13506,EPCOS - TDK Electronics,CAP FILM 0.22UF 10% 250VDC RAD
B32560J8682J000,5200,1.13597,EPCOS - TDK Electronics,CAP FILM 6800PF 5% 630VDC 2DIP
B32560J0334K000,7200,1.14593,EPCOS - TDK Electronics,CAP FILM 0.33UF 10% 63VDC 2DIP
B32671L1272K000,4000,1.14964,EPCOS - TDK Electronics,CAP FILM 2700PF 10% 1.6KVDC RAD
B32671L0222J000,4000,1.14964,EPCOS - TDK Electronics,CAP FILM 2200PF 5% 1KVDC RADIAL
B32671L0472K000,4000,1.14964,EPCOS - TDK Electronics,CAP FILM 4700PF 10% 1KVDC RADIAL
B32671L0332J289,4000,1.14964,EPCOS - TDK Electronics,CAP FILM 3300PF 5% 1KVDC RADIAL
B32520C1224J289,10400,1.15204,EPCOS - TDK Electronics,CAP FILM 0.22UF 5% 100VDC RADIAL
B32520C1274K000,6000,1.15253,EPCOS - TDK Electronics,CAP FILM 0.27UF 10% 100VDC RAD
B32521C6153J,4000,1.15485,EPCOS - TDK Electronics,CAP FILM 0.015UF 5% 400VDC RAD
B32520C1224J189,9600,1.15974,EPCOS - TDK Electronics,CAP FILM 0.22UF 5% 100VDC RADIAL
B32520C6333J,4000,1.16112,EPCOS - TDK Electronics,CAP FILM 0.033UF 5% 400VDC RAD
B32671L1222J189,5200,1.16149,EPCOS - TDK Electronics,CAP FILM 2200PF 5% 1.6KVDC RAD
B32520C6822J,10000,1.16644,EPCOS - TDK Electronics,CAP FILM 8200PF 5% 400VDC RADIAL
B32562J6473K000,7200,1.16679,EPCOS - TDK Electronics,CAP FILM 0.047UF 10% 400VDC 2DIP
B32521C3124K000,4000,1.16738,EPCOS - TDK Electronics,CAP FILM 0.12UF 10% 250VDC RAD
B32671L1272K289,3320,1.17055,EPCOS - TDK Electronics,CAP FILM 2700PF 10% 1.6KVDC RAD
B32529C6333K,6000,1.17268,EPCOS - TDK Electronics,CAP FILM 0.033UF 10% 400VDC RAD
B32560J3154J000,3600,1.1761,EPCOS - TDK Electronics,CAP FILM 0.15UF 5% 250VDC 2DIP
B32560J1334K289,12000,1.17869,EPCOS - TDK Electronics,CAP FILM 0.33UF 10% 100VDC 2DIP
B32562J6104K000,6400,1.17895,EPCOS - TDK Electronics,CAP FILM 0.1UF 10% 400VDC 2DIP
B32671L0412J000,4000,1.18094,EPCOS - TDK Electronics,CAP FILM 4100PF 5% 1KVDC RADIAL
B32671L1182J000,4000,1.18094,EPCOS - TDK Electronics,CAP FILM 1800PF 5% RADIAL
B32921C3823K000,4000,1.22319,EPCOS - TDK Electronics,82NF  10%  305VAC MKP SUPPRESSIO
B32671L1332J003,4000,1.23243,EPCOS - TDK Electronics,FILM CAP MKP BOX 3.3NF 5% 600VAC
B32560J6104K289,6800,1.19356,EPCOS - TDK Electronics,CAP FILM 0.1UF 10% 400VDC 2DIP
B32521C1224K189,6800,1.20153,EPCOS - TDK Electronics,CAP FILM 0.22UF 10% 100VDC RAD
B32521E6473K189,6800,1.20153,EPCOS - TDK Electronics,CAP FILM 0.047UF 10% 400VDC RAD
B32529D6683K289,4000,1.2049,EPCOS - TDK Electronics,CAP FILM 0.068UF 10% 400VDC RAD
B32672L1682K000,4000,1.21009,EPCOS - TDK Electronics,CAP FILM 6800PF 10% 1.6KVDC RAD
B32671L1182J289,3320,1.21185,EPCOS - TDK Electronics,CAP FILM 1800PF 5% 1.6KVDC RAD
B32671L1222J289,3320,1.21185,EPCOS - TDK Electronics,CAP FILM 2200PF 5% 1.6KVDC RAD
B32520C6333K,4000,1.21321,EPCOS - TDK Electronics,CAP FILM 0.033UF 10% 400VDC RAD
B32560J0474K289,13000,1.21354,EPCOS - TDK Electronics,CAP FILM 0.47UF 10% 63VDC 2DIP
B32529C1394J289,6400,1.21396,EPCOS - TDK Electronics,CAP FILM 0.39UF 5% 100VDC RADIAL
B32560J6104K189,5600,1.21437,EPCOS - TDK Electronics,CAP FILM 0.1UF 10% 400VDC 2DIP
B32560J3224J000,2600,1.2145,EPCOS - TDK Electronics,CAP FILM 0.22UF 5% 250VDC 2DIP
B32521N6104K000,4000,1.21737,EPCOS - TDK Electronics,CAP FILM 0.1UF 10% 400VDC RADIAL
B32562J6683J000,7200,1.21928,EPCOS - TDK Electronics,CAP FILM 0.068UF 5% 400VDC 2DIP
B32672Z6683J289,4680,1.2201,EPCOS - TDK Electronics,CAP FILM 0.068UF 5% 630VDC RAD
B32529C3124J289,6400,1.22792,EPCOS - TDK Electronics,CAP FILM 0.12UF 5% 250VDC RADIAL
B32671L8392K000,4000,1.22884,EPCOS - TDK Electronics,CAP FILM 3900PF 10% 2KVDC RADIAL
B32529C1474M289,7200,1.22916,EPCOS - TDK Electronics,CAP FILM 0.47UF 20% 100VDC RAD
B32529D6683K189,3200,1.23106,EPCOS - TDK Electronics,CAP FILM 0.068UF 10% 400VDC RAD
B32562J6104J000,6400,1.23192,EPCOS - TDK Electronics,CAP FILM 0.1UF 5% 400VDC 2DIP
B32529C3124J000,6000,1.23497,EPCOS - TDK Electronics,CAP FILM 0.12UF 5% 250VDC RADIAL
B32529E6473J000,6000,1.23497,EPCOS - TDK Electronics,CAP FILM 0.047UF 5% 400VDC RAD
B32560J6104J289,6800,1.23628,EPCOS - TDK Electronics,CAP FILM 0.1UF 5% 400VDC 2DIP
B32521N6104K289,3320,1.23932,EPCOS - TDK Electronics,CAP FILM 0.1UF 10% 400VDC RADIAL
B32560J1334J289,12000,1.24053,EPCOS - TDK Electronics,CAP FILM 0.33UF 5% 100VDC 2DIP
B32521C3154K189,6800,1.24224,EPCOS - TDK Electronics,CAP FILM 0.15UF 10% 250VDC RAD
B32529C8273J289,5200,1.24893,EPCOS - TDK Electronics,CAP FILM 0.027UF 5% 630VDC RAD
B32521C1224J189,6800,1.24917,EPCOS - TDK Electronics,CAP FILM 0.22UF 5% 100VDC RADIAL
B32521C6683K289,3320,1.2509,EPCOS - TDK Electronics,CAP FILM 0.068UF 10% 400VDC RAD
B32521C6683J189,5200,1.25196,EPCOS - TDK Electronics,CAP FILM 0.068UF 5% 400VDC RAD
B32529D6563J289,4000,1.25369,EPCOS - TDK Electronics,CAP FILM 0.056UF 5% 400VDC RAD
B32529D6683J289,4000,1.25369,EPCOS - TDK Electronics,CAP FILM 0.068UF 5% 400VDC RAD
B32521E6473K289,4000,1.26095,EPCOS - TDK Electronics,CAP FILM 0.047UF 10% 400VDC RAD
B32672L6473K189,5200,1.26817,EPCOS - TDK Electronics,CAP FILM 0.047UF 10% 630VDC RAD
B32520C3154K289,6400,1.26976,EPCOS - TDK Electronics,CAP FILM 0.15UF 10% 250VDC RAD
B32671L0622J000,4000,1.27131,EPCOS - TDK Electronics,CAP FILM 6200PF 5% 1KVDC RADIAL
B32671L1472K000,4000,1.27131,EPCOS - TDK Electronics,CAP FILM 4700PF 10% 1.6KVDC RAD
B32672L9681J000,4000,1.27217,EPCOS - TDK Electronics,CAP FILM 680PF 5% 2KVDC RADIAL
B32560J0474K000,7200,1.27258,EPCOS - TDK Electronics,CAP FILM 0.47UF 10% 63VDC 2DIP
B32671Z4154K289,2720,1.27778,EPCOS - TDK Electronics,CAP FILM 0.15UF 10% 450VDC RAD
B32672L6473K289,4680,1.28042,EPCOS - TDK Electronics,CAP FILM 0.047UF 10% 630VDC RAD
B32529D6683J189,3200,1.28076,EPCOS - TDK Electronics,CAP FILM 0.068UF 5% 400VDC RAD
B32672L4104K000,4000,1.2835,EPCOS - TDK Electronics,CAP FILM 0.1UF 10% 450VDC RADIAL
B32520C3154K189,5600,1.28487,EPCOS - TDK Electronics,CAP FILM 0.15UF 10% 250VDC RAD
B32560J8103K289,9000,1.28936,EPCOS - TDK Electronics,CAP FILM 10000PF 10% 630VDC 2DIP
B32672L6333J189,5200,1.29547,EPCOS - TDK Electronics,CAP FILM 0.033UF 5% 630VDC RAD
B32529C0684M289,7200,1.29719,EPCOS - TDK Electronics,CAP FILM 0.68UF 20% 63VDC RADIAL
B32671L0682J189,5200,1.29951,EPCOS - TDK Electronics,CAP FILM 6800PF 5% 1KVDC RADIAL
B32672L8412J000,4000,1.30128,EPCOS - TDK Electronics,CAP FILM 4100PF 5% 2KVDC RADIAL
B32521C3154M289,4000,1.30335,EPCOS - TDK Electronics,CAP FILM 0.15UF 20% 250VDC RAD
B32672L0103J289,4680,1.31405,EPCOS - TDK Electronics,CAP FILM 10000PF 5% 1KVDC RADIAL
B32560J1334J000,6000,1.31494,EPCOS - TDK Electronics,CAP FILM 0.33UF 5% 100VDC 2DIP
B32672L6473J189,5200,1.31567,EPCOS - TDK Electronics,CAP FILM 0.047UF 5% 630VDC RAD
B32671L6153J189,6800,1.31742,EPCOS - TDK Electronics,CAP FILM 0.015UF 5% 630VDC RAD
B32529C0684M189,6000,1.31793,EPCOS - TDK Electronics,CAP FILM 0.68UF 20% 63VDC RADIAL
B32521C6473M000,4000,1.36757,EPCOS - TDK Electronics,"0,0470UF  20% 400VPOLYESTER BOXE"
B32529C0564J289,7200,1.32371,EPCOS - TDK Electronics,CAP FILM 0.56UF 5% 63VDC RADIAL
B32520C3154K000,4000,1.32502,EPCOS - TDK Electronics,CAP FILM 0.15UF 10% 250VDC RAD
B32620A6152K289,8000,1.32652,EPCOS - TDK Electronics,CAP FILM 1500PF 10% 630VDC RAD
B32620A6222K289,8000,1.32652,EPCOS - TDK Electronics,CAP FILM 2200PF 10% 630VDC RAD
B32562J6104K189,7600,1.32838,EPCOS - TDK Electronics,CAP FILM 0.1UF 10% 400VDC 2DIP
B32672L1682K189,5200,1.32978,EPCOS - TDK Electronics,CAP FILM 6800PF 10% 1.6KVDC RAD
B32521N8103K189,6800,1.33024,EPCOS - TDK Electronics,CAP FILM 10000PF 10% 630VDC RAD
B32560J0474J000,7200,1.33452,EPCOS - TDK Electronics,CAP FILM 0.47UF 5% 63VDC 2DIP
B32671L4333K000,4000,1.33897,EPCOS - TDK Electronics,CAP FILM 0.033UF 10% 400VDC RAD
B32671L9562J289,4000,1.33945,EPCOS - TDK Electronics,CAP FILM 5600PF 5% RADIAL
B32529C0824K000,6000,1.34482,EPCOS - TDK Electronics,CAP FILM 0.82UF 10% 63VDC RADIAL
B32520C1334K289,8000,1.34599,EPCOS - TDK Electronics,CAP FILM 0.33UF 10% 100VDC RAD
B32520C3154J189,5600,1.34702,EPCOS - TDK Electronics,CAP FILM 0.15UF 5% 250VDC RADIAL
B32521C6104J189,4400,1.3491,EPCOS - TDK Electronics,CAP FILM 0.1UF 5% 400VDC RADIAL
B32520C6473J289,6400,1.3511,EPCOS - TDK Electronics,CAP FILM 0.047UF 5% 400VDC RAD
B32520C6473K289,6400,1.3511,EPCOS - TDK Electronics,CAP FILM 0.047UF 10% 400VDC RAD
B32560J8103J289,9000,1.35116,EPCOS - TDK Electronics,CAP FILM 10000PF 5% 630VDC 2DIP
B32620A6222M000,6000,1.35279,EPCOS - TDK Electronics,CAP FILM 2200PF 20% 630VDC RAD
B32521C0474K189,6800,1.35782,EPCOS - TDK Electronics,CAP FILM 0.47UF 10% 63VDC RADIAL
B32672L8472K189,5200,1.35797,EPCOS - TDK Electronics,CAP FILM 4700PF 10% 2KVDC RADIAL
B32620A6152K000,6000,1.35973,EPCOS - TDK Electronics,CAP FILM 1500PF 10% 630VDC RAD
B32560J8822J000,4800,1.36172,EPCOS - TDK Electronics,CAP FILM 8200PF 5% 630VDC 2DIP
B32520C0474K289,10400,1.36293,EPCOS - TDK Electronics,CAP FILM 0.47UF 10% 63VDC RADIAL
B32671L4273J000,4000,1.36456,EPCOS - TDK Electronics,CAP FILM 0.027UF 5% 400VDC RAD
B32671L4223J000,4000,1.36456,EPCOS - TDK Electronics,CAP FILM 0.022UF 5% 400VDC RAD
B32520C6473K189,5600,1.36703,EPCOS - TDK Electronics,CAP FILM 0.047UF 10% 400VDC RAD
B32672L8472K289,4680,1.37094,EPCOS - TDK Electronics,CAP FILM 4700PF 10% 2KVDC RADIAL
B32520C0474K189,9600,1.37179,EPCOS - TDK Electronics,CAP FILM 0.47UF 10% 63VDC RADIAL
B32520C0474M189,9600,1.37179,EPCOS - TDK Electronics,CAP FILM 0.47UF 20% 63VDC RADIAL
B32521C1334K289,4000,1.37443,EPCOS - TDK Electronics,CAP FILM 0.33UF 10% 100VDC RAD
B32521C1334M289,4000,1.37443,EPCOS - TDK Electronics,CAP FILM 0.33UF 20% 100VDC RAD
B32521C1334J189,6800,1.37847,EPCOS - TDK Electronics,CAP FILM 0.33UF 5% 100VDC RADIAL
B32529E6563K289,7200,1.37861,EPCOS - TDK Electronics,CAP FILM 0.056UF 10% 400VDC RAD
B32529C0105M000,6000,1.37961,EPCOS - TDK Electronics,CAP FILM 1UF 20% 63VDC RADIAL
B32529C0105M189,6000,1.37961,EPCOS - TDK Electronics,CAP FILM 1UF 20% 63VDC RADIAL
B32560J8103M000,4000,1.38059,EPCOS - TDK Electronics,CAP FILM 10000PF 20% 630VDC 2DIP
B32672Z4154K000,4000,1.38162,EPCOS - TDK Electronics,CAP FILM 10% 450VDC RADIAL
B32621A6332K000,4000,1.38162,EPCOS - TDK Electronics,CAP FILM 3300PF 10% 630VDC RAD
B32621A6332K289,4000,1.38162,EPCOS - TDK Electronics,CAP FILM 3300PF 10% 630VDC RAD
B32671L6153J000,4000,1.38162,EPCOS - TDK Electronics,CAP FILM 0.015UF 5% 630VDC RAD
B32562J6154K000,4800,1.38298,EPCOS - TDK Electronics,CAP FILM 0.15UF 10% 400VDC 2DIP
B32620A6152J289,8000,1.38386,EPCOS - TDK Electronics,CAP FILM 1500PF 5% 630VDC RADIAL
B32620A6182J289,8000,1.38386,EPCOS - TDK Electronics,CAP FILM 1800PF 5% 630VDC RADIAL
B32620A6272J289,8000,1.38386,EPCOS - TDK Electronics,CAP FILM 2700PF 5% 630VDC RADIAL
B32560J8103K000,4000,1.3847,EPCOS - TDK Electronics,CAP FILM 10000PF 10% 630VDC 2DIP
B32652A2221K000,4000,1.38778,EPCOS - TDK Electronics,CAP FILM 220PF 10% 2KVDC RADIAL
B32671L6223K000,4000,1.38778,EPCOS - TDK Electronics,CAP FILM 0.022UF 10% 630VDC RAD
B32529C3154J189,5600,1.388,EPCOS - TDK Electronics,CAP FILM 0.15UF 5% 250VDC RADIAL
B32672L1152J189,5200,1.38812,EPCOS - TDK Electronics,CAP FILM 1500PF 5% 1.6KVDC RAD
B32672L1332J189,5200,1.38812,EPCOS - TDK Electronics,CAP FILM 3300PF 5% 1.6KVDC RAD
B32672L1472J189,5200,1.38812,EPCOS - TDK Electronics,CAP FILM 4700PF 5% 1.6KVDC RAD
B32672L1682J189,5200,1.38812,EPCOS - TDK Electronics,CAP FILM 6800PF 5% 1.6KVDC RAD
B32672L8102J189,5200,1.38812,EPCOS - TDK Electronics,CAP FILM 1000PF 5% 2KVDC RADIAL
B32672L8182J189,5200,1.38812,EPCOS - TDK Electronics,CAP FILM 1800PF 5% 2KVDC RADIAL
B32560J6104J000,2000,1.38849,EPCOS - TDK Electronics,CAP FILM 0.1UF 5% 400VDC 2DIP
B32521D8103K000,4000,1.3891,EPCOS - TDK Electronics,CAP FILM 10000PF 10% 630VDC RAD
B32620A0222K289,8000,1.39357,EPCOS - TDK Electronics,CAP FILM 2200PF 10% 1KVDC RADIAL
B32620A4682K289,8000,1.39357,EPCOS - TDK Electronics,CAP FILM 6800PF 10% 400VDC RAD
B32560J1474K289,9600,1.39476,EPCOS - TDK Electronics,CAP FILM 0.47UF 10% 100VDC 2DIP
B32521N8103K289,4000,1.39495,EPCOS - TDK Electronics,CAP FILM 10000PF 10% 630VDC RAD
B32521N8682K000,4000,1.39495,EPCOS - TDK Electronics,CAP FILM 6800PF 10% 630VDC RAD
B32620A6152J189,7200,1.39622,EPCOS - TDK Electronics,CAP FILM 1500PF 5% 630VDC RADIAL
B32620A6222J189,7200,1.39622,EPCOS - TDK Electronics,CAP FILM 2200PF 5% 630VDC RADIAL
B32672L9102J000,4000,1.39729,EPCOS - TDK Electronics,CAP FILM 1000PF 5% 2KVDC RAD
B32521N8103J189,6800,1.51917,EPCOS - TDK Electronics,CAP FILM .01UF 630V METAL POLY
B32620A0152K000,6000,1.39846,EPCOS - TDK Electronics,CAP FILM 1500PF 10% 1KVDC RADIAL
B32671L6223J000,4000,1.39907,EPCOS - TDK Electronics,CAP FILM 0.022UF 5% 630VDC RAD
B32672L1682J289,4680,1.40134,EPCOS - TDK Electronics,CAP FILM 6800PF 5% 1.6KVDC RAD
B32672L8102J289,4680,1.40134,EPCOS - TDK Electronics,CAP FILM 1000PF 5% 2KVDC RADIAL
B32672L8122J289,4680,1.40134,EPCOS - TDK Electronics,CAP FILM 1200PF 5% 2KVDC RADIAL
B32672L8152J289,4680,1.40134,EPCOS - TDK Electronics,CAP FILM 1500PF 5% 2KVDC RADIAL
B32672L8182J289,4680,1.40134,EPCOS - TDK Electronics,CAP FILM 1800PF 5% 2KVDC RADIAL
B32521E6683K289,4000,1.40213,EPCOS - TDK Electronics,CAP FILM 0.068UF 10% 400VDC RAD
B32620A0272K289,8000,1.40229,EPCOS - TDK Electronics,CAP FILM 2700PF 10% 1KVDC RADIAL
B32620A0222K189,7200,1.40599,EPCOS - TDK Electronics,CAP FILM 2200PF 10% 1KVDC RADIAL
B32620A4682K189,7200,1.40599,EPCOS - TDK Electronics,CAP FILM 6800PF 10% 400VDC RAD
B32671L9153J289,3320,1.40603,EPCOS - TDK Electronics,CAP FILM 0.015UF 5% 1KVDC RADIAL
B32621A6222J289,4000,1.41034,EPCOS - TDK Electronics,CAP FILM 2200PF 5% 630VDC RADIAL
B32652A1222K000,4000,1.41034,EPCOS - TDK Electronics,CAP FILM 2200PF 10% 1.6KVDC RAD
B32560J6154K289,5400,1.41147,EPCOS - TDK Electronics,CAP FILM 0.15UF 10% 400VDC 2DIP
B32529C6473K,4000,1.41546,EPCOS - TDK Electronics,CAP FILM 0.047UF 10% 400VDC RAD
B32522N6104K189,5200,1.41621,EPCOS - TDK Electronics,CAP FILM 0.1UF 10% 450VDC RADIAL
B32672L8222J189,5200,1.41621,EPCOS - TDK Electronics,CAP FILM 2200PF 5% 2KVDC RADIAL
B32672L8272J189,5200,1.41621,EPCOS - TDK Electronics,CAP FILM 2700PF 5% 2KVDC RADIAL
B32672L8332J189,5200,1.41621,EPCOS - TDK Electronics,CAP FILM 3300PF 5% 2KVDC RADIAL
B32672L8392J189,5200,1.41621,EPCOS - TDK Electronics,CAP FILM 3900PF 5% 2KVDC RADIAL
B32672L8432J189,5200,1.41621,EPCOS - TDK Electronics,CAP FILM 4300PF 5% 2KVDC RADIAL
B32672L8472J189,5200,1.41621,EPCOS - TDK Electronics,CAP FILM 4700PF 5% 2KVDC RADIAL
B32522N6104M189,5200,1.41621,EPCOS - TDK Electronics,CAP FILM 0.1UF 20% 450VDC RADIAL
B32671Z6103K000,4000,1.41668,EPCOS - TDK Electronics,CAP FILM 10000PF 10% 630VDC RAD
B32621A6472M289,4000,1.41854,EPCOS - TDK Electronics,CAP FILM 4700PF 20% 630VDC RAD
B32520C1334J189,7200,1.41868,EPCOS - TDK Electronics,CAP FILM 0.33UF 5% 100VDC RADIAL
B32652A1152J000,4000,1.42162,EPCOS - TDK Electronics,CAP FILM 1500PF 5% 1.6KVDC RAD
B32621A6272J289,4000,1.42162,EPCOS - TDK Electronics,CAP FILM 2700PF 5% 630VDC RADIAL
B32672L1822K000,4000,1.42162,EPCOS - TDK Electronics,CAP FILM 8200PF 10% 1.6KVDC RAD
B32620A0152J289,8000,1.42167,EPCOS - TDK Electronics,CAP FILM 1500PF 5% 1KVDC RADIAL
B32620A6332M000,6000,1.42224,EPCOS - TDK Electronics,CAP FILM 3300PF 20% 630VDC RAD
B32521C0474K000,4000,1.42367,EPCOS - TDK Electronics,CAP FILM 0.47UF 10% 63VDC RADIAL
B32521C0474K289,4000,1.42367,EPCOS - TDK Electronics,CAP FILM 0.47UF 10% 63VDC RADIAL
B32620A4103K000,6000,1.42818,EPCOS - TDK Electronics,CAP FILM 10000PF 10% 400VDC RAD
B32620A4682K000,6000,1.42818,EPCOS - TDK Electronics,CAP FILM 6800PF 10% 400VDC RAD
B32620A6332K000,6000,1.42818,EPCOS - TDK Electronics,CAP FILM 3300PF 10% 630VDC RAD
B32520C0474J289,10400,1.42852,EPCOS - TDK Electronics,CAP FILM 0.47UF 5% 63VDC RADIAL
B32522N6104K289,4680,1.42964,EPCOS - TDK Electronics,CAP FILM 0.1UF 10% 450VDC RADIAL
B32672L8272J289,4680,1.42964,EPCOS - TDK Electronics,CAP FILM 2700PF 5% 2KVDC RADIAL
B32672L8332J289,4680,1.42964,EPCOS - TDK Electronics,CAP FILM 3300PF 5% 2KVDC RADIAL
B32672L8472J289,4680,1.42964,EPCOS - TDK Electronics,CAP FILM 4700PF 5% 2KVDC RADIAL
B32621A6332J289,4000,1.43084,EPCOS - TDK Electronics,CAP FILM 3300PF 5% 630VDC RADIAL
B32621A6472K000,4000,1.43084,EPCOS - TDK Electronics,CAP FILM 4700PF 10% 630VDC RAD
B32621A6472K289,4000,1.43084,EPCOS - TDK Electronics,CAP FILM 4700PF 10% 630VDC RAD
B32520E6104K289,6400,1.435,EPCOS - TDK Electronics,CAP FILM 0.1UF 10% 400VDC RADIAL
B32562J6154J000,4800,1.43847,EPCOS - TDK Electronics,CAP FILM 0.15UF 5% 400VDC 2DIP
B32529C0824J289,7200,1.43917,EPCOS - TDK Electronics,CAP FILM 0.82UF 5% 63VDC RADIAL
B32520C3184J000,4000,1.44209,EPCOS - TDK Electronics,CAP FILM 0.18UF 5% RADIAL
B32671L6473K003,4000,1.49231,EPCOS - TDK Electronics,FILM CAP MKP BOX 47NF 10% 630VDC
B32521D8103J000,4000,1.44319,EPCOS - TDK Electronics,CAP FILM 10000PF 5% 630VDC RAD
B32529C8153K289,6400,1.44681,EPCOS - TDK Electronics,CAP FILM 0.015UF 10% 630VDC RAD
B32560J1474J289,9600,1.44729,EPCOS - TDK Electronics,CAP FILM 0.47UF 5% 100VDC 2DIP
B32529D6104K289,4000,1.44823,EPCOS - TDK Electronics,CAP FILM 0.1UF 10% 400VDC RADIAL
B32620A3333K289,8000,1.44972,EPCOS - TDK Electronics,CAP FILM 0.033UF 10% 250VDC RAD
B32620A4472J289,8000,1.44972,EPCOS - TDK Electronics,CAP FILM 4700PF 5% 400VDC RADIAL
B32620A4562J289,8000,1.44972,EPCOS - TDK Electronics,CAP FILM 5600PF 5% 400VDC RADIAL
B32620A4682J289,8000,1.44972,EPCOS - TDK Electronics,CAP FILM 6800PF 5% 400VDC RADIAL
B32620A4822J289,8000,1.44972,EPCOS - TDK Electronics,CAP FILM 8200PF 5% 400VDC RADIAL
B32620A6332J289,8000,1.44972,EPCOS - TDK Electronics,CAP FILM 3300PF 5% 630VDC RADIAL
B32620A0222J289,8000,1.44972,EPCOS - TDK Electronics,CAP FILM 2200PF 5% 1KVDC RADIAL
B32672L6683J189,4400,1.44984,EPCOS - TDK Electronics,CAP FILM 0.068UF 5% 630VDC RAD
B32652A1182J000,4000,1.45028,EPCOS - TDK Electronics,CAP FILM 1800PF 5% 1.6KVDC RAD
B32621A3222K000,4000,1.45028,EPCOS - TDK Electronics,CAP FILM 2200PF 10% 250VDC RAD
B32520E6104K189,5600,1.45175,EPCOS - TDK Electronics,CAP FILM 0.1UF 10% 400VDC RADIAL
B32672L6683J000,4000,1.45642,EPCOS - TDK Electronics,CAP FILM 0.068UF 5% 630VDC RAD
B32672Z6393J289,4680,1.45993,EPCOS - TDK Electronics,CAP FILM 0.039UF 5% 630VDC RAD
B32672Z6473J289,4680,1.45993,EPCOS - TDK Electronics,CAP FILM 0.047UF 5% 630VDC RAD
B32620A0222J189,7200,1.46257,EPCOS - TDK Electronics,CAP FILM 2200PF 5% 1KVDC RADIAL
B32620A3223J189,7200,1.46257,EPCOS - TDK Electronics,CAP FILM 0.022UF 5% 250VDC RAD
B32620A3333K189,7200,1.46257,EPCOS - TDK Electronics,CAP FILM 0.033UF 10% 250VDC RAD
B32620A6332J189,7200,1.46257,EPCOS - TDK Electronics,CAP FILM 3300PF 5% 630VDC RADIAL
B32521E6683J289,4000,1.46254,EPCOS - TDK Electronics,CAP FILM 0.068UF 5% 400VDC RAD
B32560J8123J000,3600,1.46452,EPCOS - TDK Electronics,CAP FILM 0.012UF 5% 630VDC 2DIP
B32672L0153J000,4000,1.46454,EPCOS - TDK Electronics,CAP FILM 0.015UF 5% 1KVDC RAD
B32521N8682J000,4000,1.4656,EPCOS - TDK Electronics,CAP FILM 6800PF 5% 630VDC RADIAL
B32620A3153J289,6400,1.46745,EPCOS - TDK Electronics,CAP FILM 0.015UF 5% 250VDC RAD
B32672L7103J000,4000,1.4676,EPCOS - TDK Electronics,CAP FILM 10000PF 5% 1.3KVDC RAD
B32672Z5154K189,4400,1.46809,EPCOS - TDK Electronics,CAP FILM 0.15UF 10% 520VDC RAD
B32620A6472M289,8000,1.47001,EPCOS - TDK Electronics,CAP FILM 4700PF 20% 630VDC RAD
B32652A1222J000,4000,1.47072,EPCOS - TDK Electronics,CAP FILM 2200PF 5% 1.6KVDC RAD
B32672Z6154K000,4000,1.47167,EPCOS - TDK Electronics,CAP FILM 0.15UF 10% 630VDC RAD
B32522C3104M000,4000,1.47275,EPCOS - TDK Electronics,CAP FILM 0.1UF 20% 250VDC RADIAL
B32520C3224K289,5200,1.47323,EPCOS - TDK Electronics,CAP FILM 0.22UF 10% 250VDC RAD
B32520C3224M289,5200,1.47323,EPCOS - TDK Electronics,CAP FILM 0.22UF 20% 250VDC RAD
B32522N6104J189,5200,1.47424,EPCOS - TDK Electronics,CAP FILM 0.1UF 5% 450VDC RADIAL
B32620A0332K289,6400,1.47727,EPCOS - TDK Electronics,CAP FILM 3300PF 10% 1KVDC RADIAL
B32620A4392J289,6400,1.47727,EPCOS - TDK Electronics,CAP FILM 3900PF 5% 400VDC RADIAL
B32620A6472K289,8000,1.47773,EPCOS - TDK Electronics,CAP FILM 4700PF 10% 630VDC RAD
B32529D6104K189,3200,1.47878,EPCOS - TDK Electronics,CAP FILM 0.1UF 10% 400VDC RADIAL
B32671Z6223K000,4000,1.48081,EPCOS - TDK Electronics,CAP FILM 0.022UF 10% 630VDC RAD
B32529C6473J,4000,1.48092,EPCOS - TDK Electronics,CAP FILM 0.047UF 5% 400VDC RAD
B32672Z5154K000,4000,1.48092,EPCOS - TDK Electronics,CAP FILM 0.15UF 10% 520VDC RAD
B32672Z6473J000,4000,1.48092,EPCOS - TDK Electronics,CAP FILM 0.047UF 5% 630VDC RAD
B32522N6154K000,4000,1.48195,EPCOS - TDK Electronics,CAP FILM 0.15UF 10% 450VDC RAD
B32620A3333K000,6000,1.48551,EPCOS - TDK Electronics,CAP FILM 0.033UF 10% 250VDC RAD
B32620A4622J000,6000,1.48551,EPCOS - TDK Electronics,CAP FILM 6200PF 5% 400VDC RADIAL
B32620J0122K289,6400,1.48611,EPCOS - TDK Electronics,CAP FILM 1200PF 10% 1KVDC RADIAL
B32521N8223K189,5200,1.48623,EPCOS - TDK Electronics,CAP FILM 0.022UF 10% 630VDC RAD
B32521N8223M189,5200,1.48623,EPCOS - TDK Electronics,CAP FILM 0.022UF 20% 630VDC RAD
B32620A0392K289,6400,1.48709,EPCOS - TDK Electronics,CAP FILM 3900PF 10% 1KVDC RADIAL
B32620A6472K189,7200,1.49078,EPCOS - TDK Electronics,CAP FILM 4700PF 10% 630VDC RAD
B32620A5333J289,8000,1.49606,EPCOS - TDK Electronics,CAP FILM 0.033UF 5% 160VDC RAD
B32520E6104M000,4000,1.49623,EPCOS - TDK Electronics,CAP FILM 0.1UF 20% 400VDC RADIAL
B32671L0103J189,4400,1.49745,EPCOS - TDK Electronics,CAP FILM 10000PF 5% 1KVDC RADIAL
B32620A4153M289,6400,1.49788,EPCOS - TDK Electronics,CAP FILM 0.015UF 20% 400VDC RAD
B32521N8153J189,5200,1.50019,EPCOS - TDK Electronics,CAP FILM 0.015UF 5% 630VDC RAD
B32521N8153K189,5200,1.50019,EPCOS - TDK Electronics,CAP FILM 0.015UF 10% 630VDC RAD
B32521E6104K189,5200,1.50019,EPCOS - TDK Electronics,CAP FILM 0.1UF 10% 400VDC RADIAL
B32671Z6153J000,4000,1.50113,EPCOS - TDK Electronics,CAP FILM 0.015UF 5% 630VDC RAD
B32522C3154K000,4000,1.50337,EPCOS - TDK Electronics,CAP FILM 0.15UF 10% 250VDC RAD
B32522C3224M000,4000,1.50337,EPCOS - TDK Electronics,CAP FILM 0.22UF 20% 250VDC RAD
B32620J0102K189,5600,1.50336,EPCOS - TDK Electronics,CAP FILM 1000PF 10% 1KVDC RADIAL
B32672L8452J000,4000,1.55693,EPCOS - TDK Electronics,4.5NF  5%  700VAC  MKP  WOUND  B
B32620A4153K289,6400,1.50573,EPCOS - TDK Electronics,CAP FILM 0.015UF 10% 400VDC RAD
B32620A6472M000,6000,1.50621,EPCOS - TDK Electronics,CAP FILM 4700PF 20% 630VDC RAD
B32021A3102K189,6800,1.50677,EPCOS - TDK Electronics,CAP FILM 1000PF 10% 300VAC RAD
B32620A3123J000,4000,1.51048,EPCOS - TDK Electronics,CAP FILM 0.012UF 5% 250VDC RAD
B32652A3154K000,4000,1.51048,EPCOS - TDK Electronics,CAP FILM 0.15UF 10% 250VDC RAD
B32621A3472K289,4000,1.51048,EPCOS - TDK Electronics,CAP FILM 4700PF 10% 250VDC RAD
B32620A6472K000,6000,1.51408,EPCOS - TDK Electronics,CAP FILM 4700PF 10% 630VDC RAD
B32620A6392J289,8000,1.51438,EPCOS - TDK Electronics,CAP FILM 3900PF 5% 630VDC RADIAL
B32560J6154J189,4000,1.51559,EPCOS - TDK Electronics,CAP FILM 0.15UF 5% 400VDC 2DIP
B32671L6473K289,2720,1.51681,EPCOS - TDK Electronics,CAP FILM 0.047UF 10% 630VDC RAD
B32671L0113J000,4000,1.51763,EPCOS - TDK Electronics,CAP FILM 0.011UF 5% RADIAL
B32521N8223K000,4000,1.52168,EPCOS - TDK Electronics,CAP FILM 0.022UF 10% 630VDC RAD
B32521N8223M000,4000,1.52168,EPCOS - TDK Electronics,CAP FILM 0.022UF 20% 630VDC RAD
B32671L6563J000,4000,1.52373,EPCOS - TDK Electronics,CAP FILM 0.056UF 5% 630VDC RAD
B32671L0822J289,2720,1.52523,EPCOS - TDK Electronics,CAP FILM 8200PF 5% 1KVDC RADIAL
B32671L0123J189,4400,1.52675,EPCOS - TDK Electronics,CAP FILM 0.012UF 5% 1KVDC RADIAL
B32652A1472K189,4400,1.52675,EPCOS - TDK Electronics,CAP FILM 4700PF 10% 1.6KVDC RAD
B32620A3333J189,7200,1.52769,EPCOS - TDK Electronics,CAP FILM 0.033UF 5% 250VDC RAD
B32520C3224J289,5200,1.52808,EPCOS - TDK Electronics,CAP FILM 0.22UF 5% 250VDC RADIAL
B32652A3104J000,4000,1.52985,EPCOS - TDK Electronics,CAP FILM 0.1UF 5% 250VDC RADIAL
B32672L0223K000,4000,1.52985,EPCOS - TDK Electronics,CAP FILM 0.022UF 10% 1KVDC RAD
B32620A5333J000,6000,1.53279,EPCOS - TDK Electronics,CAP FILM 0.033UF 5% 160VDC RAD
B32620A5473J000,6000,1.53279,EPCOS - TDK Electronics,CAP FILM 0.047UF 5% 160VDC RAD
B32620A6471K289,8000,1.53363,EPCOS - TDK Electronics,CAP FILM 470PF 10% 630VDC RADIAL
B32621A6682M289,4000,1.5339,EPCOS - TDK Electronics,CAP FILM 6800PF 20% 630VDC RAD
B32521C3224K289,3320,1.53476,EPCOS - TDK Electronics,CAP FILM 0.22UF 10% 250VDC RAD
B32521C3224M289,3320,1.53476,EPCOS - TDK Electronics,CAP FILM 0.22UF 20% 250VDC RAD
B32560J1474J000,4800,1.53493,EPCOS - TDK Electronics,CAP FILM 0.47UF 5% 100VDC 2DIP
B32620A4123J289,6400,1.53512,EPCOS - TDK Electronics,CAP FILM 0.012UF 5% 400VDC RAD
B32672L8562J189,4400,1.53583,EPCOS - TDK Electronics,CAP FILM 5600PF 5% 2KVDC RADIAL
B32521N8153J000,4000,1.53593,EPCOS - TDK Electronics,CAP FILM 0.015UF 5% 630VDC RAD
B32521D8153K000,4000,1.53593,EPCOS - TDK Electronics,CAP FILM 0.015UF 10% 630VDC RAD
B32522N6154J000,4000,1.53899,EPCOS - TDK Electronics,CAP FILM 0.15UF 5% 450VDC RADIAL
B32522N3334J000,4000,1.53899,EPCOS - TDK Electronics,CAP FILM 0.33UF 5% 250VDC RADIAL
B32672L8622J000,4000,1.54,EPCOS - TDK Electronics,CAP FILM 6200PF 5% 2KVDC RADIAL
B32621A3103K000,4000,1.54,EPCOS - TDK Electronics,CAP FILM 10000PF 10% 250VDC RAD
B32652A3124J000,4000,1.54,EPCOS - TDK Electronics,CAP FILM 0.12UF 5% 250VDC RADIAL
B32652A4273J000,4000,1.54,EPCOS - TDK Electronics,CAP FILM 0.027UF 5% 400VDC RAD
B32672L1882J000,4000,1.54,EPCOS - TDK Electronics,CAP FILM 8800PF 5% 1.6KVDC RAD
B32620A0332K000,4000,1.54,EPCOS - TDK Electronics,CAP FILM 3300PF 10% 1KVDC RADIAL
B32521C6104M000,4000,1.59549,EPCOS - TDK Electronics,"0,1000UF  20% 400V POLYESTER BOX"
B32620A0332J289,6400,1.54295,EPCOS - TDK Electronics,CAP FILM 3300PF 5% 1KVDC RADIAL
B32522C3104M189,5200,1.54302,EPCOS - TDK Electronics,CAP FILM 0.1UF 20% 250VDC RADIAL
B32671Z6473K289,3320,1.59973,EPCOS - TDK Electronics,47NF 10%  630V  MKP  WOUND  BOXE
B32521N8223K289,3320,1.54818,EPCOS - TDK Electronics,CAP FILM 0.022UF 10% 630VDC RAD
B32521N8223M289,3320,1.54818,EPCOS - TDK Electronics,CAP FILM 0.022UF 20% 630VDC RAD
B32620J0102K000,4000,1.54916,EPCOS - TDK Electronics,CAP FILM 1000PF 10% 1KVDC RADIAL
B32620J0152K000,4000,1.54916,EPCOS - TDK Electronics,CAP FILM 1500PF 10% 1KVDC RADIAL
B32621A6682K000,4000,1.54916,EPCOS - TDK Electronics,CAP FILM 6800PF 10% 630VDC RAD
B32621A6682K289,4000,1.54916,EPCOS - TDK Electronics,CAP FILM 6800PF 10% 630VDC RAD
B32520C3224M000,3000,1.54953,EPCOS - TDK Electronics,CAP FILM 0.22UF 20% 250VDC RAD
B32652A3174J000,4000,1.55119,EPCOS - TDK Electronics,CAP FILM 0.17UF 5% RADIAL
B32620A3333J000,6000,1.55149,EPCOS - TDK Electronics,CAP FILM 0.033UF 5% 250VDC RAD
B32621A4103K189,6800,1.55452,EPCOS - TDK Electronics,CAP FILM 10000PF 10% 400VDC RAD
B32621A4822K189,6800,1.55452,EPCOS - TDK Electronics,CAP FILM 8200PF 10% 400VDC RAD
B32621A6682J189,6800,1.55452,EPCOS - TDK Electronics,CAP FILM 6800PF 5% 630VDC RADIAL
B32520E6104J289,6400,1.55468,EPCOS - TDK Electronics,CAP FILM 0.1UF 5% 400VDC RADIAL
B32521N8333M000,4000,1.55728,EPCOS - TDK Electronics,CAP FILM 0.033UF 20% 630VDC RAD
B32521N8333K000,4000,1.55728,EPCOS - TDK Electronics,CAP FILM 0.033UF 10% 630VDC RAD
B32671Z6473K000,4000,1.55786,EPCOS - TDK Electronics,CAP FILM 0.047UF 10% 630VDC RAD
B32520E6683K000,4000,1.55786,EPCOS - TDK Electronics,CAP FILM 0.068UF 10% 400VDC RAD
B32520C1394J289,8000,1.55959,EPCOS - TDK Electronics,CAP FILM 0.39UF 5% 100VDC RADIAL
B32620A0332J189,5600,1.56074,EPCOS - TDK Electronics,CAP FILM 3300PF 5% 1KVDC RADIAL
B32620J0102J289,6400,1.5625,EPCOS - TDK Electronics,CAP FILM 1000PF 5% 1KVDC RADIAL
B32620J0222K289,6400,1.5625,EPCOS - TDK Electronics,CAP FILM 2200PF 10% 1KVDC RADIAL
B32521E6104M289,3320,1.56265,EPCOS - TDK Electronics,CAP FILM 0.1UF 20% 400VDC RADIAL
B32521N8223J189,5200,1.56289,EPCOS - TDK Electronics,CAP FILM 0.022UF 5% 630VDC RAD
B32560J6154K000,1800,1.56729,EPCOS - TDK Electronics,CAP FILM 0.15UF 10% 400VDC 2DIP
B32522N6154K289,4680,1.56749,EPCOS - TDK Electronics,CAP FILM 0.15UF 10% 450VDC RAD
B32520C3274K289,5200,1.56886,EPCOS - TDK Electronics,CAP FILM 0.27UF 10% 250VDC RAD
B32620A4153K000,4000,1.56948,EPCOS - TDK Electronics,CAP FILM 0.015UF 10% 400VDC RAD
B32652A1392J000,4000,1.56948,EPCOS - TDK Electronics,CAP FILM 3900PF 5% 1.6KVDC RAD
B32652A1222J189,5200,1.57085,EPCOS - TDK Electronics,CAP FILM 2200PF 5% 1.6KVDC RAD
B32520C1394J189,7200,1.57324,EPCOS - TDK Electronics,CAP FILM 0.39UF 5% 100VDC RADIAL
B32522C3224K189,5200,1.57382,EPCOS - TDK Electronics,CAP FILM 0.22UF 10% 250VDC RAD
B32522C3154K189,5200,1.57382,EPCOS - TDK Electronics,CAP FILM 0.15UF 10% 250VDC RAD
B32672L1822K289,3840,1.57533,EPCOS - TDK Electronics,CAP FILM 8200PF 10% 1.6KVDC RAD
B32652A3184J000,4000,1.57657,EPCOS - TDK Electronics,CAP FILM 0.18UF 5% 250VDC RADIAL
B32621A0222M189,6800,1.57689,EPCOS - TDK Electronics,CAP FILM 2200PF 20% 1KVDC RADIAL
B32652A1332K289,4680,1.5775,EPCOS - TDK Electronics,CAP FILM 3300PF 10% 1.6KVDC RAD
B32560J3334K289,5200,1.5778,EPCOS - TDK Electronics,CAP FILM 0.33UF 10% 250VDC 2DIP
B32620A3473K189,5600,1.58048,EPCOS - TDK Electronics,CAP FILM 0.047UF 10% 250VDC RAD
B32620J0222K189,5600,1.58048,EPCOS - TDK Electronics,CAP FILM 2200PF 10% 1KVDC RADIAL
B32620A4153J289,6400,1.58107,EPCOS - TDK Electronics,CAP FILM 0.015UF 5% 400VDC RAD
B32672L9152J000,4000,1.58112,EPCOS - TDK Electronics,CAP FILM 1500PF 5% 2KVDC RAD
B32671L4473J000,4000,1.58112,EPCOS - TDK Electronics,CAP FILM 0.047UF 5% 400VDC RAD
B32562J6184K000,4000,1.58166,EPCOS - TDK Electronics,CAP FILM 0.18UF 10% 400VDC 2DIP
B32560J8153K000,2400,1.58543,EPCOS - TDK Electronics,CAP FILM 0.015UF 10% 630VDC 2DIP
B32652A1222J289,4680,1.58551,EPCOS - TDK Electronics,CAP FILM 2200PF 5% 1.6KVDC RAD
B32522C3154K289,4680,1.58851,EPCOS - TDK Electronics,CAP FILM 0.15UF 10% 250VDC RAD
B32522C3224K289,4680,1.58851,EPCOS - TDK Electronics,CAP FILM 0.22UF 10% 250VDC RAD
B32522C3224M289,4680,1.58851,EPCOS - TDK Electronics,CAP FILM 0.22UF 20% 250VDC RAD
B32620A6562J289,8000,1.58936,EPCOS - TDK Electronics,CAP FILM 5600PF 5% 630VDC RADIAL
B32672L7153J289,3840,1.58959,EPCOS - TDK Electronics,CAP FILM 0.015UF 5% RADIAL
B32560J8153J000,2400,1.59073,EPCOS - TDK Electronics,CAP FILM 0.015UF 5% 630VDC 2DIP
B32652A0153K189,5200,1.59069,EPCOS - TDK Electronics,CAP FILM 0.015UF 10% 1KVDC RAD
B32620A0472K289,6400,1.5918,EPCOS - TDK Electronics,CAP FILM 4700PF 10% 1KVDC RADIAL
B32021A3122M000,4000,1.59181,EPCOS - TDK Electronics,CAP FILM 1200PF 20% 300VAC RAD
B32672Z5224J000,4000,1.59224,EPCOS - TDK Electronics,CAP FILM 0.22UF 5% 520VDC RAD
B32672L7153J000,4000,1.59224,EPCOS - TDK Electronics,CAP FILM 0.015UF 5% 1.3KVDC RAD
B32522Q8473J000,4000,1.59381,EPCOS - TDK Electronics,CAP FILM 0.047UF 5% 630VDC RAD
B32529D6124K289,4000,1.59381,EPCOS - TDK Electronics,CAP FILM 0.12UF 10% 400VDC RAD
B32520C1474K289,6400,1.59474,EPCOS - TDK Electronics,CAP FILM 0.47UF 10% 100VDC RAD
B32522Q8473K189,5200,1.59565,EPCOS - TDK Electronics,CAP FILM 0.047UF 10% 630VDC RAD
B32520C1394J000,6000,1.59763,EPCOS - TDK Electronics,CAP FILM 0.39UF 5% 100VDC RADIAL
B32021A3122K000,4000,1.5989,EPCOS - TDK Electronics,CAP FILM 1200PF 10% 300VAC RAD
B32621A3183K000,4000,1.59989,EPCOS - TDK Electronics,CAP FILM 1.8UF 10% 250VDC RADIAL
B32652A1432J000,4000,1.59989,EPCOS - TDK Electronics,CAP FILM 4300PF 5% 1.6KVDC RAD
B32672L0223J000,4000,1.59989,EPCOS - TDK Electronics,CAP FILM 0.022UF 5% 1KVDC RADIAL
B32560J3334J189,4400,1.6013,EPCOS - TDK Electronics,CAP FILM 0.33UF 5% 250VDC 2DIP
B32671Z6683K000,4000,1.60132,EPCOS - TDK Electronics,CAP FILM 0.068UF 10% 630VDC RAD
B32560J6124J000,1800,1.60331,EPCOS - TDK Electronics,CAP FILM 0.12UF 5% 400VDC 2DIP
B32529E6683J289,5200,1.60361,EPCOS - TDK Electronics,CAP FILM 0.068UF 5% 400VDC RAD
B32021A3182M000,4000,1.60397,EPCOS - TDK Electronics,CAP FILM 1800PF 20% 300VAC RAD
B32672L0333K000,4000,1.60434,EPCOS - TDK Electronics,CAP FILM 0.033UF 10% 1KVDC RAD
B32671Z6333J000,4000,1.60434,EPCOS - TDK Electronics,CAP FILM 0.033UF 5% 630VDC RAD
B32520C3224J000,3000,1.60675,EPCOS - TDK Electronics,CAP FILM 0.22UF 5% 250VDC RADIAL
B32652A1482J000,4000,1.60802,EPCOS - TDK Electronics,CAP FILM 4800PF 5% 1.6KVDC RAD
B32652A6223K000,4000,1.60802,EPCOS - TDK Electronics,CAP FILM 0.022UF 10% 630VDC RAD
B32672L8682K000,4000,1.60802,EPCOS - TDK Electronics,CAP FILM 6800PF 10% 2KVDC RADIAL
B32652A1272J189,5200,1.60954,EPCOS - TDK Electronics,CAP FILM 2700PF 5% 1.6KVDC RAD
B32522Q8473K289,4680,1.61051,EPCOS - TDK Electronics,CAP FILM 0.047UF 10% 630VDC RAD
B32021A3182K000,4000,1.61106,EPCOS - TDK Electronics,CAP FILM 1800PF 10% 300VAC RAD
B32021A3152K000,4000,1.61207,EPCOS - TDK Electronics,CAP FILM 1500PF 10% 1.5KVDC RAD
B32620A4273J000,6400,1.61716,EPCOS - TDK Electronics,CAP FILM 0.027UF 5% RADIAL
B32521N8333J189,4400,1.62038,EPCOS - TDK Electronics,CAP FILM 0.033UF 5% 630VDC RAD
B32652A1332J189,5200,1.62045,EPCOS - TDK Electronics,CAP FILM 3300PF 5% 1.6KVDC RAD
B32652A1272J000,4000,1.62321,EPCOS - TDK Electronics,CAP FILM 2700PF 5% 1.6KVDC RAD
B32932A3473M000,4000,1.62423,EPCOS - TDK Electronics,CAP FILM 0.047UF 20% 305VAC RAD
B32529D6124K189,3200,1.62696,EPCOS - TDK Electronics,CAP FILM 0.12UF 10% 400VDC RAD
B32521C1474K189,6800,1.62737,EPCOS - TDK Electronics,CAP FILM 0.47UF 10% 100VDC RAD
B32671Z6473J000,4000,1.62753,EPCOS - TDK Electronics,CAP FILM 0.047UF 5% 630VDC RAD
B32620A3473K000,4000,1.62826,EPCOS - TDK Electronics,CAP FILM 0.047UF 10% 250VDC RAD
B32620A6122K000,4000,1.62826,EPCOS - TDK Electronics,CAP FILM 1200PF 10% 630VDC RAD
B32620J0152J000,4000,1.62826,EPCOS - TDK Electronics,CAP FILM 1500PF 5% 1KVDC RADIAL
B32620J0222K000,4000,1.62826,EPCOS - TDK Electronics,CAP FILM 2200PF 10% 1KVDC RADIAL
B32621A3223K000,4000,1.62826,EPCOS - TDK Electronics,CAP FILM 0.022UF 10% 250VDC RAD
B32652A0153K000,4000,1.62826,EPCOS - TDK Electronics,CAP FILM 0.015UF 10% 1KVDC RAD
B32621A3223K289,4000,1.62826,EPCOS - TDK Electronics,CAP FILM 0.022UF 10% 250VDC RAD
B32521C6683J,4000,1.62927,EPCOS - TDK Electronics,CAP FILM 0.068UF 5% 400VDC RAD
B32621A4103J189,6800,1.63029,EPCOS - TDK Electronics,CAP FILM 10000PF 5% 400VDC RAD
B32620A4273J289,6400,1.63177,EPCOS - TDK Electronics,CAP FILM 0.027UF 5% 400VDC RAD
B32672L1822J289,3840,1.63429,EPCOS - TDK Electronics,CAP FILM 8200PF 5% 1.6KVDC RAD
B32922C3473M289,4680,1.63451,EPCOS - TDK Electronics,CAP FILM 0.047UF 20% 630VDC RAD
B32922C3473K289,4680,1.63451,EPCOS - TDK Electronics,CAP FILM 0.047UF 10% 630VDC RAD
B32652A1332J289,4680,1.6355,EPCOS - TDK Electronics,CAP FILM 3300PF 5% 1.6KVDC RAD
B32560J6154J000,1800,1.63703,EPCOS - TDK Electronics,CAP FILM 0.15UF 5% 400VDC 2DIP
B32620A3473J289,6400,1.6386,EPCOS - TDK Electronics,CAP FILM 0.047UF 5% 250VDC RAD
B32672L7183J000,4000,1.63861,EPCOS - TDK Electronics,CAP FILM 0.018UF 5% 1.3KVDC RAD
B32522C3224J189,5200,1.63926,EPCOS - TDK Electronics,CAP FILM 0.22UF 5% 250VDC RADIAL
B32652A6273K000,4000,1.64141,EPCOS - TDK Electronics,CAP FILM 0.027UF 10% 630VDC RAD
B32652A4683K000,4000,1.64242,EPCOS - TDK Electronics,CAP FILM 0.068UF 10% 400VDC RAD
B32620A0472K189,5600,1.64256,EPCOS - TDK Electronics,CAP FILM 4700PF 10% 1KVDC RADIAL
B32021A3252M000,4000,1.64343,EPCOS - TDK Electronics,CAP FILM 2500PF 20% 300VAC RAD
B32621A3153J000,4000,1.64748,EPCOS - TDK Electronics,CAP FILM 0.015UF 5% 250VDC RAD
B32620A4153J000,4000,1.64748,EPCOS - TDK Electronics,CAP FILM 0.015UF 5% 400VDC RAD
B32652A1512J000,4000,1.64748,EPCOS - TDK Electronics,CAP FILM 5100PF 5% 1.6KVDC RAD
B32672L1103K000,4000,1.64748,EPCOS - TDK Electronics,CAP FILM 10000PF 10% 1.6KVDC RAD
B32021A3252K000,4000,1.64748,EPCOS - TDK Electronics,CAP FILM 2500PF 10% 300VAC RAD
B32520C3274K000,3000,1.64929,EPCOS - TDK Electronics,CAP FILM 0.27UF 10% 250VDC RAD
B32672L9222J000,4000,1.65069,EPCOS - TDK Electronics,CAP FILM 2200PF 5% 2KVDC RAD
B32621A0222M000,4000,1.65151,EPCOS - TDK Electronics,CAP FILM 2200PF 20% 1KVDC RADIAL
B32562J3334K000,4800,1.65177,EPCOS - TDK Electronics,CAP FILM 0.33UF 10% 250VDC 2DIP
B32672L2474J000,2000,1.70946,EPCOS - TDK Electronics,0.47UF  5% 250V  MKP  BOXED
B32672L1103K289,3840,1.65359,EPCOS - TDK Electronics,CAP FILM 10000PF 10% 1.6KVDC RAD
B32522E6683K000,4000,1.65455,EPCOS - TDK Electronics,CAP FILM 0.068UF 10% 400VDC RAD
B32672L8172J289,4680,1.65545,EPCOS - TDK Electronics,CAP FILM 1700PF 5% 2KVDC RADIAL
B32620A3513J289,6400,1.65708,EPCOS - TDK Electronics,CAP FILM 0.051UF 5% 250VDC RAD
B32620A6682J289,6400,1.65708,EPCOS - TDK Electronics,CAP FILM 6800PF 5% 630VDC RADIAL
B32620A3473J189,5600,1.65732,EPCOS - TDK Electronics,CAP FILM 0.047UF 5% 250VDC RAD
B32620A4223K000,4000,1.65858,EPCOS - TDK Electronics,CAP FILM 0.022UF 10% 400VDC RAD
B32620A0472K000,4000,1.65858,EPCOS - TDK Electronics,CAP FILM 4700PF 10% 1KVDC RADIAL
B32620A6682K000,4000,1.65858,EPCOS - TDK Electronics,CAP FILM 6800PF 10% 630VDC RAD
B32621A0222K000,4000,1.65858,EPCOS - TDK Electronics,CAP FILM 2200PF 10% 1KVDC RADIAL
B32621A0222K289,4000,1.65858,EPCOS - TDK Electronics,CAP FILM 2200PF 10% 1KVDC RADIAL
B32521E6154K189,4400,1.66152,EPCOS - TDK Electronics,CAP FILM 0.15UF 10% 400VDC RAD
B32520C1474M000,4000,1.66162,EPCOS - TDK Electronics,CAP FILM 0.47UF 20% 100VDC RAD
B32520C1474J289,6400,1.66195,EPCOS - TDK Electronics,CAP FILM 0.47UF 5% 100VDC RADIAL
B32620A3623J289,6400,1.66292,EPCOS - TDK Electronics,CAP FILM 0.062UF 5% RADIAL
B32529D6124J289,4000,1.66667,EPCOS - TDK Electronics,CAP FILM 0.12UF 5% 400VDC RADIAL
B32652A1552J000,4000,1.66768,EPCOS - TDK Electronics,CAP FILM 5500PF 5% 1.6KVDC RAD
B32652A4823J000,4000,1.66768,EPCOS - TDK Electronics,CAP FILM 0.082UF 5% 400VDC RAD
B32672Z6104K189,4400,1.67253,EPCOS - TDK Electronics,CAP FILM 0.1UF 10% 630VDC RADIAL
B32520C6683J189,4400,1.67554,EPCOS - TDK Electronics,CAP FILM 0.068UF 5% 400VDC RAD
B32652A1392J189,5200,1.67684,EPCOS - TDK Electronics,CAP FILM 3900PF 5% 1.6KVDC RAD
B32621A4153M289,4000,1.67878,EPCOS - TDK Electronics,CAP FILM 0.015UF 20% 400VDC RAD
B32672Z6154J000,4000,1.67878,EPCOS - TDK Electronics,CAP FILM 0.15UF 5% 630VDC RADIAL
B32021A3222K289,4000,1.6798,EPCOS - TDK Electronics,CAP FILM 2200PF 10% 300VAC RAD
B32021A3272M000,4000,1.68081,EPCOS - TDK Electronics,CAP FILM 2700PF 20% 300VAC RAD
B32522N6224K189,4400,1.68156,EPCOS - TDK Electronics,CAP FILM 0.22UF 10% 450VDC RAD
B32021A3272K000,4000,1.68484,EPCOS - TDK Electronics,CAP FILM 2700PF 10% 300VAC RAD
B32932A3473M189,5200,1.68573,EPCOS - TDK Electronics,CAP FILM 0.047UF 20% 305VAC RAD
B32621A0332J189,6800,1.68643,EPCOS - TDK Electronics,CAP FILM 3300PF 5% 1KVDC RADIAL
B32621A3333J189,6800,1.68643,EPCOS - TDK Electronics,CAP FILM 0.033UF 5% 250VDC RAD
B32652A3154J189,5200,1.68671,EPCOS - TDK Electronics,CAP FILM 0.15UF 5% 250VDC RADIAL
B32652A4683J000,4000,1.68687,EPCOS - TDK Electronics,CAP FILM 0.068UF 5% 400VDC RAD
B32672Z5104K000,4000,1.68687,EPCOS - TDK Electronics,CAP FILM 10% 520VDC RADIAL
B32522Q8333K000,4000,1.68687,EPCOS - TDK Electronics,CAP FILM 0.033UF 10% 630VDC RAD
B32522Q8683K000,4000,1.68687,EPCOS - TDK Electronics,CAP FILM 0.068UF 10% 630VDC RAD
B32621A0332K000,4000,1.68687,EPCOS - TDK Electronics,CAP FILM 3300PF 10% 1KVDC RADIAL
B32621A0332K289,4000,1.68687,EPCOS - TDK Electronics,CAP FILM 3300PF 10% 1KVDC RADIAL
B32621A4153K000,4000,1.68687,EPCOS - TDK Electronics,CAP FILM 0.015UF 10% 400VDC RAD
B32621A4153K289,4000,1.68687,EPCOS - TDK Electronics,CAP FILM 0.015UF 10% 400VDC RAD
B32652A0123J000,4000,1.68687,EPCOS - TDK Electronics,CAP FILM 0.012UF 5% 1KVDC RADIAL
B32652A1562J000,4000,1.68687,EPCOS - TDK Electronics,CAP FILM 5600PF 5% 1.6KVDC RAD
B32652A6223J000,4000,1.68687,EPCOS - TDK Electronics,CAP FILM 0.022UF 5% 630VDC RAD
B32621A3333K289,4000,1.68687,EPCOS - TDK Electronics,CAP FILM 0.033UF 10% 250VDC RAD
B32621A0332M289,4000,1.68687,EPCOS - TDK Electronics,CAP FILM 3300PF 20% 1KVDC RADIAL
B32672Z5104J000,4000,1.68687,EPCOS - TDK Electronics,CAP FILM 0.1UF 5% 520VDC RADIAL
B32522Q8333M000,4000,1.68687,EPCOS - TDK Electronics,CAP FILM 0.033UF 20% RADIAL
B32652A3254J000,4000,1.68887,EPCOS - TDK Electronics,CAP FILM 0.25UF 5% 250VDC RADIAL
B32521C3334M189,5200,1.69164,EPCOS - TDK Electronics,CAP FILM 0.33UF 20% 250VDC RAD
B32521D8223K189,5200,1.69164,EPCOS - TDK Electronics,CAP FILM 0.022UF 10% 630VDC RAD
B32652A1392J289,4680,1.69232,EPCOS - TDK Electronics,CAP FILM 3900PF 5% 1.6KVDC RAD
B32672Z5154J289,3840,1.69308,EPCOS - TDK Electronics,CAP FILM 0.15UF 5% 520VDC RADIAL
B32672Z6154J289,3840,1.69308,EPCOS - TDK Electronics,CAP FILM 0.15UF 5% 630VDC RADIAL
B32521C1474J189,6800,1.6932,EPCOS - TDK Electronics,CAP FILM 0.47UF 5% 100VDC RADIAL
B32522C3274J000,4000,1.69493,EPCOS - TDK Electronics,CAP FILM 0.27UF 5% 250VDC RADIAL
B32621A6103M289,4000,1.69997,EPCOS - TDK Electronics,CAP FILM 10000PF 20% 630VDC RAD
B32621A6103M000,4000,1.69997,EPCOS - TDK Electronics,CAP FILM 10000PF 20% 630VDC RAD
B32522N6224K289,3840,1.70219,EPCOS - TDK Electronics,CAP FILM 0.22UF 10% 450VDC RAD
B32521C1474K289,4000,1.704,EPCOS - TDK Electronics,CAP FILM 0.47UF 10% 100VDC RAD
B32521C1474M289,4000,1.704,EPCOS - TDK Electronics,CAP FILM 0.47UF 20% 100VDC RAD
B32620A3683K289,6400,1.7047,EPCOS - TDK Electronics,CAP FILM 0.068UF 10% 250VDC RAD
B32672L7223K000,4000,1.70502,EPCOS - TDK Electronics,CAP FILM 0.022UF 10% 1.3KVDC RAD
B32520E6154K000,3000,1.70618,EPCOS - TDK Electronics,CAP FILM 0.15UF 10% 400VDC RAD
B32652A0153J000,4000,1.70702,EPCOS - TDK Electronics,CAP FILM 0.015UF 5% 1KVDC RADIAL
B32620A6681J000,4000,1.70702,EPCOS - TDK Electronics,CAP FILM 680PF 5% 630VDC RADIAL
B32621A3223J289,4000,1.70702,EPCOS - TDK Electronics,CAP FILM 0.022UF 5% 250VDC RAD
B32621A4103J289,4000,1.70702,EPCOS - TDK Electronics,CAP FILM 10000PF 5% 400VDC RAD
B32621A6103K289,4000,1.70702,EPCOS - TDK Electronics,CAP FILM 10000PF 10% 630VDC RAD
B32652A1682K000,4000,1.70702,EPCOS - TDK Electronics,CAP FILM 6800PF 10% 1.6KVDC RAD
B32652A0183K000,4000,1.70702,EPCOS - TDK Electronics,CAP FILM 0.018UF 10% 1KVDC RAD
B32652A4863K000,4000,1.70702,EPCOS - TDK Electronics,CAP FILM 0.086UF 10% 400VDC RAD
B32652A7472K000,4000,1.70702,EPCOS - TDK Electronics,CAP FILM 4700PF 10% 1.25KVDC RAD
B32922C3333M189,5200,1.71138,EPCOS - TDK Electronics,CAP FILM 0.033UF 20% 630VDC RAD
B32620J0272J189,5600,1.71424,EPCOS - TDK Electronics,CAP FILM 2700PF 5% 1KVDC RADIAL
B32652J1102J000,4000,1.71509,EPCOS - TDK Electronics,CAP FILM 1000PF 5% 1.6KVDC RAD
B32652A3264J000,4000,1.71509,EPCOS - TDK Electronics,CAP FILM 0.26UF 5% 250VDC RADIAL
B32652A1612J000,4000,1.7161,EPCOS - TDK Electronics,CAP FILM 6100PF 5% 1.6KVDC RAD
B32652A3244J000,4000,1.7161,EPCOS - TDK Electronics,CAP FILM 0.24UF 5% 250VDC RADIAL
B32652A3274K000,4000,1.7161,EPCOS - TDK Electronics,CAP FILM 0.27UF 10% 250VDC RAD
B32652A7682K000,4000,1.7161,EPCOS - TDK Electronics,CAP FILM 6800PF 10% 1.25KVDC RAD
B32672L7223J000,4000,1.71802,EPCOS - TDK Electronics,CAP FILM 0.022UF 5% 1.3KVDC RAD
B32529C1684K289,5200,1.71925,EPCOS - TDK Electronics,CAP FILM 0.68UF 10% 100VDC RAD
B32672L8392J289,4680,1.71918,EPCOS - TDK Electronics,CAP FILM 3900PF 5% 2KVDC RADIAL
B32529C1684M289,5200,1.71925,EPCOS - TDK Electronics,CAP FILM 0.68UF 20% 100VDC RAD
B32522E6104M189,5200,1.72025,EPCOS - TDK Electronics,CAP FILM 0.1UF 20% 400VDC RADIAL
B32652A6333K289,4680,1.72116,EPCOS - TDK Electronics,CAP FILM 0.033UF 10% 630VDC RAD
B32672L7223J189,3600,1.72136,EPCOS - TDK Electronics,CAP FILM 0.022UF 5% 1.3KVDC RAD
B32620A3513J189,5200,1.72223,EPCOS - TDK Electronics,CAP FILM 0.051UF 5% 250VDC RAD
B32562J3334J000,4800,1.7243,EPCOS - TDK Electronics,CAP FILM 0.33UF 5% 250VDC 2DIP
B32652A4683K189,5200,1.72517,EPCOS - TDK Electronics,CAP FILM 0.068UF 10% 400VDC RAD
B32621A0222J289,4000,1.72617,EPCOS - TDK Electronics,CAP FILM 2200PF 5% 1KVDC RADIAL
B32652A1622J000,4000,1.72617,EPCOS - TDK Electronics,CAP FILM 6200PF 5% 1.6KVDC RAD
B32922C3333M289,4680,1.72713,EPCOS - TDK Electronics,CAP FILM 0.033UF 20% 630VDC RAD
B32932A3683M000,4000,1.73119,EPCOS - TDK Electronics,CAP FILM 0.068UF 20% 305VAC RAD
B32672L9332K000,2000,1.73415,EPCOS - TDK Electronics,CAP FILM 3300PF 10% 2KVDC RADIAL
B32520C6683J000,3000,1.7351,EPCOS - TDK Electronics,CAP FILM 0.068UF 5% 400VDC RAD
B32520C6683K000,3000,1.7351,EPCOS - TDK Electronics,CAP FILM 0.068UF 10% 400VDC RAD
B32522E6104M289,4680,1.73607,EPCOS - TDK Electronics,CAP FILM 0.1UF 20% 400VDC RADIAL
B32652A4683K289,4680,1.74104,EPCOS - TDK Electronics,CAP FILM 0.068UF 10% 400VDC RAD
B32560J3334K000,1800,1.74324,EPCOS - TDK Electronics,CAP FILM 0.33UF 10% 250VDC 2DIP
B32529C1684K189,4400,1.74452,EPCOS - TDK Electronics,CAP FILM 0.68UF 10% 100VDC RAD
B32652A6333K000,4000,1.74529,EPCOS - TDK Electronics,CAP FILM 0.033UF 10% 630VDC RAD
B32652A1472J189,4400,1.75049,EPCOS - TDK Electronics,CAP FILM 4700PF 5% 1.6KVDC RAD
B32652A3224K189,4400,1.75049,EPCOS - TDK Electronics,CAP FILM 0.22UF 10% 250VDC RAD
B32672L8682K189,4400,1.75049,EPCOS - TDK Electronics,CAP FILM 6800PF 10% 2KVDC RADIAL
B32620A6822J289,6400,1.75124,EPCOS - TDK Electronics,CAP FILM 8200PF 5% 630VDC RADIAL
B32522Q8333K189,5200,1.75274,EPCOS - TDK Electronics,CAP FILM 0.033UF 10% 630VDC RAD
B32021H3472K000,4000,1.76007,EPCOS - TDK Electronics,"FILM CAP Y2 - COMPACT, AEC-Q200,"
B32521C3334K289,3320,1.76072,EPCOS - TDK Electronics,CAP FILM 0.33UF 10% 250VDC RAD
B32521C3334M289,3320,1.76072,EPCOS - TDK Electronics,CAP FILM 0.33UF 20% 250VDC RAD
B32520E6154J000,3000,1.76087,EPCOS - TDK Electronics,CAP FILM 0.15UF 5% 400VDC RADIAL
B32522Q8683J000,4000,1.76237,EPCOS - TDK Electronics,CAP FILM 0.068UF 5% 630VDC RAD
B32562J1684K000,8000,1.76518,EPCOS - TDK Electronics,CAP FILM 0.68UF 10% 100VDC 2DIP
B32621A3333J000,4000,1.76538,EPCOS - TDK Electronics,CAP FILM 0.033UF 5% 250VDC RAD
B32621A4153J289,4000,1.76538,EPCOS - TDK Electronics,CAP FILM 0.015UF 5% 400VDC RAD
B32621A3333J289,4000,1.76538,EPCOS - TDK Electronics,CAP FILM 0.033UF 5% 250VDC RAD
B32620A3683J289,6400,1.76961,EPCOS - TDK Electronics,CAP FILM 0.068UF 5% 250VDC RAD
B32620J0392J289,6400,1.76961,EPCOS - TDK Electronics,CAP FILM 3900PF 5% 1KVDC RADIAL
B32672L8512J289,3840,1.77085,EPCOS - TDK Electronics,CAP FILM 5100PF 5% 2KVDC RADIAL
B32620J0332J189,5600,1.77101,EPCOS - TDK Electronics,CAP FILM 3300PF 5% 1KVDC RADIAL
B32522D8473K000,4000,1.7714,EPCOS - TDK Electronics,CAP FILM 0.047UF 10% 630VDC RAD
B32652A1472J289,3840,1.77186,EPCOS - TDK Electronics,CAP FILM 4700PF 5% 1.6KVDC RAD
B32652A3224K289,3840,1.77186,EPCOS - TDK Electronics,CAP FILM 0.22UF 10% 250VDC RAD
B32521C1474J289,4000,1.77241,EPCOS - TDK Electronics,CAP FILM 0.47UF 5% 100VDC RADIAL
B32932A3473K289,4680,1.77279,EPCOS - TDK Electronics,CAP FILM 0.047UF 10% 305VAC RAD
B32672Z6224J189,3000,1.83651,EPCOS - TDK Electronics,FILM CAP MKP BOX 220NF 5% 630VDC
B32672L0104J189,2800,1.83651,EPCOS - TDK Electronics,FILM CAP MKP BOX 0.10F  5% 1000V
B32651A7222K000,4000,1.77543,EPCOS - TDK Electronics,CAP FILM 2200PF 10% 1.25KVDC RAD
B32652A0183J000,4000,1.77543,EPCOS - TDK Electronics,CAP FILM 0.018UF 5% 1KVDC RADIAL
B32652A6273J000,4000,1.77543,EPCOS - TDK Electronics,CAP FILM 0.027UF 5% 630VDC RAD
B32642B6183K,4000,1.77642,EPCOS - TDK Electronics,CAP FILM 0.018UF 10% 630VDC RAD
B32642B6153K,4000,1.77642,EPCOS - TDK Electronics,CAP FILM 0.015UF 10% 630VDC RAD
B32562J3474M000,3800,1.77756,EPCOS - TDK Electronics,CAP FILM 0.47UF 20% 250VDC 2DIP
B32529D6683K,4000,1.77944,EPCOS - TDK Electronics,CAP FILM 0.068UF 10% 400VDC RAD
B32641B6822J,4000,1.78347,EPCOS - TDK Electronics,CAP FILM 8200PF 5% 630VDC RAD
B32652A7682J000,4000,1.78447,EPCOS - TDK Electronics,CAP FILM 6800PF 5% 1.25KVDC RAD
B32652A0203J000,4000,1.78447,EPCOS - TDK Electronics,CAP FILM 0.02UF 5% 1KVDC RADIAL
B32652A3274J000,4000,1.78447,EPCOS - TDK Electronics,CAP FILM 0.27UF 5% 250VDC RADIAL
B32652A1702J000,4000,1.78949,EPCOS - TDK Electronics,CAP FILM 7000PF 5% RADIAL
B32652A7752J000,4000,1.79048,EPCOS - TDK Electronics,CAP FILM 7500PF 5% 1.25KVDC RAD
B32652A0103J189,5200,1.79207,EPCOS - TDK Electronics,CAP FILM 10000PF 5% 1KVDC RADIAL
B32522C6683K,4000,1.79249,EPCOS - TDK Electronics,CAP FILM 0.068UF 10% 400VDC RAD
B32562J1474J000,8000,1.79466,EPCOS - TDK Electronics,CAP FILM 0.47UF 5% 100VDC 2DIP
B32562J6224M000,3400,1.79556,EPCOS - TDK Electronics,CAP FILM 0.22UF 20% 400VDC 2DIP
B32560J1564J000,4000,1.7965,EPCOS - TDK Electronics,CAP FILM 0.56UF 5% 100VDC 2DIP
B32922C3334K189,3000,1.79789,EPCOS - TDK Electronics,CAP FILM 0.33UF 10% 630VDC RAD
B32529D6563J,4000,1.80051,EPCOS - TDK Electronics,CAP FILM 0.056UF 5% 400VDC RAD
B32522C1334K189,5200,1.80387,EPCOS - TDK Electronics,CAP FILM 0.33UF 10% 100VDC RAD
B32672L0683J000,2000,1.86654,EPCOS - TDK Electronics,68NF  5%  1000V  MKP  WOUND BOXE
B32021B3392M000,4000,1.80653,EPCOS - TDK Electronics,CAP FILM 3900PF 20% 300VAC RAD
B32521C1564K000,4000,1.80754,EPCOS - TDK Electronics,CAP FILM 0.56UF 10% 100VDC RAD
B32529E6104K289,4000,1.80754,EPCOS - TDK Electronics,CAP FILM 0.1UF 10% 400VDC RADIAL
B32620A3823J289,5200,1.80778,EPCOS - TDK Electronics,CAP FILM 0.082UF 5% 250VDC RAD
B32652A0103J289,4680,1.80845,EPCOS - TDK Electronics,CAP FILM 10000PF 5% 1KVDC RADIAL
B32652A4683J289,4680,1.80845,EPCOS - TDK Electronics,CAP FILM 0.068UF 5% 400VDC RAD
B32529D6154K289,4000,1.80853,EPCOS - TDK Electronics,CAP FILM 0.15UF 10% 400VDC RAD
B32651A7332K000,4000,1.81254,EPCOS - TDK Electronics,CAP FILM 3300PF 10% 1.25KVDC RAD
B32021A3392M000,4000,1.81355,EPCOS - TDK Electronics,CAP FILM 3900PF 20% 300VAC RAD
B32021B3392K000,4000,1.81355,EPCOS - TDK Electronics,CAP FILM 3900PF 10% 300VAC RAD
B32922C3274K289,2720,1.81448,EPCOS - TDK Electronics,CAP FILM 0.27UF 10% 630VDC RAD
B32620A6103J289,6400,1.81697,EPCOS - TDK Electronics,CAP FILM 10000PF 5% 630VDC RAD
B32620A6103M289,6400,1.81697,EPCOS - TDK Electronics,CAP FILM 10000PF 20% 630VDC RAD
B32652A0153J289,4680,1.81735,EPCOS - TDK Electronics,CAP FILM 0.015UF 5% 1KVDC RADIAL
B32672L8682J189,4400,1.81823,EPCOS - TDK Electronics,CAP FILM 6800PF 5% 2KVDC RADIAL
B32621A4223M000,4000,1.82158,EPCOS - TDK Electronics,CAP FILM 0.022UF 20% 400VDC RAD
B32522C6473K189,5200,1.82348,EPCOS - TDK Electronics,CAP FILM 0.047UF 10% 400VDC RAD
B32620A5683J000,4000,1.82358,EPCOS - TDK Electronics,CAP FILM 0.068UF 5% 160VDC RAD
B32522E6154K000,4000,1.82358,EPCOS - TDK Electronics,CAP FILM 0.15UF 10% 400VDC RAD
B32620A6822J000,4000,1.82358,EPCOS - TDK Electronics,CAP FILM 8200PF 5% 630VDC RADIAL
B32620J0332J000,4000,1.82358,EPCOS - TDK Electronics,CAP FILM 3300PF 5% 1KVDC RADIAL
B32652A2152K000,4000,1.82358,EPCOS - TDK Electronics,CAP FILM 1500PF 10% 2KVDC RADIAL
B32672L1113J000,4000,1.82358,EPCOS - TDK Electronics,CAP FILM 0.011UF 5% 1.6KVDC RAD
B32652A1692J000,4000,1.82457,EPCOS - TDK Electronics,CAP FILM 6900PF 5% 1.6KVDC RAD
B32021A3332K289,4000,1.82457,EPCOS - TDK Electronics,CAP FILM 3300PF 10% 300VAC RAD
B32642B6223K,4000,1.82559,EPCOS - TDK Electronics,CAP FILM 0.022UF 10% 630VDC RAD
B32642B0103K,4000,1.82666,EPCOS - TDK Electronics,CAP FILM 10000PF 10% 1KVDC RAD
B32521D8333K189,5200,1.82741,EPCOS - TDK Electronics,CAP FILM 0.033UF 10% 630VDC RAD
B32560J1684K189,6400,1.8276,EPCOS - TDK Electronics,CAP FILM 0.68UF 10% 100VDC 2DIP
B32529C3334M289,4000,1.83158,EPCOS - TDK Electronics,CAP FILM 0.33UF 20% 250VDC RAD
B32621A0392K000,4000,1.83359,EPCOS - TDK Electronics,CAP FILM 3900PF 10% 1KVDC RADIAL
B32621A4223K000,4000,1.83359,EPCOS - TDK Electronics,CAP FILM 0.022UF 10% 400VDC RAD
B32672L6154K000,2000,1.83466,EPCOS - TDK Electronics,CAP FILM 0.15UF 10% 630VDC RAD
B32522D8473K189,5200,1.83525,EPCOS - TDK Electronics,CAP FILM 0.047UF 10% 630VDC RAD
B32621A0472K189,6800,1.83578,EPCOS - TDK Electronics,CAP FILM 4700PF 10% 1KVDC RADIAL
B32672L8682J289,3840,1.84028,EPCOS - TDK Electronics,CAP FILM 6800PF 5% 2KVDC RADIAL
B32652A3304J000,4000,1.8406,EPCOS - TDK Electronics,CAP FILM 0.3UF 5% 250VDC RADIAL
B32652A7822J000,4000,1.8406,EPCOS - TDK Electronics,CAP FILM 8200PF 5% 1.25KVDC RAD
B32671P6683K189,6800,1.84057,EPCOS - TDK Electronics,CAP FILM 0.068UF 10% 630VDC RAD
B32652A7822K000,4000,1.8426,EPCOS - TDK Electronics,CAP FILM 8200PF 10% 1.25KVDC RAD
B32672L1123K000,4000,1.8426,EPCOS - TDK Electronics,CAP FILM 0.012UF 10% 1.6KVDC RAD
B32521C3334J289,3320,1.84528,EPCOS - TDK Electronics,CAP FILM 0.33UF 5% 250VDC RADIAL
B32642B0153K,4000,1.84671,EPCOS - TDK Electronics,CAP FILM 0.015UF 10% 1KVDC RAD
B32672L1103J189,4400,1.84704,EPCOS - TDK Electronics,CAP FILM 10000PF 5% 1.6KVDC RAD
B32641B6103J,4000,1.8476,EPCOS - TDK Electronics,CAP FILM 10000PF 5% 630VDC RAD
B32652A0223K189,5200,1.84897,EPCOS - TDK Electronics,CAP FILM 0.022UF 10% 1KVDC RAD
B32672L1123K289,3840,1.8493,EPCOS - TDK Electronics,CAP FILM 0.012UF 10% 1.6KVDC RAD
B32522Q8683J189,4400,1.852,EPCOS - TDK Electronics,CAP FILM 0.068UF 5% 630VDC RAD
B32642B1472K000,4000,1.85401,EPCOS - TDK Electronics,CAP FILM 4700PF 10% 1.6KVDC RAD
B32529C1684J289,5200,1.85485,EPCOS - TDK Electronics,CAP FILM 0.68UF 5% 100VDC RADIAL
B32642B6183J,4000,1.85761,EPCOS - TDK Electronics,CAP FILM 0.018UF 5% 630VDC RAD
B32642B6153J,4000,1.85761,EPCOS - TDK Electronics,CAP FILM 0.015UF 5% 630VDC RAD
B32620A5104M189,5600,1.85784,EPCOS - TDK Electronics,CAP FILM 0.1UF 20% 160VDC RADIAL
B32672L0473K000,4000,1.85962,EPCOS - TDK Electronics,CAP FILM 0.047UF 10% 1KVDC RAD
B32652A1682K189,3600,1.86003,EPCOS - TDK Electronics,CAP FILM 6800PF 10% 1.6KVDC RAD
B32922C3274M000,2000,1.86042,EPCOS - TDK Electronics,CAP FILM 0.27UF 20% 630VDC RAD
B32621A3473K000,4000,1.86261,EPCOS - TDK Electronics,CAP FILM 0.047UF 10% 250VDC RAD
B32621A3473K289,4000,1.86261,EPCOS - TDK Electronics,CAP FILM 0.047UF 10% 250VDC RAD
B32652A2681K000,4000,1.86261,EPCOS - TDK Electronics,CAP FILM 680PF 10% 2KVDC RADIAL
B32652J1222K000,4000,1.86261,EPCOS - TDK Electronics,CAP FILM 2200PF 10% 1.6KVDC RAD
B32522N6334K189,3600,1.86306,EPCOS - TDK Electronics,CAP FILM 0.33UF 10% 450VDC RAD
B32621A3473J189,6800,1.86455,EPCOS - TDK Electronics,CAP FILM 0.047UF 5% 250VDC RAD
B32621A4223K289,3320,1.86459,EPCOS - TDK Electronics,CAP FILM 0.022UF 10% 400VDC RAD
B32672L4224K289,3320,1.86459,EPCOS - TDK Electronics,CAP FILM 0.22UF 10% 420VDC RAD
B32672Z5224K289,3320,1.86459,EPCOS - TDK Electronics,CAP FILM 0.22UF 10% 520VDC RAD
B32522C3334K189,5200,1.86562,EPCOS - TDK Electronics,CAP FILM 0.33UF 10% 250VDC RAD
B32652A0223K289,4680,1.86579,EPCOS - TDK Electronics,CAP FILM 0.022UF 10% 1KVDC RAD
B32652A4184K000,4000,1.86861,EPCOS - TDK Electronics,CAP FILM 0.18UF 10% 400VDC RAD
B32562J3474J000,3800,1.86911,EPCOS - TDK Electronics,CAP FILM 0.47UF 5% 250VDC 2DIP
B32672L4154J000,4000,1.87059,EPCOS - TDK Electronics,CAP FILM 0.15UF 5% 450VDC RADIAL
B32522C6683J,4000,1.8726,EPCOS - TDK Electronics,CAP FILM 0.068UF 5% 400VDC RAD
B32652A2122J000,4000,1.8726,EPCOS - TDK Electronics,CAP FILM 1200PF 5% 2KVDC RADIAL
B32652A0273J000,4000,1.8726,EPCOS - TDK Electronics,CAP FILM 0.027UF 5% 1KVDC RADIAL
B32672L8912K000,4000,1.8726,EPCOS - TDK Electronics,CAP FILM 9100PF 10% 2KVDC RADIAL
B32642B6273K,4000,1.87359,EPCOS - TDK Electronics,CAP FILM 0.027UF 10% 630VDC RAD
B32522Q8683J289,3840,1.87439,EPCOS - TDK Electronics,CAP FILM 0.068UF 5% 630VDC RAD
B32672L8912J000,4000,1.8746,EPCOS - TDK Electronics,CAP FILM 9100PF 5% 2KVDC RADIAL
B32522N6334K289,3320,1.87677,EPCOS - TDK Electronics,CAP FILM 0.33UF 10% 450VDC RAD
B32652A2102K189,5200,1.87736,EPCOS - TDK Electronics,CAP FILM 1000PF 10% 2KVDC RADIAL
B32032A4153M000,4000,1.94539,EPCOS - TDK Electronics,FILM CAP MKP Y2 0.015 F 20% 350V
B32651A7332J000,4000,1.88161,EPCOS - TDK Electronics,CAP FILM 3300PF 5% 1.25KVDC RAD
B32522C6683K189,5200,1.88226,EPCOS - TDK Electronics,CAP FILM 0.068UF 10% 400VDC RAD
B32521C0684K189,6800,1.88661,EPCOS - TDK Electronics,CAP FILM 0.68UF 10% 63VDC RADIAL
B32641B0472J,4000,1.88781,EPCOS - TDK Electronics,CAP FILM 4700PF 5% 1000VDC RAD
B32562J6224J000,3400,1.88792,EPCOS - TDK Electronics,CAP FILM 0.22UF 5% 400VDC 2DIP
B32652A3344J000,4000,1.89058,EPCOS - TDK Electronics,CAP FILM 0.34UF 5% RADIAL
B32652A4154K000,4000,1.8916,EPCOS - TDK Electronics,CAP FILM 0.15UF 10% 400VDC RAD
B32562J3474K189,5200,1.89203,EPCOS - TDK Electronics,CAP FILM 0.47UF 10% 250VDC 2DIP
B32620A3823J000,3000,1.89326,EPCOS - TDK Electronics,CAP FILM 0.082UF 5% RADIAL
B32620A4332J289,8000,1.89577,EPCOS - TDK Electronics,CAP FILM 3300PF 5% 400VDC RADIAL
B32652A7682J189,5200,1.89595,EPCOS - TDK Electronics,CAP FILM 6800PF 5% 1.25KVDC RAD
B32522C6683K289,4680,1.89932,EPCOS - TDK Electronics,CAP FILM 0.068UF 10% 400VDC RAD
B32652A0303J000,4000,1.90158,EPCOS - TDK Electronics,CAP FILM 0.03UF 5% 1KVDC RADIAL
B32522E6154K289,4680,1.90326,EPCOS - TDK Electronics,CAP FILM 0.15UF 10% 400VDC RAD
B32021A3682M189,5200,1.90377,EPCOS - TDK Electronics,CAP FILM 6800PF 20% 300VAC RAD
B32620A0562J189,4400,1.90455,EPCOS - TDK Electronics,CAP FILM 5600PF 5% 1KVDC RADIAL
B32562J3474K289,4760,1.90639,EPCOS - TDK Electronics,CAP FILM 0.47UF 10% 250VDC 2DIP
B32651A7472K189,5200,1.9067,EPCOS - TDK Electronics,CAP FILM 4700PF 10% 1.25KVDC RAD
B32642B0103J,4000,1.90888,EPCOS - TDK Electronics,CAP FILM 10000PF 5% 1KVDC RADIAL
B32529D3224M289,4000,1.91056,EPCOS - TDK Electronics,CAP FILM 0.22UF 20% 250VDC RAD
B32621A0472M289,4000,1.91256,EPCOS - TDK Electronics,CAP FILM 4700PF 20% 1KVDC RADIAL
B32652A4104K289,4680,1.91312,EPCOS - TDK Electronics,CAP FILM 0.1UF 10% 400VDC RADIAL
B32021A3622M000,4000,1.91554,EPCOS - TDK Electronics,CAP FILM 6200PF 20% 300VAC RAD
B32672L7273J000,2000,1.91682,EPCOS - TDK Electronics,CAP FILM 0.027UF 5% 1.3KVDC RAD
B32652J1232J000,4000,1.91754,EPCOS - TDK Electronics,CAP FILM 2300PF 5% 1.6KVDC RAD
B32621A0472J189,6800,1.92013,EPCOS - TDK Electronics,CAP FILM 4700PF 5% 1KVDC RADIAL
B32620A5104K000,4000,1.92054,EPCOS - TDK Electronics,CAP FILM 0.1UF 10% 160VDC RADIAL
B32621A0472K000,4000,1.92054,EPCOS - TDK Electronics,CAP FILM 4700PF 10% 1KVDC RADIAL
B32621A0472K289,4000,1.92054,EPCOS - TDK Electronics,CAP FILM 4700PF 10% 1KVDC RADIAL
B32652A6683K000,4000,1.92054,EPCOS - TDK Electronics,CAP FILM 0.068UF 10% 630VDC RAD
B32672L0473J000,4000,1.92271,EPCOS - TDK Electronics,CAP FILM 0.047UF 5% 1KVDC RAD
B32652A6333J189,5200,1.92526,EPCOS - TDK Electronics,CAP FILM 0.033UF 5% 630VDC RAD
B32652A6473K189,5200,1.92526,EPCOS - TDK Electronics,CAP FILM 0.047UF 10% 630VDC RAD
B32641B6153J,4000,1.92951,EPCOS - TDK Electronics,CAP FILM 0.015UF 5% 630VDC RAD
B32620A5104J289,6400,1.92966,EPCOS - TDK Electronics,CAP FILM 0.1UF 5% 160VDC RADIAL
B32672L0473K189,3600,1.93055,EPCOS - TDK Electronics,CAP FILM 0.047UF 10% 1KVDC RAD
B32672L7333J289,2720,1.93116,EPCOS - TDK Electronics,CAP FILM 0.033UF 5% 1.3KVDC RAD
B32021A3622K000,4000,1.9315,EPCOS - TDK Electronics,CAP FILM 6200PF 10% 300VAC RAD
B32922H3154K000,4000,1.93263,EPCOS - TDK Electronics,CAP FILM 0.15UF 10% 630VDC RAD
B32620A0682K289,5200,1.93403,EPCOS - TDK Electronics,CAP FILM 6800PF 10% 1KVDC RADIAL
B32652A7103K189,4400,1.93424,EPCOS - TDK Electronics,CAP FILM 10000PF 1.25KVDC RADIAL
B32642B6333K,4000,1.9345,EPCOS - TDK Electronics,CAP FILM 0.033UF 10% 630VDC RAD
B32021A3562K000,4000,1.93749,EPCOS - TDK Electronics,CAP FILM 5600PF 10% 1.5KVDC RAD
B32652A1682J189,3600,1.93859,EPCOS - TDK Electronics,CAP FILM 6800PF 5% 1.6KVDC RAD
B32652A3324J000,4000,1.93946,EPCOS - TDK Electronics,CAP FILM 0.32UF 5% 250VDC RADIAL
B32652A4124J000,4000,1.93946,EPCOS - TDK Electronics,CAP FILM 0.12UF 5% 400VDC RADIAL
B32652A0223J289,4680,1.94265,EPCOS - TDK Electronics,CAP FILM 0.022UF 5% 1KVDC RADIAL
B32652A6333J289,4680,1.94265,EPCOS - TDK Electronics,CAP FILM 0.033UF 5% 630VDC RAD
B32621A6153M000,4000,1.94444,EPCOS - TDK Electronics,CAP FILM 0.015UF 20% 630VDC RAD
B32522C3334J189,5200,1.94575,EPCOS - TDK Electronics,CAP FILM 0.33UF 5% 250VDC RADIAL
B32022H3103K000,4000,1.94988,EPCOS - TDK Electronics,"FILM CAP Y2 - COMPACT, AEC-Q200,"
B32652A2121J000,4000,1.95043,EPCOS - TDK Electronics,CAP FILM 120PF 5% 2KVDC RADIAL
B32652A2182J000,4000,1.95043,EPCOS - TDK Electronics,CAP FILM 1800PF 5% 2KVDC RADIAL
B32652A2331J000,4000,1.95043,EPCOS - TDK Electronics,CAP FILM 330PF 5% 2KVDC RADIAL
B32652A6563J000,4000,1.95043,EPCOS - TDK Electronics,CAP FILM 0.056UF 5% 630VDC RAD
B32932A3104M289,3840,1.95047,EPCOS - TDK Electronics,CAP FILM 0.1UF 20% 305VAC RADIAL
B32652A4224K003,4000,2.01798,EPCOS - TDK Electronics,FILM CAP MKP BOX 0.22F 10% 400VD
B32672L6184J000,2000,1.9525,EPCOS - TDK Electronics,CAP FILM 0.18UF 5% 630VDC RAD
B32652A2102J189,5200,1.95259,EPCOS - TDK Electronics,CAP FILM 1000PF 5% 2KVDC RADIAL
B32652A1682J289,3320,1.95276,EPCOS - TDK Electronics,CAP FILM 6800PF 5% 1.6KVDC RAD
B32621A4223J289,3320,1.95276,EPCOS - TDK Electronics,CAP FILM 0.022UF 5% 400VDC RAD
B32672L8822J189,4400,1.95302,EPCOS - TDK Electronics,CAP FILM 8200PF 5% 2KVDC RADIAL
B32522C6104K289,4680,1.95937,EPCOS - TDK Electronics,CAP FILM 0.1UF 10% 400VDC RADIAL
B32642B6273J,4000,1.95939,EPCOS - TDK Electronics,CAP FILM 0.027UF 5% 630VDC RAD
B32522C6154K,4000,1.96236,EPCOS - TDK Electronics,CAP FILM 0.15UF 10% 400VDC RAD
B32620A4333J289,5200,1.96331,EPCOS - TDK Electronics,CAP FILM 0.033UF 5% 400VDC RAD
B32641B6183J000,4000,1.96937,EPCOS - TDK Electronics,CAP FILM 0.018UF 5% 630VDC RAD
B32021A3562K289,3320,1.96995,EPCOS - TDK Electronics,CAP FILM 5600PF 10% 300VAC RAD
B32652A2102J289,4680,1.97018,EPCOS - TDK Electronics,CAP FILM 1000PF 5% 2KVDC RADIAL
B32620A4333K000,3000,1.97086,EPCOS - TDK Electronics,CAP FILM 0.033UF 10% 400VDC RAD
B32562J6224J289,4960,1.97217,EPCOS - TDK Electronics,CAP FILM 0.22UF 5% 400VDC 2DIP
B32522N3564J000,4000,1.97235,EPCOS - TDK Electronics,CAP FILM 0.56UF 5% 250VDC RAD
B32521C0684K000,4000,1.97332,EPCOS - TDK Electronics,CAP FILM 0.68UF 10% 63VDC RADIAL
B32641B6223K,4000,1.97332,EPCOS - TDK Electronics,CAP FILM 0.022UF 10% 630VDC RAD
B32672L8822J289,3840,1.97644,EPCOS - TDK Electronics,CAP FILM 8200PF 5% 2KVDC RADIAL
B32522C6683J289,4680,1.97903,EPCOS - TDK Electronics,CAP FILM 0.068UF 5% 400VDC RAD
B32562J3474J289,4760,1.97909,EPCOS - TDK Electronics,CAP FILM 0.47UF 5% 250VDC 2DIP
B32521C3394K000,4000,1.97929,EPCOS - TDK Electronics,CAP FILM 0.39UF 10% 250VDC RAD
B32652A2471K289,4680,1.98099,EPCOS - TDK Electronics,CAP FILM 470PF 10% 2KVDC RADIAL
B32559C1473K000,1,1.98,EPCOS - TDK Electronics,CAP FILM 0.047UF 10% 100VDC RAD
B32522C1474K189,5200,1.98962,EPCOS - TDK Electronics,CAP FILM 0.47UF 10% 100VDC RAD
B32652A2122J289,4680,1.98983,EPCOS - TDK Electronics,CAP FILM 1200PF 5% 2KVDC RADIAL
B32652J1182J289,4680,1.98983,EPCOS - TDK Electronics,CAP FILM 1800PF 5% 1.6KVDC RAD
B32652J1272J000,4000,1.99023,EPCOS - TDK Electronics,CAP FILM 2700PF 5% 1.6KVDC RAD
B32529C8223J289,4000,1.99023,EPCOS - TDK Electronics,CAP FILM 0.022UF 5% 630VDC RAD
B32529C8223K289,4000,1.99023,EPCOS - TDK Electronics,CAP FILM 0.022UF 10% 630VDC RAD
B32621A6153J189,5200,1.99058,EPCOS - TDK Electronics,CAP FILM 0.015UF 5% 630VDC RAD
B32520C0684K000,6000,1.99202,EPCOS - TDK Electronics,CAP FILM 0.68UF 10% 63VDC RADIAL
B32652A1752J000,2000,1.99703,EPCOS - TDK Electronics,CAP FILM 7500PF 5% 1.6KVDC RAD
B32652A3324K189,4000,1.9972,EPCOS - TDK Electronics,CAP FILM 0.32UF 10% 250VDC RAD
B32562J6274M000,2800,1.99881,EPCOS - TDK Electronics,CAP FILM 0.27UF 20% 2DIP
B32521C1684K189,5200,2.00227,EPCOS - TDK Electronics,CAP FILM 0.68UF 10% 100VDC RAD
B32560J1684J000,3600,2.00785,EPCOS - TDK Electronics,CAP FILM 0.68UF 5% 100VDC 2DIP
B32621A5683J000,4000,2.00813,EPCOS - TDK Electronics,CAP FILM 0.068UF 5% 160VDC RAD
B32621A3683K000,4000,2.00813,EPCOS - TDK Electronics,CAP FILM 0.068UF 10% 250VDC RAD
B32621A0472J289,4000,2.00813,EPCOS - TDK Electronics,CAP FILM 4700PF 5% 1KVDC RADIAL
B32672L8103K000,4000,2.00813,EPCOS - TDK Electronics,CAP FILM 10000PF 10% 2KVDC RAD
B32652A6473J189,5200,2.01005,EPCOS - TDK Electronics,CAP FILM 0.047UF 5% 630VDC RAD
B32671L1822J000,2000,2.01117,EPCOS - TDK Electronics,CAP FILM 8200PF 5% 1.6KVDC RAD
B32642B0183K,4000,2.01289,EPCOS - TDK Electronics,CAP FILM 0.018UF 10% 1KVDC RAD
B32671P5104K189,5200,2.01298,EPCOS - TDK Electronics,CAP FILM 0.1UF 10% 520VDC RADIAL
B32620A6123J289,6400,2.01312,EPCOS - TDK Electronics,CAP FILM 0.012UF 5% 630VDC RAD
B32522Q8104K289,3320,2.01538,EPCOS - TDK Electronics,CAP FILM 0.1UF 10% 630VDC RADIAL
B32672L1133J000,4000,2.01707,EPCOS - TDK Electronics,CAP FILM 0.013UF 5% 1.6KVDC RAD
B32652A4154K189,4400,2.01916,EPCOS - TDK Electronics,CAP FILM 0.15UF 10% 400VDC RAD
B32620A3104K289,5200,2.01978,EPCOS - TDK Electronics,CAP FILM 0.1UF 10% 250VDC RADIAL
B32671P4154K189,6800,2.02326,EPCOS - TDK Electronics,CAP FILM 0.15UF 10% 450VDC RAD
B32652A3334K189,3600,2.02687,EPCOS - TDK Electronics,CAP FILM 0.33UF 10% 250VDC RAD
B32652A6473J289,4680,2.02808,EPCOS - TDK Electronics,CAP FILM 0.047UF 5% 630VDC RAD
B32620A0682K000,3000,2.0299,EPCOS - TDK Electronics,CAP FILM 6800PF 10% 1KVDC RADIAL
B32932A3104K289,3840,2.03028,EPCOS - TDK Electronics,CAP FILM 0.1UF 10% 305VAC RADIAL
B32621A4273J000,4000,2.03592,EPCOS - TDK Electronics,CAP FILM 0.027UF 5% 400VDC RAD
B32652A0393J000,4000,2.03592,EPCOS - TDK Electronics,CAP FILM 0.039UF 5% 1KVDC RADIAL
B32652A4184J000,4000,2.03592,EPCOS - TDK Electronics,CAP FILM 0.18UF 5% 400VDC RADIAL
B32652A6823J000,4000,2.03592,EPCOS - TDK Electronics,CAP FILM 0.082UF 5% 630VDC RAD
B32652J1252J000,4000,2.03592,EPCOS - TDK Electronics,CAP FILM 2500PF 5% 1.6KVDC RAD
B32922H3154K289,3320,2.1076,EPCOS - TDK Electronics,0.15UF 10% 305VAC MKP SUPPRESSIO
B32652A2152J189,4400,2.03885,EPCOS - TDK Electronics,CAP FILM 1500PF 5% 2KVDC RADIAL
B32522E6224K189,4400,2.03983,EPCOS - TDK Electronics,CAP FILM 0.22UF 10% 400VDC RAD
B32522E6224J000,4000,2.03989,EPCOS - TDK Electronics,CAP FILM 0.22UF 5% 400VDC RADIAL
B32621A6183K289,3320,2.04158,EPCOS - TDK Electronics,CAP FILM 0.018UF 10% 630VDC RAD
B32652A0333K289,3840,2.04322,EPCOS - TDK Electronics,CAP FILM 0.033UF 10% 1KVDC RAD
B32652A4154K289,3840,2.04322,EPCOS - TDK Electronics,CAP FILM 0.15UF 10% 400VDC RAD
B32652A6823J289,3840,2.04322,EPCOS - TDK Electronics,CAP FILM 0.082UF 5% RADIAL
B32621A6223M189,4400,2.04575,EPCOS - TDK Electronics,CAP FILM 0.022UF 20% 630VDC RAD
B32923C3154K000,2880,2.04669,EPCOS - TDK Electronics,CAP FILM 0.15UF 10% 630VDC RAD
B32672Z4474J289,2920,2.04717,EPCOS - TDK Electronics,CAP FILM 0.47UF 5% 450VDC RADIAL
B32521C1684K000,4000,2.04783,EPCOS - TDK Electronics,CAP FILM 0.68UF 10% 100VDC RAD
B32652A2221J189,5200,2.04798,EPCOS - TDK Electronics,CAP FILM 220PF 5% 2KVDC RADIAL
B32652J1222J189,5200,2.04798,EPCOS - TDK Electronics,CAP FILM 2200PF 5% 1.6KVDC RAD
B32620A3104K189,4400,2.0487,EPCOS - TDK Electronics,CAP FILM 0.1UF 10% 250VDC RADIAL
B32652A6683K189,4400,2.0487,EPCOS - TDK Electronics,CAP FILM 0.068UF 10% 630VDC RAD
B32652A7153K000,4000,2.04882,EPCOS - TDK Electronics,CAP FILM 0.015UF 1.25KVDC RADIAL
B32520C1684K289,5200,2.05575,EPCOS - TDK Electronics,CAP FILM 0.68UF 10% 100VDC RAD
B32652J1332K000,4000,2.05577,EPCOS - TDK Electronics,CAP FILM 3300PF 10% 1.6KVDC RAD
B32932A3154M000,4000,2.05577,EPCOS - TDK Electronics,CAP FILM 0.15UF 20% 305VAC RAD
B32672L1123J189,4400,2.05753,EPCOS - TDK Electronics,CAP FILM 0.012UF 5% 1.6KVDC RAD
B32671P5104J000,4000,2.05874,EPCOS - TDK Electronics,CAP FILM 0.1UF 5% 520VDC RADIAL
B32021A3682K289,3320,2.05972,EPCOS - TDK Electronics,CAP FILM 6800PF 10% 300VAC RAD
B32621A6223M000,4000,2.06271,EPCOS - TDK Electronics,CAP FILM 0.022UF 20% 630VDC RAD
B32522E6224K289,3840,2.06411,EPCOS - TDK Electronics,CAP FILM 0.22UF 10% 400VDC RAD
B32621A4333K000,4000,2.06567,EPCOS - TDK Electronics,CAP FILM 0.033UF 10% 400VDC RAD
B32652A2681J289,4680,2.06629,EPCOS - TDK Electronics,CAP FILM 680PF 5% 2KVDC RADIAL
B32621A4273J289,3320,2.06978,EPCOS - TDK Electronics,CAP FILM 0.027UF 5% 400VDC RAD
B32652A6683K289,3840,2.07307,EPCOS - TDK Electronics,CAP FILM 0.068UF 10% 630VDC RAD
B32562J3684K189,4000,2.07361,EPCOS - TDK Electronics,CAP FILM 0.68UF 10% 250VDC 2DIP
B32652A2221J000,4000,2.07361,EPCOS - TDK Electronics,CAP FILM 220PF 5% 2KVDC RADIAL
B32522C1474J189,5200,2.0742,EPCOS - TDK Electronics,CAP FILM 0.47UF 5% 100VDC RADIAL
B32652A2252J000,4000,2.0746,EPCOS - TDK Electronics,CAP FILM 2500PF 5% 2KVDC RADIAL
B32671P6104K189,5200,2.07517,EPCOS - TDK Electronics,CAP FILM 0.1UF 10% 630VDC RADIAL
B32529C3334K000,4000,2.07557,EPCOS - TDK Electronics,CAP FILM 0.33UF 10% 250VDC RAD
B32529C3334K289,4000,2.07557,EPCOS - TDK Electronics,CAP FILM 0.33UF 10% 250VDC RAD
B32529E6154K000,4000,2.07557,EPCOS - TDK Electronics,CAP FILM 0.15UF 10% 400VDC RAD
B32529D3334J000,4000,2.07557,EPCOS - TDK Electronics,CAP FILM 0.33UF 5% 250VDC RADIAL
B32529E6154M000,4000,2.07557,EPCOS - TDK Electronics,CAP FILM 0.15UF 20% 400VDC RAD
B32651A7472J000,4000,2.07956,EPCOS - TDK Electronics,CAP FILM 4700PF 5% 1.25KVDC RAD
B32562J3684K289,3840,2.08102,EPCOS - TDK Electronics,CAP FILM 0.68UF 10% 250VDC 2DIP
B32521C1684M289,3320,2.08183,EPCOS - TDK Electronics,CAP FILM 0.68UF 20% 100VDC RAD
B32672L1123J289,3840,2.08201,EPCOS - TDK Electronics,CAP FILM 0.012UF 5% 1.6KVDC RAD
B32642B0223K,4000,2.0831,EPCOS - TDK Electronics,CAP FILM 0.022UF 10% 1KVDC RAD
B32520C1684K189,4400,2.08509,EPCOS - TDK Electronics,CAP FILM 0.68UF 10% 100VDC RAD
B32520C1684M189,4400,2.08509,EPCOS - TDK Electronics,CAP FILM 0.68UF 20% 100VDC RAD
B32522Q8104J189,3600,2.08588,EPCOS - TDK Electronics,CAP FILM 0.1UF 5% 630VDC RADIAL
B32522D8683K000,4000,2.08748,EPCOS - TDK Electronics,CAP FILM 0.068UF 10% 630VDC RAD
B32560J6224J000,1200,2.08879,EPCOS - TDK Electronics,CAP FILM 0.22UF 5% 400VDC 2DIP
B32560J6224K000,1200,2.08879,EPCOS - TDK Electronics,CAP FILM 0.22UF 10% 400VDC 2DIP
B32672L2224K289,3840,2.08896,EPCOS - TDK Electronics,CAP FILM 0.22UF 10% 250VDC RAD
B32522C6154K189,4400,2.08901,EPCOS - TDK Electronics,CAP FILM 0.15UF 10% 400VDC RAD
B32621A6203K289,3320,2.08988,EPCOS - TDK Electronics,CAP FILM 0.02UF 10% 630VDC RAD
B32642B1103J000,4000,2.09207,EPCOS - TDK Electronics,CAP FILM 10000PF 5% 1.6KVDC RAD
B32522C1474J289,4680,2.0927,EPCOS - TDK Electronics,CAP FILM 0.47UF 5% 100VDC RADIAL
B32621A5104K000,4000,2.09441,EPCOS - TDK Electronics,CAP FILM 0.1UF 10% 160VDC RADIAL
B32621A0682K000,4000,2.09441,EPCOS - TDK Electronics,CAP FILM 6800PF 10% 1KVDC RADIAL
B32621A4333K289,3320,2.09994,EPCOS - TDK Electronics,CAP FILM 0.033UF 10% 400VDC RAD
B32621A4333M289,3320,2.09994,EPCOS - TDK Electronics,CAP FILM 0.033UF 20% 400VDC RAD
B32620A3104J289,5200,2.10426,EPCOS - TDK Electronics,CAP FILM 0.1UF 5% 250VDC RADIAL
B32620A5154J289,5200,2.10426,EPCOS - TDK Electronics,CAP FILM 0.15UF 5% 160VDC RADIAL
B32620J0472K289,5200,2.10426,EPCOS - TDK Electronics,CAP FILM 4700PF 10% 1KVDC RADIAL
B32620J0432J189,4400,2.1057,EPCOS - TDK Electronics,CAP FILM 4300PF 5% 1KVDC RADIAL
B32652A0333J189,4400,2.1057,EPCOS - TDK Electronics,CAP FILM 0.033UF 5% 1KVDC RADIAL
B32652A4154J189,4400,2.1057,EPCOS - TDK Electronics,CAP FILM 0.15UF 5% 400VDC RADIAL
B32672Z4474K000,2000,2.10859,EPCOS - TDK Electronics,CAP FILM 0.47UF 10% 450VDC RAD
B32672Z5334K000,2000,2.10859,EPCOS - TDK Electronics,CAP FILM 0.33UF 10% 520VDC RAD
B32652A1822J000,2000,2.10859,EPCOS - TDK Electronics,CAP FILM 8200PF 5% 1.6KVDC RAD
B32562J6334M189,4000,2.10925,EPCOS - TDK Electronics,CAP FILM 0.33UF 20% 400VDC 2DIP
B32522C6154K289,3840,2.11379,EPCOS - TDK Electronics,CAP FILM 0.15UF 10% 400VDC RAD
B32671P4154J000,4000,2.11378,EPCOS - TDK Electronics,CAP FILM 0.15UF 5% 450VDC RAD
B32652A3334J189,3600,2.11381,EPCOS - TDK Electronics,CAP FILM 0.33UF 5% 250VDC RADIAL
B32652A4224K189,3600,2.11381,EPCOS - TDK Electronics,CAP FILM 0.22UF 10% 400VDC RAD
B32562J6334K189,4000,2.11518,EPCOS - TDK Electronics,CAP FILM 0.33UF 10% 400VDC 2DIP
B32671P4184K000,4000,2.11518,EPCOS - TDK Electronics,CAP FILM 0.18UF 10% 450VDC RAD
B32682A4153K000,4000,2.11618,EPCOS - TDK Electronics,CAP FILM 0.015UF 10% 400VDC RAD
B32529D3224J189,3200,2.11695,EPCOS - TDK Electronics,CAP FILM 0.22UF 5% 250VDC RADIAL
B32529C3334K189,3200,2.11695,EPCOS - TDK Electronics,CAP FILM 0.33UF 10% 250VDC RAD
B32560J9222M000,6800,2.11744,EPCOS - TDK Electronics,CAP FILM 2200PF 20% 1KVDC 2DIP
B32621A6273M000,4000,2.11814,EPCOS - TDK Electronics,CAP FILM 0.027UF 20% RADIAL
B32642B6393K,4000,2.11913,EPCOS - TDK Electronics,CAP FILM 0.039UF 10% 630VDC RAD
B32620A3104K000,3000,2.11919,EPCOS - TDK Electronics,CAP FILM 0.1UF 10% 250VDC RADIAL
B32562J6334K289,3840,2.12271,EPCOS - TDK Electronics,CAP FILM 0.33UF 10% 400VDC 2DIP
B32621A6273K000,4000,2.1231,EPCOS - TDK Electronics,CAP FILM 0.027UF 10% 630VDC RAD
B32652A7123J000,4000,2.1231,EPCOS - TDK Electronics,CAP FILM 0.012UF 5% 1.25KVDC RAD
B32560J9222K000,6800,2.12503,EPCOS - TDK Electronics,CAP FILM 2200PF 10% 1KVDC 2DIP
B32620J0102J189,5600,2.12507,EPCOS - TDK Electronics,CAP FILM 1000PF 5% 1KVDC RADIAL
B32621A5104K289,3320,2.12906,EPCOS - TDK Electronics,CAP FILM 0.1UF 10% 160VDC RADIAL
B32621A5823J289,3320,2.12906,EPCOS - TDK Electronics,CAP FILM 0.082UF 5% 160VDC RAD
B32652A2222K289,3320,2.12906,EPCOS - TDK Electronics,CAP FILM 2200PF 10% 2KVDC RADIAL
B32652A3334J289,3320,2.12906,EPCOS - TDK Electronics,CAP FILM 0.33UF 5% 250VDC RADIAL
B32621A0682M289,3320,2.12906,EPCOS - TDK Electronics,CAP FILM 6800PF 20% 1KVDC RADIAL
B32562J3684J000,2000,2.13063,EPCOS - TDK Electronics,CAP FILM 0.68UF 5% 250VDC 2DIP
B32652A0333J289,3840,2.13065,EPCOS - TDK Electronics,CAP FILM 0.033UF 5% 1KVDC RADIAL
B32652A4154J289,3840,2.13065,EPCOS - TDK Electronics,CAP FILM 0.15UF 5% 400VDC RADIAL
B32621A6203J000,4000,2.13199,EPCOS - TDK Electronics,CAP FILM 0.02UF 5% 630VDC RADIAL
B32642B8562J000,4000,2.13249,EPCOS - TDK Electronics,CAP FILM 5600PF 5% 2KVDC RAD
B32652A6683J189,4400,2.13418,EPCOS - TDK Electronics,CAP FILM 0.068UF 5% 630VDC RAD
B32620A6153K189,4400,2.13418,EPCOS - TDK Electronics,CAP FILM 0.015UF 10% 630VDC RAD
B32529D6104K,4000,2.13693,EPCOS - TDK Electronics,CAP FILM 0.1UF 10% 400VDC RADIAL
B32923D3334M000,2520,2.14927,EPCOS - TDK Electronics,CAP FILM 0.33UF 20% 630VDC RAD
B32652A4294J000,2000,2.14948,EPCOS - TDK Electronics,CAP FILM 0.29UF 5% 400VDC RADIAL
B32562J3684J189,4000,2.1567,EPCOS - TDK Electronics,CAP FILM 0.68UF 5% 250VDC 2DIP
B32671P6104K289,3320,2.15716,EPCOS - TDK Electronics,CAP FILM 0.1UF 10% 630VDC RADIAL
B32560J9272K000,5600,2.15877,EPCOS - TDK Electronics,CAP FILM 2700PF 10% 1KVDC 2DIP
B32923D3334M189,2400,2.15905,EPCOS - TDK Electronics,CAP FILM 0.33UF 20% 630VDC RAD
B32652A6683J289,3840,2.1594,EPCOS - TDK Electronics,CAP FILM 0.068UF 5% 630VDC RAD
B32529D3224J289,4000,2.16149,EPCOS - TDK Electronics,CAP FILM 0.22UF 5% 250VDC RADIAL
B32652A7103J189,4400,2.16359,EPCOS - TDK Electronics,CAP FILM 10000PF 5% 1.25KVDC RAD
B32522C3474M189,4400,2.16359,EPCOS - TDK Electronics,CAP FILM 0.47UF 20% 250VDC RAD
B32621A6333K189,4400,2.16359,EPCOS - TDK Electronics,CAP FILM 0.033UF 10% 630VDC RAD
B32562J3684J289,3840,2.16434,EPCOS - TDK Electronics,CAP FILM 0.68UF 5% 250VDC 2DIP
B32923D3334M289,2320,2.16592,EPCOS - TDK Electronics,CAP FILM 0.33UF 20% 630VDC RAD
B32621A6203J289,3320,2.1672,EPCOS - TDK Electronics,CAP FILM 0.02UF 5% 630VDC RADIAL
B32932A3154M189,3600,2.16763,EPCOS - TDK Electronics,CAP FILM 0.15UF 20% 305VAC RAD
B32652A2332K000,2000,2.16937,EPCOS - TDK Electronics,CAP FILM 3300PF 10% 2KVDC RADIAL
B32652A3354J000,2000,2.16937,EPCOS - TDK Electronics,CAP FILM 0.35UF 5% 250VDC RADIAL
B32922D3334K189,2800,2.1702,EPCOS - TDK Electronics,CAP FILM 0.33UF 10% 630VDC RAD
B32923C3334K000,2880,2.1707,EPCOS - TDK Electronics,CAP FILM 0.33UF 10% 630VDC RAD
B32652A6104K189,3600,2.17163,EPCOS - TDK Electronics,CAP FILM 0.1UF 10% 630VDC RADIAL
B32672L8103K189,3600,2.17163,EPCOS - TDK Electronics,CAP FILM 10000PF 10% 2KVDC RAD
B32652A1772J000,2000,2.17359,EPCOS - TDK Electronics,CAP FILM 7700PF 5% 1.6KVDC RAD
B32522D8683K189,4400,2.17436,EPCOS - TDK Electronics,CAP FILM 0.068UF 10% 630VDC RAD
B32652A5204J000,4000,2.25019,EPCOS - TDK Electronics,"0,20UF    5%  160V   MKP BOXED"
B32562J6334J000,2000,2.17565,EPCOS - TDK Electronics,CAP FILM 0.33UF 5% 400VDC 2DIP
B32922D3334M289,2720,2.17596,EPCOS - TDK Electronics,CAP FILM 0.33UF 20% 630VDC RAD
B32923C3334M189,2800,2.17628,EPCOS - TDK Electronics,CAP FILM 0.33UF 20% 630VDC RAD
B32652A3224J189,4400,2.17926,EPCOS - TDK Electronics,CAP FILM 0.22UF 5% 250VDC RADIAL
B32021A3822K000,4000,2.18039,EPCOS - TDK Electronics,CAP FILM 8200PF 10% 1.5KVDC RAD
B32652J1472K000,4000,2.18136,EPCOS - TDK Electronics,CAP FILM 4700PF 10% 1.6KVDC RAD
B32932A3154M289,3320,2.18321,EPCOS - TDK Electronics,CAP FILM 0.15UF 20% 305VAC RAD
B32529C3474K289,4000,2.18432,EPCOS - TDK Electronics,CAP FILM 0.47UF 10% 250VDC RAD
B32529C3474M289,4000,2.18432,EPCOS - TDK Electronics,CAP FILM 0.47UF 20% 250VDC RAD
B32912B5822K000,4000,2.1863,EPCOS - TDK Electronics,CAP FILM 8200PF 10% 1KVDC RADIAL
B32560J9332K000,4800,2.1866,EPCOS - TDK Electronics,CAP FILM 3300PF 10% 1KVDC 2DIP
B32621A4333J289,3320,2.18722,EPCOS - TDK Electronics,CAP FILM 0.033UF 5% 400VDC RAD
B32672L8103K289,3320,2.18722,EPCOS - TDK Electronics,CAP FILM 10000PF 10% 2KVDC RAD
B32522C3474K289,3840,2.18908,EPCOS - TDK Electronics,CAP FILM 0.47UF 10% 250VDC RAD
B81123C1152M289,3840,2.18908,EPCOS - TDK Electronics,CAP FILM 1500PF 20% 500VAC RAD
B32652J1272J189,5200,2.18942,EPCOS - TDK Electronics,CAP FILM 2700PF 5% 1.6KVDC RAD
B32652A1862J000,2000,2.19033,EPCOS - TDK Electronics,CAP FILM 8600PF 5% 1.6KVDC RAD
B32652A3364J000,2000,2.19033,EPCOS - TDK Electronics,CAP FILM 0.36UF 5% 250VDC RADIAL
B32621A3104K189,4400,2.19099,EPCOS - TDK Electronics,CAP FILM 0.1UF 10% 250VDC RADIAL
B32642B8682J000,4000,2.19256,EPCOS - TDK Electronics,CAP FILM 6800PF 5% 2KVDC RAD
B32911A3103M189,6800,2.19519,EPCOS - TDK Electronics,CAP FILM 10000PF 20% 760VDC RAD
B32672Z5334K289,2720,2.19733,EPCOS - TDK Electronics,CAP FILM 0.33UF 10% 520VDC RAD
B32923C3394K000,2520,2.19744,EPCOS - TDK Electronics,CAP FILM 0.39UF 10% 630VDC RAD
B32562J6334J189,4000,2.20011,EPCOS - TDK Electronics,CAP FILM 0.33UF 5% 400VDC 2DIP
B32652A4274J000,2000,2.20079,EPCOS - TDK Electronics,CAP FILM 0.27UF 5% 400VDC RADIAL
B32652A2222J189,3600,2.20147,EPCOS - TDK Electronics,CAP FILM 2200PF 5% 2KVDC RADIAL
B32521C0105K189,6800,2.20181,EPCOS - TDK Electronics,CAP FILM 1UF 10% 63VDC RADIAL
B32521C0105M189,6800,2.20181,EPCOS - TDK Electronics,CAP FILM 1UF 20% 63VDC RADIAL
B32522C1684K000,4000,2.20207,EPCOS - TDK Electronics,CAP FILM 0.68UF 10% 100VDC RAD
B32522C6154J289,3840,2.20392,EPCOS - TDK Electronics,CAP FILM 0.15UF 5% 400VDC RADIAL
B32620A6153K000,3000,2.20714,EPCOS - TDK Electronics,CAP FILM 0.015UF 10% 630VDC RAD
B32620J0472K000,3000,2.20714,EPCOS - TDK Electronics,CAP FILM 4700PF 10% 1KVDC RADIAL
B32923D3334K189,2400,2.20743,EPCOS - TDK Electronics,CAP FILM 0.33UF 10% 630VDC RAD
B32652J1272J289,4680,2.20879,EPCOS - TDK Electronics,CAP FILM 2700PF 5% 1.6KVDC RAD
B32522C6224M000,4000,2.29143,EPCOS - TDK Electronics,"0,2200UF 20%  400VPOLYESTER BOXE"
B32642B6393J,4000,2.21586,EPCOS - TDK Electronics,CAP FILM 0.039UF 5% 630VDC RAD
B32652A4224J289,3320,2.21723,EPCOS - TDK Electronics,CAP FILM 0.22UF 5% 400VDC RADIAL
B32560J9102J289,8000,2.21725,EPCOS - TDK Electronics,CAP FILM 1000PF 5% 1KVDC 2DIP
B32651A7332J189,5200,2.22033,EPCOS - TDK Electronics,CAP FILM 3300PF 5% 1.25KVDC RAD
B32621A5104J289,3320,2.22526,EPCOS - TDK Electronics,CAP FILM 0.1UF 5% 160VDC RADIAL
B32621A0682J289,3320,2.22526,EPCOS - TDK Electronics,CAP FILM 6800PF 5% 1KVDC RADIAL
B32529D6104M000,4000,2.22618,EPCOS - TDK Electronics,"0,1000UF  20% 400VPOLYESTER BOXE"
B32621A6273J000,4000,2.22769,EPCOS - TDK Electronics,CAP FILM 0.027UF 5% 630VDC RAD
B32923C3824K000,2160,2.22935,EPCOS - TDK Electronics,CAP FILM 0.82UF 10% 630VDC RAD
B32521D8473K000,4000,2.23852,EPCOS - TDK Electronics,CAP FILM 0.047UF 10% 630VDC RAD
B32529C3334J289,4000,2.23852,EPCOS - TDK Electronics,CAP FILM 0.33UF 5% 250VDC RADIAL
B32529E6154J289,4000,2.23852,EPCOS - TDK Electronics,CAP FILM 0.15UF 5% 400VDC RADIAL
B32620J0472J189,4400,2.23892,EPCOS - TDK Electronics,CAP FILM 4700PF 5% 1KVDC RADIAL
B32652A3414J000,2000,2.24049,EPCOS - TDK Electronics,CAP FILM 0.41UF 5% 250VDC RADIAL
B32923C3564K000,2040,2.24147,EPCOS - TDK Electronics,CAP FILM 0.56UF 10% 630VDC RAD
B32923C3564M000,2040,2.24147,EPCOS - TDK Electronics,CAP FILM 0.56UF 20% 630VDC RAD
B32911B3223M189,5200,2.24349,EPCOS - TDK Electronics,CAP FILM 0.022UF 20% 760VDC RAD
B32621A0822K289,3320,2.24523,EPCOS - TDK Electronics,CAP FILM 8200PF 10% 1KVDC RADIAL
B32621A0103K189,4400,2.24771,EPCOS - TDK Electronics,CAP FILM 10000PF 10% 1KVDC RAD
B32522C0684J000,4000,2.24836,EPCOS - TDK Electronics,CAP FILM 0.68UF 5% 63VDC RADIAL
B32923C3224M289,2720,2.2492,EPCOS - TDK Electronics,CAP FILM 0.22UF 20% 630VDC RAD
B32911A3103K189,6800,2.24929,EPCOS - TDK Electronics,CAP FILM 10000PF 10% 760VDC RAD
B32652A1912J000,2000,2.25091,EPCOS - TDK Electronics,CAP FILM 9100PF 5% 1.6KVDC RAD
B32620J0332K289,6400,2.25336,EPCOS - TDK Electronics,CAP FILM 3300PF 10% 1KVDC RADIAL
B32923C3564K289,1920,2.25446,EPCOS - TDK Electronics,CAP FILM 0.56UF 10% 630VDC RAD
B32923C3564M289,1920,2.25446,EPCOS - TDK Electronics,CAP FILM 0.56UF 20% 630VDC RAD
B32641B6273J,4000,2.25624,EPCOS - TDK Electronics,CAP FILM 0.027UF 5% 630VDC RAD
B32621A5124J000,4000,2.25723,EPCOS - TDK Electronics,CAP FILM 0.012UF 5% 160VDC RAD
B32621A6223J289,2720,2.25732,EPCOS - TDK Electronics,CAP FILM 0.022UF 5% 630VDC RAD
B32672L8103J189,3600,2.25905,EPCOS - TDK Electronics,CAP FILM 10000PF 5% 2KVDC RADIAL
B32522E6334K289,3320,2.2592,EPCOS - TDK Electronics,CAP FILM 0.33UF 10% 400VDC RAD
B32652A4334K189,2800,2.25948,EPCOS - TDK Electronics,CAP FILM 0.33UF 10% 400VDC RAD
B32521C3474K289,2720,2.26036,EPCOS - TDK Electronics,CAP FILM 0.47UF 10% 250VDC RAD
B32521C3474M289,2720,2.26036,EPCOS - TDK Electronics,CAP FILM 0.47UF 20% 250VDC RAD
B32560J0105J000,4000,2.26116,EPCOS - TDK Electronics,CAP FILM 1UF 5% 63VDC 2DIP
B32652A4304J000,2000,2.26133,EPCOS - TDK Electronics,CAP FILM 0.3UF 5% 400VDC RADIAL
B32652A2222J289,3320,2.26321,EPCOS - TDK Electronics,CAP FILM 2200PF 5% 2KVDC RADIAL
B32652A0473K289,3320,2.26421,EPCOS - TDK Electronics,CAP FILM 0.047UF 10% 1KVDC RAD
B32560J9102K000,3200,2.26459,EPCOS - TDK Electronics,CAP FILM 1000PF 10% 1KVDC 2DIP
B32652A4334K289,2720,2.26543,EPCOS - TDK Electronics,CAP FILM 0.33UF 10% 400VDC RAD
B32621A6333J189,4400,2.26724,EPCOS - TDK Electronics,CAP FILM 0.033UF 5% 630VDC RAD
B32652J1332J189,4400,2.26724,EPCOS - TDK Electronics,CAP FILM 3300PF 5% 1.6KVDC RAD
B32652A2412J000,2000,2.26757,EPCOS - TDK Electronics,CAP FILM 4100PF 5% 2KVDC RADIAL
B32529C0125J289,5200,2.26952,EPCOS - TDK Electronics,CAP FILM 1.2UF 5% 63VDC RADIAL
B32642B4683K000,4000,2.2721,EPCOS - TDK Electronics,CAP FILM 0.068UF 10% 400VDC RAD
B32521C3474J189,4400,2.27406,EPCOS - TDK Electronics,CAP FILM 0.47UF 5% 250VDC RADIAL
B32672L8103J289,3320,2.27517,EPCOS - TDK Electronics,CAP FILM 10000PF 5% 2KVDC RADIAL
B32522C1684K289,4680,2.27588,EPCOS - TDK Electronics,CAP FILM 0.68UF 10% 100VDC RAD
B32522C6224K189,3600,2.27693,EPCOS - TDK Electronics,CAP FILM 0.22UF 10% 400VDC RAD
B32560J9562J000,4800,2.27979,EPCOS - TDK Electronics,CAP FILM 5600PF 5% 1KVDC 2DIP
B32529C3334J189,3200,2.2826,EPCOS - TDK Electronics,CAP FILM 0.33UF 5% 250VDC RADIAL
B32620A6153J189,4400,2.28579,EPCOS - TDK Electronics,CAP FILM 0.015UF 5% 630VDC RAD
B32621A6333J000,4000,2.28574,EPCOS - TDK Electronics,CAP FILM 0.033UF 5% 630VDC RAD
B32672Z5334J289,2720,2.28574,EPCOS - TDK Electronics,CAP FILM 0.33UF 5% 520VDC RADIAL
B32621A4473K289,2720,2.28574,EPCOS - TDK Electronics,CAP FILM 0.047UF 10% 400VDC RAD
B32522C6224K289,3320,2.29315,EPCOS - TDK Electronics,CAP FILM 0.22UF 10% 400VDC RAD
B32911A3103M289,4000,2.2936,EPCOS - TDK Electronics,CAP FILM 10000PF 20% 760VDC RAD
B32671P6154K003,4000,2.37959,EPCOS - TDK Electronics,FILM CAP MKP PFC 0.15F 10% 630VD
B32521C0105K289,4000,2.30046,EPCOS - TDK Electronics,CAP FILM 1UF 10% 63VDC RADIAL
B32923C3824K289,1560,2.30044,EPCOS - TDK Electronics,CAP FILM 0.82UF 10% 630VDC RAD
B32521C0105M289,4000,2.30046,EPCOS - TDK Electronics,CAP FILM 1UF 20% 63VDC RADIAL
B32529C0125J189,4400,2.30137,EPCOS - TDK Electronics,CAP FILM 1.2UF 5% 63VDC RADIAL
B32522C1684J000,4000,2.30244,EPCOS - TDK Electronics,CAP FILM 0.68UF 5% 100VDC RADIAL
B32652A7153J289,3320,2.30309,EPCOS - TDK Electronics,CAP FILM 0.015UF 5% 1.25KVDC RAD
B32621A5154J000,4000,2.30441,EPCOS - TDK Electronics,CAP FILM 0.15UF 5% 160VDC RADIAL
B32560J9472K000,6400,2.30457,EPCOS - TDK Electronics,CAP FILM 4700PF 10% 1KVDC 2DIP
B32621A6273J289,2720,2.30499,EPCOS - TDK Electronics,CAP FILM 0.027UF 5% 630VDC RAD
B32652A1103K289,2720,2.30499,EPCOS - TDK Electronics,CAP FILM 10000PF 10% 1.6KVDC RAD
B32521C0105J189,6800,2.30718,EPCOS - TDK Electronics,CAP FILM 1UF 5% 63VDC RADIAL
B32560J9682K000,2600,2.30737,EPCOS - TDK Electronics,CAP FILM 6800PF 10% 1KVDC 2DIP
B32642B6473K,4000,2.31224,EPCOS - TDK Electronics,CAP FILM 0.047UF 10% 630VDC RAD
B32620J0472J000,3000,2.31487,EPCOS - TDK Electronics,CAP FILM 4700PF 5% 1KVDC RADIAL
B32652A7153K189,3600,2.31554,EPCOS - TDK Electronics,CAP FILM 0.015UF 1.25KVDC RADIAL
B32672L0683J289,2720,2.31612,EPCOS - TDK Electronics,CAP FILM 0.068UF 5% 1KVDC RADIAL
B32642B0273K,4000,2.31987,EPCOS - TDK Electronics,CAP FILM 0.027UF 10% 1KVDC RAD
B32652A2392J000,2000,2.32277,EPCOS - TDK Electronics,CAP FILM 3900PF 5% 2KVDC RADIAL
B32652A2472K189,2800,2.32927,EPCOS - TDK Electronics,CAP FILM 4700PF 10% 2KVDC RADIAL
B32911B3223M289,3320,2.33102,EPCOS - TDK Electronics,CAP FILM 0.022UF 20% 760VDC RAD
B32642B1153J000,4000,2.33577,EPCOS - TDK Electronics,CAP FILM 0.015UF 5% 1.6KVDC RAD
B32621A0103M289,2720,2.3374,EPCOS - TDK Electronics,CAP FILM 10000PF 20% 1KVDC RAD
B32621A5154J289,3320,2.34195,EPCOS - TDK Electronics,CAP FILM 0.15UF 5% 160VDC RADIAL
B32620J0562J189,4400,2.34228,EPCOS - TDK Electronics,CAP FILM 5600PF 5% 1KVDC RADIAL
B32621A0103J189,4400,2.34228,EPCOS - TDK Electronics,CAP FILM 10000PF 5% 1KVDC RADIAL
B32911B3223K189,5200,2.34263,EPCOS - TDK Electronics,CAP FILM 0.022UF 10% 760VDC RAD
B32520C0105M189,5600,2.34761,EPCOS - TDK Electronics,CAP FILM 1UF 20% 63VDC RADIAL
B32672T6224K000,2000,2.34956,EPCOS - TDK Electronics,CAP FILM 0.22UF 10% 630VDC RAD
B32641B6333K,4000,2.35051,EPCOS - TDK Electronics,CAP FILM 0.033UF 10% 630VDC RAD
B32529C3474J000,4000,2.36031,EPCOS - TDK Electronics,CAP FILM 0.47UF 5% 250VDC RADIAL
B32560J9102J000,3200,2.36054,EPCOS - TDK Electronics,CAP FILM 1000PF 5% 1KVDC 2DIP
B32652A0473J289,3320,2.36086,EPCOS - TDK Electronics,CAP FILM 0.047UF 5% 1KVDC RADIAL
B32560J9152K000,2000,2.36436,EPCOS - TDK Electronics,CAP FILM 1500PF 10% 1KVDC 2DIP
B32621A6333J289,2720,2.36473,EPCOS - TDK Electronics,CAP FILM 0.033UF 5% 630VDC RAD
B32522C6274K,2000,2.36953,EPCOS - TDK Electronics,CAP FILM 0.27UF 10% 400VDC RAD
B32652J1392J289,3840,2.36954,EPCOS - TDK Electronics,CAP FILM 3900PF 5% 1.6KVDC RAD
B32652A3434J000,2000,2.37164,EPCOS - TDK Electronics,CAP FILM 0.43UF 5% 250VDC RADIAL
B32652A4364J000,2000,2.37164,EPCOS - TDK Electronics,CAP FILM 0.36UF 5% 400VDC RADIAL
B32521C3474J289,2720,2.37178,EPCOS - TDK Electronics,CAP FILM 0.47UF 5% 250VDC RADIAL
B32911A3333M289,2720,2.37282,EPCOS - TDK Electronics,CAP FILM 0.033UF 20% 760VDC RAD
B32671P6334K000,2000,2.45638,EPCOS - TDK Electronics,FILM CAP MKP PFC 0.33F 10% 630VD
B32529C0155M189,4400,2.37536,EPCOS - TDK Electronics,CAP FILM 1.5UF 20% 63VDC RADIAL
B32672L1183K000,2000,2.38305,EPCOS - TDK Electronics,CAP FILM 0.018UF 10% 1.6KVDC RAD
B32621A3104J289,2720,2.38391,EPCOS - TDK Electronics,CAP FILM 0.1UF 5% 250VDC RADIAL
B32621A4473J289,2720,2.38391,EPCOS - TDK Electronics,CAP FILM 0.047UF 5% 400VDC RAD
B32620A4393J289,5200,2.39448,EPCOS - TDK Electronics,CAP FILM 0.039UF 5% 400VDC RAD
B32911A3103K289,4000,2.39461,EPCOS - TDK Electronics,CAP FILM 10000PF 10% 760VDC RAD
B32529C0155M000,4000,2.39461,EPCOS - TDK Electronics,CAP FILM 1.5UF 20% 63VDC RADIAL
B32911B3223K000,4000,2.39461,EPCOS - TDK Electronics,CAP FILM 0.022UF 10% 330VAC RAD
B32652A1113J000,2000,2.40273,EPCOS - TDK Electronics,CAP FILM 0.011UF 5% 1.6KVDC RAD
B32652A3394J000,2000,2.40273,EPCOS - TDK Electronics,CAP FILM 0.39UF 5% 250VDC RADIAL
B32652A0683K289,2720,2.40313,EPCOS - TDK Electronics,CAP FILM 0.068UF 10% 1KVDC RAD
B32560J9682J000,2600,2.40485,EPCOS - TDK Electronics,CAP FILM 6800PF 5% 1KVDC 2DIP
B32529C3474J189,3200,2.40641,EPCOS - TDK Electronics,CAP FILM 0.47UF 5% 250VDC RADIAL
B32620A4473J289,5200,2.41271,EPCOS - TDK Electronics,CAP FILM 0.047UF 5% RADIAL
B32641B4683J000,4000,2.41592,EPCOS - TDK Electronics,CAP FILM 0.068UF 5% 400VDC RAD
B32652A3474K189,2800,2.41699,EPCOS - TDK Electronics,CAP FILM 0.47UF 10% 250VDC RAD
B32652A3474K289,2720,2.42328,EPCOS - TDK Electronics,CAP FILM 0.47UF 10% 250VDC RAD
B32652A0333K189,4400,2.42684,EPCOS - TDK Electronics,CAP FILM 0.033UF 10% 1KVDC RAD
B32621A5224M000,4000,2.42785,EPCOS - TDK Electronics,CAP FILM 0.22UF 20% 160VDC RAD
B32671P6224K003,4000,2.51221,EPCOS - TDK Electronics,FILM CAP MKP PFC 0.22F 10% 630VD
B32652A3564K000,2000,2.43279,EPCOS - TDK Electronics,CAP FILM 0.56UF 10% 250VDC RAD
B32652A4394J000,2000,2.43279,EPCOS - TDK Electronics,CAP FILM 0.39UF 5% 400VDC RADIAL
B32652J1682K000,2000,2.43279,EPCOS - TDK Electronics,CAP FILM 6800PF 10% 1.6KVDC RAD
B32911B3223K289,3320,2.43339,EPCOS - TDK Electronics,CAP FILM 0.022UF 10% 760VDC RAD
B32621A5224K000,4000,2.43666,EPCOS - TDK Electronics,CAP FILM 0.22UF 10% 160VDC RAD
B32652J1472J189,3600,2.43999,EPCOS - TDK Electronics,CAP FILM 4700PF 5% 1.6KVDC RAD
B32652A3524J000,2000,2.44937,EPCOS - TDK Electronics,CAP FILM 0.52UF 5% 250VDC RADIAL
B32671P4104K189,6800,2.45499,EPCOS - TDK Electronics,CAP FILM 0.1UF 10% 450VDC RADIAL
B32672Z5474K189,2800,2.45523,EPCOS - TDK Electronics,CAP FILM 0.47UF 10% 520VDC RAD
B32652J1472J289,3320,2.45717,EPCOS - TDK Electronics,CAP FILM 4700PF 5% 1.6KVDC RAD
B32641B6333J,4000,2.45816,EPCOS - TDK Electronics,CAP FILM 0.033UF 5% 630VDC RAD
B32522C0105K000,4000,2.46204,EPCOS - TDK Electronics,CAP FILM 1UF 10% 63VDC RADIAL
B32672L0823J000,4000,2.46467,EPCOS - TDK Electronics,CAP FILM 0.08UF 5% 1KVDC RAD
B32652A2471J289,4680,2.47619,EPCOS - TDK Electronics,CAP FILM 470PF 5% 2KVDC RADIAL
B32652A3634K000,2000,2.47935,EPCOS - TDK Electronics,CAP FILM 0.63UF 10% 250VDC RAD
B32522N3105K289,2720,2.48175,EPCOS - TDK Electronics,CAP FILM 1UF 10% 250VDC RADIAL
B32562J6474M000,1800,2.48332,EPCOS - TDK Electronics,CAP FILM 0.47UF 20% 400VDC 2DIP
B32682A7152J000,4000,2.48512,EPCOS - TDK Electronics,CAP FILM 1500PF 5% 1.25KVDC RAD
B32562J6474M189,3600,2.48626,EPCOS - TDK Electronics,CAP FILM 0.47UF 20% 400VDC 2DIP
B32529D6124J,4000,2.48743,EPCOS - TDK Electronics,CAP FILM 0.12UF 5% 400VDC RADIAL
B32922D3394M000,2000,2.48762,EPCOS - TDK Electronics,CAP FILM 0.39UF 20% 630VDC RAD
B32562J6474K189,3600,2.49315,EPCOS - TDK Electronics,CAP FILM 0.47UF 10% 400VDC 2DIP
B32652A0683J189,2800,2.49439,EPCOS - TDK Electronics,CAP FILM 0.068UF 5% 1KVDC RADIAL
B32529C8333J289,4000,2.49818,EPCOS - TDK Electronics,CAP FILM 0.033UF 5% 630VDC RAD
B32529C8333K000,4000,2.49818,EPCOS - TDK Electronics,CAP FILM 0.033UF 10% 630VDC RAD
B32652A7223K289,2720,2.5009,EPCOS - TDK Electronics,CAP FILM 0.022UF 1.25KVDC RADIAL
B32652A1123J000,2000,2.50312,EPCOS - TDK Electronics,CAP FILM 0.012UF 5% 1.6KVDC RAD
B32912A3683M000,4000,2.50889,EPCOS - TDK Electronics,CAP FILM 0.068UF 20% 760VDC RAD
B32522C6334K189,2800,2.50945,EPCOS - TDK Electronics,CAP FILM 0.33UF 10% 400VDC RAD
B32522C0105K189,5200,2.51037,EPCOS - TDK Electronics,CAP FILM 1UF 10% 63VDC RADIAL
B32652A3474J189,2800,2.51347,EPCOS - TDK Electronics,CAP FILM 0.47UF 5% 250VDC RADIAL
B32562J6474M289,3160,2.51454,EPCOS - TDK Electronics,CAP FILM 0.47UF 20% 400VDC 2DIP
B32671P6224K000,4000,2.51476,EPCOS - TDK Electronics,CAP FILM 0.22UF 10% 630VDC RAD
B32671P5224J000,4000,2.51573,EPCOS - TDK Electronics,CAP FILM 0.22UF 5% 520VDC RADIAL
B32671P5334J000,4000,2.51573,EPCOS - TDK Electronics,CAP FILM 0.33UF 5% 520VDC RADIAL
B32671P5334K000,4000,2.51573,EPCOS - TDK Electronics,CAP FILM 0.33UF 10% 520VDC RAD
B32621A5224K289,2720,2.51999,EPCOS - TDK Electronics,CAP FILM 0.22UF 10% 160VDC RAD
B32652A3474J289,2720,2.51999,EPCOS - TDK Electronics,CAP FILM 0.47UF 5% 250VDC RADIAL
B32562J6474K289,3160,2.5215,EPCOS - TDK Electronics,CAP FILM 0.47UF 10% 400VDC 2DIP
B32682A1152K000,4000,2.52727,EPCOS - TDK Electronics,CAP FILM 1500PF 1.6KVDC RADIAL
B32621A5224J189,4400,2.53053,EPCOS - TDK Electronics,CAP FILM 0.22UF 5% 160VDC RADIAL
B32652J1682J000,2000,2.53203,EPCOS - TDK Electronics,CAP FILM 6800PF 5% 1.6KVDC RAD
B32652A3514J000,2000,2.53203,EPCOS - TDK Electronics,CAP FILM 0.51UF 5% 250VDC RADIAL
B32641B1103J000,4000,2.53575,EPCOS - TDK Electronics,CAP FILM 10000PF 5% 1.6KVDC RAD
B32642B8103J000,4000,2.53575,EPCOS - TDK Electronics,CAP FILM 10000PF 5% 2KVDC RAD
B32022A3103K189,5200,2.53996,EPCOS - TDK Electronics,CAP FILM 10000PF 10% 300VAC RAD
B32671P4104K289,4000,2.54007,EPCOS - TDK Electronics,CAP FILM 0.1UF 10% 450VDC RADIAL
B32643B1223J000,2880,2.54435,EPCOS - TDK Electronics,CAP FILM 0.022UF 5% 1.6KVDC RAD
B32652A7393J000,2000,2.5467,EPCOS - TDK Electronics,CAP FILM 0.039UF 5% 1.25KVDC RAD
B32521C1105K189,4400,2.55566,EPCOS - TDK Electronics,CAP FILM 1UF 10% 100VDC RADIAL
B32560J1105K189,4800,2.55754,EPCOS - TDK Electronics,CAP FILM 1UF 10% 100VDC 2DIP
B32562J3824K000,2000,2.563,EPCOS - TDK Electronics,CAP FILM 0.82UF 10% 250VDC 2DIP
B32671P4224J289,3320,2.56306,EPCOS - TDK Electronics,CAP FILM 0.22UF 5% 450VDC RADIAL
B32671P4224K289,3320,2.56306,EPCOS - TDK Electronics,CAP FILM 0.22UF 10% 450VDC RAD
B32613A2103J008,1000,2.56328,EPCOS - TDK Electronics,CAP FILM 10000PF 5% 2KVDC RADIAL
B32529C3222K289,1,2.56,EPCOS - TDK Electronics,CAP FILM 2200PF 10% 250VDC RAD
B32522N6474K289,2720,2.56721,EPCOS - TDK Electronics,CAP FILM 0.47UF 10% 450VDC RAD
B32652A2472J189,2800,2.5726,EPCOS - TDK Electronics,CAP FILM 4700PF 5% 2KVDC RADIAL
B32652A3684K189,2800,2.5726,EPCOS - TDK Electronics,CAP FILM 0.68UF 10% 250VDC RAD
B32523Q3474K000,2880,2.57516,EPCOS - TDK Electronics,CAP FILM 0.47UF 10% 250VDC RAD
B32521C1105M000,4000,2.5761,EPCOS - TDK Electronics,CAP FILM 1UF 20% 100VDC RADIAL
B32522C1105K189,5200,2.58005,EPCOS - TDK Electronics,CAP FILM 1UF 10% 100VDC RADIAL
B32522N3105J189,2800,2.5816,EPCOS - TDK Electronics,CAP FILM 1UF 5% 250VDC RADIAL
B32022A3103M003,4000,2.67471,EPCOS - TDK Electronics,10NF 20% 300VAC MKP Y2 - 3.2MM L
B32529C0155J289,5200,2.58578,EPCOS - TDK Electronics,CAP FILM 1.5UF 5% 63VDC RADIAL
B32522N3105J289,2720,2.58828,EPCOS - TDK Electronics,CAP FILM 1UF 5% 250VDC RADIAL
B32672L8123J189,2800,2.59162,EPCOS - TDK Electronics,CAP FILM 0.012UF 5% 2KVDC RADIAL
B32652A1133J000,2000,2.59181,EPCOS - TDK Electronics,CAP FILM 0.013UF 5% 1.6KVDC RAD
B32672Z4564K000,2000,2.59272,EPCOS - TDK Electronics,CAP FILM 0.56UF 10% 450VDC RAD
B32562J6474J189,3600,2.5992,EPCOS - TDK Electronics,CAP FILM 0.47UF 5% 400VDC 2DIP
B32671P6224K289,2720,2.60032,EPCOS - TDK Electronics,CAP FILM 0.22UF 10% 630VDC RAD
B32671P5224K289,2720,2.60132,EPCOS - TDK Electronics,CAP FILM 0.22UF 10% 520VDC RAD
B32671P4104J289,4000,2.60139,EPCOS - TDK Electronics,CAP FILM 0.1UF 5% 450VDC RADIAL
B32671P6224J000,4000,2.60139,EPCOS - TDK Electronics,CAP FILM 0.22UF 5% 630VDC RADIAL
B32652A7223J189,2800,2.60163,EPCOS - TDK Electronics,CAP FILM 0.022UF 5% 1.25KVDC RAD
B32652A7333K189,2800,2.60163,EPCOS - TDK Electronics,CAP FILM 0.033UF 1.25KVDC RADIAL
B32522C1105M289,4680,2.60228,EPCOS - TDK Electronics,CAP FILM 1UF 20% 100VDC RADIAL
B32933A3104M000,2880,2.60313,EPCOS - TDK Electronics,CAP FILM 0.1UF 20% 305VAC RADIAL
B32523Q3474J000,2880,2.60514,EPCOS - TDK Electronics,CAP FILM 0.47UF 5% 250VDC RADIAL
B32652A2562K000,2000,2.60517,EPCOS - TDK Electronics,CAP FILM 5600PF 10% 2KVDC RADIAL
B32652A7223J289,2720,2.60834,EPCOS - TDK Electronics,CAP FILM 0.022UF 5% 1.25KVDC RAD
B32642B6563K,4000,2.6189,EPCOS - TDK Electronics,CAP FILM 0.056UF 10% 630VDC RAD
B32522T8154K000,2000,2.62336,EPCOS - TDK Electronics,CAP FILM 0.15UF 10% 630VDC RAD
B32522C3564K289,3320,2.62722,EPCOS - TDK Electronics,CAP FILM 0.56UF 10% 250VDC RAD
B32522Q8154K000,2000,2.6299,EPCOS - TDK Electronics,CAP FILM 0.15UF 10% 630VDC RAD
B32652A6154K189,2800,2.63063,EPCOS - TDK Electronics,CAP FILM 0.15UF 10% 630VDC RAD
B32642B1223J000,4000,2.63574,EPCOS - TDK Electronics,CAP FILM 0.022UF 5% 1.6KVDC RAD
B32523Q8104J000,2880,2.63603,EPCOS - TDK Electronics,CAP FILM 0.1UF 5% 630VDC RADIAL
B32621A5224J289,2720,2.63738,EPCOS - TDK Electronics,CAP FILM 0.22UF 5% 160VDC RADIAL
B32652A6154K289,2720,2.63738,EPCOS - TDK Electronics,CAP FILM 0.15UF 10% 630VDC RAD
B32523Q6334K000,2880,2.63905,EPCOS - TDK Electronics,CAP FILM 0.33UF 10% 400VDC RAD
B32560J1105J289,6000,2.64726,EPCOS - TDK Electronics,CAP FILM 1UF 5% 100VDC 2DIP
B32022A3153M189,4400,2.65023,EPCOS - TDK Electronics,CAP FILM 0.015UF 20% 300VAC RAD
B32672Z4684J289,2560,2.65068,EPCOS - TDK Electronics,CAP FILM 0.68UF 5% 450VDC RADIAL
B32652A3564J000,2000,2.65247,EPCOS - TDK Electronics,CAP FILM 0.56UF 5% 250VDC RADIAL
B32652A4474K189,4200,2.65371,EPCOS - TDK Electronics,CAP FILM 0.47UF 10% 400VDC RAD
B32562J8104J000,2800,2.65659,EPCOS - TDK Electronics,CAP FILM 0.1UF 5% 630VDC 2DIP
B32672L7563J000,1200,2.66463,EPCOS - TDK Electronics,CAP FILM 0.056UF 5% 1.3KVDC RAD
B32642B0333J003,4000,2.76033,EPCOS - TDK Electronics,FILM CAP MMKP BOX 0.033F 5% 1000
B32912A3223M189,5200,2.66957,EPCOS - TDK Electronics,CAP FILM 0.022UF 20% 760VDC RAD
B32912A3333M189,5200,2.66957,EPCOS - TDK Electronics,CAP FILM 0.033UF 20% 760VDC RAD
B32562J3824J000,2000,2.67199,EPCOS - TDK Electronics,CAP FILM 0.82UF 5% 250VDC 2DIP
B32923H3224K000,2520,2.67543,EPCOS - TDK Electronics,CAP FILM 0.22UF 10% 630VDC RAD
B32682A7222K000,4000,2.67598,EPCOS - TDK Electronics,CAP FILM 2200PF 10% 1.25KVDC RAD
B32522N6474J289,2720,2.67742,EPCOS - TDK Electronics,CAP FILM 0.47UF 5% 450VDC RADIAL
B32522C3684K289,3320,2.67843,EPCOS - TDK Electronics,CAP FILM 0.68UF 10% 250VDC RAD
B32022A3153M289,3840,2.68047,EPCOS - TDK Electronics,CAP FILM 0.015UF 20% 300VAC RAD
B32652J1103K000,2000,2.68228,EPCOS - TDK Electronics,CAP FILM 10000PF 10% 1.6KVDC RAD
B32912A3223M289,4680,2.69245,EPCOS - TDK Electronics,CAP FILM 0.022UF 20% 760VDC RAD
B32912A3333M289,4680,2.69245,EPCOS - TDK Electronics,CAP FILM 0.033UF 20% 760VDC RAD
B32912A3473M289,4680,2.69245,EPCOS - TDK Electronics,CAP FILM 0.047UF 20% 760VDC RAD
B32522C3824K000,4000,2.69845,EPCOS - TDK Electronics,CAP FILM 0.82UF 10% 250VDC RAD
B32652A0104K189,2800,2.6995,EPCOS - TDK Electronics,CAP FILM 0.1UF 10% 1KVDC RADIAL
B32641B6393J,4000,2.69944,EPCOS - TDK Electronics,CAP FILM 0.039UF 5% 630VDC RAD
B32912A3683M189,4400,2.70608,EPCOS - TDK Electronics,CAP FILM 0.068UF 20% 760VDC RAD
B32672L9472J000,2000,2.70899,EPCOS - TDK Electronics,CAP FILM 4700PF 5% 2KVDC RAD
B32652A3624J000,2000,2.71201,EPCOS - TDK Electronics,CAP FILM 0.62UF 5% 250VDC RADIAL
B32522C1105J289,4680,2.71637,EPCOS - TDK Electronics,CAP FILM 1UF 5% 100VDC RADIAL
B32652A0104K289,2560,2.72104,EPCOS - TDK Electronics,CAP FILM 0.1UF 10% 1KVDC RADIAL
B32652A3634J000,2000,2.73149,EPCOS - TDK Electronics,CAP FILM 0.63UF 5% 250VDC RADIAL
B32642B0333K,4000,2.73574,EPCOS - TDK Electronics,CAP FILM 0.033UF 10% 1KVDC RAD
B32912A3683M289,3840,2.73684,EPCOS - TDK Electronics,CAP FILM 0.068UF 20% 760VDC RAD
B32643B1273J000,2880,2.73877,EPCOS - TDK Electronics,CAP FILM 0.027UF 5% 1.6KVDC RAD
B32652J1103J289,2560,2.7401,EPCOS - TDK Electronics,CAP FILM 10000PF 5% 1.6KVDC RAD
B32642B6563J,4000,2.74013,EPCOS - TDK Electronics,CAP FILM 0.056UF 5% 630VDC RAD
B32522C3564J289,3320,2.74135,EPCOS - TDK Electronics,CAP FILM 0.56UF 5% 250VDC RADIAL
B32529D1105M289,4000,2.74302,EPCOS - TDK Electronics,CAP FILM 1UF 20% 100VDC RADIAL
B32652A4204J000,4000,2.74496,EPCOS - TDK Electronics,CAP FILM 0.2UF 5% 400VDC RADIAL
B32523Q8104K289,2720,2.74637,EPCOS - TDK Electronics,CAP FILM 0.1UF 10% 630VDC RADIAL
B32652A6154J189,2800,2.74729,EPCOS - TDK Electronics,CAP FILM 0.15UF 5% 630VDC RADIAL
B32652A6224K189,2800,2.74729,EPCOS - TDK Electronics,CAP FILM 0.22UF 10% 630VDC RAD
B32672P6154K189,5200,2.74749,EPCOS - TDK Electronics,CAP FILM 0.15UF 10% 630VDC RAD
B32672L7683J000,1200,2.74856,EPCOS - TDK Electronics,CAP FILM 0.068UF 5% 1.3KVDC RAD
B32922C3683M289,4680,2.75848,EPCOS - TDK Electronics,CAP FILM 0.068UF 20% 630VDC RAD
B32562H3105J000,2000,2.76018,EPCOS - TDK Electronics,CAP FILM 1UF 5% 250VDC 2DIP
B32529C0155J006,4000,2.76045,EPCOS - TDK Electronics,FILM CAP MKT BOX 1.5F 5% 63VDC L
B32523Q6474M000,2520,2.76505,EPCOS - TDK Electronics,CAP FILM 0.47UF 20% 400VDC RAD
B32652A4474K289,2560,2.76917,EPCOS - TDK Electronics,CAP FILM 0.47UF 10% 400VDC RAD
B32652A6224K289,2560,2.76917,EPCOS - TDK Electronics,CAP FILM 0.22UF 10% 630VDC RAD
B32652J1103K289,2560,2.76917,EPCOS - TDK Electronics,CAP FILM 10000PF 10% 1.6KVDC RAD
B32522D8104K000,4000,2.7701,EPCOS - TDK Electronics,CAP FILM 0.1UF 10% 630VDC RADIAL
B32912A3104M289,3320,2.77082,EPCOS - TDK Electronics,CAP FILM 0.1UF 20% 760VDC RADIAL
B32912A3223K189,5200,2.77881,EPCOS - TDK Electronics,CAP FILM 0.022UF 10% 760VDC RAD
B32912A3333K189,5200,2.77881,EPCOS - TDK Electronics,CAP FILM 0.033UF 10% 760VDC RAD
B32912A3473K189,5200,2.77881,EPCOS - TDK Electronics,CAP FILM 0.047UF 10% 760VDC RAD
B32562J1105J000,6000,2.77957,EPCOS - TDK Electronics,CAP FILM 1UF 5% 100VDC 2DIP
B32562J1105J189,8000,2.77957,EPCOS - TDK Electronics,CAP FILM 1UF 5% 2DIP
B32672L9682K000,1200,2.78143,EPCOS - TDK Electronics,CAP FILM 6800PF 10% 2KVDC RADIAL
B32682A6682K000,4000,2.78309,EPCOS - TDK Electronics,CAP FILM 6800PF 630VDC RADIAL
B32523Q3474K189,2800,2.79307,EPCOS - TDK Electronics,CAP FILM 0.47UF 10% 250VDC RAD
B32672P4224K189,5200,2.79492,EPCOS - TDK Electronics,CAP FILM 0.22UF 10% 450VDC RAD
B32522C3684J289,3320,2.79533,EPCOS - TDK Electronics,CAP FILM 0.68UF 5% 250VDC RADIAL
B32562J3105J289,3320,2.79533,EPCOS - TDK Electronics,CAP FILM 1UF 5% 250VDC 2DIP
B32652A7183J000,4000,2.79621,EPCOS - TDK Electronics,CAP FILM 0.018UF 5% 1.25KVDC RAD
B32523Q3474K289,2720,2.80018,EPCOS - TDK Electronics,CAP FILM 0.47UF 10% 250VDC RAD
B32642B1223K000,4000,2.80161,EPCOS - TDK Electronics,22NF  10%  1600V  MMKP WOUND BOX
B32912A3223K289,4680,2.80246,EPCOS - TDK Electronics,CAP FILM 0.022UF 10% 760VDC RAD
B32912A3333K289,4680,2.80246,EPCOS - TDK Electronics,CAP FILM 0.033UF 10% 760VDC RAD
B32912A3473K289,4680,2.80246,EPCOS - TDK Electronics,CAP FILM 0.047UF 10% 760VDC RAD
B32682A0472K000,4000,2.80366,EPCOS - TDK Electronics,CAP FILM 4700PF 1KVDC RADIAL
B32671P4274K000,4000,2.80407,EPCOS - TDK Electronics,CAP FILM 0.27UF 10% 450VDC RAD
B32672P6104K000,4000,2.80686,EPCOS - TDK Electronics,CAP FILM 0.1UF 10% RADIAL
B32562J1105M189,8000,2.80748,EPCOS - TDK Electronics,CAP FILM 1UF 20% 2DIP
B32672L1223J289,2720,2.81216,EPCOS - TDK Electronics,CAP FILM 0.022UF 5% 1.6KVDC RAD
B32562J1105K189,8000,2.81265,EPCOS - TDK Electronics,CAP FILM 1UF 10% 100VDC 2DIP
B32672P4224K289,4680,2.81866,EPCOS - TDK Electronics,CAP FILM 0.22UF 10% 450VDC RAD
B32652A0104J189,2800,2.82387,EPCOS - TDK Electronics,CAP FILM 0.1UF 5% 1KVDC RADIAL
B32652A1153J189,2800,2.82387,EPCOS - TDK Electronics,CAP FILM 0.015UF 5% 1.6KVDC RAD
B32933A3154M000,2880,2.83378,EPCOS - TDK Electronics,CAP FILM 0.15UF 20% 305VAC RAD
B32652A3684J189,2800,2.8348,EPCOS - TDK Electronics,CAP FILM 0.68UF 5% 250VDC RADIAL
B32922C3564K189,2200,2.83552,EPCOS - TDK Electronics,CAP FILM 0.56UF 10% 630VDC RAD
B32682A1222K000,4000,2.83758,EPCOS - TDK Electronics,CAP FILM 2200PF 1.6KVDC RADIAL
B32672P5224K189,5200,2.84366,EPCOS - TDK Electronics,CAP FILM 0.22UF 10% 520VDC RAD
B32522N6564K000,2000,2.84503,EPCOS - TDK Electronics,CAP FILM 0.56UF 10% 450VDC RAD
B32522C3824K289,3320,2.84529,EPCOS - TDK Electronics,CAP FILM 0.82UF 10% 250VDC RAD
B32652A0104J289,2560,2.84627,EPCOS - TDK Electronics,CAP FILM 0.1UF 5% 1KVDC RADIAL
B32652A1153J289,2560,2.84627,EPCOS - TDK Electronics,CAP FILM 0.015UF 5% 1.6KVDC RAD
B32912A3683K289,3840,2.84835,EPCOS - TDK Electronics,CAP FILM 0.068UF 10% 760VDC RAD
B32523Q8154K000,2880,2.84865,EPCOS - TDK Electronics,CAP FILM 0.15UF 10% 630VDC RAD
B32523Q6334K189,2800,2.85565,EPCOS - TDK Electronics,CAP FILM 0.33UF 10% 400VDC RAD
B32652A3684J289,2560,2.85726,EPCOS - TDK Electronics,CAP FILM 0.68UF 5% 250VDC RADIAL
B32523Q6334K289,2720,2.8629,EPCOS - TDK Electronics,CAP FILM 0.33UF 10% 400VDC RAD
B32912A3104K189,3600,2.86378,EPCOS - TDK Electronics,CAP FILM 0.1UF 10% 760VDC RADIAL
B32682A1222J000,4000,2.86737,EPCOS - TDK Electronics,CAP FILM 2200PF 1.6KVDC RADIAL
B32672P5224K289,4680,2.86731,EPCOS - TDK Electronics,CAP FILM 0.22UF 10% 520VDC RAD
B32672L8153J289,2720,2.86986,EPCOS - TDK Electronics,CAP FILM 0.015UF 5% 2KVDC RADIAL
B32520C1105K189,4400,2.87309,EPCOS - TDK Electronics,CAP FILM 1UF 10% 100VDC RADIAL
B32520C1105M189,4400,2.87309,EPCOS - TDK Electronics,CAP FILM 1UF 20% 100VDC RADIAL
B32922C3564M000,1200,2.87578,EPCOS - TDK Electronics,CAP FILM 0.56UF 20% 630VDC RAD
B32673Z6334J000,2520,2.88925,EPCOS - TDK Electronics,CAP FILM 0.33UF 5% 630VDC RADIAL
B32523Q6564K000,2520,2.89224,EPCOS - TDK Electronics,CAP FILM 0.56UF 10% 400VDC RAD
B32529C0152J189,1,2.89,EPCOS - TDK Electronics,CAP FILM 1500PF 5% 63VDC RADIAL
B32522D8104K189,3600,2.8978,EPCOS - TDK Electronics,CAP FILM 0.1UF 10% 630VDC RADIAL
B32682A4333J000,4000,2.90142,EPCOS - TDK Electronics,CAP FILM 0.033UF 5% 400VDC RAD
B32672P6224J000,4000,2.90142,EPCOS - TDK Electronics,CAP FILM 0.22UF 5% 630VDC RAD
B32672P6224K000,4000,2.90432,EPCOS - TDK Electronics,CAP FILM 0.22UF 10% 630VDC RAD
B32673Z6334K289,2320,2.91063,EPCOS - TDK Electronics,CAP FILM 0.33UF 10% 630VDC RAD
B32560J3684K000,800,2.9124,EPCOS - TDK Electronics,CAP FILM 0.68UF 10% 250VDC 2DIP
B32643B0473J000,2880,2.91243,EPCOS - TDK Electronics,CAP FILM 0.047UF 5% 1KVDC RAD
B32672P6334K000,4000,2.91972,EPCOS - TDK Electronics,CAP FILM 0.33UF 10% 630VDC RAD
B32652A1223J000,1200,2.92594,EPCOS - TDK Electronics,CAP FILM 0.022UF 5% 1.6KVDC RAD
B32672P5334K289,3840,2.9296,EPCOS - TDK Electronics,CAP FILM 0.33UF 10% 520VDC RAD
B32643B1333J000,2880,2.93307,EPCOS - TDK Electronics,CAP FILM 0.033UF 5% 1.6KVDC RAD
B32642B6683K,2000,2.93372,EPCOS - TDK Electronics,CAP FILM 0.068UF 10% 630VDC RAD
B32671P4334K189,4400,2.94387,EPCOS - TDK Electronics,CAP FILM 0.33UF 10% 450VDC RAD
B32672L8183K000,2000,2.94996,EPCOS - TDK Electronics,CAP FILM 0.018UF 10% 2KVDC RAD
B32933A3154K000,2880,2.95837,EPCOS - TDK Electronics,CAP FILM 0.15UF 10% 305VAC RAD
B32523Q3105M000,2880,2.95837,EPCOS - TDK Electronics,CAP FILM 1UF 20% 250VDC RADIAL
B32672P5474J000,4000,2.96495,EPCOS - TDK Electronics,CAP FILM 0.47UF 5% 520VDC RADIAL
B32523Q8154J000,2880,2.97712,EPCOS - TDK Electronics,CAP FILM 0.15UF 5% 630VDC RADIAL
B32523Q6474K189,2400,2.98999,EPCOS - TDK Electronics,CAP FILM 0.47UF 10% 400VDC RAD
B32520C1105J000,3000,2.99123,EPCOS - TDK Electronics,CAP FILM 1UF 5% 100VDC RADIAL
B32523Q3684K000,2880,2.99489,EPCOS - TDK Electronics,CAP FILM 0.68UF 10% 250VDC RAD
B32672L1333J189,2800,2.99723,EPCOS - TDK Electronics,CAP FILM 0.033UF 5% 1.6KVDC RAD
B32523Q6474K289,2320,2.99903,EPCOS - TDK Electronics,CAP FILM 0.47UF 10% 400VDC RAD
B32620J0562K289,5200,3.00181,EPCOS - TDK Electronics,CAP FILM 5600PF 10% 1KVDC RADIAL
B32922C3823K189,5200,3.01318,EPCOS - TDK Electronics,CAP FILM 0.082UF 10% 630VDC RAD
B32522C3105K289,2720,3.01966,EPCOS - TDK Electronics,CAP FILM 1UF 10% 250VDC RADIAL
B32522C3105M289,2720,3.01966,EPCOS - TDK Electronics,CAP FILM 1UF 20% 250VDC RADIAL
B32562J1155K000,4000,3.02935,EPCOS - TDK Electronics,CAP FILM 1.5UF 10% 100VDC 2DIP
B32673Z5474K000,2520,3.0339,EPCOS - TDK Electronics,CAP FILM 0.47UF 10% 520VDC RAD
B32673Z5474J000,2520,3.0339,EPCOS - TDK Electronics,CAP FILM 0.47UF 5% 520VDC RADIAL
B32672P6474K189,3000,3.03743,EPCOS - TDK Electronics,CAP FILM 0.47UF 10% 630VDC RAD
B32673Z4334K000,2880,3.04907,EPCOS - TDK Electronics,CAP FILM 0.33UF 10% 450VDC RAD
B32652A2622K000,1200,3.05267,EPCOS - TDK Electronics,CAP FILM 6200PF 10% 2KVDC RADIAL
B32643B8223K000,2880,3.1705,EPCOS - TDK Electronics,22NF  10%  2000V  MMKP  WOUND BO
B32671P4334K289,2720,3.06514,EPCOS - TDK Electronics,CAP FILM 0.33UF 10% 450VDC RAD
B32522N6684K000,2000,3.07186,EPCOS - TDK Electronics,CAP FILM 0.68UF 10% 450VDC RAD
B32672P6684K189,2800,3.08211,EPCOS - TDK Electronics,CAP FILM 0.68UF 10% 630VDC RAD
B32522N6684K189,2800,3.08604,EPCOS - TDK Electronics,CAP FILM 0.68UF 10% 450VDC RAD
B32672L8183J000,2000,3.08806,EPCOS - TDK Electronics,CAP FILM 0.018UF 5% 2KVDC RADIAL
B32673Z4474K000,2880,3.09039,EPCOS - TDK Electronics,CAP FILM 0.47UF 10% 450VDC RAD
B32933A3224M000,2520,3.09261,EPCOS - TDK Electronics,CAP FILM 0.22UF 20% 305VAC RAD
B32522Q8224K000,2000,3.09315,EPCOS - TDK Electronics,CAP FILM 0.22UF 10% 630VDC RAD
B32522Q8224K189,2800,3.10675,EPCOS - TDK Electronics,CAP FILM 0.22UF 10% 630VDC RAD
B32522N6684K289,2560,3.11016,EPCOS - TDK Electronics,CAP FILM 0.68UF 10% 450VDC RAD
B32520C0155M189,5600,3.11242,EPCOS - TDK Electronics,CAP FILM 1.5UF 20% 63VDC RADIAL
B32520C0155K289,6400,3.11242,EPCOS - TDK Electronics,CAP FILM 1.5UF 10% 63VDC RADIAL
B32653A0563J000,2880,3.11692,EPCOS - TDK Electronics,CAP FILM 0.056UF 5% 1KVDC RADIAL
B32022B3223M189,3600,3.1177,EPCOS - TDK Electronics,CAP FILM 0.022UF 20% 300VAC RAD
B32932B3274K000,2000,3.11854,EPCOS - TDK Electronics,CAP FILM 0.27UF 10% 500VDC RAD
B32522E6474K000,2000,3.12453,EPCOS - TDK Electronics,CAP FILM 0.47UF 10% 400VDC RAD
B32523Q3684J000,2880,3.1297,EPCOS - TDK Electronics,CAP FILM 0.68UF 5% 250VDC RADIAL
B32522Q8224M289,2560,3.13099,EPCOS - TDK Electronics,CAP FILM 0.22UF 20% 630VDC RAD
B32522Q8224K289,2560,3.13099,EPCOS - TDK Electronics,CAP FILM 0.22UF 10% 630VDC RAD
B32613A6154J008,1000,3.13206,EPCOS - TDK Electronics,CAP FILM 0.15UF 5% 630VDC RADIAL
B32673P5474K000,2880,3.13659,EPCOS - TDK Electronics,CAP FILM 0.47UF 10% 520VDC RAD
B32921X2473K000,1,3.14,EPCOS - TDK Electronics,"FILM CAP MKP X2 - COMPACT, 0.047"
B32522C3105J289,2720,3.15206,EPCOS - TDK Electronics,CAP FILM 1UF 5% 250VDC RADIAL
B32523Q6684K000,2040,3.15228,EPCOS - TDK Electronics,CAP FILM 0.68UF 10% 400VDC RAD
B32523Q6684M000,2040,3.15228,EPCOS - TDK Electronics,CAP FILM 0.68UF 20% 400VDC RAD
B32520C0155K000,4000,3.15399,EPCOS - TDK Electronics,CAP FILM 1.5UF 10% 63VDC RADIAL
B32652J1123J000,2000,3.16476,EPCOS - TDK Electronics,CAP FILM 0.012UF 5% 1.6KVDC RAD
B32933A3154K289,2720,3.16881,EPCOS - TDK Electronics,CAP FILM 0.15UF 10% 305VAC RAD
B32562J1155J000,4000,3.17314,EPCOS - TDK Electronics,CAP FILM 1.5UF 5% 100VDC 2DIP
B32672P6684K000,2000,3.1751,EPCOS - TDK Electronics,CAP FILM 0.68UF 10% 630VDC RAD
B32652J1682J189,2800,3.17565,EPCOS - TDK Electronics,CAP FILM 6800PF 5% 1.6KVDC RAD
B32683A0103K000,2880,3.28693,EPCOS - TDK Electronics,10NF 10% 1000V MFP
B32652J1682J289,2720,3.18359,EPCOS - TDK Electronics,CAP FILM 6800PF 5% 1.6KVDC RAD
B32672P5684J000,2000,3.19027,EPCOS - TDK Electronics,CAP FILM 0.68UF 5% 520VDC RADIAL
B32643B8223J000,2880,3.19192,EPCOS - TDK Electronics,CAP FILM 0.022UF 5% 2KVDC RAD
B32523Q3105J000,2880,3.19643,EPCOS - TDK Electronics,CAP FILM 1UF 5% 250VDC RADIAL
B32653A3224J000,2880,3.19939,EPCOS - TDK Electronics,CAP FILM 0.22UF 5% 250VDC RADIAL
B32653A2102K000,2880,3.19939,EPCOS - TDK Electronics,CAP FILM 1000PF 10% 2KVDC RADIAL
B32653A2152K000,2880,3.19939,EPCOS - TDK Electronics,CAP FILM 1500PF 10% 2KVDC RADIAL
B32653A0333K000,2880,3.19939,EPCOS - TDK Electronics,CAP FILM 0.033UF 10% 1KVDC RAD
B32673P5564K000,2880,3.19939,EPCOS - TDK Electronics,CAP FILM 0.56UF 10% 520VDC RAD
B32523Q8154J289,2720,3.20034,EPCOS - TDK Electronics,CAP FILM 0.15UF 5% 630VDC RADIAL
B32521C0155K189,5200,3.20545,EPCOS - TDK Electronics,CAP FILM 1.5UF 10% 63VDC RADIAL
B32522C0155K000,4000,3.20758,EPCOS - TDK Electronics,CAP FILM 1.5UF 10% 63VDC RADIAL
B32642B1273J000,2000,3.21289,EPCOS - TDK Electronics,CAP FILM 0.027UF 5% 1.6KVDC RAD
B32562J8154K000,2000,3.21554,EPCOS - TDK Electronics,CAP FILM 0.15UF 10% 630VDC 2DIP
B32672L8223K000,2000,3.21554,EPCOS - TDK Electronics,CAP FILM 0.022UF 10% 2KVDC RAD
B32523Q3684K289,2720,3.21904,EPCOS - TDK Electronics,CAP FILM 0.68UF 10% 250VDC RAD
B32933A3224K000,2520,3.2305,EPCOS - TDK Electronics,CAP FILM 0.22UF 10% 305VAC RAD
B32522N6684J289,2560,3.24586,EPCOS - TDK Electronics,CAP FILM 0.68UF 5% 450VDC RADIAL
B32562H6684K189,2800,3.24641,EPCOS - TDK Electronics,CAP FILM 0.68UF 10% 400VDC 2DIP
B32682A1472K000,2000,3.25966,EPCOS - TDK Electronics,CAP FILM 4700PF 1.6KVDC RADIAL
B32522Q8224J289,2560,3.26659,EPCOS - TDK Electronics,CAP FILM 0.22UF 5% 630VDC RADIAL
B32562H6684K289,2560,3.27154,EPCOS - TDK Electronics,CAP FILM 0.68UF 10% 400VDC 2DIP
B32562J6684K289,2560,3.27154,EPCOS - TDK Electronics,CAP FILM 0.68UF 10% 400VDC 2DIP
B32523Q3105K189,2800,3.27287,EPCOS - TDK Electronics,CAP FILM 1UF 10% 250VDC RADIAL
B32522C0155K289,4680,3.27986,EPCOS - TDK Electronics,CAP FILM 1.5UF 10% 63VDC RADIAL
B32642B6823K,2000,3.28409,EPCOS - TDK Electronics,CAP FILM 0.082UF 10% 630VDC RAD
B32653A3334K000,2880,3.28559,EPCOS - TDK Electronics,CAP FILM 0.33UF 10% 250VDC RAD
B32653A4154K000,2880,3.28559,EPCOS - TDK Electronics,CAP FILM 0.15UF 10% 400VDC RAD
B32653A8152J000,2880,3.28559,EPCOS - TDK Electronics,CAP FILM 1500PF 5% 2KVDC RADIAL
B32563J6334J000,6800,3.28711,EPCOS - TDK Electronics,CAP FILM 0.33UF 5% 400VDC 2DIP
B32653A2222K000,2880,3.2934,EPCOS - TDK Electronics,CAP FILM 2200PF 10% 2KVDC RADIAL
B32523Q6684J000,2040,3.29436,EPCOS - TDK Electronics,CAP FILM 0.68UF 5% 400VDC RADIAL
B32522E6474J289,2560,3.30016,EPCOS - TDK Electronics,CAP FILM 0.47UF 5% 400VDC RADIAL
B32529C6223K289,1,3.31,EPCOS - TDK Electronics,CAP FILM 0.022UF 10% 400VDC RAD
B32672L8223J189,2800,3.31112,EPCOS - TDK Electronics,CAP FILM 0.022UF 5% 2KVDC RADIAL
B32562J8154J289,2400,3.31281,EPCOS - TDK Electronics,CAP FILM 0.15UF 5% 2DIP
B32642B4154J000,2000,3.31705,EPCOS - TDK Electronics,CAP FILM 0.15UF 5% 400VDC RAD
B32912B5333M000,4000,3.32145,EPCOS - TDK Electronics,33NF   20%   530VAC    MKP X1
B32932A3334M000,2000,3.33648,EPCOS - TDK Electronics,CAP FILM 0.33UF 20% 305VAC RAD
B32932A3334M189,2800,3.33755,EPCOS - TDK Electronics,CAP FILM 0.33UF 20% 305VAC RAD
B32562H6684K000,1200,3.33886,EPCOS - TDK Electronics,CAP FILM 0.68UF 10% 400VDC 2DIP
B32653A2102J000,2880,3.3423,EPCOS - TDK Electronics,CAP FILM 1000PF 5% 2KVDC RADIAL
B32653A2152J000,2880,3.3423,EPCOS - TDK Electronics,CAP FILM 1500PF 5% 2KVDC RADIAL
B32933A3334M000,2520,3.34716,EPCOS - TDK Electronics,CAP FILM 0.33UF 20% 305VAC RAD
B32653A2332K000,2880,3.35105,EPCOS - TDK Electronics,CAP FILM 3300PF 10% 2KVDC RADIAL
B32522C0155J000,4000,3.3536,EPCOS - TDK Electronics,CAP FILM 1.5UF 5% 63VDC RADIAL
B32522C6394K,2000,3.35558,EPCOS - TDK Electronics,CAP FILM 0.39UF 10% 400VDC RAD
B32682A1562J000,2000,3.36604,EPCOS - TDK Electronics,CAP FILM 5600PF 5% 1.6KVDC RAD
B32922H3474M189,2200,3.37014,EPCOS - TDK Electronics,CAP FILM 0.47UF 20% 630VDC RAD
B32653A3394K000,2880,3.37061,EPCOS - TDK Electronics,CAP FILM 0.39UF 10% 250VDC RAD
B32653A4224K000,2880,3.37061,EPCOS - TDK Electronics,CAP FILM 0.22UF 10% 400VDC RAD
B32523Q6684K189,2000,3.37067,EPCOS - TDK Electronics,CAP FILM 0.68UF 10% 400VDC RAD
B32523Q6684M189,2000,3.37067,EPCOS - TDK Electronics,CAP FILM 0.68UF 20% 400VDC RAD
B32563J6474K000,6640,3.37497,EPCOS - TDK Electronics,CAP FILM 0.47UF 10% 400VDC 2DIP
B32523Q6684M289,1920,3.38303,EPCOS - TDK Electronics,CAP FILM 0.68UF 20% 400VDC RAD
B32521C0155J000,4000,3.38407,EPCOS - TDK Electronics,CAP FILM 1.5UF 5% 63VDC RADIAL
B32653A0913J000,2520,3.39947,EPCOS - TDK Electronics,CAP FILM 0.091UF 5% 1KVDC RADIAL
B32653A0393J000,2880,3.39989,EPCOS - TDK Electronics,CAP FILM 0.039UF 5% 1KVDC RADIAL
B32653A7153J000,2880,3.39989,EPCOS - TDK Electronics,CAP FILM 0.015UF 5% 1.25KVDC RAD
B32523Q3105J189,2800,3.41094,EPCOS - TDK Electronics,CAP FILM 1UF 5% 250VDC RADIAL
B32682A1682K000,2000,3.41843,EPCOS - TDK Electronics,CAP FILM 6800PF 1.6KVDC RADIAL
B32682A7103K000,2000,3.41843,EPCOS - TDK Electronics,CAP FILM 10000PF 1.25KVDC RAD
B32523Q3105J289,2720,3.41936,EPCOS - TDK Electronics,CAP FILM 1UF 5% 250VDC RADIAL
B32562H6684J289,2560,3.41945,EPCOS - TDK Electronics,CAP FILM 0.68UF 5% 400VDC 2DIP
B32653A3274J000,2880,3.42232,EPCOS - TDK Electronics,CAP FILM 0.27UF 5% 250VDC RADIAL
B32529D0225M000,4000,3.42308,EPCOS - TDK Electronics,CAP FILM 2.2UF 20% 63VDC RADIAL
B32529D0225M289,4000,3.42308,EPCOS - TDK Electronics,CAP FILM 2.2UF 20% 63VDC RADIAL
B32653A3334J000,2880,3.4272,EPCOS - TDK Electronics,CAP FILM 0.33UF 5% 250VDC RADIAL
B32653A4154J000,2880,3.4272,EPCOS - TDK Electronics,CAP FILM 0.15UF 5% 400VDC RADIAL
B32653A1472J000,2880,3.4272,EPCOS - TDK Electronics,CAP FILM 4700PF 5% 1.6KVDC RAD
B32522C1155K189,4400,3.43182,EPCOS - TDK Electronics,CAP FILM 1.5UF 10% 100VDC RADIAL
B32653A8222J189,2800,3.43537,EPCOS - TDK Electronics,CAP FILM 2200PF 5% 2KVDC RADIAL
B32653A2222J000,2880,3.45643,EPCOS - TDK Electronics,CAP FILM 2200PF 5% 2KVDC RADIAL
B32653A2272J000,2880,3.45643,EPCOS - TDK Electronics,CAP FILM 2700PF 5% 2KVDC RADIAL
B32522C1155M289,3840,3.4601,EPCOS - TDK Electronics,CAP FILM 1.5UF 20% 100VDC RADIAL
B32653A3364J000,2880,3.46424,EPCOS - TDK Electronics,CAP FILM 0.36UF 5% 250VDC RADIAL
B32563J3684K000,7040,3.4742,EPCOS - TDK Electronics,CAP FILM 0.68UF 10% 250VDC 2DIP
B32653A1682K000,2880,3.48273,EPCOS - TDK Electronics,CAP FILM 6800PF 10% 1KVDC RADIAL
B32562J6684J000,1200,3.48378,EPCOS - TDK Electronics,CAP FILM 0.68UF 5% 400VDC 2DIP
B32643B8273J000,2520,3.48387,EPCOS - TDK Electronics,CAP FILM 0.027UF 5% 2KVDC RADIAL
B32529D0225M189,3200,3.48599,EPCOS - TDK Electronics,CAP FILM 2.2UF 20% 63VDC RADIAL
B32653A2102K189,2800,3.49101,EPCOS - TDK Electronics,CAP FILM 1000PF 10% 2KVDC RADIAL
B32652A4474J289,2560,3.4932,EPCOS - TDK Electronics,CAP FILM 0.47UF 5% 400VDC RADIAL
B32912B3154M289,3320,3.49561,EPCOS - TDK Electronics,CAP FILM 0.15UF 20% 760VDC RAD
B32653A2102K289,2720,3.49962,EPCOS - TDK Electronics,CAP FILM 1000PF 10% 2KVDC RADIAL
B32653A2152K289,2720,3.49962,EPCOS - TDK Electronics,CAP FILM 1500PF 10% 2KVDC RADIAL
B32572A3474K000,2000,3.50518,EPCOS - TDK Electronics,CAP FILM 0.47UF 10% 250VDC 2DIP
B32673P5684K000,2880,3.50998,EPCOS - TDK Electronics,CAP FILM 0.68UF 10% 520VDC RAD
B32653A2332J000,2880,3.51193,EPCOS - TDK Electronics,CAP FILM 3300PF 5% 2KVDC RADIAL
B32932A3334K289,2560,3.51287,EPCOS - TDK Electronics,CAP FILM 0.33UF 10% 305VAC RAD
B32683A0153K000,2880,3.51678,EPCOS - TDK Electronics,CAP FILM 0.015UF 10% 1KVDC RAD
B32523Q8224K000,2520,3.52056,EPCOS - TDK Electronics,CAP FILM 0.22UF 10% 630VDC RAD
B32523Q8224M000,2520,3.52056,EPCOS - TDK Electronics,CAP FILM 0.22UF 20% 630VDC RAD
B32653A4224J000,2880,3.52167,EPCOS - TDK Electronics,CAP FILM 0.22UF 5% 400VDC RADIAL
B32653A1562J000,2880,3.52167,EPCOS - TDK Electronics,CAP FILM 5600PF 5% 1.6KVDC RAD
B32653A3394J000,2880,3.52167,EPCOS - TDK Electronics,CAP FILM 0.39UF 5% 250VDC RADIAL
B32560J0155K000,2000,3.53122,EPCOS - TDK Electronics,CAP FILM 1.5UF 10% 63VDC 2DIP
B32923D3155K000,1040,3.54091,EPCOS - TDK Electronics,CAP FILM 1.5UF 10% 630VDC RADIAL
B32563J6474J000,6640,3.54139,EPCOS - TDK Electronics,CAP FILM 0.47UF 5% 400VDC 2DIP
B32522D8154K000,2000,3.55024,EPCOS - TDK Electronics,CAP FILM 0.15UF 10% 630VDC RAD
B32652A6334J000,1200,3.556,EPCOS - TDK Electronics,CAP FILM 0.33UF 5% 630VDC RADIAL
B32923H3564K000,2160,3.55678,EPCOS - TDK Electronics,CAP FILM 0.56UF 10% 630VDC RAD
B32523Q1155K000,2880,3.56348,EPCOS - TDK Electronics,CAP FILM 1.5UF 10% 100VDC RADIAL
B32022A3273K000,4000,3.57216,EPCOS - TDK Electronics,CAP FILM 0.027UF 10% 300VAC RAD
B32642B0473K,2000,3.57576,EPCOS - TDK Electronics,CAP FILM 0.047UF 10% 1KVDC RAD
B32643B0683J000,2520,3.57687,EPCOS - TDK Electronics,CAP FILM 0.068UF 5% 1KVDC RAD
B32653A1662J000,2880,3.57998,EPCOS - TDK Electronics,CAP FILM 6600PF 5% 1.6KVDC RAD
B32653A4334K000,2520,3.58048,EPCOS - TDK Electronics,CAP FILM 0.33UF 10% 400VDC RAD
B32653A1632J000,2880,3.58874,EPCOS - TDK Electronics,CAP FILM 6300PF 5% 1.6KVDC RAD
B32653A3414J000,2880,3.58874,EPCOS - TDK Electronics,CAP FILM 0.41UF 5% 250VDC RADIAL
B32653A4274J000,2880,3.58874,EPCOS - TDK Electronics,CAP FILM 0.27UF 5% 400VDC RADIAL
B32562J3155K189,2800,3.59143,EPCOS - TDK Electronics,CAP FILM 1.5UF 10% 250VDC 2DIP
B32642B6104K,2000,3.59924,EPCOS - TDK Electronics,CAP FILM 0.1UF 10% 630VDC RAD
B32522Q8334K000,1200,3.5999,EPCOS - TDK Electronics,CAP FILM 0.33UF 10% 630VDC RAD
B32652A0154J289,2120,3.73002,EPCOS - TDK Electronics,"0,15UF  5%  1000V WOUND  BOXED"
B32653A2222K289,2720,3.60603,EPCOS - TDK Electronics,CAP FILM 2200PF 10% 2KVDC RADIAL
B32522C6474K289,2560,3.61094,EPCOS - TDK Electronics,CAP FILM 0.47UF 10% 400VDC RAD
B32522C1155J289,3840,3.6133,EPCOS - TDK Electronics,CAP FILM 1.5UF 5% 100VDC RADIAL
B32653A6104J000,2880,3.61593,EPCOS - TDK Electronics,CAP FILM 0.1UF 5% 630VDC RADIAL
B32653A3434J000,2880,3.62564,EPCOS - TDK Electronics,CAP FILM 0.43UF 5% 250VDC RADIAL
B32683A2332K000,2880,3.63144,EPCOS - TDK Electronics,CAP FILM 3300PF 10% 2KVDC RADIAL
B32653A1682J000,2880,3.63434,EPCOS - TDK Electronics,CAP FILM 6800PF 5% 1.6KVDC RAD
B32653A1722J000,2880,3.63434,EPCOS - TDK Electronics,CAP FILM 7200PF 5% 1.6KVDC RAD
B32653A1752J000,2880,3.63434,EPCOS - TDK Electronics,CAP FILM 7500PF 5% 1.6KVDC RAD
B32653A3474K000,2520,3.63738,EPCOS - TDK Electronics,CAP FILM 0.47UF 10% 250VDC RAD
B32521C3473K289,1,3.64,EPCOS - TDK Electronics,CAP FILM 0.047UF 10% 250VDC RAD
B32922H3474K003,1200,3.765,EPCOS - TDK Electronics,0.47UF 10% 305VAC MKP SUPPRESSIO
B32522C0225K289,4680,3.63958,EPCOS - TDK Electronics,CAP FILM 2.2UF 10% 63VDC RADIAL
B32522C0225K189,5200,3.63959,EPCOS - TDK Electronics,CAP FILM 2.2UF 10% 63VDC RADIAL
B32522C0225M189,5200,3.63959,EPCOS - TDK Electronics,CAP FILM 2.2UF 20% 63VDC RADIAL
B32563J6684K000,3680,3.64283,EPCOS - TDK Electronics,CAP FILM 0.68UF 10% 400VDC 2DIP
B32923J3414K000,2160,3.77313,EPCOS - TDK Electronics,0.41UF  10% 305VAC MKP SUPPRESSI
B32682A0153K000,2000,3.64898,EPCOS - TDK Electronics,CAP FILM 0.015F 1KVDC RADIAL
B32653A2332K289,2720,3.65185,EPCOS - TDK Electronics,CAP FILM 3300PF 10% 2KVDC RADIAL
B32653A3444J000,2880,3.6528,EPCOS - TDK Electronics,CAP FILM 0.44UF 5% 250VDC RADIAL
B32653A2392J000,2880,3.65475,EPCOS - TDK Electronics,CAP FILM 3900PF 5% 2KVDC RADIAL
B32653A0473K189,2800,3.66142,EPCOS - TDK Electronics,CAP FILM 0.047UF 10% 1KVDC RAD
B32572A3474J000,2000,3.66515,EPCOS - TDK Electronics,CAP FILM 0.47UF 5% 250VDC 2DIP
B32653A4224K289,2720,3.67036,EPCOS - TDK Electronics,CAP FILM 0.22UF 10% 400VDC RAD
B32653A0473K289,2720,3.67036,EPCOS - TDK Electronics,CAP FILM 0.047UF 10% 1KVDC RAD
B32653A0683J000,2880,3.67121,EPCOS - TDK Electronics,CAP FILM 0.068UF 5% 1KVDC RADIAL
B32523Q8224J000,2520,3.68247,EPCOS - TDK Electronics,CAP FILM 0.22UF 5% 630VDC RADIAL
B32672Z6564J000,1200,3.68542,EPCOS - TDK Electronics,CAP FILM 0.56UF 5% 630VDC RADIAL
B32682A6223K000,4000,3.69122,EPCOS - TDK Electronics,CAP FILM 0.022F 630VDC RADIAL
B32522Q1155K000,4000,3.69438,EPCOS - TDK Electronics,CAP FILM 1.5UF 10% 100VDC RADIAL
B32672L1473J000,1200,3.70148,EPCOS - TDK Electronics,CAP FILM 0.047UF 5% 1.6KVDC RAD
B32653A3454J000,2880,3.71,EPCOS - TDK Electronics,CAP FILM 0.45UF 5% 250VDC RADIAL
B32653A3334J189,2800,3.71874,EPCOS - TDK Electronics,CAP FILM 0.33UF 5% 250VDC RADIAL
B32933A3334K289,2320,3.71947,EPCOS - TDK Electronics,CAP FILM 0.33UF 10% 305VAC RAD
B32529C8222K289,1,3.72,EPCOS - TDK Electronics,CAP FILM 2200PF 10% 630VDC RAD
B32521C6223K289,1,3.72,EPCOS - TDK Electronics,CAP FILM 0.022UF 10% 400VDC RAD
B32523Q1155J000,2880,3.72645,EPCOS - TDK Electronics,CAP FILM 1.5UF 5% 100VDC RADIAL
B32653A7223K289,2720,3.72779,EPCOS - TDK Electronics,CAP FILM 0.022UF 1.25KVDC RADIAL
B32653A4334J000,2520,3.73333,EPCOS - TDK Electronics,CAP FILM 0.33UF 5% 400VDC RADIAL
B32523Q8224K189,2400,3.744,EPCOS - TDK Electronics,CAP FILM 0.22UF 10% 630VDC RAD
B32562J3155J189,2800,3.74686,EPCOS - TDK Electronics,CAP FILM 1.5UF 5% 250VDC 2DIP
B32653A8332J000,2880,3.74776,EPCOS - TDK Electronics,CAP FILM 3300PF 5% 2KVDC RADIAL
B32523Q8224K289,2320,3.75494,EPCOS - TDK Electronics,CAP FILM 0.22UF 10% 630VDC RAD
B32522N6105K189,2200,3.7623,EPCOS - TDK Electronics,CAP FILM 1UF 10% 450VDC RADIAL
B32912A3154K189,2800,3.76239,EPCOS - TDK Electronics,CAP FILM 0.15UF 10% 760VDC RAD
B32653A6154J000,2880,3.76613,EPCOS - TDK Electronics,CAP FILM 0.15UF 5% 630VDC RADIAL
B32673Z5684K000,2160,3.76631,EPCOS - TDK Electronics,CAP FILM 0.68UF 10% 520VDC RAD
B32673P4105K000,2880,3.76711,EPCOS - TDK Electronics,CAP FILM 1UF 10% 450VDC RADIAL
B32912A3154K289,2720,3.77151,EPCOS - TDK Electronics,CAP FILM 0.15UF 10% 760VDC RAD
B32522N6105K289,2120,3.77446,EPCOS - TDK Electronics,CAP FILM 1UF 10% 450VDC RADIAL
B32653A2472K189,2800,3.77498,EPCOS - TDK Electronics,CAP FILM 4700PF 10% 2KVDC RADIAL
B32643B0683K000,2520,3.77815,EPCOS - TDK Electronics,68NF  10%  1000V  MMKP  WOUND BO
B32523Q3155M000,2520,3.78029,EPCOS - TDK Electronics,CAP FILM 1.5UF 20% 250VDC RADIAL
B32642B1333K000,2000,3.78055,EPCOS - TDK Electronics,CAP FILM 0.033UF 10% 1.6KVDC RAD
B32673P6684K000,2520,3.78908,EPCOS - TDK Electronics,CAP FILM 0.68UF 10% 630VDC RAD
B32933B3474M000,2160,3.79499,EPCOS - TDK Electronics,CAP FILM 0.47UF 20% 305VAC RAD
B32653A1912K000,2880,3.79513,EPCOS - TDK Electronics,CAP FILM 9100PF 10% 1.6KVDC RAD
B32683A7103J000,2880,3.80053,EPCOS - TDK Electronics,CAP FILM 10000PF 1.25KVDC RAD
B32642B0563J,2000,3.80461,EPCOS - TDK Electronics,CAP FILM 0.056UF 5% 1KVDC RADIAL
B32560J1155K289,5000,3.80497,EPCOS - TDK Electronics,CAP FILM 1.5UF 10% 100VDC 2DIP
B32560J1155K189,4000,3.80498,EPCOS - TDK Electronics,CAP FILM 1.5UF 10% 100VDC 2DIP
B32653A3474J000,2520,3.80861,EPCOS - TDK Electronics,CAP FILM 0.47UF 5% 250VDC RADIAL
B32653A3394J189,2800,3.81278,EPCOS - TDK Electronics,CAP FILM 0.39UF 5% 250VDC RADIAL
B32653A0473J189,2800,3.81278,EPCOS - TDK Electronics,CAP FILM 0.047UF 5% 1KVDC RADIAL
B32653A2332J289,2720,3.81328,EPCOS - TDK Electronics,CAP FILM 3300PF 5% 2KVDC RADIAL
B32653A0683K289,2720,3.81328,EPCOS - TDK Electronics,CAP FILM 0.068UF 10% 1KVDC RAD
B32563J6684J000,3680,3.81586,EPCOS - TDK Electronics,CAP FILM 0.68UF 5% 400VDC 2DIP
B32522C0225J189,5200,3.81635,EPCOS - TDK Electronics,CAP FILM 2.2UF 5% 63VDC RADIAL
B32652A0124J000,1200,3.8178,EPCOS - TDK Electronics,CAP FILM 0.12UF 5% 1KVDC RADIAL
B32653A0473J289,2720,3.82204,EPCOS - TDK Electronics,CAP FILM 0.047UF 5% 1KVDC RADIAL
B32653A1762J000,2880,3.82221,EPCOS - TDK Electronics,CAP FILM 7600PF 5% 1.6KVDC RAD
B32653A2562J000,2520,3.82715,EPCOS - TDK Electronics,CAP FILM 5600PF 5% 2KVDC RADIAL
B32642B8223J000,2000,3.82996,EPCOS - TDK Electronics,CAP FILM 0.022UF 5% 2KVDC RADIAL
B32522Q1155K289,3320,3.84572,EPCOS - TDK Electronics,CAP FILM 1.5UF 10% 100VDC RADIAL
B32653A1782J000,2880,3.85121,EPCOS - TDK Electronics,CAP FILM 7800PF 5% 1.6KVDC RAD
B32653A1792J000,2880,3.85121,EPCOS - TDK Electronics,CAP FILM 7900PF 5% 1.6KVDC RAD
B32672P5105J000,2000,3.86333,EPCOS - TDK Electronics,CAP FILM 1UF 5% 520VDC RADIAL
B32653A4394J000,2520,3.86521,EPCOS - TDK Electronics,CAP FILM 0.39UF 5% 400VDC RADIAL
B32562J3155J000,1200,3.87362,EPCOS - TDK Electronics,CAP FILM 1.5UF 5% 250VDC 2DIP
B32653A7223J189,2800,3.87861,EPCOS - TDK Electronics,CAP FILM 0.022UF 5% 1.25KVDC RAD
B32653A7333J000,2880,3.8792,EPCOS - TDK Electronics,CAP FILM 0.033UF 5% 1.25KVDC RAD
B32653A1822J000,2880,3.8792,EPCOS - TDK Electronics,CAP FILM 8200PF 5% 1.6KVDC RAD
B32672L8273J000,1200,3.88768,EPCOS - TDK Electronics,CAP FILM 0.027UF 5% 2KVDC RADIAL
B32653A1622J289,2720,3.88798,EPCOS - TDK Electronics,CAP FILM 6200PF 5% 1.6KVDC RAD
B32653A7223J289,2720,3.88798,EPCOS - TDK Electronics,CAP FILM 0.022UF 5% 1.25KVDC RAD
B32653A4334K289,2320,3.89249,EPCOS - TDK Electronics,CAP FILM 0.33UF 10% 400VDC RAD
B32653A3504J000,2520,3.89445,EPCOS - TDK Electronics,CAP FILM 0.5UF 5% 250VDC RADIAL
B32653A3564K000,2520,3.89445,EPCOS - TDK Electronics,CAP FILM 0.56UF 10% 250VDC RAD
B32643B0823J000,2520,3.8974,EPCOS - TDK Electronics,CAP FILM 0.08UF 5% 1KVDC RADIAL
B32653A6104J189,2800,3.90667,EPCOS - TDK Electronics,CAP FILM 0.1UF 5% 630VDC RADIAL
B32653A3514J000,2520,3.91299,EPCOS - TDK Electronics,CAP FILM 0.51UF 5% 250VDC RADIAL
B32523Q3185K000,2040,3.9132,EPCOS - TDK Electronics,CAP FILM 1.8UF 10% 250VDC RADIAL
B32653A4434J000,2520,3.92274,EPCOS - TDK Electronics,CAP FILM 0.43UF 5% 400VDC RADIAL
B32653A1682J189,2800,3.92501,EPCOS - TDK Electronics,CAP FILM 6800PF 5% 1.6KVDC RAD
B32653A1752J189,2800,3.92501,EPCOS - TDK Electronics,CAP FILM 7500PF 5% 1.6KVDC RAD
B32022A3393M000,2000,3.92787,EPCOS - TDK Electronics,CAP FILM 0.039UF 20% 300VAC RAD
B32923H3414M,2040,3.932,EPCOS - TDK Electronics,CAP FILM 0.41UF 20% 630VDC RAD
B32653A1682J289,2720,3.9345,EPCOS - TDK Electronics,CAP FILM 6800PF 5% 1.6KVDC RAD
B32653A1752J289,2720,3.9345,EPCOS - TDK Electronics,CAP FILM 7500PF 5% 1.6KVDC RAD
B32653A2472J289,2720,3.9345,EPCOS - TDK Electronics,CAP FILM 4700PF 5% 2KVDC RADIAL
B32653A3474K189,2400,3.93898,EPCOS - TDK Electronics,CAP FILM 0.47UF 10% 250VDC RAD
B32522C3155M000,2000,3.94077,EPCOS - TDK Electronics,CAP FILM 1.5UF 20% 250VDC RADIAL
B32912B3224M289,2720,3.94417,EPCOS - TDK Electronics,CAP FILM 0.22UF 20% 760VDC RAD
B32643B4224J000,2520,3.94692,EPCOS - TDK Electronics,CAP FILM 0.22UF 5% 400VDC RADIAL
B32523Q3155J000,2520,3.95099,EPCOS - TDK Electronics,CAP FILM 1.5UF 5% 250VDC RADIAL
B32653A1153K000,2520,3.95099,EPCOS - TDK Electronics,CAP FILM 0.015UF 10% 1.6KVDC RAD
B32520C0225K289,5200,3.9528,EPCOS - TDK Electronics,CAP FILM 2.2UF 10% 63VDC RADIAL
B32520C0225M289,5200,3.9528,EPCOS - TDK Electronics,CAP FILM 2.2UF 20% 63VDC RADIAL
B32529D5335M289,4000,3.959,EPCOS - TDK Electronics,CAP FILM 3.3UF 20% 50VDC RADIAL
B32529D5335M000,4000,3.959,EPCOS - TDK Electronics,CAP FILM 3.3UF 20% 50VDC RADIAL
B32522C3155M289,2560,3.96133,EPCOS - TDK Electronics,CAP FILM 1.5UF 20% 250VDC RADIAL
B32522C3155K289,2560,3.96133,EPCOS - TDK Electronics,CAP FILM 1.5UF 10% 250VDC RADIAL
B32653A1912J000,2880,3.96408,EPCOS - TDK Electronics,CAP FILM 9100PF 5% 1.6KVDC RAD
B32653A0683J289,2720,3.97226,EPCOS - TDK Electronics,CAP FILM 0.068UF 5% 630VDC RAD
B32683A3152K000,2880,3.9882,EPCOS - TDK Electronics,CAP FILM 1500PF 10% 2.5KVDC RAD
B32653A1952J000,2880,3.99105,EPCOS - TDK Electronics,CAP FILM 9500PF 5% 1.6KVDC RAD
B32671P4474J189,4400,3.99208,EPCOS - TDK Electronics,CAP FILM 0.47UF 5% 450VDC RADIAL
B32671P4474J000,4000,3.99208,EPCOS - TDK Electronics,CAP FILM 0.47UF 5% 450VDC RADIAL
B32653A8472K000,2040,3.99435,EPCOS - TDK Electronics,CAP FILM 4700PF 10% 2KVDC RADIAL
B32022A3393K000,2000,3.9963,EPCOS - TDK Electronics,CAP FILM 0.039UF 10% 300VAC RAD
B32022B3473M189,2800,3.9984,EPCOS - TDK Electronics,CAP FILM 0.047UF 20% 300VAC RAD
B32653A7333K189,2800,4.00032,EPCOS - TDK Electronics,CAP FILM 0.033UF 1.25KVDC RADIAL
B32529D5335M189,3200,4.00169,EPCOS - TDK Electronics,CAP FILM 3.3UF 20% 50VDC RADIAL
B32529D5335K189,3200,4.00169,EPCOS - TDK Electronics,CAP FILM 3.3UF 10% 50VDC RADIAL
B32523Q3155K189,2400,4.00345,EPCOS - TDK Electronics,CAP FILM 1.5UF 10% 250VDC RADIAL
B32520C0225M000,3000,4.01702,EPCOS - TDK Electronics,CAP FILM 2.2UF 20% 63VDC RADIAL
B32653A1103J000,2880,4.0199,EPCOS - TDK Electronics,CAP FILM 10000PF 5% 1.6KVDC RAD
B32933A3564M000,2160,4.0229,EPCOS - TDK Electronics,CAP FILM 0.56UF 20% 305VAC RAD
B32523Q6105K189,1600,4.0296,EPCOS - TDK Electronics,CAP FILM 1UF 10% 400VDC RADIAL
B32653A4334J189,2400,4.03274,EPCOS - TDK Electronics,CAP FILM 0.33UF 5% 400VDC RADIAL
B32562H3155J289,2640,4.03446,EPCOS - TDK Electronics,CAP FILM 1.5UF 5% 250VDC 2DIP
B32673Z4684K000,2520,4.03562,EPCOS - TDK Electronics,CAP FILM 0.68UF 10% 450VDC RAD
B32523Q6105K289,1560,4.03878,EPCOS - TDK Electronics,CAP FILM 1UF 10% 400VDC RADIAL
B32673Z6474J000,2040,4.04774,EPCOS - TDK Electronics,CAP FILM 0.47UF 5% 630VDC RADIAL
B32673Z6474K000,2040,4.04774,EPCOS - TDK Electronics,CAP FILM 0.47UF 10% 630VDC RAD
B32673Z6474K189,2000,4.05472,EPCOS - TDK Electronics,CAP FILM 0.47UF 10% 630VDC RAD
B32563J3105M000,4560,4.06134,EPCOS - TDK Electronics,CAP FILM 1UF 20% 2DIP
B32653A3564J000,2520,4.06477,EPCOS - TDK Electronics,CAP FILM 0.56UF 5% 250VDC RADIAL
B32653A1113J000,2880,4.06607,EPCOS - TDK Electronics,CAP FILM 0.011UF 5% 1.6KVDC RAD
B32653A1123J000,2880,4.06607,EPCOS - TDK Electronics,CAP FILM 0.012UF 5% 1.6KVDC RAD
B32563J3105K000,4560,4.07064,EPCOS - TDK Electronics,CAP FILM 1UF 10% 250VDC 2DIP
B32653A4444J000,2040,4.08134,EPCOS - TDK Electronics,CAP FILM 0.44UF 5% 400VDC RADIAL
B32643B6104J000,2880,4.09478,EPCOS - TDK Electronics,CAP FILM 0.1UF 5% 630VDC RADIAL
B32560J1155J000,1600,4.09509,EPCOS - TDK Electronics,CAP FILM 1.5UF 5% 100VDC 2DIP
B32522C3155J189,2800,4.10443,EPCOS - TDK Electronics,CAP FILM 1.5UF 5% 250VDC RADIAL
B32653A7393J000,2520,4.1068,EPCOS - TDK Electronics,CAP FILM 0.039UF 5% 1.25KVDC RAD
B32653A7473K000,2040,4.10895,EPCOS - TDK Electronics,CAP FILM 0.047UF 1.25KVDC RADIAL
B32653A3474J289,2320,4.11961,EPCOS - TDK Electronics,CAP FILM 0.47UF 5% 250VDC RADIAL
B32923J3684M000,2040,4.12569,EPCOS - TDK Electronics,CAP FILM 0.68UF 20% 630VDC RAD
B32653A1153J000,2520,4.12981,EPCOS - TDK Electronics,CAP FILM 0.015UF 5% 1.6KVDC RAD
B32523Q3185K189,2000,4.12985,EPCOS - TDK Electronics,CAP FILM 1.8UF 10% 250VDC RADIAL
B32653A0104K289,1920,4.13064,EPCOS - TDK Electronics,CAP FILM 0.1UF 10% 1KVDC RADIAL
B32653A2682J189,2000,4.13477,EPCOS - TDK Electronics,CAP FILM 6800PF 5% 2KVDC RADIAL
B32653A4474J000,2040,4.13858,EPCOS - TDK Electronics,CAP FILM 0.47UF 5% 400VDC RADIAL
B32023A3473M189,2800,4.14004,EPCOS - TDK Electronics,CAP FILM 0.047UF 20% 300VAC RAD
B32923C3155M289,1320,4.1418,EPCOS - TDK Electronics,CAP FILM 1.5UF 20% 630VDC RADIAL
B32682A6333K000,2000,4.14378,EPCOS - TDK Electronics,CAP FILM 0.033F 630VDC RADIAL
B32521C0225K000,4000,4.14506,EPCOS - TDK Electronics,CAP FILM 2.2UF 10% 63VDC RADIAL
B32562H3155J000,1200,4.14865,EPCOS - TDK Electronics,CAP FILM 1.5UF 5% 250VDC 2DIP
B32023A3473M289,2720,4.14996,EPCOS - TDK Electronics,CAP FILM 0.047UF 20% 300VAC RAD
B32653A6224K289,1920,4.1604,EPCOS - TDK Electronics,CAP FILM 0.22UF 10% 630VDC RAD
B32521C0225K289,3320,4.16105,EPCOS - TDK Electronics,CAP FILM 2.2UF 10% 63VDC RADIAL
B32933A3474K000,2040,4.16124,EPCOS - TDK Electronics,CAP FILM 0.47UF 10% 305VAC RAD
B32653A1822J189,2800,4.16792,EPCOS - TDK Electronics,CAP FILM 8200PF 5% 1.6KVDC RAD
B32683A2682K000,2520,4.17135,EPCOS - TDK Electronics,CAP FILM 6800PF 2KVDC RADIAL
B32620J0822J289,5200,4.17504,EPCOS - TDK Electronics,CAP FILM 8200PF 5% 1KVDC RADIAL
B32774H2474K000,2352,4.17706,EPCOS - TDK Electronics,CAP FILM 0.47UF 10% 1.4KVDC RAD
B32774H7334K000,2352,4.17706,EPCOS - TDK Electronics,CAP FILM 0.33UF 10% 1.6KVDC RAD
B32653A1822J289,2720,4.1779,EPCOS - TDK Electronics,CAP FILM 8200PF 5% 1.6KVDC RAD
B32653A7333J289,2720,4.1779,EPCOS - TDK Electronics,CAP FILM 0.033UF 5% 1.25KVDC RAD
B32653A8472J000,2040,4.18588,EPCOS - TDK Electronics,CAP FILM 4700PF 5% 2KVDC RADIAL
B32933A3474M189,2000,4.18811,EPCOS - TDK Electronics,CAP FILM 0.47UF 20% 305VAC RAD
B32933A3474M289,1920,4.20295,EPCOS - TDK Electronics,CAP FILM 0.47UF 20% 305VAC RAD
B32912A3224K189,2800,4.20449,EPCOS - TDK Electronics,CAP FILM 0.22UF 10% 760VDC RAD
B32529D5475M000,4000,4.21225,EPCOS - TDK Electronics,CAP FILM 4.7UF 20% 50VDC RADIAL
B32022B3473K289,2560,4.21248,EPCOS - TDK Electronics,CAP FILM 0.047UF 10% 300VAC RAD
B32653A2722J000,2040,4.2233,EPCOS - TDK Electronics,CAP FILM 7200PF 5% 2KVDC RADIAL
B32653A4514J000,2040,4.23311,EPCOS - TDK Electronics,CAP FILM 0.51UF 5% 400VDC RADIAL
B32529D5475M189,3200,4.2352,EPCOS - TDK Electronics,CAP FILM 4.7UF 20% 50VDC RADIAL
B32912A3224K289,2560,4.2357,EPCOS - TDK Electronics,CAP FILM 0.22UF 10% 760VDC RAD
B32653A2682K189,2000,4.24037,EPCOS - TDK Electronics,CAP FILM 6800PF 10% 2KVDC RADIAL
B32522E6684K000,2000,4.24335,EPCOS - TDK Electronics,CAP FILM 0.68UF 10% 400VDC RAD
B32022A3563M000,2000,4.24728,EPCOS - TDK Electronics,CAP FILM 0.056UF 20% 1.5KVDC RAD
B32652A6334J189,2200,4.2499,EPCOS - TDK Electronics,CAP FILM 0.33UF 5% 630VDC RADIAL
B32652A6334K189,2200,4.2499,EPCOS - TDK Electronics,CAP FILM 0.33UF 10% 630VDC RAD
B32653A1153K189,2400,4.25084,EPCOS - TDK Electronics,CAP FILM 0.015UF 10% 1.6KVDC RAD
B32933A3414K000,2040,4.25115,EPCOS - TDK Electronics,CAP FILM 0.41UF 10% 500VDC RAD
B32653A3684K000,2040,4.25184,EPCOS - TDK Electronics,CAP FILM 0.68UF 10% 250VDC RAD
B32653A1912J189,2800,4.25248,EPCOS - TDK Electronics,CAP FILM 9100PF 5% 1.6KVDC RAD
B32522E6684K289,2560,4.25796,EPCOS - TDK Electronics,CAP FILM 0.68UF 10% 400VDC RAD
B32653A1912J289,2720,4.26263,EPCOS - TDK Electronics,CAP FILM 9100PF 5% 1.6KVDC RAD
B32563J3105J000,4560,4.26911,EPCOS - TDK Electronics,CAP FILM 1UF 5% 250VDC 2DIP
B32642B6124K,2000,4.27192,EPCOS - TDK Electronics,CAP FILM 0.12UF 10% 630VDC RAD
B32653A4474K289,1920,4.27415,EPCOS - TDK Electronics,CAP FILM 0.47UF 10% 400VDC RAD
B32641B1183J000,2000,4.27572,EPCOS - TDK Electronics,CAP FILM 0.018UF 5% 1.6KVDC RAD
B32683A1103J000,2520,4.278,EPCOS - TDK Electronics,CAP FILM 10000PF 1.6KVDC RAD
B32653A3624J000,2040,4.28037,EPCOS - TDK Electronics,CAP FILM 0.62UF 5% 250VDC RADIAL
B32653A0104J189,2000,4.28767,EPCOS - TDK Electronics,CAP FILM 0.1UF 5% 1KVDC RADIAL
B32933B3474K289,1560,4.2937,EPCOS - TDK Electronics,CAP FILM 0.47UF 10% 305VAC RAD
B32653A2732J000,2040,4.2961,EPCOS - TDK Electronics,CAP FILM 7300PF 5% 2KVDC RADIAL
B32653A1183J000,2520,4.29933,EPCOS - TDK Electronics,CAP FILM 0.018UF 5% 1.6KVDC RAD
B32653A1103J189,2800,4.30818,EPCOS - TDK Electronics,CAP FILM 10000PF 5% 1.6KVDC RAD
B32682A1103J000,1200,4.31466,EPCOS - TDK Electronics,CAP FILM 10000PF 5% 1.6KVDC RAD
B32653A1103J289,2720,4.31842,EPCOS - TDK Electronics,CAP FILM 10000PF 5% 1.6KVDC RAD
B32529D5335J189,3200,4.32929,EPCOS - TDK Electronics,CAP FILM 3.3UF 5% 50VDC RADIAL
B32642B1473J000,2000,4.33741,EPCOS - TDK Electronics,CAP FILM 0.047UF 5% 1.6KVDC RAD
B32521C0225J289,3320,4.34455,EPCOS - TDK Electronics,CAP FILM 2.2UF 5% 63VDC RADIAL
B32653A2742J000,2040,4.34621,EPCOS - TDK Electronics,CAP FILM 7400PF 5% 2KVDC RADIAL
B32522D8224K000,2000,4.34771,EPCOS - TDK Electronics,CAP FILM 0.22UF 10% 630VDC RAD
B32653A4564J000,2160,4.3554,EPCOS - TDK Electronics,CAP FILM 0.56UF 5% 400VDC RADIAL
B32932B3394K000,1200,4.35938,EPCOS - TDK Electronics,CAP FILM 0.39UF 10% 500VDC RAD
B32933A3474K189,2000,4.36346,EPCOS - TDK Electronics,CAP FILM 0.47UF 10% 305VAC RAD
B32643B6154J000,2520,4.36453,EPCOS - TDK Electronics,CAP FILM 0.15UF 5% 630VDC RADIAL
B32523Q3225M000,2160,4.37102,EPCOS - TDK Electronics,CAP FILM 2.2UF 20% 250VDC RADIAL
B32642B0683K,2000,4.3738,EPCOS - TDK Electronics,CAP FILM 0.068UF 10% 1KVDC RAD
B32653A6334K000,2160,4.37393,EPCOS - TDK Electronics,CAP FILM 0.33UF 10% 630VDC RAD
B32653A3564J289,2320,4.37582,EPCOS - TDK Electronics,CAP FILM 0.56UF 5% 250VDC RADIAL
B32022A3683M189,2800,4.38582,EPCOS - TDK Electronics,CAP FILM 0.068UF 20% 300VAC RAD
B32653A7473K189,2000,4.40274,EPCOS - TDK Electronics,CAP FILM 0.047UF 1.25KVDC RADIAL
B32672P4105K289,3320,4.40555,EPCOS - TDK Electronics,CAP FILM 1UF 10% 450VDC RADIAL
B32672P4105J000,4000,4.40555,EPCOS - TDK Electronics,CAP FILM 1UF 5% 450VDC RADIAL
B32023A3473K000,2880,4.41029,EPCOS - TDK Electronics,CAP FILM 0.047UF 10% 300VAC RAD
B32523Q6155K000,2040,4.41394,EPCOS - TDK Electronics,CAP FILM 1.5UF 10% 400VDC RADIAL
B32653A2752J000,2040,4.41394,EPCOS - TDK Electronics,CAP FILM 7500PF 5% 2KVDC RADIAL
B32022A3683M289,2560,4.41818,EPCOS - TDK Electronics,CAP FILM 0.068UF 20% 300VAC RAD
B32653A4474J189,2000,4.43123,EPCOS - TDK Electronics,CAP FILM 0.47UF 5% 400VDC RADIAL
B32653A3684J000,2040,4.43356,EPCOS - TDK Electronics,CAP FILM 0.68UF 5% 250VDC RADIAL
B32673Z6105J000,2040,4.43453,EPCOS - TDK Electronics,CAP FILM 1UF 5% 630VDC RADIAL
B32673Z6105K000,2040,4.43453,EPCOS - TDK Electronics,CAP FILM 1UF 10% 630VDC RADIAL
B32653A1153J289,2320,4.44187,EPCOS - TDK Electronics,CAP FILM 0.015UF 5% 1.6KVDC RAD
B32560J0225K189,4800,4.44483,EPCOS - TDK Electronics,CAP FILM 2.2UF 10% 63VDC 2DIP
B32560J0225K289,6000,4.44483,EPCOS - TDK Electronics,CAP FILM 2.2UF 10% 63VDC 2DIP
B32022A3563K000,2000,4.445,EPCOS - TDK Electronics,CAP FILM 0.056UF 10% 1.5KVDC RAD
B32653A4474J289,1920,4.44681,EPCOS - TDK Electronics,CAP FILM 0.47UF 5% 400VDC RADIAL
B32562H6105M289,2160,4.44912,EPCOS - TDK Electronics,CAP FILM 1UF 20% 400VDC 2DIP
B32652A7563J000,1200,4.45076,EPCOS - TDK Electronics,CAP FILM 0.056UF 5% 1.25KVDC RAD
B32562H6105K289,2160,4.45988,EPCOS - TDK Electronics,CAP FILM 1UF 10% 400VDC 2DIP
B32642B6124J,2000,4.46365,EPCOS - TDK Electronics,CAP FILM 0.12UF 5% 630VDC RAD
B32673P5105K000,2520,4.46734,EPCOS - TDK Electronics,CAP FILM 1UF 10% 520VDC RADIAL
B32653A2772J000,2040,4.46786,EPCOS - TDK Electronics,CAP FILM 7700PF 5% 2KVDC RADIAL
B32683A6333K000,2880,4.47642,EPCOS - TDK Electronics,CAP FILM 0.033UF 630VDC RADIAL
B32652A6394K000,1200,4.47818,EPCOS - TDK Electronics,CAP FILM 0.39UF 10% 630VDC RAD
B32562H8154K000,2000,4.48916,EPCOS - TDK Electronics,CAP FILM 0.15UF 10% 630VDC 2DIP
B32562J6105K189,2000,4.48916,EPCOS - TDK Electronics,CAP FILM 1UF 10% 400VDC 2DIP
B32643B0104J000,2040,4.50998,EPCOS - TDK Electronics,CAP FILM 0.1UF 5% 1KVDC RADIAL
B32912B3334M289,2560,4.51063,EPCOS - TDK Electronics,CAP FILM 0.33UF 20% 760VDC RAD
B32933A3564K289,1560,4.5333,EPCOS - TDK Electronics,CAP FILM 0.56UF 10% 305VAC RAD
B32642B4224J000,2000,4.53774,EPCOS - TDK Electronics,CAP FILM 0.22UF 5% 400VDC RADIAL
B32653A3684K189,2000,4.54605,EPCOS - TDK Electronics,CAP FILM 0.68UF 10% 250VDC RAD
B32933A3684M000,2160,4.56807,EPCOS - TDK Electronics,CAP FILM 0.68UF 20% 305VAC RAD
B32683A3332K000,2040,4.57135,EPCOS - TDK Electronics,CAP FILM 3300PF 10% 2.5KVDC RAD
B32523Q8334K000,2160,4.58135,EPCOS - TDK Electronics,CAP FILM 0.33UF 10% 630VDC RAD
B32673Z6105K189,1400,4.58334,EPCOS - TDK Electronics,CAP FILM 1UF 10% 630VDC RADIAL
B32653A7473J189,2000,4.59306,EPCOS - TDK Electronics,CAP FILM 0.047UF 5% 1.25KVDC RAD
B32653A2822J000,2040,4.5951,EPCOS - TDK Electronics,CAP FILM 8200PF 5% 2KVDC RADIAL
B32653A7473J289,1920,4.6091,EPCOS - TDK Electronics,CAP FILM 0.047UF 5% 1.25KVDC RAD
B32523Q6155J000,2040,4.61367,EPCOS - TDK Electronics,CAP FILM 1.5UF 5% 400VDC RADIAL
B32653A3824K000,2160,4.61964,EPCOS - TDK Electronics,CAP FILM 0.82UF 10% 250VDC RAD
B32023A3563M289,2720,4.62129,EPCOS - TDK Electronics,CAP FILM 0.056UF 20% 300VAC RAD
B32653A4624J000,2160,4.62936,EPCOS - TDK Electronics,CAP FILM 0.62UF 5% 400VDC RADIAL
B32924C3684K189,1400,4.63066,EPCOS - TDK Electronics,CAP FILM 0.68UF 10% 630VDC RAD
B32924C3684M189,1400,4.64283,EPCOS - TDK Electronics,CAP FILM 0.68UF 20% 630VDC RAD
B32653A2852J000,2040,4.65177,EPCOS - TDK Electronics,CAP FILM 8500PF 5% 2KVDC RADIAL
B32653A3754J000,2040,4.65177,EPCOS - TDK Electronics,CAP FILM 0.75UF 5% 250VDC RADIAL
B32653A8562J000,2040,4.65177,EPCOS - TDK Electronics,CAP FILM 5600PF 5% 2KVDC RADIAL
B32673Z6684J000,2160,4.65953,EPCOS - TDK Electronics,CAP FILM 0.68UF 5% 630VDC RADIAL
B32673Z6684K000,2160,4.65953,EPCOS - TDK Electronics,CAP FILM 0.68UF 10% 630VDC RAD
B32653A1223J000,2040,4.66052,EPCOS - TDK Electronics,CAP FILM 0.022UF 5% 1.6KVDC RAD
B32562J6105J189,2000,4.67526,EPCOS - TDK Electronics,CAP FILM 1UF 5% 400VDC 2DIP
B32522C1225J189,3600,4.67638,EPCOS - TDK Electronics,CAP FILM 2.2UF 5% 100VDC RADIAL
B32522C1225J289,3320,4.67638,EPCOS - TDK Electronics,CAP FILM 2.2UF 5% 100VDC RADIAL
B32653A2912J000,2160,4.68675,EPCOS - TDK Electronics,CAP FILM 9100PF 5% 2KVDC RADIAL
B32523Q1225J000,2880,4.69515,EPCOS - TDK Electronics,CAP FILM 2.2UF 5% 100VDC RADIAL
B32523Q1225K189,2800,4.70296,EPCOS - TDK Electronics,CAP FILM 2.2UF 10% 100VDC RADIAL
B32562H6105J000,800,4.711,EPCOS - TDK Electronics,CAP FILM 1UF 5% 400VDC 2DIP
B32922C3223M289,1,4.71,EPCOS - TDK Electronics,CAP FILM 0.022UF 20% 630VDC RAD
B32653A3684J289,1920,4.7415,EPCOS - TDK Electronics,CAP FILM 0.68UF 5% 250VDC RADIAL
B32653A2922J000,2160,4.7518,EPCOS - TDK Electronics,CAP FILM 9200PF 5% 2KVDC RADIAL
B32653A3804J000,2160,4.7518,EPCOS - TDK Electronics,CAP FILM 0.8UF 5% 250VDC RADIAL
B32643B0104K000,2040,4.76434,EPCOS - TDK Electronics,0.1UF  10%  1000V  MMKP  WOUND B
B32653A4564J289,1560,4.76978,EPCOS - TDK Electronics,CAP FILM 0.56UF 5% 400VDC RADIAL
B32653A6334K189,1600,4.77902,EPCOS - TDK Electronics,CAP FILM 0.33UF 10% 630VDC RAD
B32653A7683K189,1600,4.77902,EPCOS - TDK Electronics,CAP FILM 0.068UF 1.25KVDC RADIAL
B32522C0335K000,4000,4.78698,EPCOS - TDK Electronics,CAP FILM 3.3UF 10% 63VDC RADIAL
B32673Z6684J289,1560,4.79167,EPCOS - TDK Electronics,CAP FILM 0.68UF 5% 630VDC RADIAL
B32642B4224K000,2000,4.79364,EPCOS - TDK Electronics,0.22UF  10%  400V MMKP WOUND BOX
B32563J3155K000,3680,4.79835,EPCOS - TDK Electronics,CAP FILM 1.5UF 10% 250VDC 2DIP
B32523Q8334J000,2160,4.80708,EPCOS - TDK Electronics,CAP FILM 0.33UF 5% 630VDC RADIAL
B32653A3824J000,2160,4.82649,EPCOS - TDK Electronics,CAP FILM 0.82UF 5% 250VDC RADIAL
B32673P4155K000,2520,4.83087,EPCOS - TDK Electronics,CAP FILM 1.5UF 10% 450VDC RADIAL
B32560J0225J000,2000,4.83246,EPCOS - TDK Electronics,CAP FILM 2.2UF 5% 63VDC 2DIP
B32562J6105M000,800,4.84394,EPCOS - TDK Electronics,CAP FILM 1UF 20% 400VDC 2DIP
B32653A0154J289,1560,4.84638,EPCOS - TDK Electronics,CAP FILM 0.15UF 5% 1KVDC RADIAL
B32683A0223J000,2520,4.8519,EPCOS - TDK Electronics,CAP FILM 0.022UF 5% 1KVDC RADIAL
B32653A7683J000,2160,4.86428,EPCOS - TDK Electronics,CAP FILM 0.068UF 5% 1.25KVDC RAD
B32653A6364J000,2160,4.86428,EPCOS - TDK Electronics,CAP FILM 0.36UF 5% 630VDC RADIAL
B32653A8682K000,2160,4.86428,EPCOS - TDK Electronics,CAP FILM 6800PF 10% 2KVDC RADIAL
B32562H6105M000,800,4.86823,EPCOS - TDK Electronics,CAP FILM 1UF 20% 400VDC 2DIP
B32562J1225K189,5200,4.87381,EPCOS - TDK Electronics,CAP FILM 2.2UF 10% 100VDC 2DIP
B32522C0335K189,4400,4.89655,EPCOS - TDK Electronics,CAP FILM 3.3UF 10% 63VDC RADIAL
B32522C0335K289,3840,4.89655,EPCOS - TDK Electronics,CAP FILM 3.3UF 10% 63VDC RADIAL
B32523Q1225J189,2800,4.90644,EPCOS - TDK Electronics,CAP FILM 2.2UF 5% 100VDC RADIAL
B32523Q3225J289,1560,4.90999,EPCOS - TDK Electronics,CAP FILM 2.2UF 5% 250VDC RADIAL
B32522Q1225K189,2800,4.91312,EPCOS - TDK Electronics,CAP FILM 2.2UF 10% 100VDC RADIAL
B32562J6105J000,800,4.9134,EPCOS - TDK Electronics,CAP FILM 1UF 5% 400VDC 2DIP
B32673Z5105K189,1600,4.92291,EPCOS - TDK Electronics,CAP FILM 1UF 10% 520VDC RADIAL
B32563J6105K000,3400,4.93066,EPCOS - TDK Electronics,CAP FILM 1UF 10% 400VDC 2DIP
B32913A5473K000,2880,4.93333,EPCOS - TDK Electronics,CAP FILM 0.047UF 10% 530VAC RAD
B32653A0154K289,1560,4.93379,EPCOS - TDK Electronics,CAP FILM 0.15UF 10% 1KVDC RADIAL
B32682A6473K000,2000,4.93451,EPCOS - TDK Electronics,CAP FILM 0.047UF 630VDC RADIAL
B32562J1225J000,3200,4.941,EPCOS - TDK Electronics,CAP FILM 2.2UF 5% 100VDC 2DIP
B32562J8224M000,1400,4.94301,EPCOS - TDK Electronics,CAP FILM 0.22UF 20% 2DIP
B32562H8224K000,1400,4.95204,EPCOS - TDK Electronics,CAP FILM 0.22UF 10% 630VDC 2DIP
B32562J8224K000,1400,4.95204,EPCOS - TDK Electronics,CAP FILM 0.22UF 10% 630VDC 2DIP
B32653A1223J189,2000,4.95225,EPCOS - TDK Electronics,CAP FILM 0.022UF 5% 1.6KVDC RAD
B32023A3683K189,2400,4.95268,EPCOS - TDK Electronics,CAP FILM 0.068UF 10% 300VAC RAD
B32653A3754J289,1920,4.96059,EPCOS - TDK Electronics,CAP FILM 0.75UF 5% 250VDC RADIAL
B32653A1223J289,1920,4.96934,EPCOS - TDK Electronics,CAP FILM 0.022UF 5% 1.6KVDC RAD
B32683A6473K000,2520,4.97306,EPCOS - TDK Electronics,CAP FILM 0.047UF 630VDC RADIAL
B32023B3683M000,2280,4.97357,EPCOS - TDK Electronics,CAP FILM 0.068UF 20% 1.5KVDC RAD
B32913A3154M000,2880,4.98131,EPCOS - TDK Electronics,CAP FILM 0.15UF 20% 760VDC RAD
B32912A5473K189,3000,4.98543,EPCOS - TDK Electronics,CAP FILM 0.047UF 10% 530VAC RAD
B32673Z6125K000,1800,4.99594,EPCOS - TDK Electronics,CAP FILM 1.2UF 10% 630VDC RADIAL
B32563J3155J000,3680,5.02783,EPCOS - TDK Electronics,CAP FILM 1.5UF 5% 250VDC 2DIP
B32023B3683M189,2000,5.02812,EPCOS - TDK Electronics,CAP FILM 0.068UF 20% 300VAC RAD
B32924C3824K189,1400,5.02907,EPCOS - TDK Electronics,CAP FILM 0.82UF 10% 630VDC RAD
B32523Q8474M000,2160,5.04123,EPCOS - TDK Electronics,CAP FILM 0.47UF 20% 630VDC RAD
B32653A3105K000,2160,5.06255,EPCOS - TDK Electronics,CAP FILM 1UF 10% 250VDC RADIAL
B32913A3154K000,2880,5.06504,EPCOS - TDK Electronics,CAP FILM 0.15UF 10% 760VDC RAD
B32653A4684K189,1600,5.06742,EPCOS - TDK Electronics,CAP FILM 0.68UF 10% 400VDC RAD
B32642B0823K,1200,5.06924,EPCOS - TDK Electronics,CAP FILM 0.082UF 10% 1KVDC RAD
B32924C3824K000,1280,5.06943,EPCOS - TDK Electronics,CAP FILM 0.82UF 10% 630VDC RAD
B32924C3824M000,1280,5.06943,EPCOS - TDK Electronics,CAP FILM 0.82UF 20% 630VDC RAD
B32653A4684K289,1560,5.07856,EPCOS - TDK Electronics,CAP FILM 0.68UF 10% 400VDC RAD
B32673P5155K000,2160,5.08093,EPCOS - TDK Electronics,CAP FILM 1.5UF 10% 520VDC RADIAL
B32912A5473K000,2000,5.08253,EPCOS - TDK Electronics,CAP FILM 0.047UF 10% 530VAC RAD
B32653A8682J000,2160,5.09923,EPCOS - TDK Electronics,CAP FILM 6800PF 5% 2KVDC RADIAL
B32653A3904J000,2160,5.09923,EPCOS - TDK Electronics,CAP FILM 0.9UF 5% 250VDC RADIAL
B32933A3684K289,1560,5.10035,EPCOS - TDK Electronics,CAP FILM 0.68UF 10% 305VAC RAD
B32562J3185K000,1000,5.10581,EPCOS - TDK Electronics,CAP FILM 1.8UF 10% 250VDC 2DIP
B32653A2912J289,1560,5.10729,EPCOS - TDK Electronics,CAP FILM 9100PF 5% 2KVDC RADIAL
B32562J1225J289,4760,5.10743,EPCOS - TDK Electronics,CAP FILM 2.2UF 5% 100VDC 2DIP
B32522C0335J289,3840,5.13533,EPCOS - TDK Electronics,CAP FILM 3.3UF 5% 63VDC RADIAL
B32522Q1225J000,2000,5.15113,EPCOS - TDK Electronics,CAP FILM 2.2UF 5% 100VDC RADIAL
B32563J6105J000,3400,5.18393,EPCOS - TDK Electronics,CAP FILM 1UF 5% 400VDC 2DIP
B32562J3225K189,2400,5.19022,EPCOS - TDK Electronics,CAP FILM 2.2UF 10% 250VDC 2DIP
B32523R0335K000,2880,5.19218,EPCOS - TDK Electronics,CAP FILM 3.3UF 10% 63VDC RADIAL
B32683A1223K000,2160,5.2078,EPCOS - TDK Electronics,CAP FILM 0.022UF 1.6KVDC RAD
B32672Z5105K189,2200,5.21288,EPCOS - TDK Electronics,CAP FILM 1UF 10% 520VDC RADIAL
B32653A0104J289,1920,5.2138,EPCOS - TDK Electronics,CAP FILM 0.1UF 5% 1KVDC RADIAL
B32562J3225J000,2680,5.21448,EPCOS - TDK Electronics,CAP FILM 2.2UF 5% 250VDC 2DIP
B32673P5155K289,1560,5.22296,EPCOS - TDK Electronics,CAP FILM 1.5UF 10% 520VDC RADIAL
B32672Z5105K289,2120,5.22879,EPCOS - TDK Electronics,CAP FILM 1UF 10% 520VDC RADIAL
B32643B0124J000,2160,5.23736,EPCOS - TDK Electronics,CAP FILM 0.12UF 5% 1KVDC RADIAL
B32653A1333K000,2160,5.24961,EPCOS - TDK Electronics,CAP FILM 0.033UF 10% 1.6KVDC RAD
B32522C1275K289,2720,5.25834,EPCOS - TDK Electronics,CAP FILM 2.7UF 10% 100VDC RADIAL
B32653A4684J189,1600,5.27762,EPCOS - TDK Electronics,CAP FILM 0.68UF 5% 400VDC RADIAL
B32653A7683J189,1600,5.27762,EPCOS - TDK Electronics,CAP FILM 0.068UF 5% 1.25KVDC RAD
B32023A3823K000,2040,5.27932,EPCOS - TDK Electronics,CAP FILM 0.082UF 10% 300VAC RAD
B32522C1275K000,2000,5.28708,EPCOS - TDK Electronics,CAP FILM 2.7UF 10% 100VDC RADIAL
B32653A4684J289,1560,5.28911,EPCOS - TDK Electronics,CAP FILM 0.68UF 5% 400VDC RADIAL
B32523Q8474J000,2160,5.29008,EPCOS - TDK Electronics,CAP FILM 0.47UF 5% 630VDC RADIAL
B32642B0823J,1200,5.3032,EPCOS - TDK Electronics,CAP FILM 0.082UF 5% 1KVDC RADIAL
B32653A2113J000,2160,5.30451,EPCOS - TDK Electronics,CAP FILM 0.011UF 5% 2KVDC RADIAL
B32653A4824J000,2160,5.30451,EPCOS - TDK Electronics,CAP FILM 0.82UF 5% 400VDC RADIAL
B32521C0335K000,4000,5.34207,EPCOS - TDK Electronics,CAP FILM 3.3UF 10% 63VDC RADIAL
B32642B6154K,1200,5.3493,EPCOS - TDK Electronics,CAP FILM 0.15UF 10% 630VDC RAD
B32912A5683K000,2000,5.39057,EPCOS - TDK Electronics,CAP FILM 0.068UF 10% 530VAC RAD
B32523Q8474M189,1600,5.39664,EPCOS - TDK Electronics,CAP FILM 0.47UF 20% 630VDC RAD
B32523Q8474K289,1560,5.40844,EPCOS - TDK Electronics,CAP FILM 0.47UF 10% 630VDC RAD
B32673P6155J000,2160,5.42817,EPCOS - TDK Electronics,CAP FILM 1.5UF 5% 630VDC RADIAL
B32562H8334K000,1000,5.43468,EPCOS - TDK Electronics,CAP FILM 0.33UF 10% 630VDC 2DIP
B32562J8334K000,1000,5.43468,EPCOS - TDK Electronics,CAP FILM 0.33UF 10% 630VDC 2DIP
B32562H8334J000,1000,5.43468,EPCOS - TDK Electronics,CAP FILM 0.33UF 5% 630VDC 2DIP
B32642B4334J000,1200,5.44482,EPCOS - TDK Electronics,CAP FILM 0.33UF 5% 400VDC RADIAL
B32673P6155K000,2160,5.44766,EPCOS - TDK Electronics,CAP FILM 1.5UF 10% 630VDC RADIAL
B32913A3154M189,2800,5.45164,EPCOS - TDK Electronics,CAP FILM 0.15UF 20% 760VDC RAD
B32913A3154M289,2720,5.45164,EPCOS - TDK Electronics,CAP FILM 0.15UF 20% 760VDC RAD
B32562H3225J289,2160,5.4707,EPCOS - TDK Electronics,CAP FILM 2.2UF 5% 250VDC 2DIP
B32653A1333J000,2160,5.48127,EPCOS - TDK Electronics,CAP FILM 0.033UF 5% 1.6KVDC RAD
B32653A6484J000,2040,5.48779,EPCOS - TDK Electronics,CAP FILM 0.48UF 5% 630VDC RADIAL
B32653A3105K189,1600,5.48803,EPCOS - TDK Electronics,CAP FILM 1UF 10% 250VDC RADIAL
B32524N6684K000,1280,5.67995,EPCOS - TDK Electronics,0.68UF  10%  400V  MKT  WOUND  B
B32912A4823M189,2200,5.4922,EPCOS - TDK Electronics,CAP FILM 0.082UF 20% 440VAC RAD
B32022A3823M189,2200,5.49415,EPCOS - TDK Electronics,CAP FILM 0.082UF 20% 300VAC RAD
B32653A3904J189,1600,5.50668,EPCOS - TDK Electronics,CAP FILM 0.9UF 5% 250VDC RADIAL
B32523Q335K,2880,5.51263,EPCOS - TDK Electronics,CAP FILM 3.3UF 10% 63VDC RADIAL
B32572J3684K000,2000,5.5161,EPCOS - TDK Electronics,CAP FILM 0.68UF 10% 250VDC 2DIP
B32653A0174J000,2160,5.51867,EPCOS - TDK Electronics,CAP FILM 0.017UF 5% 1KVDC RADIAL
B32523Q3305K000,2160,5.56182,EPCOS - TDK Electronics,CAP FILM 3UF 10% 250VDC RADIAL
B32572A3684K000,1800,5.5647,EPCOS - TDK Electronics,CAP FILM 0.68UF 10% 250VDC 2DIP
B32642B6154J,1200,5.5896,EPCOS - TDK Electronics,CAP FILM 0.15UF 5% 630VDC RAD
B32522C1335K289,2720,5.59532,EPCOS - TDK Electronics,CAP FILM 3.3UF 10% 100VDC RADIAL
B32522C1335M000,2000,5.60185,EPCOS - TDK Electronics,CAP FILM 3.3UF 20% 100VDC RADIAL
B32643B4334J000,2040,5.60762,EPCOS - TDK Electronics,CAP FILM 0.33UF 5% 400VDC RADIAL
B32523Q1335M000,2880,5.60772,EPCOS - TDK Electronics,CAP FILM 3.3UF 20% 100VDC RADIAL
B32653A2123J000,2160,5.61163,EPCOS - TDK Electronics,CAP FILM 0.012UF 5% 2KVDC RADIAL
B32653A7563J000,2040,5.61678,EPCOS - TDK Electronics,CAP FILM 0.056UF 5% 1.25KVDC RAD
B32653A1333J189,1600,5.62044,EPCOS - TDK Electronics,CAP FILM 0.033UF 5% 1.6KVDC RAD
B32529C3154K289,1,5.62,EPCOS - TDK Electronics,CAP FILM 0.15UF 10% 250VDC RAD
B32653A3125J000,2160,5.62985,EPCOS - TDK Electronics,CAP FILM 1.2UF 5% 250VDC RADIAL
B32653A8103K000,2160,5.64038,EPCOS - TDK Electronics,CAP FILM 10000PF 10% 2KVDC RAD
B81141C1103M189,5200,5.64931,EPCOS - TDK Electronics,CAP FILM 10000PF 20% 440VAC RAD
B32924H3684K000,1280,5.66632,EPCOS - TDK Electronics,CAP FILM 0.68UF 10% 630VDC RAD
B32671P4105K189,3200,5.66664,EPCOS - TDK Electronics,CAP FILM 1UF 10% 450VDC RADIAL
B32671P4105K289,2960,5.66664,EPCOS - TDK Electronics,CAP FILM 1UF 10% 450VDC RADIAL
B32653A6564K000,2040,5.6668,EPCOS - TDK Electronics,CAP FILM 0.56UF 10% 630VDC RAD
B32653A6564J000,2040,5.6668,EPCOS - TDK Electronics,CAP FILM 0.56UF 5% 630VDC RADIAL
B32560J1225J000,1200,5.6869,EPCOS - TDK Electronics,CAP FILM 2.2UF 5% 100VDC 2DIP
B32563J3225J000,2960,5.7235,EPCOS - TDK Electronics,CAP FILM 2.2UF 5% 250VDC 2DIP
B32653A2113J189,1600,5.72525,EPCOS - TDK Electronics,CAP FILM 0.011UF 5% 2KVDC RADIAL
B32653A3105J289,1560,5.72781,EPCOS - TDK Electronics,CAP FILM 1UF 5% 250VDC RADIAL
B32653A0224K189,1400,5.76257,EPCOS - TDK Electronics,CAP FILM 0.22UF 10% 1KVDC RADIAL
B32643B6224J000,2160,5.76928,EPCOS - TDK Electronics,CAP FILM 0.22UF 5% 630VDC RADIAL
B32564J3155J000,3880,5.78035,EPCOS - TDK Electronics,CAP FILM 1.5UF 5% 250VDC 2DIP
B32922X2394K000,1,5.79,EPCOS - TDK Electronics,"FILM CAP MKP X2 - COMPACT, 0.39U"
B32523Q335J,2880,5.78862,EPCOS - TDK Electronics,CAP FILM 3.3UF 5% 63VDC RADIAL
B32564J3225K000,3680,5.80102,EPCOS - TDK Electronics,CAP FILM 2.2UF 10% 250VDC 2DIP
B32673Z4155K000,2040,5.80605,EPCOS - TDK Electronics,CAP FILM 1.5UF 10% 450VDC RADIAL
B32914A5224M000,1280,5.81181,EPCOS - TDK Electronics,CAP FILM 0.22UF 20% 1KVDC RADIAL
B32572A3684J000,1800,5.81402,EPCOS - TDK Electronics,CAP FILM 0.68UF 5% 250VDC 2DIP
B32620A4223K189,1,5.87,EPCOS - TDK Electronics,CAP FILM 0.022UF 10% 400VDC RAD
B32683A6683K000,2040,5.87755,EPCOS - TDK Electronics,CAP FILM 0.068UF 630VDC RADIAL
B32933A3824M000,1800,5.90113,EPCOS - TDK Electronics,CAP FILM 0.82UF 20% 305VAC RAD
B32564J6105K000,3000,5.95505,EPCOS - TDK Electronics,CAP FILM 1UF 10% 420VDC 2DIP
B32924D3225M000,960,5.9634,EPCOS - TDK Electronics,CAP FILM 2.2UF 20% 630VDC RADIAL
B32653A4105K289,1480,5.96395,EPCOS - TDK Electronics,CAP FILM 1UF 10% 400VDC RADIAL
B32653A7104K289,1480,5.96395,EPCOS - TDK Electronics,CAP FILM 0.1UF 10% 1.25KVDC RAD
B32520C0335K000,3000,5.98295,EPCOS - TDK Electronics,CAP FILM 3.3UF 10% 63VDC RADIAL
B32674Z6105K000,1280,5.99096,EPCOS - TDK Electronics,CAP FILM 1UF 10% 630VDC RADIAL
B32653A7104K189,1400,5.99246,EPCOS - TDK Electronics,CAP FILM 0.1UF 10% 1.25KVDC RAD
B32523Q3335M000,2040,6.01011,EPCOS - TDK Electronics,CAP FILM 3.3UF 20% 250VDC RADIAL
B32523Q1335K189,2800,6.03257,EPCOS - TDK Electronics,CAP FILM 3.3UF 10% 100VDC RADIAL
B32523Q1335K289,2720,6.03257,EPCOS - TDK Electronics,CAP FILM 3.3UF 10% 100VDC RADIAL
B32524Q3155K000,1280,6.04123,EPCOS - TDK Electronics,CAP FILM 1.5UF 10% 250VDC RADIAL
B32683A2153J000,2160,6.09003,EPCOS - TDK Electronics,CAP FILM 0.015UF 2KVDC RADIAL
B32523Q8684J000,1800,6.10203,EPCOS - TDK Electronics,CAP FILM 0.68UF 5% 630VDC RADIAL
B32564J3225J000,3680,6.11009,EPCOS - TDK Electronics,CAP FILM 2.2UF 5% 250VDC 2DIP
B32642B0104J000,1200,6.11788,EPCOS - TDK Electronics,0.1UF  5%  1000V  MMKP WOUND BOX
B32563J1225K000,7600,6.12146,EPCOS - TDK Electronics,CAP FILM 2.2UF 10% 100VDC 2DIP
B32524Q8334K000,1280,6.12741,EPCOS - TDK Electronics,CAP FILM 0.33UF 10% 630VDC RAD
B32522Q1335K189,2800,6.14214,EPCOS - TDK Electronics,CAP FILM 3.3UF 10% 100VDC RADIAL
B32522Q1335K289,2560,6.14214,EPCOS - TDK Electronics,CAP FILM 3.3UF 10% 100VDC RADIAL
B32643B1104J000,2160,6.14317,EPCOS - TDK Electronics,CAP FILM 0.1UF 5% 1.6KVDC RADIAL
B32524Q8474M000,1280,6.15616,EPCOS - TDK Electronics,CAP FILM 0.47UF 20% 630VDC RAD
B32913A3224K189,2400,6.15661,EPCOS - TDK Electronics,CAP FILM 0.22UF 10% 760VDC RAD
B32643B0154J000,2160,6.19252,EPCOS - TDK Electronics,CAP FILM 0.15UF 5% 1KVDC RADIAL
B32653A4105J289,1480,6.22059,EPCOS - TDK Electronics,CAP FILM 1UF 5% 400VDC RADIAL
B32653A7104J289,1480,6.22059,EPCOS - TDK Electronics,CAP FILM 0.1UF 5% 1.25KVDC RAD
B32524Q8334J000,1280,6.22638,EPCOS - TDK Electronics,CAP FILM 0.33UF 5% 630VDC RADIAL
B32524Q8474J000,1280,6.22638,EPCOS - TDK Electronics,CAP FILM 0.47UF 5% 630VDC RADIAL
B32643B1104K000,2160,6.45998,EPCOS - TDK Electronics,0.1UF  10%  1600V  MMKP  WOUND B
B32653A7104J189,1400,6.25011,EPCOS - TDK Electronics,CAP FILM 0.1UF 5% 1.25KVDC RAD
B32522Q1335K000,2000,6.25316,EPCOS - TDK Electronics,CAP FILM 3.3UF 10% 100VDC RADIAL
B32520C0335J000,3000,6.2817,EPCOS - TDK Electronics,CAP FILM 3.3UF 5% 63VDC RADIAL
B32522C0475M000,4000,6.29616,EPCOS - TDK Electronics,CAP FILM 4.7UF 20% 63VDC RADIAL
B32654A4824J000,1280,6.30746,EPCOS - TDK Electronics,CAP FILM 0.82UF 5% 400VDC RADIAL
B32524Q3225M000,1280,6.31831,EPCOS - TDK Electronics,CAP FILM 2.2UF 20% 250VDC RADIAL
B32653A1473J000,2040,6.34324,EPCOS - TDK Electronics,CAP FILM 0.047UF 5% 1.6KVDC RAD
B32673P4225K189,2000,6.34673,EPCOS - TDK Electronics,CAP FILM 2.2UF 10% 450VDC RADIAL
B32673Z6155K000,1040,6.35834,EPCOS - TDK Electronics,CAP FILM 1.5UF 10% 630VDC RADIAL
B32654A1473K189,1400,6.36388,EPCOS - TDK Electronics,CAP FILM 0.047UF 10% 1.6KVDC RAD
B32673P4225K289,1920,6.36774,EPCOS - TDK Electronics,CAP FILM 2.2UF 10% 450VDC RADIAL
B32523Q3335K289,1480,6.37977,EPCOS - TDK Electronics,CAP FILM 3.3UF 10% 250VDC RADIAL
B32683A6104K000,2160,6.3823,EPCOS - TDK Electronics,CAP FILM 0.1UF 630VDC RADIAL
B32934A3474M000,1280,6.38938,EPCOS - TDK Electronics,CAP FILM 0.47UF 20% 305VAC RAD
B32522C0475M189,3600,6.40469,EPCOS - TDK Electronics,CAP FILM 4.7UF 20% 63VDC RADIAL
B32523Q3335K189,1400,6.40995,EPCOS - TDK Electronics,CAP FILM 3.3UF 10% 250VDC RADIAL
B32524Q3155K189,1400,6.40995,EPCOS - TDK Electronics,CAP FILM 1.5UF 10% 250VDC RADIAL
B32524Q6105K189,1400,6.40995,EPCOS - TDK Electronics,CAP FILM 1UF 10% 400VDC RADIAL
B81141C1223M189,3600,6.41007,EPCOS - TDK Electronics,CAP FILM 0.022UF 20% 440VAC RAD
B32654A1473K000,1280,6.41309,EPCOS - TDK Electronics,CAP FILM 0.047UF 10% 1.6KVDC RAD
B32563J1225J000,7600,6.41813,EPCOS - TDK Electronics,CAP FILM 2.2UF 5% 100VDC 2DIP
B32523R0475K000,2880,6.4388,EPCOS - TDK Electronics,CAP FILM 4.7UF 10% 63VDC RADIAL
B32672P4155J289,2560,6.44397,EPCOS - TDK Electronics,CAP FILM 1.5UF 5% 450VDC RADIAL
B32524Q6155M000,1280,6.45941,EPCOS - TDK Electronics,CAP FILM 1.5UF 20% 400VDC RADIAL
B32684A2153K000,1280,6.46865,EPCOS - TDK Electronics,CAP FILM 0.015UF 2KVDC RADIAL
B32924D3225K000,960,6.50005,EPCOS - TDK Electronics,CAP FILM 2.2UF 10% 630VDC RADIAL
B32524Q8474K189,1400,6.52348,EPCOS - TDK Electronics,CAP FILM 0.47UF 10% 630VDC RAD
B32933B3824K000,2040,6.52885,EPCOS - TDK Electronics,CAP FILM 0.82UF 10% 500VDC RAD
B32524Q8684K000,1280,6.53132,EPCOS - TDK Electronics,CAP FILM 0.68UF 10% 630VDC RAD
B32653A1473K189,1400,6.54403,EPCOS - TDK Electronics,CAP FILM 0.047UF 10% 1.6KVDC RAD
B32914A5224K000,1280,6.54611,EPCOS - TDK Electronics,CAP FILM 0.22UF 10% 530VAC RAD
B32654A6474K000,1280,6.59237,EPCOS - TDK Electronics,CAP FILM 0.47UF 10% 630VDC RAD
B32560J0335K000,1400,6.59678,EPCOS - TDK Electronics,CAP FILM 3.3UF 10% 63VDC 2DIP
B32654A0224K189,1400,6.61922,EPCOS - TDK Electronics,CAP FILM 0.22UF 10% 1KVDC RADIAL
B32523Q3335J289,1480,6.6583,EPCOS - TDK Electronics,CAP FILM 3.3UF 5% 250VDC RADIAL
B32654A1473J000,1280,6.69955,EPCOS - TDK Electronics,CAP FILM 0.047UF 5% 1.6KVDC RAD
B32562J1335K189,4000,6.71686,EPCOS - TDK Electronics,CAP FILM 3.3UF 10% 100VDC 2DIP
B32522C0475J289,3320,6.71998,EPCOS - TDK Electronics,CAP FILM 4.7UF 5% 63VDC RADIAL
B32643B4564J000,2160,6.73961,EPCOS - TDK Electronics,CAP FILM 0.56UF 5% 400VDC RADIAL
B32524Q6155J000,1280,6.75163,EPCOS - TDK Electronics,CAP FILM 1.5UF 5% 400VDC RADIAL
B32684A2153J000,1280,6.76661,EPCOS - TDK Electronics,CAP FILM 0.015UF 2KVDC RADIAL
B32023B3104M000,2160,6.76751,EPCOS - TDK Electronics,CAP FILM 0.1UF 20% 1.5KVDC RAD
B32524Q6155K189,1400,6.82319,EPCOS - TDK Electronics,CAP FILM 1.5UF 10% 400VDC RADIAL
B32524Q8684J000,1280,6.82721,EPCOS - TDK Electronics,CAP FILM 0.68UF 5% 630VDC RADIAL
B32684A1333K000,1280,6.85195,EPCOS - TDK Electronics,CAP FILM 0.033UF 1.6KVDC RAD
B32654A0224J189,1400,6.88556,EPCOS - TDK Electronics,CAP FILM 0.22UF 5% 1KVDC RADIAL
B32560J0335J000,1400,6.8894,EPCOS - TDK Electronics,CAP FILM 3.3UF 5% 63VDC 2DIP
B32562J1335J000,2000,6.89251,EPCOS - TDK Electronics,CAP FILM 3.3UF 5% 100VDC 2DIP
B32524R6225M000,1280,6.89595,EPCOS - TDK Electronics,CAP FILM 2.2UF 20% 400VDC RADIAL
B32563J6155M000,2640,6.90603,EPCOS - TDK Electronics,CAP FILM 1.5UF 20% 400VDC 2DIP
B32674D1684J000,1280,6.91352,EPCOS - TDK Electronics,CAP FILM 0.68UF 5% 750VDC RADIAL
B32563J6155K000,2640,6.91636,EPCOS - TDK Electronics,CAP FILM 1.5UF 10% 400VDC 2DIP
B32033A4184M000,1800,6.94639,EPCOS - TDK Electronics,CAP FILM 0.18UF 20% 1KVDC RADIAL
B32524Q3225J000,1280,6.94686,EPCOS - TDK Electronics,CAP FILM 2.2UF 5% 250VDC RADIAL
B32684A7473K000,1280,6.95888,EPCOS - TDK Electronics,CAP FILM 0.047UF 1.25KVDC RAD
B32572A3105K289,2560,6.98148,EPCOS - TDK Electronics,CAP FILM 1UF 10% 250VDC 2DIP
B32653A4125J000,1800,7.01314,EPCOS - TDK Electronics,CAP FILM 1.2UF 5% 400VDC RADIAL
B32913A3334M189,2000,7.04454,EPCOS - TDK Electronics,CAP FILM 0.33UF 20% 760VDC RAD
B32562J1335J289,3840,7.04764,EPCOS - TDK Electronics,CAP FILM 3.3UF 5% 100VDC 2DIP
B32774H2105K000,1680,7.06207,EPCOS - TDK Electronics,CAP FILM 1UF 10% 1.4KVDC RADIAL
B32913A3334M289,1920,7.06414,EPCOS - TDK Electronics,CAP FILM 0.33UF 20% 760VDC RAD
B32523Q475K,2520,7.08384,EPCOS - TDK Electronics,CAP FILM 4.7UF 10% 63VDC RADIAL
B32562H8404J000,1560,7.09556,EPCOS - TDK Electronics,CAP FILM 0.4UF 5% 630VDC 2DIP
B32674E6155K000,1120,7.10139,EPCOS - TDK Electronics,CAP FILM 1.5UF 10% 800VDC RADIAL
B32654A6684K189,1400,7.13051,EPCOS - TDK Electronics,CAP FILM 0.68UF 10% 630VDC RAD
B32654A7104J189,1400,7.13051,EPCOS - TDK Electronics,CAP FILM 0.1UF 5% 1.25KVDC RAD
B32653A6474J189,1400,7.14705,EPCOS - TDK Electronics,CAP FILM 0.47UF 5% 630VDC RADIAL
B32674Z6155K000,1040,7.18362,EPCOS - TDK Electronics,CAP FILM 1.5UF 10% 630VDC RADIAL
B32654A1473J189,1400,7.21498,EPCOS - TDK Electronics,CAP FILM 0.047UF 5% 1.6KVDC RAD
B32023B3104M189,1600,7.22688,EPCOS - TDK Electronics,CAP FILM .1UF 300VAC 20% POLYPRO
B32023B3104K189,1600,7.22688,EPCOS - TDK Electronics,CAP FILM 0.1UF 10% 300VAC RADIAL
B32653A3155J000,2040,7.25952,EPCOS - TDK Electronics,CAP FILM 1.5UF 5% 250VDC RADIAL
B32653A3155K000,2040,7.25952,EPCOS - TDK Electronics,CAP FILM 1.5UF 10% 250VDC RADIAL
B32572A3105K000,1200,7.28408,EPCOS - TDK Electronics,CAP FILM 1UF 10% 250VDC 2DIP
B32562J8474K289,1900,7.28535,EPCOS - TDK Electronics,CAP FILM 0.47UF 10% 2DIP
B32653A0224J189,1400,7.29059,EPCOS - TDK Electronics,CAP FILM 0.22UF 5% 1KVDC RADIAL
B32684A2223K000,1280,7.31814,EPCOS - TDK Electronics,CAP FILM 0.022UF 2KVDC RADIAL
B32934A3564M000,1280,7.32034,EPCOS - TDK Electronics,CAP FILM 0.56UF 20% 305VAC RAD
B32562J6155K000,400,7.33893,EPCOS - TDK Electronics,CAP FILM 1.5UF 10% 400VDC 2DIP
B32654A0334K189,1400,7.3555,EPCOS - TDK Electronics,CAP FILM 0.33UF 10% 1KVDC RADIAL
B32523Q1475K189,2400,7.38876,EPCOS - TDK Electronics,CAP FILM 4.7UF 10% 100VDC RADIAL
B32523Q1475K289,2320,7.38876,EPCOS - TDK Electronics,CAP FILM 4.7UF 10% 100VDC RADIAL
B32654A7154K189,1400,7.41167,EPCOS - TDK Electronics,CAP FILM 0.15UF 10% 1.25KVDC RAD
B32654A6684J189,1400,7.43011,EPCOS - TDK Electronics,CAP FILM 0.68UF 5% 630VDC RADIAL
B32522C1475M289,2560,7.43217,EPCOS - TDK Electronics,CAP FILM 4.7UF 20% 100VDC RADIAL
B32522C1475K289,2560,7.43217,EPCOS - TDK Electronics,CAP FILM 4.7UF 10% 100VDC RADIAL
B32523Q475J,2520,7.43837,EPCOS - TDK Electronics,CAP FILM 4.7UF 5% 63VDC RADIAL
B32023B3154M000,2160,7.44457,EPCOS - TDK Electronics,CAP FILM 0.15UF 20% 1.5KVDC RAD
B32023B3154K000,2160,7.46731,EPCOS - TDK Electronics,CAP FILM 0.15UF 10% 300VAC RAD
B32934A3564K000,1280,7.46758,EPCOS - TDK Electronics,CAP FILM 0.56UF 10% 305VAC RAD
B32654A7154K000,1280,7.46758,EPCOS - TDK Electronics,CAP FILM 0.15UF 10% 1.25KVDC RAD
B32524Q3395K000,1280,7.50356,EPCOS - TDK Electronics,CAP FILM 3.9UF 10% RADIAL
B32524Q6225M000,1120,7.79888,EPCOS - TDK Electronics,2.2UF  20%  400V  MKT  WOUND  BO
B32774H1155K000,1932,7.5428,EPCOS - TDK Electronics,CAP FILM 1.5UF 10% 1.1KVDC RAD
B32563J3335K000,2800,7.54381,EPCOS - TDK Electronics,CAP FILM 3.3UF 10% 250VDC 2DIP
B32564J6155K000,3000,7.54381,EPCOS - TDK Electronics,CAP FILM 1.5UF 10% 400VDC 2DIP
B32933A3105K000,1800,7.61313,EPCOS - TDK Electronics,CAP FILM 1UF 10% 305VAC RADIAL
B32933B3105M000,1040,7.61815,EPCOS - TDK Electronics,CAP FILM 1UF 20% 305VAC RADIAL
B32683A6154K000,1800,7.63882,EPCOS - TDK Electronics,CAP FILM 0.15UF 630VDC RADIAL
B32563J1335J000,7600,7.64408,EPCOS - TDK Electronics,CAP FILM 3.3UF 5% 100VDC 2DIP
B32562J6155J000,400,7.65958,EPCOS - TDK Electronics,CAP FILM 1.5UF 5% 400VDC 2DIP
B32654A0334J189,1400,7.66584,EPCOS - TDK Electronics,CAP FILM 0.33UF 5% 1KVDC RADIAL
B32913A5154K000,2040,7.66992,EPCOS - TDK Electronics,CAP FILM 0.15UF 10% 530VAC RAD
B32522C1475J000,2000,7.68853,EPCOS - TDK Electronics,CAP FILM 4.7UF 5% 100VDC RADIAL
B32654A1683K189,1400,7.6939,EPCOS - TDK Electronics,CAP FILM 0.068UF 10% 1.6KVDC RAD
B32653A8123J000,1800,7.70603,EPCOS - TDK Electronics,CAP FILM 0.012UF 5% 2KVDC RADIAL
B32523Q1475J189,2400,7.74641,EPCOS - TDK Electronics,CAP FILM 4.7UF 5% 100VDC RADIAL
B32523Q1475J289,2320,7.74641,EPCOS - TDK Electronics,CAP FILM 4.7UF 5% 100VDC RADIAL
B32683A3682J000,1800,7.75882,EPCOS - TDK Electronics,CAP FILM 6800PF 5% 2.5KVDC RAD
B32560J1335M000,800,7.79273,EPCOS - TDK Electronics,CAP FILM 3.3UF 20% 100VDC 2DIP
B32654A7154J000,1280,7.80688,EPCOS - TDK Electronics,CAP FILM 0.15UF 5% 1.25KVDC RAD
B32560J1335K000,800,7.80688,EPCOS - TDK Electronics,CAP FILM 3.3UF 10% 100VDC 2DIP
B32643B0224J000,1800,7.84978,EPCOS - TDK Electronics,CAP FILM 0.22UF 5% 1KVDC RADIAL
B32934B3105M000,1280,7.86703,EPCOS - TDK Electronics,CAP FILM 1UF 20% 305VAC RADIAL
B32654A3155K000,1280,7.89223,EPCOS - TDK Electronics,CAP FILM 1.5UF 10% 250VDC RADIAL
B32562J8474K000,720,7.91421,EPCOS - TDK Electronics,CAP FILM 0.47UF 10% 630VDC 2DIP
B32562H8474J000,720,7.91421,EPCOS - TDK Electronics,CAP FILM 0.47UF 5% 630VDC 2DIP
B32934A3684K000,1280,7.9242,EPCOS - TDK Electronics,CAP FILM 0.68UF 10% 305VAC RAD
B32672P4225K189,2200,7.96454,EPCOS - TDK Electronics,CAP FILM 2.2UF 10% 450VDC RADIAL
B32573A3105J000,4200,7.98518,EPCOS - TDK Electronics,CAP FILM 1UF 5% 250VDC 2DIP
B32654A1683J189,1400,8.01086,EPCOS - TDK Electronics,CAP FILM 0.068UF 5% 1.6KVDC RAD
B32654A4105J189,1400,8.01086,EPCOS - TDK Electronics,CAP FILM 1UF 5% 400VDC RADIAL
B32934A3824M000,1280,8.05302,EPCOS - TDK Electronics,CAP FILM 0.82UF 20% 305VAC RAD
B32714H6225K000,2856,8.38472,EPCOS - TDK Electronics,"MKP DC FILTERING - 600VDC, 2.2F"
B32523Q1565K000,2040,8.10613,EPCOS - TDK Electronics,CAP FILM 5.6UF 10% 100VDC RADIAL
B32653A6684K000,1040,8.12586,EPCOS - TDK Electronics,CAP FILM 0.68UF 10% 630VDC RAD
B32684A7683K000,1040,8.13413,EPCOS - TDK Electronics,CAP FILM 0.068UF 1.25KVDC RAD
B32912A5104K000,1200,8.14142,EPCOS - TDK Electronics,CAP FILM 0.1UF 10% 530VAC RADIAL
B32674Z5225K000,960,8.14179,EPCOS - TDK Electronics,CAP FILM 2.2UF 10% 520VDC RADIAL
B32654A0474K189,1000,8.20264,EPCOS - TDK Electronics,CAP FILM 0.47UF 10% 1KVDC RADIAL
B32774P6225K000,1120,8.20995,EPCOS - TDK Electronics,CAP FILM 2.2UF 10% 630VDC RADIAL
B32672P4225M000,1200,8.49673,EPCOS - TDK Electronics,FILM CAP MKP PFC 2.2F 20% 450VDC
B32643B6334K000,2040,8.22604,EPCOS - TDK Electronics,CAP FILM 0.33UF 10% 630VDC RAD
B32562J8474J000,720,8.27199,EPCOS - TDK Electronics,CAP FILM 0.47UF 5% 630VDC 2DIP
B32673Z4225K289,1320,8.29389,EPCOS - TDK Electronics,CAP FILM 2.2UF 10% 450VDC RADIAL
B32643B0224K000,1800,8.3029,EPCOS - TDK Electronics,0.22UF  10%  1000V  MMKP  WOUND
B32654A7154J189,1400,8.30856,EPCOS - TDK Electronics,CAP FILM 0.15UF 5% 1.25KVDC RAD
B32684A0104K000,1040,8.34682,EPCOS - TDK Electronics,CAP FILM 0.1UF 1KVDC RADIAL
B32522C1685K000,1200,8.37833,EPCOS - TDK Electronics,CAP FILM 6.8UF 10% 100VDC RADIAL
B32523R0685M000,2880,8.40486,EPCOS - TDK Electronics,CAP FILM 6.8UF 20% 63VDC RADIAL
B32934A3824K000,1280,8.41927,EPCOS - TDK Electronics,CAP FILM 0.82UF 10% 305VAC RAD
B32653A6684J000,1040,8.48987,EPCOS - TDK Electronics,CAP FILM 0.68UF 5% 630VDC RADIAL
B32562H3335J289,1840,8.5041,EPCOS - TDK Electronics,CAP FILM 3.3UF 5% 250VDC 2DIP
B32562H3335J189,1600,8.51635,EPCOS - TDK Electronics,CAP FILM 3.3UF 5% 250VDC 2DIP
B32684A1473J000,1040,8.5305,EPCOS - TDK Electronics,CAP FILM 0.047UF 1.6KVDC RAD
B32654A0474J189,1000,8.57534,EPCOS - TDK Electronics,CAP FILM 0.47UF 5% 1KVDC RADIAL
B32562H3335M000,600,8.69492,EPCOS - TDK Electronics,CAP FILM 3.3UF 20% 250VDC 2DIP
B32653A1563J000,1800,8.69947,EPCOS - TDK Electronics,CAP FILM 0.056UF 5% 1.6KVDC RAD
B32562H3335K000,600,8.70525,EPCOS - TDK Electronics,CAP FILM 3.3UF 10% 250VDC 2DIP
B32524R0475K000,1280,8.73131,EPCOS - TDK Electronics,CAP FILM 4.7UF 10% 63VDC RADIAL
B32654A3155J189,1400,8.73544,EPCOS - TDK Electronics,CAP FILM 1.5UF 5% 250VDC RADIAL
B32934A3105M000,1280,8.76,EPCOS - TDK Electronics,CAP FILM 1UF 20% 500VDC RADIAL
B32524Q6225K189,1200,8.79243,EPCOS - TDK Electronics,CAP FILM 2.2UF 10% 400VDC RADIAL
B32572A3155K000,800,8.80118,EPCOS - TDK Electronics,CAP FILM 1.5UF 10% 250VDC 2DIP
B32913A3474K189,1600,8.80283,EPCOS - TDK Electronics,CAP FILM 0.47UF 10% 760VDC RAD
B32653A4155J000,1040,8.84966,EPCOS - TDK Electronics,CAP FILM 1.5UF 5% 400VDC RADIAL
B32674D6205K000,1040,8.88195,EPCOS - TDK Electronics,CAP FILM 2UF 10% 630VDC RADIAL
B32523Q685K,2040,8.91755,EPCOS - TDK Electronics,CAP FILM 6.8UF 10% 63VDC RADIAL
B32684A2333K000,1040,8.94015,EPCOS - TDK Electronics,CAP FILM 0.033UF 2KVDC RADIAL
B32654A1104K189,1000,8.97509,EPCOS - TDK Electronics,CAP FILM 0.1UF 10% 1.6KVDC RAD
B32524Q3475M000,1280,8.97623,EPCOS - TDK Electronics,CAP FILM 4.7UF 20% 250VDC RADIAL
B32674D4335J000,960,9.00544,EPCOS - TDK Electronics,CAP FILM 3.3UF 5% 450VDC RADIAL
B32933A3155M000,1040,9.00575,EPCOS - TDK Electronics,CAP FILM 1.5UF 20% 305VAC RADIAL
B32774H7105K000,1428,9.02389,EPCOS - TDK Electronics,CAP FILM 1UF 10% 1.6KVDC RADIAL
B32524Q8105J000,1040,9.02913,EPCOS - TDK Electronics,CAP FILM 1UF 5% 630VDC RADIAL
B32643B8104J000,1040,9.02913,EPCOS - TDK Electronics,CAP FILM 0.1UF 5% 2KVDC RADIAL
B32573A3155J000,3720,9.03231,EPCOS - TDK Electronics,CAP FILM 1.5UF 5% 250VDC 2DIP
B32524Q8105M189,1000,9.07969,EPCOS - TDK Electronics,CAP FILM 1UF 20% 630VDC RADIAL
B32774H8395K000,1848,9.09331,EPCOS - TDK Electronics,CAP FILM 3.9UF 10% 700VDC RADIAL
B32562H3335J000,600,9.09708,EPCOS - TDK Electronics,CAP FILM 3.3UF 5% 250VDC 2DIP
B32562J3335J000,600,9.09708,EPCOS - TDK Electronics,CAP FILM 3.3UF 5% 250VDC 2DIP
B32023B3224K000,1040,9.1003,EPCOS - TDK Electronics,CAP FILM 0.22UF 10% 300VAC RAD
B32643B6394J000,1800,9.10981,EPCOS - TDK Electronics,CAP FILM 0.39UF 5% 630VDC RADIAL
B32934A3105K000,1280,9.1603,EPCOS - TDK Electronics,CAP FILM 1UF 10% 500VDC RADIAL
B32654A6105K189,1000,9.20175,EPCOS - TDK Electronics,CAP FILM 1UF 10% 630VDC RADIAL
B32684A7104K000,960,9.24947,EPCOS - TDK Electronics,CAP FILM 0.1UF 1.25KVDC RADIAL
B32682A2152K000,1,9.26,EPCOS - TDK Electronics,CAP FILM 1500PF 2KVDC RADIAL
B32564J6225K000,1600,9.26386,EPCOS - TDK Electronics,CAP FILM 2.2UF 10% 400VDC 2DIP
B32563J6225M000,1440,9.28149,EPCOS - TDK Electronics,CAP FILM 2.2UF 20% 400VDC 2DIP
B32523Q685J,2040,9.36516,EPCOS - TDK Electronics,CAP FILM 6.8UF 5% 63VDC RADIAL
B32524Q3475J000,1280,9.38531,EPCOS - TDK Electronics,CAP FILM 4.7UF 5% 250VDC RADIAL
B32524Q6335K,960,9.42442,EPCOS - TDK Electronics,CAP FILM 3.3UF 10% 400VDC RADIAL
B32524Q3335J000,1280,9.48952,EPCOS - TDK Electronics,CAP FILM 3.3UF 5% 250VDC RADIAL
B32654A6105J189,1000,9.5886,EPCOS - TDK Electronics,CAP FILM 1UF 5% 630VDC RADIAL
B32523Q1685K189,2000,9.61841,EPCOS - TDK Electronics,CAP FILM 6.8UF 10% 100VDC RADIAL
B32524Q6335M000,960,10.00908,EPCOS - TDK Electronics,"3,3UF   20%  400V  MKT   BOXED"
B32524Q1475K000,1280,9.69477,EPCOS - TDK Electronics,CAP FILM 4.7UF 10% 100VDC RADIAL
B32524Q3475J189,1400,9.71909,EPCOS - TDK Electronics,CAP FILM 4.7UF 5% 250VDC RADIAL
B32563J6225J000,1440,9.72694,EPCOS - TDK Electronics,CAP FILM 2.2UF 5% 400VDC 2DIP
B32674D1155J000,1040,9.7364,EPCOS - TDK Electronics,CAP FILM 1.5UF 5% 750VDC RADIAL
B32674D3335K189,1200,9.75238,EPCOS - TDK Electronics,CAP FILM 3.3UF 10% 300VDC RADIAL
B32654A4155K189,1200,9.76106,EPCOS - TDK Electronics,CAP FILM 1.5UF 10% 400VDC RADIAL
B32914A3474K189,1400,9.80533,EPCOS - TDK Electronics,CAP FILM 0.47UF 10% 760VDC RAD
B32024B3224K189,1400,9.81289,EPCOS - TDK Electronics,CAP FILM 0.22UF 10% 300VAC RAD
B32654A3225J000,1120,9.81636,EPCOS - TDK Electronics,CAP FILM 2.2UF 5% 250VDC RADIAL
B32653A7154J000,1040,9.842,EPCOS - TDK Electronics,CAP FILM 0.15UF 5% 1.25KVDC RAD
B32524Q6335J,960,9.85263,EPCOS - TDK Electronics,CAP FILM 3.3UF 5% 400VDC RADIAL
B32913B5334K000,1800,9.86132,EPCOS - TDK Electronics,CAP FILM 0.33UF 10% 1KVDC RADIAL
B32913B5334M000,1800,9.86132,EPCOS - TDK Electronics,CAP FILM 0.33UF 20% 530VAC RAD
B32024B3224M000,1280,9.88348,EPCOS - TDK Electronics,CAP FILM 0.22UF 20% 1.5KVDC RAD
B32024B3224K000,1280,9.88348,EPCOS - TDK Electronics,CAP FILM 0.22UF 10% 300VAC RAD
B32562H1475J000,1600,9.92644,EPCOS - TDK Electronics,CAP FILM 4.7UF 5% 100VDC 2DIP
B32524Q1475K189,1400,10.04532,EPCOS - TDK Electronics,CAP FILM 4.7UF 10% 100VDC RADIAL
B32654A2333J189,1000,10.05946,EPCOS - TDK Electronics,CAP FILM 0.033UF 5% 2KVDC RADIAL
B32523Q1685J289,1920,10.08873,EPCOS - TDK Electronics,CAP FILM 6.8UF 5% 100VDC RADIAL
B32562H1475K189,3600,10.09183,EPCOS - TDK Electronics,CAP FILM 4.7UF 10% 100VDC 2DIP
B32562J1475K189,3600,10.09183,EPCOS - TDK Electronics,CAP FILM 4.7UF 10% 100VDC 2DIP
B32653A8153K000,1040,10.20038,EPCOS - TDK Electronics,CAP FILM 0.015UF 10% 2KVDC RAD
B32653A1683J000,1040,10.22064,EPCOS - TDK Electronics,CAP FILM 0.068UF 5% 1KVDC RADIAL
B32563J3475M000,1560,10.25104,EPCOS - TDK Electronics,CAP FILM 4.7UF 20% 250VDC 2DIP
B32563J3475K000,1560,10.2572,EPCOS - TDK Electronics,CAP FILM 4.7UF 10% 250VDC 2DIP
B32653A0334J000,1040,10.30263,EPCOS - TDK Electronics,CAP FILM 0.33UF 5% 1KVDC RADIAL
B32653A8153J000,1040,10.30263,EPCOS - TDK Electronics,CAP FILM 0.015UF 5% 2KVDC RADIAL
B32653A0334K000,1040,10.30263,EPCOS - TDK Electronics,CAP FILM 0.33UF 10% 1KVDC RADIAL
B32654A7224J189,1000,10.33235,EPCOS - TDK Electronics,CAP FILM 0.22UF 5% 1.25KVDC RAD
B32653A6105J000,1040,10.33356,EPCOS - TDK Electronics,CAP FILM 1UF 5% 630VDC RADIAL
B32033A4334M000,1040,10.35025,EPCOS - TDK Electronics,CAP FILM 0.33UF 20% 1KVDC RADIAL
B32562J1475J000,1600,10.42261,EPCOS - TDK Electronics,CAP FILM 4.7UF 5% 100VDC 2DIP
B32560J0475J000,1000,10.47922,EPCOS - TDK Electronics,CAP FILM 4.7UF 5% 63VDC 2DIP
B32924D3475M000,720,10.52392,EPCOS - TDK Electronics,CAP FILM 4.7UF 20% 630VDC RADIAL
B32774P6305K000,1040,10.52646,EPCOS - TDK Electronics,CAP FILM 3UF 10% 630VDC RADIAL
B32653A6125K000,1040,10.5379,EPCOS - TDK Electronics,CAP FILM 1.2UF 20% 630VDC RADIAL
B32774H0335K000,1428,10.61693,EPCOS - TDK Electronics,CAP FILM 3.3UF 10% 920VDC RADIAL
B32653A2223J000,1040,10.69058,EPCOS - TDK Electronics,CAP FILM 0.022UF 5% 2KVDC RADIAL
B32654A4185K000,1040,10.69352,EPCOS - TDK Electronics,CAP FILM 1.8UF 10% 400VDC RADIAL
B81141C1104M000,2160,10.71369,EPCOS - TDK Electronics,CAP FILM 0.1UF 20% 440VAC RADIAL
B32714H9305K000,1932,10.72439,EPCOS - TDK Electronics,"MKP DC FILTERING - 900VDC, 3F 10"
B32774H8405K000,1848,10.82367,EPCOS - TDK Electronics,CAP FILM 4UF 10% 700VDC RADIAL
B32564J3335K000,3000,10.88365,EPCOS - TDK Electronics,CAP FILM 3.3UF 10% 250VDC 2DIP
B32564J3475K000,1600,10.91878,EPCOS - TDK Electronics,CAP FILM 4.7UF 10% 250VDC 2DIP
B32653A8223J000,1040,10.93461,EPCOS - TDK Electronics,CAP FILM 0.022UF 5% 2KVDC RADIAL
B32774D8305K189,1400,11.05319,EPCOS - TDK Electronics,CAP FILM 3UF 10% 800VDC RADIAL
B32643B1224J000,1040,11.17776,EPCOS - TDK Electronics,CAP FILM 0.22UF 5% 1.6KVDC RAD
B32563J1475K000,6400,11.24852,EPCOS - TDK Electronics,CAP FILM 4.7UF 10% 100VDC 2DIP
B32674D3475K189,1000,11.28127,EPCOS - TDK Electronics,CAP FILM 4.7UF 10% 300VDC RADIAL
B32524Q1685J000,1280,11.29917,EPCOS - TDK Electronics,CAP FILM 6.8UF 5% 100VDC RADIAL
B32714H6505K000,2856,11.73861,EPCOS - TDK Electronics,"MKP DC FILTERING - 600VDC, 5F 10"
B32653A6125J000,1040,11.36096,EPCOS - TDK Electronics,CAP FILM 1.2UF 5% 630VDC RADIAL
B32674D6225J000,960,11.37498,EPCOS - TDK Electronics,CAP FILM 2.2UF 5% 630VDC RADIAL
B32033A4274M000,1040,11.38354,EPCOS - TDK Electronics,CAP FILM 0.27UF 20% 1KVDC RADIAL
B81141C1104M189,1600,11.45449,EPCOS - TDK Electronics,CAP FILM 0.1UF 20% 440VAC RADIAL
B32684A0154K000,800,11.45774,EPCOS - TDK Electronics,CAP FILM 0.15UF 1KVDC RADIAL
B32654A2473K000,800,11.52483,EPCOS - TDK Electronics,CAP FILM 0.047UF 10% 2KVDC RAD
B32654A3275K000,1040,11.56078,EPCOS - TDK Electronics,CAP FILM 2.7UF 10% 250VDC RADIAL
B32774H6155K000,896,11.59532,EPCOS - TDK Electronics,CAP FILM 1.5UF 10% 1.5KVDC RAD
B32524Q1685K189,1400,11.59684,EPCOS - TDK Electronics,CAP FILM 6.8UF 10% 100VDC RADIAL
B32774D0205J000,2100,11.6,EPCOS - TDK Electronics,CAP FILM 2UF 5% 1.1KVDC RADIAL
B32774D8305J000,2352,11.59998,EPCOS - TDK Electronics,CAP FILM 3UF 5% 800VDC RADIAL
B32524Q8155M000,800,11.65631,EPCOS - TDK Electronics,CAP FILM 1.5UF 20% 630VDC RADIAL
B32523R0106J000,2520,11.67128,EPCOS - TDK Electronics,CAP FILM 10UF 5% 63VDC RADIAL
B32024B3334M000,1040,11.68776,EPCOS - TDK Electronics,CAP FILM 0.33UF 20% 1.5KVDC RAD
B32024B3334K000,1040,11.68776,EPCOS - TDK Electronics,CAP FILM 0.33UF 10% 300VAC RAD
B32674D3505K000,1040,11.72784,EPCOS - TDK Electronics,CAP FILM 5UF 10% 300VDC RADIAL
B32754C3205K,1848,11.78088,EPCOS - TDK Electronics,CAP FILM 2UF 10% 630VDC RADIAL
B32523Q106K,2160,11.80464,EPCOS - TDK Electronics,CAP FILM 10UF 10% 63VDC RADIAL
B32654A4225J189,1000,11.83317,EPCOS - TDK Electronics,CAP FILM 2.2UF 5% 400VDC RADIAL
B32684A1104K000,720,11.86551,EPCOS - TDK Electronics,CAP FILM 0.1UF 1.6KVDC RADIAL
B32033A4274K000,1040,11.90436,EPCOS - TDK Electronics,CAP FILM 0.27UF 10% 1KVDC RADIAL
B32934D3155M000,1040,11.9205,EPCOS - TDK Electronics,CAP FILM 1.5UF 20% 305VAC RADIAL
B32714H8505K000,1848,12.36745,EPCOS - TDK Electronics,"MKP DC FILTERING - 800VDC, 5F 10"
B32674D8155J000,800,11.96859,EPCOS - TDK Electronics,CAP FILM 1.5UF 5% 875VDC RADIAL
B32564J1475J000,4000,11.97727,EPCOS - TDK Electronics,CAP FILM 4.7UF 5% 100VDC 2DIP
B32714H5705K000,1932,12.46478,EPCOS - TDK Electronics,"MKP DC FILTERING - 500VDC, 7F 10"
B32524Q8155K000,800,12.04829,EPCOS - TDK Electronics,CAP FILM 1.5UF 10% 630VDC RADIAL
B32674E8155K000,800,12.04921,EPCOS - TDK Electronics,CAP FILM 1.5UF 10% 1.05KVDC RAD
B32914A4334M189,1000,12.06356,EPCOS - TDK Electronics,CAP FILM 0.33UF 20% 760VDC RAD
B32774H0395K000,1428,12.06721,EPCOS - TDK Electronics,CAP FILM 3.9UF 10% 920VDC RADIAL
B32653A4225J000,1040,12.1301,EPCOS - TDK Electronics,CAP FILM 2.2UF 5% 400VDC RADIAL
B32653A1823J000,1040,12.14051,EPCOS - TDK Electronics,CAP FILM 0.082UF 5% 1.6KVDC RAD
B32023A3334K000,1040,12.1557,EPCOS - TDK Electronics,CAP FILM 0.33UF 10% 1.5KVDC RAD
B32714H8505J000,1848,12.57709,EPCOS - TDK Electronics,"MKP DC FILTERING - 800VDC, 5F 5%"
B32643B0334J000,1040,12.1623,EPCOS - TDK Electronics,CAP FILM 0.33UF 5% 1KVDC RADIAL
B32573A3225K000,2240,12.24189,EPCOS - TDK Electronics,CAP FILM 2.2UF 10% 250VDC 2DIP
B32572A3225K000,600,12.2483,EPCOS - TDK Electronics,CAP FILM 2.2UF 10% 250VDC 2DIP
B32572A3225J000,600,12.2483,EPCOS - TDK Electronics,CAP FILM 2.2UF 5% 250VDC 2DIP
B32714H2205J000,1680,12.35058,EPCOS - TDK Electronics,"MKP DC FILTERING - 1200VDC, 2F 5"
B32523Q106J,2160,12.39488,EPCOS - TDK Electronics,CAP FILM 10UF 5% 63VDC RADIAL
B32523Q685K189,2000,12.46414,EPCOS - TDK Electronics,CAP FILM 6.8UF 10% 63VDC RADIAL
B32523Q685K289,1920,12.46414,EPCOS - TDK Electronics,CAP FILM 6.8UF 10% 63VDC RADIAL
B32654A3335K000,960,12.46698,EPCOS - TDK Electronics,CAP FILM 3.3UF 10% 250VDC RADIAL
B32524Q3685K,1040,12.59573,EPCOS - TDK Electronics,CAP FILM 6.8UF 10% 250VDC RADIAL
B32926C3395M000,800,12.64151,EPCOS - TDK Electronics,CAP FILM 3.9UF 20% 630VDC RADIAL
B32524R6475K189,1000,12.70486,EPCOS - TDK Electronics,CAP FILM 4.7UF 10% 400VDC RADIAL
B32684A7154K000,720,12.71015,EPCOS - TDK Electronics,CAP FILM 0.15UF 1.25KVDC RAD
B32643B6474J000,1040,12.77838,EPCOS - TDK Electronics,CAP FILM 0.47UF 5% 630VDC RADIAL
B32523Q1106K289,1560,12.82072,EPCOS - TDK Electronics,CAP FILM 10UF 10% 100VDC RADIAL
B32524R6475J000,1040,12.8233,EPCOS - TDK Electronics,CAP FILM 4.7UF 5% 400VDC RADIAL
B32674F1225K000,800,12.93643,EPCOS - TDK Electronics,CAP FILM 2.2UF 10% 900VDC RADIAL
B32653A7224J000,1040,12.94551,EPCOS - TDK Electronics,CAP FILM 0.22UF 5% 1.25KVDC RAD
B32714H6605K000,2128,13.41555,EPCOS - TDK Electronics,"MKP DC FILTERING - 600VDC, 6F 10"
B32523Q685J289,11520,13.07814,EPCOS - TDK Electronics,CAP FILM 6.8UF 5% 63VDC RADIAL
B32714H1305K000,1064,13.11128,EPCOS - TDK Electronics,"MKP DC FILTERING - 1100VDC, 3F 1"
B32561J0685K000,600,13.11398,EPCOS - TDK Electronics,CAP FILM 6.8UF 10% 63VDC 2DIP
B32524Q3685J,1040,13.18564,EPCOS - TDK Electronics,CAP FILM 6.8UF 5% 250VDC RADIAL
B32562H1685J000,1160,13.23426,EPCOS - TDK Electronics,CAP FILM 6.8UF 5% 100VDC 2DIP
B32674D3505J000,1040,13.26317,EPCOS - TDK Electronics,CAP FILM 5UF 5% 300VDC RADIAL
B32936A3105M000,1620,13.2859,EPCOS - TDK Electronics,CAP FILM 1UF 20% 305VAC RADIAL
B32674D3565K000,960,13.32553,EPCOS - TDK Electronics,CAP FILM 5.6UF 10% 300VDC RADIAL
B32684A2683K000,720,13.34139,EPCOS - TDK Electronics,CAP FILM 0.068UF 2KVDC RADIAL
B32562J1685K189,2800,13.40065,EPCOS - TDK Electronics,CAP FILM 6.8UF 10% 100VDC 2DIP
B32714H9505K000,1064,13.4939,EPCOS - TDK Electronics,"MKP DC FILTERING - 900VDC, 5F 10"
B32560J0685K000,600,13.51393,EPCOS - TDK Electronics,CAP FILM 6.8UF 10% 63VDC 2DIP
B32564J3685K000,1200,13.56604,EPCOS - TDK Electronics,CAP FILM 6.8UF 10% 250VDC 2DIP
B32034C4334K000,800,14.11714,EPCOS - TDK Electronics,FILM CAP MKP Y2 0.33 F 10% 350VA
B32522C1225K289,1,13.73,EPCOS - TDK Electronics,CAP FILM 2.2UF 10% 100VDC RADIAL
B32714H9505J000,1064,13.75193,EPCOS - TDK Electronics,"MKP DC FILTERING - 900VDC, 5F 5%"
B32654A1224K000,720,13.76049,EPCOS - TDK Electronics,CAP FILM 0.22UF 10% 1.6KVDC RAD
B32524Q6475J,800,13.8195,EPCOS - TDK Electronics,CAP FILM 4.7UF 5% 400VDC RADIAL
B32924H3225K000,800,13.82529,EPCOS - TDK Electronics,CAP FILM 2.2UF 10% 630VDC RADIAL
B32562J1685J000,1160,13.89582,EPCOS - TDK Electronics,CAP FILM 6.8UF 5% 100VDC 2DIP
B32934B3155M000,1040,13.90922,EPCOS - TDK Electronics,CAP FILM 1.5UF 20% 305VAC RADIAL
B32914B5474M000,1040,13.91542,EPCOS - TDK Electronics,CAP FILM 0.47UF 20% 530VAC RAD
B32934B3155K000,1040,14.05807,EPCOS - TDK Electronics,CAP FILM 1.5UF 10% 305VAC RADIAL
B32562J1685J289,2560,14.06221,EPCOS - TDK Electronics,CAP FILM 6.8UF 5% 100VDC 2DIP
B32754C2405K000,1064,14.0632,EPCOS - TDK Electronics,CAP FILM 4UF 10% 500VDC RADIAL
B32524Q8225M000,720,14.10964,EPCOS - TDK Electronics,CAP FILM 2.2UF 20% 630VDC RADIAL
B32674F4475K000,800,14.11234,EPCOS - TDK Electronics,CAP FILM 4.7UF 10% 630VDC RADIAL
B32714H3105K000,1428,14.67327,EPCOS - TDK Electronics,"MKP DC FILTERING - 1600VDC, 1F 1"
B32714H7155K000,1904,14.67327,EPCOS - TDK Electronics,"MKP DC FILTERING - 1500VDC, 1.5F"
B32676E1155K000,1620,14.21207,EPCOS - TDK Electronics,CAP FILM 1.5UF 10% 750VDC RADIAL
B32653A3335J000,1040,14.24413,EPCOS - TDK Electronics,CAP FILM 3.3UF 5% 250VDC RADIAL
B32754C3305K000,800,14.24414,EPCOS - TDK Electronics,FILM CAP MKP AC FILTERING 3.0F 1
B32643B0394K000,1040,14.34154,EPCOS - TDK Electronics,0.39UF  10%  1000V  MMKP  WOUND
B32754C8255K000,1064,14.35784,EPCOS - TDK Electronics,CAP FILM 2.5UF 10% 600VDC RADIAL
B32913A5474K000,1040,14.36817,EPCOS - TDK Electronics,CAP FILM 0.47UF 10% 530VAC RAD
B32024B3474M000,800,14.40456,EPCOS - TDK Electronics,CAP FILM 0.47UF 20% 1.5KVDC RAD
B32926C3565K000,720,14.47178,EPCOS - TDK Electronics,CAP FILM 5.6UF 10% 630VDC RADIAL
B32654A0824J000,720,14.53551,EPCOS - TDK Electronics,CAP FILM 0.82UF 5% 1KVDC RADIAL
B32653A2333J000,1040,14.56147,EPCOS - TDK Electronics,CAP FILM 0.033UF 5% 2KVDC RADIAL
B32643B0394J000,1040,14.60282,EPCOS - TDK Electronics,CAP FILM 0.39UF 5% 1KVDC RADIAL
B32914B5474K000,1040,14.61109,EPCOS - TDK Electronics,CAP FILM 0.47UF 10% 1KVDC RADIAL
B32934A3155M,1120,14.64417,EPCOS - TDK Electronics,CAP FILM 1.5UF 20% 305VAC RADIAL
B32563J1685K000,3680,14.73307,EPCOS - TDK Electronics,CAP FILM 6.8UF 10% 100VDC 2DIP
B32524Q8225J000,720,14.75133,EPCOS - TDK Electronics,CAP FILM 2.2UF 5% 630VDC RADIAL
B32036B4334K000,1380,14.77236,EPCOS - TDK Electronics,CAP FILM 0.33UF 10% 1KVDC RADIAL
B32564J6475K000,1040,14.88812,EPCOS - TDK Electronics,CAP FILM 4.7UF 10% 400VDC 2DIP
B32674E4475K000,800,15.4065,EPCOS - TDK Electronics,"4,7 UF  10 %  450V  MKP  BOXED"
B32024C3474K000,880,14.94732,EPCOS - TDK Electronics,CAP FILM 0.47UF 10% 300VAC RAD
B32524Q1106J000,1280,14.97598,EPCOS - TDK Electronics,CAP FILM 10UF 100V METAL POLY
B32714H1405K000,2000,15.00906,EPCOS - TDK Electronics,"MKP DC FILTERING - 1100VDC, 4F 1"
B32524Q3685J189,1000,15.0442,EPCOS - TDK Electronics,CAP FILM 6.8UF 5% 250VDC RADIAL
B32676E4225K000,1620,15.15893,EPCOS - TDK Electronics,CAP FILM 2.2UF 10% 450VDC RADIAL
B32654A6205K000,720,15.30056,EPCOS - TDK Electronics,CAP FILM 2UF 10% 630VDC RADIAL
B32026H3334K000,1620,15.36602,EPCOS - TDK Electronics,"FILM CAP Y2 - COMPACT, AEC-Q200,"
B32563J1685J000,3680,15.48455,EPCOS - TDK Electronics,CAP FILM 6.8UF 5% 100VDC 2DIP
B32754C3355J000,952,15.70475,EPCOS - TDK Electronics,CAP FILM 3.5UF 5% 580VDC RADIAL
B32676E3335K000,1620,15.79052,EPCOS - TDK Electronics,CAP FILM 3.3UF 10% 300VDC RADIAL
B32676E4305K000,1620,15.79052,EPCOS - TDK Electronics,CAP FILM 3UF 10% 450VDC RADIAL
B32676E8155K000,1380,15.79052,EPCOS - TDK Electronics,CAP FILM 1.5UF 10% 875VDC RADIAL
B32714H9705K000,784,15.9187,EPCOS - TDK Electronics,"MKP DC FILTERING - 900VDC, 7F 10"
B32654A1224J000,720,15.98611,EPCOS - TDK Electronics,CAP FILM 0.22UF 5% 1.6KVDC RAD
B32654A3475K000,800,16.00078,EPCOS - TDK Electronics,CAP FILM 4.7UF 10% 250VDC RADIAL
B32524Q0685K000,1280,16.12234,EPCOS - TDK Electronics,CAP FILM 6.8UF 10% 63VDC RADIAL
B32714H2505J000,784,16.83362,EPCOS - TDK Electronics,"MKP DC FILTERING - 1200VDC, 5F 5"
B32676E4335K000,1380,16.42212,EPCOS - TDK Electronics,CAP FILM 3.3UF 10% 450VDC RADIAL
B32754C2605K000,952,16.43554,EPCOS - TDK Electronics,FILM CAP MKP AC FILTERING 6.0F 1
B32914B5684M000,800,16.45425,EPCOS - TDK Electronics,CAP FILM 0.68UF 20% 530VAC RAD
B32034B4474M000,800,17.02409,EPCOS - TDK Electronics,FILM CAP MKP Y2 0.47 F 20% 350VA
B32754C2505J000,1064,16.46756,EPCOS - TDK Electronics,CAP FILM 5UF 5% 500VDC RADIAL
B32523Q156K,1800,16.52549,EPCOS - TDK Electronics,CAP FILM 5.6UF 10% 63VDC RADIAL
B32714H8705J000,2400,16.61333,EPCOS - TDK Electronics,"MKP DC FILTERING - 800VDC, 7F 5%"
B32754C3405K000,896,16.65464,EPCOS - TDK Electronics,CAP FILM 4UF 10% RADIAL
B32714H8705K000,1064,16.73367,EPCOS - TDK Electronics,"MKP DC FILTERING - 800VDC, 7F 10"
B32676E6275K000,1380,16.73839,EPCOS - TDK Electronics,CAP FILM 2.7UF 10% 630VDC RADIAL
B81141C1224M189,1200,16.77893,EPCOS - TDK Electronics,CAP FILM 0.22UF 20% 440VAC RAD
B32934B3225M000,800,16.86245,EPCOS - TDK Electronics,CAP FILM 2.2UF 20% 305VAC RADIAL
B32914B3684K000,1280,16.98339,EPCOS - TDK Electronics,CAP FILM 0.68UF 10% 330VAC RAD
B32914B5684K000,800,16.98339,EPCOS - TDK Electronics,CAP FILM 0.68UF 10% 1KVDC RADIAL
B32716H9755K000,780,17.65926,EPCOS - TDK Electronics,"MKP DC FILTERING - 900VDC, 7.5F"
B32776H6225K000,720,17.11881,EPCOS - TDK Electronics,CAP FILM 2.2UF 10% 1.5KVDC RAD
B32524Q3106M000,800,17.13741,EPCOS - TDK Electronics,CAP FILM 10UF 20% 250VDC RADIAL
B32714H8805K000,952,17.26231,EPCOS - TDK Electronics,"MKP DC FILTERING - 800VDC, 8F 10"
B32654A6225K000,800,17.36481,EPCOS - TDK Electronics,CAP FILM 2.2UF 10% 630VDC RADIAL
B32676E3475K000,1620,17.36999,EPCOS - TDK Electronics,CAP FILM 4.7UF 10% 300VDC RADIAL
B32676E4405K000,1380,17.36999,EPCOS - TDK Electronics,CAP FILM 4UF 10% 450VDC RADIAL
B32676E1205K000,1380,17.36999,EPCOS - TDK Electronics,CAP FILM 2UF 10% 750VDC RADIAL
B32774D0205K189,1200,17.42168,EPCOS - TDK Electronics,CAP FILM 2UF 10% 1.1KVDC RADIAL
B32714H6106K000,952,18.02712,EPCOS - TDK Electronics,"MKP DC FILTERING - 600VDC, 10F 1"
B32714H6805K000,2128,18.02718,EPCOS - TDK Electronics,"MKP DC FILTERING - 600VDC, 8F 10"
B32024H3474M000,960,17.43615,EPCOS - TDK Electronics,"FILM CAP Y2 - COMPACT, AEC-Q200,"
B32523Q106K289,1560,17.47855,EPCOS - TDK Electronics,CAP FILM 10UF 10% 63VDC RADIAL
B32756C2505K000,720,17.52504,EPCOS - TDK Electronics,CAP FILM 5UF 10% 500VDC RADIAL
B32776H2305K000,640,17.57905,EPCOS - TDK Electronics,CAP FILM 3UF 10% 1.4KVDC RADIAL
B32916A5474M000,1620,17.85998,EPCOS - TDK Electronics,CAP FILM 0.47UF 20% 1KVDC RADIAL
B32654A7474K000,720,17.88326,EPCOS - TDK Electronics,CAP FILM 0.47UF 10% 1.25KVDC RAD
B32914B3684M189,1400,17.96952,EPCOS - TDK Electronics,CAP FILM 0.68UF 20% 330VAC RAD
B32524Q3106J,800,17.99433,EPCOS - TDK Electronics,CAP FILM 10UF 5% 250VDC RADIAL
B32756C7505K000,720,18.05842,EPCOS - TDK Electronics,CAP FILM 5UF 10% 550VDC RADIAL
B32674E6475K000,640,18.07108,EPCOS - TDK Electronics,CAP FILM 4.7UF 10% 630VDC RADIAL
B32686A2223J000,288,18.15316,EPCOS - TDK Electronics,CAP FILM 0.022UF 5% 2KVDC RADIAL
B32524R6685K000,800,18.17626,EPCOS - TDK Electronics,CAP FILM 6.8UF 10% 400VDC RADIAL
B32774H6255K000,784,18.22381,EPCOS - TDK Electronics,CAP FILM 2.5UF 10% 1.5KVDC RAD
B32714H0505K000,2000,18.23415,EPCOS - TDK Electronics,"MKP DC FILTERING - 1000VDC, 5F 1"
B32714H7205K000,784,18.86563,EPCOS - TDK Electronics,"MKP DC FILTERING - 1500VDC, 2F 1"
B32036A4564M000,800,18.27446,EPCOS - TDK Electronics,CAP FILM 0.56UF 20% 1KVDC RADIAL
B32936A3155M000,1620,18.3468,EPCOS - TDK Electronics,CAP FILM 1.5UF 20% 305VAC RADIAL
B32756C2505J000,720,18.40057,EPCOS - TDK Electronics,CAP FILM 5UF 5% 500VDC RADIAL
B32672P4205K255,1,,EPCOS - TDK Electronics,CAP FILM 2UF 10% 450VDC RADIAL
B32026A3474K000,1380,18.54215,EPCOS - TDK Electronics,CAP FILM 0.47UF 10% 1.5KVDC RAD
B32669B6505K,600,18.5532,EPCOS - TDK Electronics,CAP FILM 5UF 10% 400VAC AXIAL
B32754C3505K000,784,18.6492,EPCOS - TDK Electronics,CAP FILM 5UF 10% RADIAL
B32714H9106J000,784,18.728,EPCOS - TDK Electronics,"MKP DC FILTERING - 900VDC, 10F 5"
B32526R3475K000,1620,18.78922,EPCOS - TDK Electronics,CAP FILM 4.7UF 10% 250VDC RADIAL
B32563J1106K000,3840,18.85952,EPCOS - TDK Electronics,CAP FILM 10UF 10% 100VDC 2DIP
B32676E3565K000,1380,18.94945,EPCOS - TDK Electronics,CAP FILM 5.6UF 10% 300VDC RADIAL
B32676E4475K000,800,18.94945,EPCOS - TDK Electronics,CAP FILM 4.7UF 10% 450VDC RADIAL
B32774D4685K000,2100,18.94945,EPCOS - TDK Electronics,CAP FILM 6.8UF 10% 450VDC RADIAL
B32756C7505J000,720,18.96082,EPCOS - TDK Electronics,CAP FILM 5UF 5% 550VDC RADIAL
B32914B5105M000,880,19.10949,EPCOS - TDK Electronics,1 UF  20%  530V  MKP X1
B32756C2605K000,720,19.14379,EPCOS - TDK Electronics,CAP FILM 6UF 10% 500VDC RADIAL
B32916A5474K000,1620,19.17482,EPCOS - TDK Electronics,CAP FILM 0.47UF 10% 530VAC RAD
B32036A4564K000,800,19.83886,EPCOS - TDK Electronics,FILM CAP MKP Y2 0.56 F 10% 350VA
B32714H5126K000,1428,19.86669,EPCOS - TDK Electronics,"MKP DC FILTERING - 500VDC, 12F 1"
B32936A3155K000,1620,19.25751,EPCOS - TDK Electronics,CAP FILM 1.5UF 10% 305VAC RADIAL
B32524Q6685K,720,19.27713,EPCOS - TDK Electronics,CAP FILM 6.8UF 10% 400VDC RADIAL
B32034C4564K000,720,19.99761,EPCOS - TDK Electronics,FILM CAP MKP Y2 0.56 F 10% 350VA
B32674D3825K000,800,19.58,EPCOS - TDK Electronics,CAP FILM 8.2UF 10% 300VDC RADIAL
B32756C3505K000,720,19.63513,EPCOS - TDK Electronics,CAP FILM 5UF 10% RADIAL
B32024B3684M000,800,19.69268,EPCOS - TDK Electronics,CAP FILM 0.68UF 20% 1.5KVDC RAD
B32564J1106J000,2720,19.72265,EPCOS - TDK Electronics,CAP FILM 10UF 5% 100VDC 2DIP
B32564J1106K000,2720,19.72265,EPCOS - TDK Electronics,CAP FILM 10UF 10% 100VDC 2DIP
B32524R0106K000,1280,19.7826,EPCOS - TDK Electronics,CAP FILM 10UF 10% 63VDC RADIAL
B32924H3475K000,640,20.00458,EPCOS - TDK Electronics,CAP FILM 4.7UF 10% 630VDC RADIAL
B32656A8224K000,1620,20.00692,EPCOS - TDK Electronics,CAP FILM 0.22UF 10% 850VDC RAD
B32564J6475J000,1040,20.01932,EPCOS - TDK Electronics,CAP FILM 4.7UF 5% 400VDC 2DIP
B32756C3505J000,720,20.02449,EPCOS - TDK Electronics,CAP FILM 5UF 5% 580VDC RADIAL
B32654A2823J000,640,20.03766,EPCOS - TDK Electronics,CAP FILM 0.082UF 5% 2KVDC RADIAL
B32756C2605J000,720,20.10201,EPCOS - TDK Electronics,CAP FILM 6UF 5% 500VDC RADIAL
B32526R6335K000,1620,20.24158,EPCOS - TDK Electronics,CAP FILM 3.3UF 10% 400VDC RADIAL
B32714H1605K000,1932,20.30874,EPCOS - TDK Electronics,"MKP DC FILTERING - 1100VDC, 6F 1"
B32756C7605K000,720,20.39557,EPCOS - TDK Electronics,CAP FILM 6UF 10% 550VDC RADIAL
B32562H1106J000,800,20.50204,EPCOS - TDK Electronics,CAP FILM 10UF 5% 100VDC 2DIP
B32562J1106J000,800,20.50204,EPCOS - TDK Electronics,CAP FILM 10UF 5% 100VDC 2DIP
B32926H3335K000,800,20.50204,EPCOS - TDK Electronics,CAP FILM 3.3UF 10% 630VDC RADIAL
B32676E3655K000,1380,20.5279,EPCOS - TDK Electronics,CAP FILM 6.5UF 10% 300VDC RADIAL
B32676E4565K000,800,20.52789,EPCOS - TDK Electronics,CAP FILM 5.6UF 10% 450VDC RADIAL
B32676E1335K000,720,20.52789,EPCOS - TDK Electronics,CAP FILM 3.3UF 10% 750VDC RADIAL
B32654A0125J000,640,20.53525,EPCOS - TDK Electronics,CAP FILM 1.2UF 5% 1KVDC RADIAL
B32684A6224K000,1,20.59,EPCOS - TDK Electronics,CAP FILM 0.22UF 630VDC RADIAL
B32756C2705K000,720,20.61678,EPCOS - TDK Electronics,CAP FILM 7UF 10% 500VDC RADIAL
B32024C3684M000,720,20.67569,EPCOS - TDK Electronics,CAP FILM 0.68UF 20% 1.5KVDC RAD
B32524R0156K000,1280,20.81008,EPCOS - TDK Electronics,CAP FILM 15UF 10% 63VDC RADIAL
B32524Q156K,1280,20.93309,EPCOS - TDK Electronics,CAP FILM 15UF 10% 63VDC RADIAL
B32524R0685K000,1280,20.94136,EPCOS - TDK Electronics,CAP FILM 6.8UF 10% 63VDC RADIAL
B32656A8224J000,1620,21.01166,EPCOS - TDK Electronics,CAP FILM 0.22UF 5% 850VDC RADIAL
B32676E3685K000,800,21.1605,EPCOS - TDK Electronics,CAP FILM 6.8UF 10% 300VDC RADIAL
B32654A7564J000,640,21.32589,EPCOS - TDK Electronics,CAP FILM 0.56UF 5% 1.25KVDC RAD
B32654A7564K000,640,21.32589,EPCOS - TDK Electronics,CAP FILM 0.56UF 10% 1.25KVDC RAD
B32776H0825K000,720,21.33415,EPCOS - TDK Electronics,CAP FILM 8.2UF 10% 920VDC RADIAL
B32674D4475J000,800,21.37758,EPCOS - TDK Electronics,CAP FILM 4.7UF 5% 450VDC RADIAL
B32524Q3156K,720,21.41272,EPCOS - TDK Electronics,CAP FILM 15UF 10% 250VDC RADIAL
B32756C7605J000,720,21.41582,EPCOS - TDK Electronics,CAP FILM 6UF 5% 550VDC RADIAL
B32714H6126K000,2000,22.21097,EPCOS - TDK Electronics,"MKP DC FILTERING - 600VDC, 12F 1"
B32756C3605K000,720,21.49954,EPCOS - TDK Electronics,CAP FILM 6UF 10% 580VDC RADIAL
B32656A8334K000,1620,21.54606,EPCOS - TDK Electronics,CAP FILM 0.33UF 10% 850VDC RAD
B32656J1104K000,1620,21.54606,EPCOS - TDK Electronics,CAP FILM 0.1UF 10% 1.6KVDC RAD
B32676E6475J000,720,21.5595,EPCOS - TDK Electronics,CAP FILM 4.7UF 5% 630VDC RADIAL
B32756C2705J000,720,21.64736,EPCOS - TDK Electronics,CAP FILM 7UF 5% 500VDC RADIAL
B32526R3685K000,1620,21.68353,EPCOS - TDK Electronics,CAP FILM 6.8UF 10% 250VDC RADIAL
B32024C3684K000,720,21.71042,EPCOS - TDK Electronics,CAP FILM 0.68UF 10% 1.5KVDC RAD
B32654A3505K000,880,21.74452,EPCOS - TDK Electronics,CAP FILM 5UF 10% 250VDC RADIAL
B32674F3106K000,720,21.79104,EPCOS - TDK Electronics,CAP FILM 10UF 10% 450VDC RADIAL
B32774P7705K000,640,22.05877,EPCOS - TDK Electronics,CAP FILM 7UF 10% 700VDC RADIAL
B32026A3684M000,800,22.06084,EPCOS - TDK Electronics,CAP FILM 0.68UF 20% 1.5KVDC RAD
B32026A3684K000,800,22.06084,EPCOS - TDK Electronics,CAP FILM 0.68UF 10% 300VAC RAD
B32524Q1156K189,1400,22.24276,EPCOS - TDK Electronics,CAP FILM 15UF 10% 100VDC RADIAL
B32934A3225M000,960,22.29134,EPCOS - TDK Electronics,CAP FILM 2.2UF 20% 305VAC RADIAL
B32756C2805K000,720,22.38438,EPCOS - TDK Electronics,CAP FILM 8UF 10% 500VDC RADIAL
B32656G3156K000,440,22.38673,EPCOS - TDK Electronics,CAP FILM 15UF 10% 250VDC RADIAL
B32776H7335K000,440,22.39818,EPCOS - TDK Electronics,CAP FILM 3.3UF 10% 1.6KVDC RAD
B32924A4185M000,800,22.42469,EPCOS - TDK Electronics,CAP FILM 1.8UF 20% 650VDC RADIAL
B32756C3605J000,720,22.57561,EPCOS - TDK Electronics,CAP FILM 6UF 5% 580VDC RADIAL
B32656J1104J000,1620,22.62211,EPCOS - TDK Electronics,CAP FILM 0.1UF 5% 1.6KVDC RADIAL
B32656A8334J000,1620,22.62211,EPCOS - TDK Electronics,CAP FILM 0.33UF 5% 850VDC RADIAL
B32756C7705K000,720,22.73376,EPCOS - TDK Electronics,CAP FILM 7UF 10% 550VDC RADIAL
B32524Q1156J000,1280,22.89605,EPCOS - TDK Electronics,CAP FILM 15UF 5% 100VDC RADIAL
B32654A3565J000,720,23.00975,EPCOS - TDK Electronics,CAP FILM 5.6UF 5% 250VDC RADIAL
B32656J1154K000,1380,23.00975,EPCOS - TDK Electronics,CAP FILM 0.15UF 10% 1.6KVDC RAD
B32024H3684M000,800,23.05141,EPCOS - TDK Electronics,"FILM CAP Y2 - COMPACT, AEC-Q200,"
B32654A4475J000,640,23.05938,EPCOS - TDK Electronics,CAP FILM 4.7UF 5% 400VDC RADIAL
B32776P7505K000,780,23.07072,EPCOS - TDK Electronics,CAP FILM 5UF 10% 700VDC RADIAL
B32656A8474K000,1620,23.08418,EPCOS - TDK Electronics,CAP FILM 0.47UF 10% 850VDC RAD
B32714H0705J000,1932,23.0966,EPCOS - TDK Electronics,"MKP DC FILTERING - 1000VDC, 7F 5"
B32654A6275J000,640,23.10898,EPCOS - TDK Electronics,CAP FILM 2.7UF 5% 630VDC RADIAL
B32526R6475K000,1620,23.12655,EPCOS - TDK Electronics,CAP FILM 4.7UF 10% 400VDC RADIAL
B32034A4684K000,640,23.14309,EPCOS - TDK Electronics,CAP FILM 0.68UF 10% 1KVDC RADIAL
B32934A3335M,720,23.29815,EPCOS - TDK Electronics,CAP FILM 3.3UF 20% 305VAC RADIAL
B32564J3106M000,1120,23.31882,EPCOS - TDK Electronics,CAP FILM 10UF 20% 250VDC 2DIP
B32564J3106K000,1120,23.32503,EPCOS - TDK Electronics,CAP FILM 10UF 10% 250VDC 2DIP
B32524Q1156J189,1400,23.33333,EPCOS - TDK Electronics,CAP FILM 15UF 5% 100VDC RADIAL
B32676E8335K000,640,23.37052,EPCOS - TDK Electronics,CAP FILM 3.3UF 10% 875VDC RADIAL
B32756C2805J000,720,23.50282,EPCOS - TDK Electronics,CAP FILM 8UF 5% 500VDC RADIAL
B32756C2905K000,720,23.56174,EPCOS - TDK Electronics,CAP FILM 9UF 10% 500VDC RADIAL
B32036A4684K000,760,24.38414,EPCOS - TDK Electronics,FILM CAP MKP Y2 0.68 F 10% 350VA
B32676E4685K000,720,23.68578,EPCOS - TDK Electronics,CAP FILM 6.8UF 10% 450VDC RADIAL
B32776P6505K000,1040,23.70438,EPCOS - TDK Electronics,CAP FILM 5UF 10% 630VDC RADIAL
B32524R0226K189,1400,23.80569,EPCOS - TDK Electronics,CAP FILM 22UF 10% 63VDC RADIAL
B32756C7705J000,720,23.86978,EPCOS - TDK Electronics,CAP FILM 7UF 5% 550VDC RADIAL
B32614A2223J008,1,23.9,EPCOS - TDK Electronics,CAP FILM 0.022UF 2KVDC RADIAL
B32756G3705K000,640,23.92973,EPCOS - TDK Electronics,CAP FILM 7UF 10% 580VDC RADIAL
B32926H3475M,720,24.05067,EPCOS - TDK Electronics,CAP FILM 4.7UF 20% 630VDC RADIAL
B32676G8335K000,640,24.05273,EPCOS - TDK Electronics,CAP FILM 3.3UF 10% 875VDC RADIAL
B32656A0474K000,1380,24.06207,EPCOS - TDK Electronics,CAP FILM 0.47UF 10% 1KVDC RADIAL
B32656A7334K000,800,24.06204,EPCOS - TDK Electronics,CAP FILM 0.33UF 10% 1.25KVDC RAD
B32656J1154J000,1380,24.10132,EPCOS - TDK Electronics,CAP FILM 5% 1.6KVDC RADIAL
B32754C8505K000,784,24.10546,EPCOS - TDK Electronics,FILM CAP MKP AC FILTERING 5.0F 1
B32926C3825K000,640,24.18092,EPCOS - TDK Electronics,CAP FILM 8.2UF 10% 630VDC RADIAL
B32656A8474J000,1620,24.23261,EPCOS - TDK Electronics,CAP FILM 0.47UF 5% 850VDC RADIAL
B32714H0805K000,1932,24.31219,EPCOS - TDK Electronics,"MKP DC FILTERING - 1000VDC, 8F 1"
B32676E3106K000,720,24.31839,EPCOS - TDK Electronics,CAP FILM 10UF 10% 300VDC RADIAL
B32674D4805K000,640,24.31839,EPCOS - TDK Electronics,CAP FILM 8UF 10% 450VDC RADIAL
B32686A0224K000,192,24.3626,EPCOS - TDK Electronics,CAP FILM 0.22UF 10% 1KVDC RADIAL
B32776T9505J000,1040,24.43416,EPCOS - TDK Electronics,CAP FILM 5UF 5% 900VDC RADIAL
B32776T9505K000,1040,24.43416,EPCOS - TDK Electronics,CAP FILM 5UF 10% 900VDC RADIAL
B32564J3106J000,1120,24.48275,EPCOS - TDK Electronics,CAP FILM 10UF 5% 250VDC 2DIP
B32026B3564M000,800,24.53236,EPCOS - TDK Electronics,CAP FILM 0.56UF 20% 1.5KVDC RAD
B32526R3106K000,1620,24.56957,EPCOS - TDK Electronics,CAP FILM 10UF 10% 250VDC RADIAL
B32676E1475K000,640,24.63367,EPCOS - TDK Electronics,CAP FILM 4.7UF 10% 750VDC RADIAL
B32756C2905J000,720,24.74014,EPCOS - TDK Electronics,CAP FILM 9UF 5% 500VDC RADIAL
B32524Q226K,1120,24.77838,EPCOS - TDK Electronics,CAP FILM 22UF 10% 63VDC RADIAL
B32756G7805K000,640,25.07195,EPCOS - TDK Electronics,CAP FILM 8UF 10% 550VDC RADIAL
B32686A2473J000,224,25.10223,EPCOS - TDK Electronics,CAP FILM 0.047UF 5% 2KVDC RADIAL
B32756G3705J000,640,25.12673,EPCOS - TDK Electronics,CAP FILM 7UF 5% 580VDC RADIAL
B32714H5156K000,952,26.12102,EPCOS - TDK Electronics,"MKP DC FILTERING - 500VDC, 15F 1"
B32926H3475K000,720,25.25388,EPCOS - TDK Electronics,CAP FILM 4.7UF 10% 630VDC RADIAL
B32656A0474J000,1380,25.2642,EPCOS - TDK Electronics,CAP FILM 0.47UF 5% 1KVDC RADIAL
B32676E6685K000,640,25.26422,EPCOS - TDK Electronics,CAP FILM 6.8UF 10% 630VDC RADIAL
B32656A7334J000,800,25.26421,EPCOS - TDK Electronics,CAP FILM 0.33UF 5% 1.25KVDC RAD
B32924B4185K000,880,25.59292,EPCOS - TDK Electronics,CAP FILM 1.8UF 10% 650VDC RADIAL
B32756G2106K000,640,25.62394,EPCOS - TDK Electronics,CAP FILM 10UF 10% 500VDC RADIAL
B32654A7684J000,640,25.72627,EPCOS - TDK Electronics,CAP FILM 0.68UF 5% 1.25KVDC RAD
B32654A7684K000,640,25.72627,EPCOS - TDK Electronics,CAP FILM 0.68UF 10% 1.25KVDC RAD
B32776T9755K000,780,25.74896,EPCOS - TDK Electronics,CAP FILM 7.5UF 10% 900VDC RADIAL
B32686A0224J000,192,25.86917,EPCOS - TDK Electronics,CAP FILM 0.22UF 5% 1KVDC RADIAL
B32526R6685K000,1380,26.02397,EPCOS - TDK Electronics,CAP FILM 6.8UF 10% 400VDC RADIAL
B32656A8684K000,800,26.16249,EPCOS - TDK Electronics,CAP FILM 0.68UF 10% 850VDC RAD
B32676E6335J000,800,26.25345,EPCOS - TDK Electronics,CAP FILM 3.3UF 5% 630VDC RADIAL
B32676E8225J000,800,26.25345,EPCOS - TDK Electronics,CAP FILM 2.2UF 5% 875VDC RADIAL
B32774D1305J000,1428,26.25343,EPCOS - TDK Electronics,CAP FILM 3UF 5% 1.3KVDC RADIAL
B32034A4824M000,640,27.20758,EPCOS - TDK Electronics,FILM CAP MKP Y2 0.82 F 20% 350VA
B32756G7805J000,640,26.32581,EPCOS - TDK Electronics,CAP FILM 8UF 5% 550VDC RADIAL
B32776P6755K000,780,26.33408,EPCOS - TDK Electronics,CAP FILM 7.5UF 10% 630VDC RADIAL
B32676E4825K000,640,26.52841,EPCOS - TDK Electronics,CAP FILM 8.2UF 10% 450VDC RADIAL
B32676E8405K000,640,26.52841,EPCOS - TDK Electronics,CAP FILM 4UF 10% 875VDC RADIAL
B32774D0705J000,784,26.52838,EPCOS - TDK Electronics,CAP FILM 7UF 5% 1.1KVDC RADIAL
B32756G3805K000,640,26.76434,EPCOS - TDK Electronics,CAP FILM 8UF 10% RADIAL
B32756G3905K000,640,26.87572,EPCOS - TDK Electronics,CAP FILM 9UF 10% 580VDC RADIAL
B32756G7905K000,640,27.05972,EPCOS - TDK Electronics,CAP FILM 9UF 10% 550VDC RADIAL
B32776H6565K000,440,27.05973,EPCOS - TDK Electronics,CAP FILM 5.6UF 10% 1.5KVDC RAD
B32524Q1226J000,1040,27.24371,EPCOS - TDK Electronics,CAP FILM 22UF 5% 100VDC RADIAL
B32654A4565J000,640,27.47009,EPCOS - TDK Electronics,CAP FILM 5.6UF 5% 400VDC RADIAL
B32676E6755K000,640,27.4763,EPCOS - TDK Electronics,CAP FILM 7.5UF 10% 630VDC RADIAL
B32656A8684J000,800,27.47629,EPCOS - TDK Electronics,CAP FILM 0.68UF 5% 850VDC RADIAL
B32524R3226M000,720,27.54142,EPCOS - TDK Electronics,CAP FILM 22UF 20% 250VDC RADIAL
B32524Q1226J189,1000,27.681,EPCOS - TDK Electronics,CAP FILM 22UF 5% 100VDC RADIAL
B32676E1565K000,640,27.79156,EPCOS - TDK Electronics,CAP FILM 5.6UF 10% 750VDC RADIAL
B32563J1156K000,2480,27.79156,EPCOS - TDK Electronics,CAP FILM 15UF 10% 100VDC 2DIP
B32563J1156K289,2480,27.79156,EPCOS - TDK Electronics,CAP FILM 15UF 10% 100VDC 2DIP
B32756C7106K000,640,28.90805,EPCOS - TDK Electronics,FILM CAP MKP AC FILTERING 10.0F
B32756G3805J000,640,28.02311,EPCOS - TDK Electronics,CAP FILM 8UF 10% RADIAL
B32024H3105M000,640,28.24394,EPCOS - TDK Electronics,"FILM CAP Y2 - COMPACT, AEC-Q200,"
B32756G7905J000,640,28.41281,EPCOS - TDK Electronics,CAP FILM 9UF 5% 550VDC RADIAL
B32676E3126K000,720,28.42211,EPCOS - TDK Electronics,CAP FILM 12UF 10% 300VDC RADIAL
B32656A0684J000,800,28.42315,EPCOS - TDK Electronics,CAP FILM 0.68UF 5% 1KVDC RADIAL
B32776H2685K000,400,28.53168,EPCOS - TDK Electronics,CAP FILM 6.8UF 10% 1.4KVDC RAD
B32686A1104J000,192,28.70536,EPCOS - TDK Electronics,CAP FILM 0.1UF 5% 1.6KVDC RADIAL
B32774P6106K000,640,28.85833,EPCOS - TDK Electronics,CAP FILM 10UF 10% 630VDC RADIAL
B32756G2126K000,640,28.8635,EPCOS - TDK Electronics,CAP FILM 12UF 10% 500VDC RADIAL
B32526R1156K000,1620,28.91001,EPCOS - TDK Electronics,CAP FILM 15UF 10% 100VDC RADIAL
B32654A3825J000,640,29.05472,EPCOS - TDK Electronics,CAP FILM 8.2UF 5% 250VDC RADIAL
B32716H2805K000,640,30.16789,EPCOS - TDK Electronics,"MKP DC FILTERING - 1200VDC, 8F 1"
B32674D6475J000,640,29.16739,EPCOS - TDK Electronics,CAP FILM 4.7UF 5% 630VDC RADIAL
B32563J1156J000,2480,29.18083,EPCOS - TDK Electronics,CAP FILM 15UF 5% 100VDC 2DIP
B32756G7106K000,640,29.7473,EPCOS - TDK Electronics,CAP FILM 10UF 10% 550VDC RADIAL
B32524R3226J000,720,29.98607,EPCOS - TDK Electronics,CAP FILM 22UF 5% 250VDC RADIAL
B32656A7474J000,720,29.99744,EPCOS - TDK Electronics,CAP FILM 0.47UF 5% 1.25KVDC RAD
B32756G2126J000,640,30.30755,EPCOS - TDK Electronics,CAP FILM 12UF 5% 500VDC RADIAL
B32656T0474J000,1040,31.04146,EPCOS - TDK Electronics,CAP FILM 0.47UF 5% 1KVDC RADIAL
B32656T2104J000,1040,31.19444,EPCOS - TDK Electronics,CAP FILM 0.1UF 5% 2KVDC RADIAL
B32756G3106K000,560,31.22029,EPCOS - TDK Electronics,CAP FILM 10UF 10% 580VDC RADIAL
B32756G7106J000,640,31.23372,EPCOS - TDK Electronics,CAP FILM 10UF 5% 550VDC RADIAL
B32774D8126J000,784,31.49733,EPCOS - TDK Electronics,CAP FILM 12UF 5% 800VDC RADIAL
B32676G1475K000,640,31.58105,EPCOS - TDK Electronics,CAP FILM 4.7UF 10% 750VDC RADIAL
B32656T1154J000,1040,31.62963,EPCOS - TDK Electronics,CAP FILM 0.15UF 5% 1.6KVDC RAD
B32526R0226K000,1620,31.80534,EPCOS - TDK Electronics,CAP FILM 22UF 10% 63VDC RADIAL
B32526R3156K000,1380,31.80533,EPCOS - TDK Electronics,CAP FILM 15UF 10% 250VDC RADIAL
B32654A3685J000,640,31.99555,EPCOS - TDK Electronics,CAP FILM 6.8UF 5% 250VDC RADIAL
B32776H4156K000,800,32.04206,EPCOS - TDK Electronics,15UF  10%  450V  MKP  WOUND BOXE
B32656S8684K561,192,32.11219,EPCOS - TDK Electronics,CAP FILM 0.68UF 10% 850VDC SCREW
B32926H3685K000,640,32.21366,EPCOS - TDK Electronics,CAP FILM 6.8UF 10% 630VDC RADIAL
B32656S8684K577,180,32.29772,EPCOS - TDK Electronics,CAP FILM 0.68UF 10% 850VDC SCREW
B32756G3106J000,560,32.78011,EPCOS - TDK Electronics,CAP FILM 10UF 5% 580VDC RADIAL
B32676T8155K000,1040,32.87108,EPCOS - TDK Electronics,CAP FILM 1.5UF 10% 875VDC RADIAL
B32676G4825K000,640,33.16052,EPCOS - TDK Electronics,CAP FILM 8.2UF 10% 450VDC RADIAL
B32776E8146K000,720,33.16051,EPCOS - TDK Electronics,CAP FILM 14UF 10% 800VDC RADIAL
B32656T8684K000,1040,33.18118,EPCOS - TDK Electronics,CAP FILM 0.68UF 10% 850VDC RAD
B32656T8684J000,1040,33.18118,EPCOS - TDK Electronics,CAP FILM 0.68UF 5% 850VDC RADIAL
B32526R1226K000,1620,33.24836,EPCOS - TDK Electronics,CAP FILM 22UF 10% 100VDC RADIAL
B32756G2156K000,560,33.72386,EPCOS - TDK Electronics,CAP FILM 15UF 10% 500VDC RADIAL
B32656G2224J000,640,33.78175,EPCOS - TDK Electronics,CAP FILM 0.22UF 5% 2KVDC RADIAL
B32676G8405K000,300,33.84577,EPCOS - TDK Electronics,CAP FILM 4UF 10% 875VDC RADIAL
B32776T0505J000,780,33.96678,EPCOS - TDK Electronics,CAP FILM 5UF 5% 1.1KVDC RADIAL
B32676T1275K000,780,34.11563,EPCOS - TDK Electronics,CAP FILM 2.7UF 10% 750VDC RADIAL
B32686S2103K564,384,35.38932,EPCOS - TDK Electronics,FILM CAP 0.0100UF 10% 2000V MFP
B32676T8205K000,780,34.21179,EPCOS - TDK Electronics,CAP FILM 2UF 10% 875VDC RADIAL
B32756G7126K000,560,34.42263,EPCOS - TDK Electronics,CAP FILM 12UF 10% 550VDC RADIAL
B32526R6106K000,720,34.69139,EPCOS - TDK Electronics,CAP FILM 10UF 10% 400VDC RADIAL
B32676E8475K000,440,34.73884,EPCOS - TDK Electronics,CAP FILM 4.7UF 10% 875VDC RADIAL
B32676G1565K000,640,34.73894,EPCOS - TDK Electronics,CAP FILM 5.6UF 10% 750VDC RADIAL
B32656J1224J000,800,34.73894,EPCOS - TDK Electronics,CAP FILM 0.22UF 5% 1.6KVDC RAD
B32026B3824M000,720,34.78442,EPCOS - TDK Electronics,CAP FILM 0.82UF 20% 1.5KVDC RAD
B32026B3824K000,720,34.78442,EPCOS - TDK Electronics,CAP FILM 0.82UF 10% 300VAC RAD
B32756G8805K000,560,36.27677,EPCOS - TDK Electronics,FILM CAP MKP AC FILTERING 8.0F 1
B32676T6355K000,780,35.16383,EPCOS - TDK Electronics,CAP FILM 3.5UF 10% 630VDC RADIAL
B32676E6825K000,440,35.37052,EPCOS - TDK Electronics,CAP FILM 8.2UF 10% 630VDC RADIAL
B32656A8105K000,720,35.39533,EPCOS - TDK Electronics,CAP FILM 1UF 10% 850VDC RADIAL
B32756G2156J000,560,35.40877,EPCOS - TDK Electronics,CAP FILM 15UF 5% 500VDC RADIAL
B32524Q1336J000,800,35.43874,EPCOS - TDK Electronics,CAP FILM 33UF 5% 100VDC RADIAL
B32716H2106K000,440,35.75786,EPCOS - TDK Electronics,"MKP DC FILTERING - 1200VDC, 10F"
B32776G0106K000,640,35.93905,EPCOS - TDK Electronics,CAP FILM 10UF 1.1KVDC RAD 4 LEAD
B32778H2905K000,280,35.97861,EPCOS - TDK Electronics,CAP FILM 9UF 10% 1.4KVDC RADIAL
B32656A7684K000,640,36.09203,EPCOS - TDK Electronics,CAP FILM 0.68UF 10% 1.25KVDC RAD
B32656J2154K000,720,36.09203,EPCOS - TDK Electronics,CAP FILM 0.15UF 10% 2KVDC RADIAL
B32756G7126J000,560,36.14371,EPCOS - TDK Electronics,CAP FILM 12UF 5% 550VDC RADIAL
B32778H6825K000,280,36.31796,EPCOS - TDK Electronics,CAP FILM 8.2UF 10% 1.5KVDC RAD
B32676E6106K000,440,36.63368,EPCOS - TDK Electronics,CAP FILM 10UF 10% 630VDC RADIAL
B32686A2104K000,192,36.84776,EPCOS - TDK Electronics,CAP FILM 0.1UF 10% 2KVDC RADIAL
B32676T3905K000,780,37.14331,EPCOS - TDK Electronics,CAP FILM 9UF 10% 300VDC RADIAL
B32656A8105J000,720,37.16086,EPCOS - TDK Electronics,CAP FILM 1UF 5% 850VDC RADIAL
B32676E1685K000,440,37.2663,EPCOS - TDK Electronics,CAP FILM 6.8UF 10% 750VDC RADIAL
B32676G4106J000,640,37.58156,EPCOS - TDK Electronics,CAP FILM 10UF 5% 450VDC RADIAL
B32526R3226K000,800,37.58776,EPCOS - TDK Electronics,CAP FILM 22UF 10% 250VDC RADIAL
B32756G3146K000,440,37.73559,EPCOS - TDK Electronics,CAP FILM 14UF 10% 580VDC RADIAL
B32676E8685K000,440,37.89684,EPCOS - TDK Electronics,CAP FILM 6.8UF 10% 875VDC RADIAL
B32676G6755K000,640,37.89684,EPCOS - TDK Electronics,CAP FILM 7.5UF 10% 630VDC RADIAL
B32676G8475K000,440,37.89684,EPCOS - TDK Electronics,CAP FILM 4.7UF 10% 875VDC RADIAL
B32656A7684J000,640,37.89684,EPCOS - TDK Electronics,CAP FILM 0.68UF 5% 1.25KVDC RAD
B32656J2154J000,720,37.89683,EPCOS - TDK Electronics,CAP FILM 0.15UF 5% 2KVDC RADIAL
B32656A7824J000,440,37.97634,EPCOS - TDK Electronics,CAP FILM 0.82UF 5% 1.25KVDC RAD
B32656S0474J564,288,37.98809,EPCOS - TDK Electronics,"FILM CAP 0,470UF 5% 1000V- MKP B"
B32656S8824K566,192,38.00891,EPCOS - TDK Electronics,CAP FILM 0.82UF 10% 850VDC SCREW
B32686A4155K000,512,38.34959,EPCOS - TDK Electronics,CAP FILM 1.5UF 10% RADIAL
B32756G4405K000,640,39.67772,EPCOS - TDK Electronics,FILM CAP MKP AC FILTERING 4.0F 1
B32656S0474J565,288,38.36337,EPCOS - TDK Electronics,CAP FILM 0.47UF 5% 1KVDC SCREW
B32676Z5106K000,440,38.38568,EPCOS - TDK Electronics,CAP FILM 10UF 10% 520VDC RADIAL
B32526R0336K000,1620,39.02978,EPCOS - TDK Electronics,CAP FILM 33UF 10% 63VDC RADIAL
B32676E1905K000,440,39.47725,EPCOS - TDK Electronics,CAP FILM 9UF 10% 750VDC RADIAL
B32776E9156K000,640,39.55486,EPCOS - TDK Electronics,CAP FILM 15UF 10% 900VDC RADIAL
B32776G9156K000,640,39.55486,EPCOS - TDK Electronics,CAP FILM 15UF 900VDC RAD 4 LEAD
B32676E6126K000,440,39.79148,EPCOS - TDK Electronics,CAP FILM 12UF 10% 630VDC RADIAL
B32656S0564K561,192,39.96474,EPCOS - TDK Electronics,"FILM CAP 0,560UF 10% 1000V- MKP"
B32524Q476K,720,40.0531,EPCOS - TDK Electronics,CAP FILM 47UF 10% 63VDC RADIAL
B32036A4105K000,640,41.70973,EPCOS - TDK Electronics,FILM CAP MKP Y2 1 F 10% 350VAC (
B32656S8125K561,140,40.43114,EPCOS - TDK Electronics,CAP FILM 1.2UF 10% 850VDC SCREW
B32526R6156K000,640,40.47277,EPCOS - TDK Electronics,CAP FILM 15UF 10% 400VDC RADIAL
B32026B3105K000,640,40.57097,EPCOS - TDK Electronics,CAP FILM 1UF 10% 1.5KVDC RADIAL
B32026B3105M000,640,40.57097,EPCOS - TDK Electronics,CAP FILM 1UF 20% 300VAC RADIAL
B32656G8225J000,440,40.63084,EPCOS - TDK Electronics,CAP FILM 2.2UF 5% 850VDC RADIAL
B32656S8125K565,128,40.76,EPCOS - TDK Electronics,CAP FILM 1.2UF 10% 850VDC SCREW
B32564J3156K000,880,40.85938,EPCOS - TDK Electronics,CAP FILM 15UF 10% 250VDC 2DIP
B32676G1685K000,440,41.05484,EPCOS - TDK Electronics,CAP FILM 6.8UF 10% 750VDC RADIAL
B32686A0474J000,216,41.07505,EPCOS - TDK Electronics,CAP FILM 0.47UF 5% 1KVDC RADIAL
B32686A7334K000,128,41.13539,EPCOS - TDK Electronics,CAP FILM 0.33UF 10% 1.25KVDC RAD
B32756G7156K000,440,41.43616,EPCOS - TDK Electronics,CAP FILM 15UF 10% 550VDC RADIAL
B32676E8755K000,400,42.00263,EPCOS - TDK Electronics,CAP FILM 7.5UF 10% 875VDC RADIAL
B32656J2224K000,640,42.10806,EPCOS - TDK Electronics,CAP FILM 0.22UF 10% 2KVDC RADIAL
B32656S0684K412,264,42.11314,EPCOS - TDK Electronics,"FILM CAP 0,680UF 10% 1000V- MKP"
B32524Q226J,1,42.17,EPCOS - TDK Electronics,CAP FILM 22UF 5% 63VDC RADIAL
B32656J2224J000,640,42.18455,EPCOS - TDK Electronics,CAP FILM 5% 2KVDC RADIAL
B32686A1224K000,216,42.33005,EPCOS - TDK Electronics,CAP FILM 0.22UF 1.6KVDC RADIAL
B32758G2206K000,280,42.33754,EPCOS - TDK Electronics,CAP FILM 20UF 10% 500VDC RADIAL
B32676E1106K000,400,42.63523,EPCOS - TDK Electronics,CAP FILM 10UF 10% 750VDC RADIAL
B32656S0684K566,192,42.8138,EPCOS - TDK Electronics,"FILM CAP 0,680UF 10% 1000V- MKP"
B32656S0684K562,192,42.8138,EPCOS - TDK Electronics,"FILM CAP 0,680UF 10% 1000V- MKP"
B32686S0104K564,384,43.22706,EPCOS - TDK Electronics,"FILM CAP 0,100UF 10% 1000V MFP B"
B32756G3156K000,400,43.36915,EPCOS - TDK Electronics,CAP FILM 15UF 10% 580VDC RADIAL
B32716H7605K000,440,44.88395,EPCOS - TDK Electronics,"MKP DC FILTERING - 1500VDC, 6F 1"
B32716H2146J000,400,43.38983,EPCOS - TDK Electronics,"MKP DC FILTERING - 1200VDC, 14F"
B32756G7156J000,440,43.50673,EPCOS - TDK Electronics,CAP FILM 15UF 5% 550VDC RADIAL
B32656S8105K562,140,43.57414,EPCOS - TDK Electronics,FILM CAP 1.0000UF 10% 850V MKP B
B32776E5256K000,640,43.71853,EPCOS - TDK Electronics,CAP FILM 25UF 10% 575VDC RADIAL
B32776G5256K000,640,43.71853,EPCOS - TDK Electronics,CAP FILM 25UF 575VDC RAD 4 LEAD
B32656S8105K564,128,43.80164,EPCOS - TDK Electronics,FILM CAP 1.0000UF 10% 850V MKP B
B32756G2206J000,440,43.9138,EPCOS - TDK Electronics,CAP FILM 20UF 5% 500VDC RADIAL
B32563J1226K000,1440,44.00383,EPCOS - TDK Electronics,CAP FILM 22UF 10% 100VDC 2DIP
B32776E0126K000,640,44.21367,EPCOS - TDK Electronics,CAP FILM 12UF 10% 1.1KVDC RADIAL
B32676G8685K000,440,44.21375,EPCOS - TDK Electronics,CAP FILM 6.8UF 10% 875VDC RADIAL
B32656A0125J000,440,44.21375,EPCOS - TDK Electronics,CAP FILM 1.2UF 5% 1KVDC RADIAL
B32776E1106K000,440,44.21375,EPCOS - TDK Electronics,CAP FILM 10UF 10% 1.3KVDC RADIAL
B32776T5855K000,1040,44.45452,EPCOS - TDK Electronics,CAP FILM 8.5UF 10% 575VDC RADIAL
B32758G2206J000,280,44.4545,EPCOS - TDK Electronics,CAP FILM 20UF 5% 500VDC RADIAL
B32564J1226K000,1280,44.99513,EPCOS - TDK Electronics,CAP FILM 22UF 10% 100VDC 2DIP
B32756G2226K000,400,45.06233,EPCOS - TDK Electronics,CAP FILM 22UF 10% 500VDC RADIAL
B32656S7224K565,288,45.11618,EPCOS - TDK Electronics,CAP FILM 0.22UF 1.25KVDC SCREW
B32716H8306J000,400,46.74933,EPCOS - TDK Electronics,"MKP DC FILTERING - 800VDC, 30F 5"
B32756G3156J000,400,45.53783,EPCOS - TDK Electronics,CAP FILM 15UF 5% 580VDC RADIAL
B32656S0684K563,144,45.72549,EPCOS - TDK Electronics,CAP FILM 0.68UF 10% 1KVDC SCREW
B32676G6106K000,440,45.79323,EPCOS - TDK Electronics,CAP FILM 10UF 10% 630VDC RADIAL
B32676G4156J000,440,45.79323,EPCOS - TDK Electronics,CAP FILM 15UF 5% 450VDC RADIAL
B32758G2226K000,280,46.0195,EPCOS - TDK Electronics,CAP FILM 22UF 10% 500VDC RADIAL
B32563J1226J000,1440,46.20867,EPCOS - TDK Electronics,CAP FILM 22UF 5% 100VDC 2DIP
B32526R1336K000,1380,46.25417,EPCOS - TDK Electronics,CAP FILM 33UF 10% 100VDC RADIAL
B32676E6146K000,400,46.4247,EPCOS - TDK Electronics,CAP FILM 14UF 10% 630VDC RADIAL
B32656S8125K408,140,46.4625,EPCOS - TDK Electronics,FILM CAP 1.2000UF 10% 850V MKP B
B32676E3226K000,440,46.73895,EPCOS - TDK Electronics,CAP FILM 22UF 10% 300VDC RADIAL
B32756G2226J000,400,47.31575,EPCOS - TDK Electronics,CAP FILM 22UF 5% 500VDC RADIAL
B32676G3206K000,440,47.37157,EPCOS - TDK Electronics,CAP FILM 20UF 10% 300VDC RADIAL
B32758G2256K000,280,47.86064,EPCOS - TDK Electronics,CAP FILM 25UF 10% 500VDC RADIAL
B32776G8156J000,640,48.08688,EPCOS - TDK Electronics,CAP FILM 15UF 800VDC RAD 4 LEAD
B32716H6306K000,440,49.85916,EPCOS - TDK Electronics,"MKP DC FILTERING - 600VDC, 30F 1"
B32758G2226J000,280,48.3205,EPCOS - TDK Electronics,CAP FILM 22UF 5% 500VDC RADIAL
B32686A6155K000,216,48.54972,EPCOS - TDK Electronics,CAP FILM 1.5UF 630VDC RADIAL
B32676G3226K000,440,48.95102,EPCOS - TDK Electronics,CAP FILM 22UF 10% 300VDC RADIAL
B32776E0146K000,440,48.95102,EPCOS - TDK Electronics,CAP FILM 14UF 10% 1.1KVDC RADIAL
B32776G9206K000,440,49.08748,EPCOS - TDK Electronics,CAP FILM 20UF 900VDC RAD 4 LEAD
B32686S0394K565,96,49.3824,EPCOS - TDK Electronics,"FILM CAP 0,3900UF 10% 1000V MFP"
B32716H6306J000,440,51.2837,EPCOS - TDK Electronics,"MKP DC FILTERING - 600VDC, 30F 5"
B32676G8755K000,216,49.62208,EPCOS - TDK Electronics,CAP FILM 7.5UF 10% 875VDC RADIAL
B32716H2166K000,180,49.63144,EPCOS - TDK Electronics,"MKP DC FILTERING - 1200VDC, 16F"
B32676E3256J000,440,49.74077,EPCOS - TDK Electronics,CAP FILM 25UF 5% 300VDC RADIAL
B32656S1104K564,384,50.01253,EPCOS - TDK Electronics,CAP FILM 0.1UF 10% 100VDC SCREW
B32758G2306K000,280,50.06946,EPCOS - TDK Electronics,CAP FILM 30UF 10% 500VDC RADIAL
B32676E3306K000,400,50.10773,EPCOS - TDK Electronics,CAP FILM 30UF 10% 300VDC RADIAL
B32758G2256J000,280,50.25346,EPCOS - TDK Electronics,CAP FILM 25UF 5% 500VDC RADIAL
B32676G3256K000,440,50.52936,EPCOS - TDK Electronics,CAP FILM 25UF 10% 300VDC RADIAL
B32756G2256K000,180,50.55717,EPCOS - TDK Electronics,CAP FILM 25UF 10% 500VDC RADIAL
B32776E8206J000,440,51.39259,EPCOS - TDK Electronics,CAP FILM 20UF 5% 800VDC RADIAL
B32656S7334K577,180,51.50444,EPCOS - TDK Electronics,"FILM CAP 0,3300UF 10%  1250V- MK"
B32758G7206K000,280,51.54143,EPCOS - TDK Electronics,CAP FILM 20UF 10% 550VDC RADIAL
B32776P6206K000,440,51.7585,EPCOS - TDK Electronics,CAP FILM 20UF 10% 630VDC RADIAL
B32776E9226K000,440,52.04586,EPCOS - TDK Electronics,CAP FILM 22UF 10% 900VDC RADIAL
B32776G9226K000,440,52.04586,EPCOS - TDK Electronics,CAP FILM 22UF 900VDC RAD 4 LEAD
B32756G4705K000,400,53.84833,EPCOS - TDK Electronics,FILM CAP MKP AC FILTERING 7.0F 1
B32656J1334J000,640,52.11409,EPCOS - TDK Electronics,CAP FILM 0.33UF 5% 1.6KVDC RAD
B32656J1334K000,640,52.11409,EPCOS - TDK Electronics,CAP FILM 0.33UF 10% 1.6KVDC RAD
B32656S7334K565,192,52.13719,EPCOS - TDK Electronics,CAP FILM 0.33UF 1.25KVDC SCREW
B32716H0206J000,400,52.27123,EPCOS - TDK Electronics,"MKP DC FILTERING - 1000VDC, 20F"
B32716H5506K000,440,54.08148,EPCOS - TDK Electronics,"MKP DC FILTERING - 500VDC, 50F 1"
B32758G2306J000,280,52.57304,EPCOS - TDK Electronics,CAP FILM 30UF 5% 500VDC RADIAL
B32756G2256J000,180,52.86433,EPCOS - TDK Electronics,CAP FILM 25UF 5% 500VDC RADIAL
B32716H5506J000,440,54.81727,EPCOS - TDK Electronics,"MKP DC FILTERING - 500VDC, 50F 5"
B32776T1905K000,280,53.25114,EPCOS - TDK Electronics,CAP FILM 9UF 1.3KVDC RAD 4 LEAD
B32758G7226K000,280,53.38229,EPCOS - TDK Electronics,CAP FILM 22UF 10% 550VDC RADIAL
B32756G2276K000,140,53.60379,EPCOS - TDK Electronics,CAP FILM 27UF 10% 500VDC RADIAL
B32716H6456K000,400,55.46495,EPCOS - TDK Electronics,"MKP DC FILTERING - 600VDC, 45F 1"
B32656S8185K562,108,53.68556,EPCOS - TDK Electronics,CAP FILM 1.8UF 10% 850VDC SCREW
B32656S8185K566,108,53.68556,EPCOS - TDK Electronics,CAP FILM 1.8UF 10% 850VDC SCREW
B32756G7226K000,180,53.75372,EPCOS - TDK Electronics,CAP FILM 22UF 10% 550VDC RADIAL
B32758G7206J000,280,54.11943,EPCOS - TDK Electronics,CAP FILM 20UF 5% 550VDC RADIAL
B32526R0476K000,1620,54.21143,EPCOS - TDK Electronics,CAP FILM 47UF 10% 63VDC RADIAL
B32758G2356K000,280,54.85543,EPCOS - TDK Electronics,CAP FILM 35UF 10% 500VDC RADIAL
B32758G7256K000,280,55.22339,EPCOS - TDK Electronics,CAP FILM 25UF 10% 550VDC RADIAL
B32656A7105J000,440,55.26175,EPCOS - TDK Electronics,CAP FILM 1UF 5% 1.25KVDC RADIAL
B32678G6156K000,280,55.26682,EPCOS - TDK Electronics,CAP FILM 15UF 10% 630VDC RADIAL
B32778H7106K000,108,55.45278,EPCOS - TDK Electronics,CAP FILM 10UF 10% 1.6KVDC RADIAL
B32758G3206K000,280,55.59139,EPCOS - TDK Electronics,CAP FILM 20UF 10% 580VDC RADIAL
B32656S0105K418,96,57.60573,EPCOS - TDK Electronics,"FILM CAP 1,0000UF 10% 1000V- MKP"
B32756G3206K000,180,55.72094,EPCOS - TDK Electronics,CAP FILM 20UF 10% 580VDC RADIAL
B32656S7474K577,156,55.88404,EPCOS - TDK Electronics,CAP FILM 0.47UF 1.25KVDC QC TERM
B32756G2276J000,140,56.0415,EPCOS - TDK Electronics,CAP FILM 27UF 5% 500VDC RADIAL
B32758G7226J000,280,56.05154,EPCOS - TDK Electronics,CAP FILM 22UF 5% 550VDC RADIAL
B32756G7226J000,180,56.21117,EPCOS - TDK Electronics,CAP FILM 22UF 5% 550VDC RADIAL
B32656S0105K577,144,56.26326,EPCOS - TDK Electronics,CAP FILM 1UF 10% 1KVDC SCREW
B32656S7474K561,140,56.39886,EPCOS - TDK Electronics,CAP FILM 0.47UF 1.25KVDC SCREW
B32656S7474J566,140,56.39886,EPCOS - TDK Electronics,CAP FILM 0.47UF 5% 1.25KVDC SCRW
B32756G2306K000,180,56.6205,EPCOS - TDK Electronics,CAP FILM 30UF 10% RADIAL
B32718H0306K000,280,58.59346,EPCOS - TDK Electronics,"MKP DC FILTERING - 1000VDC, 30F"
B32776E5306J000,440,56.75739,EPCOS - TDK Electronics,CAP FILM 30UF 5% 575VDC RADIAL
B32776E5306K000,440,56.75739,EPCOS - TDK Electronics,CAP FILM 30UF 10% 575VDC RADIAL
B32776G5306J000,440,56.75739,EPCOS - TDK Electronics,CAP FILM 30UF 575VDC RAD 4 LEAD
B32686S0474J563,96,56.78271,EPCOS - TDK Electronics,CAP FILM 0.47UF 5% 1KVDC SCREW
B32656S8155K566,128,56.83375,EPCOS - TDK Electronics,CAP FILM 1.5UF 10% 850VDC SCREW
B32676G6156K000,180,56.84283,EPCOS - TDK Electronics,CAP FILM 15UF 10% 630VDC RADIAL
B32778T0206K000,560,56.868,EPCOS - TDK Electronics,CAP FILM 20UF 1.1KVDC RAD 4 LEAD
B32758G3226K000,280,57.06454,EPCOS - TDK Electronics,CAP FILM 22UF 10% 580VDC RADIAL
B32758G7256J000,280,57.98421,EPCOS - TDK Electronics,CAP FILM 25UF 5% 550VDC RADIAL
B32758G3206J000,280,58.37111,EPCOS - TDK Electronics,CAP FILM 20UF 5% 580VDC RADIAL
B32776E8256K000,440,58.42482,EPCOS - TDK Electronics,CAP FILM 25UF 10% 800VDC RADIAL
B32776G0146J000,440,58.42482,EPCOS - TDK Electronics,CAP FILM 14UF 1.1KVDC RAD 4 LEAD
B32656S1474K562,108,58.53315,EPCOS - TDK Electronics,CAP FILM 0.47UF 10% 1.7KVDC SCRW
B32656S1474K566,108,58.53315,EPCOS - TDK Electronics,CAP FILM 0.47UF 10% 1.7KVDC SCRW
B32656S7105K566,108,58.53315,EPCOS - TDK Electronics,CAP FILM 1UF 10% 1.25KVDC SCREW
B32656S7474J564,128,59.41148,EPCOS - TDK Electronics,CAP FILM 0.47UF 5% 1.25KVDC SCRW
B32656S8155J561,128,59.41148,EPCOS - TDK Electronics,CAP FILM 1.5UF 5% 850VDC SCREW
B32656S7474K565,128,59.41148,EPCOS - TDK Electronics,CAP FILM 0.47UF 1.25KVDC QC TERM
B32656S8155K562,128,59.41148,EPCOS - TDK Electronics,CAP FILM 1.5UF 10% 850VDC SCREW
B32678G4206K000,280,59.68893,EPCOS - TDK Electronics,CAP FILM 20UF 10% 450VDC RADIAL
B32758G7306K000,108,59.82111,EPCOS - TDK Electronics,CAP FILM 30UF 10% 550VDC RADIAL
B32686S0474J561,108,59.83796,EPCOS - TDK Electronics,CAP FILM 0.47UF 5% 1KVDC SCREW
B32686S0474J562,108,59.83796,EPCOS - TDK Electronics,CAP FILM 0.47UF 5% 1KVDC SCREW
B32758G3226J000,280,59.9175,EPCOS - TDK Electronics,CAP FILM 22UF 5% 580VDC RADIAL
B32656S1224K577,180,59.965,EPCOS - TDK Electronics,FILM CAP 0.2200UF 10% 1700V- MKP
B32776E4306K000,640,60.00419,EPCOS - TDK Electronics,CAP FILM 30UF 10% 450VDC RADIAL
B32776E9256J000,400,60.37323,EPCOS - TDK Electronics,CAP FILM 25UF 5% 900VDC RADIAL
B32776E9256K000,400,60.37323,EPCOS - TDK Electronics,CAP FILM 25UF 10% 900VDC RADIAL
B32776G9256J000,400,60.37323,EPCOS - TDK Electronics,CAP FILM 25UF 900VDC RAD 4 LEAD
B32776G9256K000,400,60.37323,EPCOS - TDK Electronics,CAP FILM 25UF 900VDC RAD 4 LEAD
B32716H0226K000,180,60.38444,EPCOS - TDK Electronics,"MKP DC FILTERING - 1000VDC, 22F"
B32526R6226K000,440,60.71545,EPCOS - TDK Electronics,CAP FILM 22UF 10% 400VDC RADIAL
B32656G5505K000,400,60.72778,EPCOS - TDK Electronics,CAP FILM 5UF 10% 750VDC RADIAL
B32656S0105J565,96,60.92521,EPCOS - TDK Electronics,CAP FILM 1UF 5% 1KVDC SCREW
B32656S7564K562,96,61.21552,EPCOS - TDK Electronics,CAP FILM 0.56UF 1.25KVDC SCREW
B32656S7564K566,96,61.21552,EPCOS - TDK Electronics,CAP FILM 0.56UF 1.25KVDC QC TERM
B32776E8256J000,440,61.35107,EPCOS - TDK Electronics,CAP FILM 25UF 5% 800VDC RADIAL
B32776G8206J000,440,61.35107,EPCOS - TDK Electronics,CAP FILM 20UF 800VDC RAD 4 LEAD
B32758G3256K000,108,61.61741,EPCOS - TDK Electronics,CAP FILM 25UF 10% RADIAL
B32656S7105J563,96,61.82281,EPCOS - TDK Electronics,CAP FILM 1UF 5% 1.25KVDC SCREW
B32678G1156K000,280,61.89893,EPCOS - TDK Electronics,CAP FILM 15UF 10% 750VDC RADIAL
B32656S0125K577,144,61.92958,EPCOS - TDK Electronics,CAP FILM 1.2UF 10% 1KVDC SCREW
B32778T9256K000,560,62.12634,EPCOS - TDK Electronics,CAP FILM 25UF 900VDC RAD 4 LEAD
B32916B5335M000,440,62.1863,EPCOS - TDK Electronics,CAP FILM 3.3UF 20% 1KVDC RADIAL
B32656S2104K565,288,62.52424,EPCOS - TDK Electronics,CAP FILM 0.1UF 10% 2KVDC SCREW
B32758G7306J000,108,62.53315,EPCOS - TDK Electronics,CAP FILM 30UF 5% 550VDC RADIAL
B32778T5406K000,560,62.79204,EPCOS - TDK Electronics,CAP FILM 40UF 575VDC RAD 4 LEAD
B32776E1146K000,400,63.16208,EPCOS - TDK Electronics,CAP FILM 14UF 10% 1.3KVDC RADIAL
B32776G0166K000,440,63.16209,EPCOS - TDK Electronics,CAP FILM 16UF 1.1KVDC RAD 4 LEAD
B32776G8226K000,440,63.16209,EPCOS - TDK Electronics,CAP FILM 22UF 800VDC RAD 4 LEAD
B32656S2104K563,168,63.34256,EPCOS - TDK Electronics,CAP FILM 0.1UF 10% 2KVDC SCREW
B32320I4886K000,128,63.37953,EPCOS - TDK Electronics,88MFD 450V PP 50X57 PBT 5 PIN
B32676E3206J000,440,63.44118,EPCOS - TDK Electronics,CAP FILM 20UF 5% 300VDC RADIAL
B32656J1474K000,440,63.45773,EPCOS - TDK Electronics,CAP FILM 0.47UF 5% 1.6KVDC RAD
B32656S1274K562,140,63.57143,EPCOS - TDK Electronics,"FILM CAP 0,2700UF 10% 1700V- MKP"
B32526R1476K000,800,63.60036,EPCOS - TDK Electronics,CAP FILM 47UF 10% 100VDC RADIAL
B32776E5356J000,440,63.66032,EPCOS - TDK Electronics,CAP FILM 35UF 5% 575VDC RADIAL
B32776E5356K000,440,63.66032,EPCOS - TDK Electronics,CAP FILM 35UF 10% 575VDC RADIAL
B32776G5356J000,440,63.66032,EPCOS - TDK Electronics,CAP FILM 35UF 575VDC RAD 4 LEAD
B32776G5356K000,440,63.66032,EPCOS - TDK Electronics,CAP FILM 35UF 575VDC RAD 4 LEAD
B32526R6226J000,440,63.75034,EPCOS - TDK Electronics,CAP FILM 22UF 5% 400VDC RADIAL
B32656S7684K564,96,64.12875,EPCOS - TDK Electronics,CAP FILM 0.68UF 1.25KVDC SCREW
B32656S0125K561,96,64.12875,EPCOS - TDK Electronics,CAP FILM 1.2UF 10% 1KVDC SCREW
B32656S7684K562,96,64.12875,EPCOS - TDK Electronics,CAP FILM 0.68UF 1.25KVDC SCREW
B32656S7684J566,96,64.12875,EPCOS - TDK Electronics,CAP FILM 0.68UF 5% 1.25KVDC SCRW
B32656S7684K566,96,64.12875,EPCOS - TDK Electronics,CAP FILM 0.68UF 1.25KVDC QC TERM
B32656S2124K563,144,64.15083,EPCOS - TDK Electronics,CAP FILM 0.12UF 10% 2KVDC SCREW
B32758G3256J000,108,64.47954,EPCOS - TDK Electronics,CAP FILM 25UF 10% RADIAL
B32676G3306J000,400,64.6568,EPCOS - TDK Electronics,CAP FILM 30UF 5% 300VDC RADIAL
B32656S7684K563,104,65.02577,EPCOS - TDK Electronics,CAP FILM 0.68UF 1.25KVDC SCREW
B32656S2154K563,120,65.144,EPCOS - TDK Electronics,CAP FILM 0.15UF 10% 2KVDC SCREW
B32916A5225K000,640,65.1943,EPCOS - TDK Electronics,CAP FILM 2.2UF 10% 530VAC RADIAL
B32778H2186K000,96,65.30625,EPCOS - TDK Electronics,CAP FILM 18UF 10% 1.4KVDC RADIAL
B32676G3356K000,180,65.44678,EPCOS - TDK Electronics,CAP FILM 35UF 10% 300VDC RADIAL
B32776G1805J000,640,65.63258,EPCOS - TDK Electronics,CAP FILM 8UF 1.3KVDC RAD 4 LEAD
B32678G3306K000,144,65.63306,EPCOS - TDK Electronics,CAP FILM 30UF 10% 300VDC RADIAL
B32928A4825M000,280,65.63761,EPCOS - TDK Electronics,CAP FILM 8.2UF 20% 650VDC RADIAL
B32776P7226K000,180,65.94889,EPCOS - TDK Electronics,CAP FILM 22UF 10% 700VDC RADIAL
B32656S2104J563,168,66.22899,EPCOS - TDK Electronics,CAP FILM 0.1UF 5% 2KVDC SCREW
B32776E4356K000,440,66.31989,EPCOS - TDK Electronics,CAP FILM 35UF 10% 450VDC RADIAL
B32776G8226J000,440,66.31989,EPCOS - TDK Electronics,CAP FILM 22UF 800VDC RAD 4 LEAD
B32656A7125J000,440,66.32102,EPCOS - TDK Electronics,CAP FILM 1.2UF 5% 1.25KVDC RAD
B32656J2334J000,440,66.32102,EPCOS - TDK Electronics,CAP FILM 0.33UF 5% 2KVDC RADIAL
B32656A7125K000,440,66.32102,EPCOS - TDK Electronics,CAP FILM 1.2UF 10% 1.25KVDC RAD
B32656J2334K000,440,66.32102,EPCOS - TDK Electronics,CAP FILM 0.33UF 10% 2KVDC RADIAL
B32320I0706K000,128,66.33461,EPCOS - TDK Electronics,70MFD 1100V PP 50X95 PBT 5 PIN
B32758G2406J000,108,66.35315,EPCOS - TDK Electronics,CAP FILM 40UF 5% 500VDC RADIAL
B32656S7125K563,96,66.4149,EPCOS - TDK Electronics,CAP FILM 1.2UF 10% 1.25KVDC SCRW
B32526R3476K000,640,66.4957,EPCOS - TDK Electronics,CAP FILM 47UF 10% 250VDC RADIAL
B32656S0155K577,96,68.81573,EPCOS - TDK Electronics,"FILM CAP 1,5000UF 10% 1000V- MKP"
B32778H6156K000,96,66.67854,EPCOS - TDK Electronics,CAP FILM 15UF 10% 1.5KVDC RADIAL
B32656S0125J561,96,67.03,EPCOS - TDK Electronics,CAP FILM 1.2UF 5% 1KVDC SCREW
B32916A3685M000,440,67.44773,EPCOS - TDK Electronics,CAP FILM 6.8UF 20% 760VDC RADIAL
B32686S7224J563,144,67.55167,EPCOS - TDK Electronics,CAP FILM 0.22UF 5% 1.25KVDC SCRW
B32758G7356K000,108,67.62194,EPCOS - TDK Electronics,CAP FILM 35UF 10% 550VDC RADIAL
B32354S3226K010,108,67.6763,EPCOS - TDK Electronics,CAP FILM 22UF 10% 500VDC RAD 4LD
B32678G4256K000,144,67.69521,EPCOS - TDK Electronics,CAP FILM 25UF 10% 450VDC RADIAL
B32776E8306J000,400,67.9842,EPCOS - TDK Electronics,CAP FILM 30UF 5% 800VDC RADIAL
B32718H0356J000,108,71.40722,EPCOS - TDK Electronics,"MKP DC FILTERING - 1000VDC, 35F"
B32656S2224J565,96,69.41771,EPCOS - TDK Electronics,CAP FILM 0.22UF 5% 2KVDC SCREW
B32758G2456K000,108,69.51704,EPCOS - TDK Electronics,CAP FILM 45UF 10% 500VDC RADIAL
B32678G3356K000,144,69.75229,EPCOS - TDK Electronics,CAP FILM 35UF 10% 300VDC RADIAL
B32758G7356J000,108,70.69694,EPCOS - TDK Electronics,CAP FILM 35UF 5% 550VDC RADIAL
B32778H7146K000,96,70.71938,EPCOS - TDK Electronics,CAP FILM 14UF 10% 1.6KVDC RADIAL
B32928A4106M000,280,70.7505,EPCOS - TDK Electronics,CAP FILM 10UF 20% 650VDC RADIAL
B32320I1506K000,128,70.75484,EPCOS - TDK Electronics,50MFD 1300V PP 50X95 PBT 5 PIN
B32656S7125K566,48,70.79854,EPCOS - TDK Electronics,CAP FILM 1.2UF 10% 1.25KVDC SCRW
B32776E5456K000,400,71.00153,EPCOS - TDK Electronics,CAP FILM 45UF 10% 575VDC RADIAL
B32656S0155K563,96,71.39896,EPCOS - TDK Electronics,CAP FILM 1.5UF 10% 1KVDC SCREW
B32776P6306K000,180,71.49033,EPCOS - TDK Electronics,CAP FILM 30UF 10% 630VDC RADIAL
B32716H1306K000,140,71.51421,EPCOS - TDK Electronics,"MKP DC FILTERING - 1100VDC, 30F"
B32758G3306K000,108,71.52231,EPCOS - TDK Electronics,CAP FILM 30UF 10% 875VDC RAD 4LD
B32676G1905J000,400,71.56075,EPCOS - TDK Electronics,CAP FILM 9UF 5% 750VDC RADIAL
B32926A4685K000,440,72.17373,EPCOS - TDK Electronics,CAP FILM 6.8UF 10% 630VDC RADIAL
B32656S7105J561,108,72.35157,EPCOS - TDK Electronics,CAP FILM 1UF 5% 1.25KVDC SCREW
B32776E4406K000,440,72.63682,EPCOS - TDK Electronics,CAP FILM 40UF 10% 450VDC RADIAL
B32678G3406K000,280,72.95311,EPCOS - TDK Electronics,CAP FILM 40UF 10% 300VDC RADIAL
B32526R0686K000,800,73.00998,EPCOS - TDK Electronics,CAP FILM 68UF 10% 63VDC RADIAL
B32916B5475K000,180,73.03717,EPCOS - TDK Electronics,4.7UF  10%  530V   MKP X1 --- 4
B32676G6106J000,440,73.36866,EPCOS - TDK Electronics,CAP FILM 10UF 5% 630VDC RADIAL
B32778T4556K000,560,73.66429,EPCOS - TDK Electronics,CAP FILM 55UF 450VDC RAD 4 LEAD
B32656J1474J000,440,74.21007,EPCOS - TDK Electronics,CAP FILM 0.47UF 5% 1.6KVDC RAD
B32716H2256J000,140,77.05086,EPCOS - TDK Electronics,"MKP DC FILTERING - 1200VDC, 25F"
B32656S0155K562,48,74.49396,EPCOS - TDK Electronics,CAP FILM 1.5UF 10% 1KVDC SCREW
B32718H0406K000,108,74.84009,EPCOS - TDK Electronics,"MKP DC FILTERING - 1000VDC, 40F"
B32758G3306J000,108,74.85537,EPCOS - TDK Electronics,CAP FILM 30UF 5% 875VDC RADIAL
B32656S7155K566,96,74.95917,EPCOS - TDK Electronics,CAP FILM 1.5UF 10% 1.25KVDC SCRW
B32656S7155K577,96,74.95917,EPCOS - TDK Electronics,CAP FILM 1.5UF 10% 1.25KVDC SCRW
B32320I1216K000,1,75,EPCOS - TDK Electronics,21MFD 1300V PP 50X57 PBT 5 PIN
B32656S2104K564,288,75.19316,EPCOS - TDK Electronics,CAP FILM 0.1UF 10% 2KVDC SCREW
B32778H1276K000,108,75.30028,EPCOS - TDK Electronics,27UF  10%  1100V  MKP  WOUND BOX
B32524R0686K000,800,75.41535,EPCOS - TDK Electronics,CAP FILM 68UF 10% 63VDC RADIAL
B32776G4356K000,440,75.79368,EPCOS - TDK Electronics,CAP FILM 35UF 450VDC RAD 4 LEAD
B32758G7406K000,96,76.05573,EPCOS - TDK Electronics,CAP FILM 40UF 10% 550VDC RADIAL
B32758G2506K000,96,76.22802,EPCOS - TDK Electronics,CAP FILM 50UF 10% 500VDC RADIAL
B32778T8306K000,560,76.5493,EPCOS - TDK Electronics,CAP FILM 30UF 800VDC RAD 4 LEAD
B32678G3406J000,144,77.22694,EPCOS - TDK Electronics,CAP FILM 40UF 5% 300VDC RADIAL
B32678G6256J000,112,77.4833,EPCOS - TDK Electronics,CAP FILM 25UF 5% 630VDC RADIAL
B32656S7185K561,84,78.23393,EPCOS - TDK Electronics,CAP FILM 1.8UF 10% 1.25KVDC SCRW
B32656S7185K566,84,78.23393,EPCOS - TDK Electronics,CAP FILM 1.8UF 10% 1.25KVDC SCRW
B32656S7185K577,84,78.23393,EPCOS - TDK Electronics,CAP FILM 1.8UF 10% 1.25KVDC SCRW
B32656S2154J561,140,78.35779,EPCOS - TDK Electronics,FILM CAP 0.1500UF 5% 2000V- MKP
B32656S7155J561,96,78.3625,EPCOS - TDK Electronics,CAP FILM 1.5UF 5% 1.25KVDC SCREW
B32656S0185K566,96,78.53135,EPCOS - TDK Electronics,CAP FILM 1.8UF 10% 1KVDC SCREW
B32778H1336K000,96,78.81052,EPCOS - TDK Electronics,CAP FILM 33UF 10% 1.1KVDC RADIAL
B32656S8335K561,84,78.83155,EPCOS - TDK Electronics,CAP FILM 3.3UF 10% 850VDC SCREW
B32656S8335K562,84,78.83155,EPCOS - TDK Electronics,CAP FILM 3.3UF 10% 850VDC SCREW
B32656S8335K566,84,78.83155,EPCOS - TDK Electronics,CAP FILM 3.3UF 10% 850VDC SCREW
B32656S8335K577,84,78.83155,EPCOS - TDK Electronics,CAP FILM 3.3UF 10% 850VDC SCREW
B32758G7406J000,96,79.51594,EPCOS - TDK Electronics,CAP FILM 40UF 5% 550VDC RADIAL
B32758G2506J000,96,79.69688,EPCOS - TDK Electronics,CAP FILM 50UF 5% 500VDC RADIAL
B32564J1476K000,1040,80.39563,EPCOS - TDK Electronics,CAP FILM 47UF 10% 100VDC 2DIP
B32776G0206J000,400,80.53208,EPCOS - TDK Electronics,CAP FILM 20UF 1.1KVDC RAD 4 LEAD
B32526R1686K000,720,80.94554,EPCOS - TDK Electronics,CAP FILM 68UF 10% 100VDC RADIAL
B32354S3306K010,84,81.00226,EPCOS - TDK Electronics,CAP FILM 30UF 10% 500VDC RAD 4LD
B32758G3356K000,96,81.85292,EPCOS - TDK Electronics,CAP FILM 35UF 10% 875VDC RADIAL
B32758G2556K000,96,82.2449,EPCOS - TDK Electronics,CAP FILM 55UF 10% 500VDC RADIAL
B32656S7155J562,96,82.47406,EPCOS - TDK Electronics,CAP FILM 1.5UF 5% 1.25KVDC SCREW
B32656S2334K561,108,83.39824,EPCOS - TDK Electronics,CAP FILM 0.33UF 10% 2KVDC SCREW
B32758G8256K000,108,86.38944,EPCOS - TDK Electronics,FILM CAP MKP AC FILTERING 25.0F
B32778H9566K000,96,86.3899,EPCOS - TDK Electronics,FILM CAP MKP DC LINK 56.0F 10% 9
B32656S8225K566,48,83.57479,EPCOS - TDK Electronics,CAP FILM 2.2UF 10% 850VDC SCREW
B32656A7155J000,400,83.6941,EPCOS - TDK Electronics,CAP FILM 1.5UF 5% 1.25KVDC RAD
B32758G7456K000,96,83.78677,EPCOS - TDK Electronics,CAP FILM 45UF 10% 550VDC RADIAL
B32758G3356J000,96,84.01677,EPCOS - TDK Electronics,CAP FILM 35UF 5% 580VDC RADIAL
B32776G9306K000,180,85.13589,EPCOS - TDK Electronics,CAP FILM 30UF 900VDC RAD 4 LEAD
B32776G9306J000,180,85.13589,EPCOS - TDK Electronics,CAP FILM 30UF 900VDC RAD 4 LEAD
B32656S2474K563,96,85.37521,EPCOS - TDK Electronics,CAP FILM 0.47UF 10% 2KVDC SCREW
B32758G2556J000,96,85.99198,EPCOS - TDK Electronics,CAP FILM 55UF 5% 500VDC RADIAL
B32656S0185J561,48,87.33063,EPCOS - TDK Electronics,CAP FILM 1.8UF 5% 1KVDC SCREW
B32776E1146J000,400,87.50323,EPCOS - TDK Electronics,CAP FILM 14UF 5% 1.3KVDC RADIAL
B32758G7456J000,96,87.60625,EPCOS - TDK Electronics,CAP FILM 45UF 5% 550VDC RADIAL
B32778G5606J000,280,87.65621,EPCOS - TDK Electronics,CAP FILM 60UF 575VDC RAD 4 LEAD
B32778G5606K000,280,87.65621,EPCOS - TDK Electronics,CAP FILM 60UF 575VDC RAD 4 LEAD
B32778G9356J000,280,87.65621,EPCOS - TDK Electronics,CAP FILM 35UF 900VDC RAD 4 LEAD
B32778G9356K000,280,87.65621,EPCOS - TDK Electronics,CAP FILM 35UF 900VDC RAD 4 LEAD
B32656J1564J000,440,88.42639,EPCOS - TDK Electronics,CAP FILM 0.56UF 5% 1.6KVDC RAD
B32656S0225K566,96,91.95479,EPCOS - TDK Electronics,FILM CAP 2.2000UF 10% 1000V- MKP
B32656S0225K577,96,91.95479,EPCOS - TDK Electronics,FILM CAP 2.2000UF 10% 1000V- MKP
B32656S8255K563,96,88.91125,EPCOS - TDK Electronics,CAP FILM 2.5UF 10% 850VDC SCREW
B32656S0275K561,84,92.10464,EPCOS - TDK Electronics,2.7000UF 10% 1000V- MKP BOX
B32656S0275K418,84,92.10464,EPCOS - TDK Electronics,FILM CAP 2.7000UF 10% 1000V- MKP
B32656S0275K566,84,89.02167,EPCOS - TDK Electronics,2.7000UF 10% 1000V- MKP BOX
B32656S0275K577,84,89.02167,EPCOS - TDK Electronics,"FILM CAP 2,700UF 10% 1000V- MKP"
B32656S2474J563,96,89.25667,EPCOS - TDK Electronics,CAP FILM 0.47UF 5% 2KVDC SCREW
B32758G7506K000,140,90.56586,EPCOS - TDK Electronics,CAP FILM 50UF 10% 550VDC RADIAL
B32718H0456K000,96,91.43083,EPCOS - TDK Electronics,"MKP DC FILTERING - 1000VDC, 45F"
B32656S0225K562,48,95.28,EPCOS - TDK Electronics,2.2000UF 10% 1000V- MKP BOX
B32656S8255K561,48,92.56271,EPCOS - TDK Electronics,CAP FILM 2.5UF 10% 850VDC SCREW
B32656S8255K562,48,92.56271,EPCOS - TDK Electronics,CAP FILM 2.5UF 10% 850VDC SCREW
B32656S8255J562,48,92.56271,EPCOS - TDK Electronics,CAP FILM 2.5UF 5% 850VDC SCREW
B32656S8335K411,56,92.58679,EPCOS - TDK Electronics,3.3000UF 10% 850V- MKP BOX
B32758G2656K000,140,93.51214,EPCOS - TDK Electronics,CAP FILM 65UF 10% 500VDC RADIAL
B32676G4256K000,180,93.74894,EPCOS - TDK Electronics,CAP FILM 25UF 10% 450VDC RADIAL
B32678G6206J000,108,93.81926,EPCOS - TDK Electronics,CAP FILM 20UF 5% 630VDC RADIAL
B32656S4156K561,48,97.17292,EPCOS - TDK Electronics,FILM CAP 15.0000UF 10% 400V MKP
B32656J2474J000,400,94.74313,EPCOS - TDK Electronics,CAP FILM 0.47UF 5% 2KVDC RADIAL
B32656J2474K000,400,94.74313,EPCOS - TDK Electronics,CAP FILM 0.47UF 10% 2KVDC RADIAL
B32758G7506J000,140,95.09457,EPCOS - TDK Electronics,CAP FILM 50UF 5% 550VDC RADIAL
B32686S1274K562,48,95.16938,EPCOS - TDK Electronics,CAP FILM 0.27UF 10% 1.6KVDC SCRW
B32926B4825K000,180,95.54939,EPCOS - TDK Electronics,CAP FILM 8.2UF 10% 650VDC RADIAL
B32656S0205J561,48,96.72854,EPCOS - TDK Electronics,CAP FILM 2UF 5% 1KVDC SCREW
B32656S0205K561,48,96.72854,EPCOS - TDK Electronics,CAP FILM 2UF 10% 1KVDC SCREW
B32686S2223K564,384,97.90107,EPCOS - TDK Electronics,CAP FILM 0.022UF 10% 2KVDC SCREW
B32758G2656J000,140,98.18736,EPCOS - TDK Electronics,CAP FILM 65UF 5% 500VDC RADIAL
B32656S1824K561,84,98.22143,EPCOS - TDK Electronics,FILM CAP 0.8200UF 10% 1700V- MKP
B32656S1824K566,84,98.22143,EPCOS - TDK Electronics,FILM CAP 0.8200UF 10% 1700V- MKP
B32656S8355K561,84,101.73,EPCOS - TDK Electronics,3.5000UF 10% 850V- MKP BOX
B32716H0406K000,140,98.92393,EPCOS - TDK Electronics,"MKP DC FILTERING - 1000VDC, 40F"
B32716H0406J000,140,99.69479,EPCOS - TDK Electronics,"MKP DC FILTERING - 1000VDC, 40F"
B32686S2223K563,192,100.18531,EPCOS - TDK Electronics,CAP FILM 0.022UF 10% 2KVDC SCREW
B32718H0556K000,140,100.27893,EPCOS - TDK Electronics,"MKP DC FILTERING - 1000VDC, 55F"
B32686S2473K564,192,101.05875,EPCOS - TDK Electronics,CAP FILM 0.047UF 10% 2KVDC SCREW
B32686S2473K563,144,103.41757,EPCOS - TDK Electronics,CAP FILM 0.047UF 10% 2KVDC SCREW
B32656S0225J562,48,107.27958,EPCOS - TDK Electronics,FILM CAP 2.2000UF 5% 1000V- MKP
B32758G3456J000,140,103.79286,EPCOS - TDK Electronics,CAP FILM 45UF 5% 580VDC RADIAL
B32718H8856K000,140,103.96536,EPCOS - TDK Electronics,"MKP DC FILTERING - 800VDC, 85F 1"
B32716H6856K000,140,109.0955,EPCOS - TDK Electronics,"MKP DC FILTERING - 600VDC, 85F 1"
B32656S1105K566,84,106.02429,EPCOS - TDK Electronics,CAP FILM 1UF 10% 100VDC SCREW
B32656S1105K577,84,106.02429,EPCOS - TDK Electronics,CAP FILM 1UF 10% 100VDC SCREW
B32676F3356K000,180,106.2395,EPCOS - TDK Electronics,CAP FILM 35UF 10% 300VDC RADIAL
B32526R3686J000,440,106.24593,EPCOS - TDK Electronics,CAP FILM 68UF 5% 250VDC RADIAL
B32370A4206J080,100,107.3673,EPCOS - TDK Electronics,CAP FILM 20UF 5% 1.2KVDC RADIAL
B32656J1684J000,440,107.37584,EPCOS - TDK Electronics,CAP FILM 0.68UF 5% 1.6KVDC RAD
B32798G8266K,280,107.42021,EPCOS - TDK Electronics,CAP FILM 26UF 10% 875VDC RADIAL
B32370A3406J030,100,108.5407,EPCOS - TDK Electronics,CAP FILM 40UF 5% 900VDC RADIAL
B32778G5806K000,108,108.55343,EPCOS - TDK Electronics,CAP FILM 80UF 575VDC RAD 4 LEAD
B32778T1146K000,1,113.21,EPCOS - TDK Electronics,CAP FILM 14UF 1.3KVDC RAD 4 LEAD
B32678G3806K000,140,114.2685,EPCOS - TDK Electronics,CAP FILM 80UF 10% 300VDC RADIAL
B32928A4156M000,108,114.93389,EPCOS - TDK Electronics,CAP FILM 15UF 20% 650VDC RADIAL
B32778G8456J000,280,116.05971,EPCOS - TDK Electronics,CAP FILM 45UF 800VDC RAD 4 LEAD
B32918A5565M000,280,116.99504,EPCOS - TDK Electronics,CAP FILM 5.6UF 20% 1KVDC RADIAL
B32686S7564K577,96,121.93146,EPCOS - TDK Electronics,"FILM CAP 0,5600UF 10% 1250V MFP"
B32656S8505K561,108,123.64778,EPCOS - TDK Electronics,FILM CAP  5.0000UF 10% 850V MKP
B32776E4606K000,400,123.16525,EPCOS - TDK Electronics,CAP FILM 60UF 10% 450VDC RADIAL
B32778G8556J000,108,126.00806,EPCOS - TDK Electronics,CAP FILM 55UF 800VDC RAD 4 LEAD
B32658S7225K415,64,131.38438,EPCOS - TDK Electronics,FILM CAP 2.200UF 10% 1250V- MKP
B32656S2564K566,84,128.81738,EPCOS - TDK Electronics,FILM CAP 0.5600UF 10% 2000V MKP
B32656S2564K561,84,128.81738,EPCOS - TDK Electronics,FILM CAP 0.5600UF 10% 2000V MKP
B32656J1824J000,400,129.48208,EPCOS - TDK Electronics,CAP FILM 0.82UF 5% 1.6KVDC RAD
B32656S2564K410,60,130.94267,EPCOS - TDK Electronics,FILM CAP 0.5600UF 10% 2000V MKP
B32537B8473K,200,131.48305,EPCOS - TDK Electronics,CAP FILM 0.047UF 10% 630VDC AXL
B32718H5157K000,140,134.76729,EPCOS - TDK Electronics,"MKP DC FILTERING - 500VDC, 150F"
B32778G8606J000,108,135.95667,EPCOS - TDK Electronics,CAP FILM 60UF 800VDC RAD 4 LEAD
B32658S8565K415,56,141.25696,EPCOS - TDK Electronics,5.60UF 10% 850V- MKP BOX
B32370F3806J030,60,146.04533,EPCOS - TDK Electronics,80UF +-5% 330V PEC MKD AC
B32320I8157K000,1,143.23,EPCOS - TDK Electronics,150MFD 800V PP 50X120 PBT 5 PIN
B32798G8406K,108,144.86019,EPCOS - TDK Electronics,CAP FILM 40UF 10% 875VDC RADIAL
B32658S7305K415,56,150.74321,EPCOS - TDK Electronics,FILM CAP 3.000UF 10% 1250V- MKP
B32778G1276J000,108,147.91981,EPCOS - TDK Electronics,CAP FILM 27UF 1.3KVDC RAD 4 LEAD
B32361A4156J080,240,157.61683,EPCOS - TDK Electronics,CAP FILM 15UF 5% 480VAC RADIAL
B32526R1157K000,440,159.00393,EPCOS - TDK Electronics,CAP FILM 150UF 10% 100VDC RADIAL
B32370A4606J020,60,162.81317,EPCOS - TDK Electronics,CAP FILM 60UF 5% 1.05KVDC RADIAL
B32371F3506J030,60,173.0775,EPCOS - TDK Electronics,50UF +-5% 330V PEC MKD AC
B32361A2606J050,240,168.76613,EPCOS - TDK Electronics,CAP FILM 60UF 5% 250VAC RADIAL
B32361A2706J050,240,175.87371,EPCOS - TDK Electronics,CAP FILM 70UF 5% 250VAC RADIAL
B32361A3606J030,240,179.91438,EPCOS - TDK Electronics,CAP FILM 60UF 5% 330VAC RADIAL
B32371A4606J020,60,182.05333,EPCOS - TDK Electronics,CAP FILM 60UF 5% 1.05KVDC RADIAL
B32526R0227A,440,189.08932,EPCOS - TDK Electronics,CAP FILM 220UF 63VDC RADIAL
B32371A4506J080,60,192.03883,EPCOS - TDK Electronics,CAP FILM 50UF 5% 480VAC RADIAL
B32526R0157K000,640,192.7992,EPCOS - TDK Electronics,CAP FILM 150UF 10% 100VDC RADIAL
B32371A4706J020,60,194.97167,EPCOS - TDK Electronics,CAP FILM 70UF 5% 1.05KVDC RADIAL
B32526R0227K000,440,196.07814,EPCOS - TDK Electronics,CAP FILM 220UF 10% 63VDC RADIAL
B32776G4606K000,400,198.41003,EPCOS - TDK Electronics,CAP FILM 60UF 450VDC RAD 4 LEAD
B32371A3706J030,60,202.286,EPCOS - TDK Electronics,CAP FILM 70UF 5% 900VDC RADIAL
B32778G4107J000,108,205.27537,EPCOS - TDK Electronics,CAP FILM 100UF 450VDC RAD 4 LEAD
B32371A3107J030,60,208.2055,EPCOS - TDK Electronics,CAP FILM 100UF 5% 330VAC RADIAL
B32371A2157J050,60,214.19817,EPCOS - TDK Electronics,CAP FILM 150UF 5% 250VAC RADIAL
B32778G4756J000,280,214.276,EPCOS - TDK Electronics,CAP FILM 75UF 450VDC RAD 4 LEAD
B32371A6406J000,60,217.6795,EPCOS - TDK Electronics,CAP FILM 40UF 5% 1.5KVDC RADIAL
B32361A4706J080,240,219.21496,EPCOS - TDK Electronics,CAP FILM 70UF 5% 480VAC RADIAL
B32778G4806K000,280,222.21971,EPCOS - TDK Electronics,CAP FILM 80UF 450VDC RAD 4 LEAD
B32374F3107J030,30,231.28433,EPCOS - TDK Electronics,100UF +-5% 330V PEC MKD AC
B32343C4012A580,12,244.72583,EPCOS - TDK Electronics,"PHICAP480V50/60HZ-1,5/1,8KVAR3PH"
B32343C4022A080,12,255.44917,EPCOS - TDK Electronics,"PHICAP480V50/60HZ-2/2,4KVAR3PH"
B32343C4022A580,12,266.14333,EPCOS - TDK Electronics,"PHICAP480V50/60HZ-2,5/3KVAR3PH"
B32373F7156J080,30,269.06967,EPCOS - TDK Electronics,15UF +-5% 780V PEC MKD AC
B32374F3157J030,30,271.745,EPCOS - TDK Electronics,150UF +-5% 330V PEC MKD AC
B32373F3107J030,20,274.2445,EPCOS - TDK Electronics,100UF +-5% 330V PEC MKD AC
B25690A0277K901,60,287.83567,EPCOS - TDK Electronics,270UF +-10% 900V PEC MKP DC
B25631B1157K100,24,297.54167,EPCOS - TDK Electronics,CAP FILM 150UF 10% 1.1KVDC RAD
B32362A4606J080,120,298.09317,EPCOS - TDK Electronics,CAP FILM 60UF 5% 480VAC RADIAL
B25632B0147K900,24,312.80875,EPCOS - TDK Electronics,140UF+-10% 900V PEC MKP DC LSI
B32373B4107J080,30,311.60967,EPCOS - TDK Electronics,CAP FILM 100UF 5% 1.2KVDC RADIAL
B32362A2157J050,120,314.2585,EPCOS - TDK Electronics,CAP FILM 150UF 5% 250VAC RADIAL
B32373B1226J000,20,328.318,EPCOS - TDK Electronics,CAP FILM 22UF 5% 2.475KVDC RAD
B32373F3207J030,20,343.9835,EPCOS - TDK Electronics,200UF +-5% 330V PEC MKD AC
B32377F4306J080,30,359.528,EPCOS - TDK Electronics,3X30UF +-5% 480V PEC MKD AC
B32377F3506J030,20,359.97,EPCOS - TDK Electronics,3X50UF +-5% 330V PEC MKD AC
B25631A1806K200,24,353.09542,EPCOS - TDK Electronics,CAP FILM 80UF 10% 1.2KVDC RADIAL
B25620B1147K101,60,373.90617,EPCOS - TDK Electronics,CAP FILM 140UF 10% 1.1KVDC RAD
B25620C1406K981,1,,EPCOS - TDK Electronics,CAP FILM 40UF 10% 2KVDC RADIAL
B32373A3207J030,20,374.387,EPCOS - TDK Electronics,CAP FILM 200UF 5% 330VAC RADIAL
B32373B5107J000,45,377.89378,EPCOS - TDK Electronics,CAP FILM 100UF 5% 500VAC RADIAL
B25695E0387K901,60,396.77717,EPCOS - TDK Electronics,380UF +-10% 900V PEC MKP DC
B32374F3257J030,30,402.01633,EPCOS - TDK Electronics,250UF +-5% 330V PEC MKD AC
B32377A4696J040,30,391.134,EPCOS - TDK Electronics,CAP FILM 69UF 5% 440VAC RADIAL
B32374F3307J030,30,404.69133,EPCOS - TDK Electronics,300UF +-5% 330V PEC MKD AC
B32373A5107J530,20,398.8525,EPCOS - TDK Electronics,CAP FILM 100UF 5% 1.35KVDC RAD
B44066S1011C242,5,413.898,EPCOS - TDK Electronics,10KVAR CAPDUTYCONT1NO+1NC240VAC5
B32362B4107J080,80,403.171,EPCOS - TDK Electronics,CAP FILM 100UF 5% 480VAC RADIAL
B25620B1167K321,60,404.1475,EPCOS - TDK Electronics,CAP FILM 160UF 10% 1.32KVDC RAD
B32377F3806J030,30,419.34467,EPCOS - TDK Electronics,3X80UF +-5% 330V PEC MKD AC
B25633E1556K200,24,419.41083,EPCOS - TDK Electronics,55UF+-10% 1200V PEC MKP DC ULSI
B25632E0117K800,24,419.63917,EPCOS - TDK Electronics,110UF +-10% 800V PEC MKP DC
B32344E4051A080,4,420.1125,EPCOS - TDK Electronics,"PHICAP 480V 50/60HZ 4,2/5,0KVAR"
B32344E5071A520,4,420.1125,EPCOS - TDK Electronics,"PHICAP 525V 50/60HZ- 6,3/7,5 KVA"
B32344E4071A500,6,430.55833,EPCOS - TDK Electronics,"PHICAP SIG 400V 50/60HZ-6,3/7,5K"
B25632E2206K000,24,435.94875,EPCOS - TDK Electronics,20UF +-10% 2000V PEC MKP DC
B25620B1706K981,1,,EPCOS - TDK Electronics,CAP FILM 70UF 10% 1.98KVDC RAD
B32344E4052A080,4,442.015,EPCOS - TDK Electronics,"PHICAP 480V 50/60HZ 5,0/6,0KVAR"
B32344E5101A020,4,442.015,EPCOS - TDK Electronics,"PHICAP 525V 50/60HZ 8,3/10,0KVAR"
B44066S1211C242,5,446.358,EPCOS - TDK Electronics,12.5KVARCAPDUTYCONT1NO+1NC240VAC
B32373A5107J030,20,434.5265,EPCOS - TDK Electronics,CAP FILM 100UF 5% 330VAC RADIAL
B32373A6506J060,20,436.3545,EPCOS - TDK Electronics,CAP FILM 50UF 5% 1.65KVDC RADIAL
B32344E4072A500,6,451.99167,EPCOS - TDK Electronics,"PHICAP SIG 400V 50/60HZ-7,5/9KVA"
B32377A4416J040,30,439.21267,EPCOS - TDK Electronics,CAP FILM 41UF 5% 440VAC RADIAL
B32373A6706J000,20,446.8025,EPCOS - TDK Electronics,CAP FILM 70UF 5% 1.5KVDC RADIAL
B32344E4071A580,4,463.8325,EPCOS - TDK Electronics,"PHICAP 480V 50/60HZ 6,3/7,5KVAR"
B25620C1706K981,1,,EPCOS - TDK Electronics,CAP FILM 70UF 10% 1.98KVDC RAD
B32344E4101A000,6,473.35167,EPCOS - TDK Electronics,"PHICAP SIG 400V 50/60HZ-8,3/10KV"
B25632E1486K600,24,474.53917,EPCOS - TDK Electronics,48UF +-10% 1600V PEC MKP DC
B25632E1756K300,24,474.64958,EPCOS - TDK Electronics,75UF +-10% 1300V PEC MKP DC
B32362B2337J050,120,458.77692,EPCOS - TDK Electronics,CAP FILM 330UF 5% 250VAC RADIAL
B32373A6686J060,20,460.7285,EPCOS - TDK Electronics,CAP FILM 68UF 5% 660VAC RADIAL
B25631E1726J100,24,478.18958,EPCOS - TDK Electronics,72UF +-5% 1100V PEC MKP DC LSI
B25632E1566K500,24,478.34625,EPCOS - TDK Electronics,56UF +-10% 1500V PEC MKP DC
B32377A5406J030,30,463.32633,EPCOS - TDK Electronics,CAP FILM 40UF 5% 1.35KVDC RADIAL
B32377F3107J030,30,482.33567,EPCOS - TDK Electronics,3X100UF +-5% 330V PEC MKD AC
B32344E4101A080,4,485.565,EPCOS - TDK Electronics,"PHICAP480V50/60HZ-8,3/10KVAR3PH"
B25632E2306K000,24,488.75583,EPCOS - TDK Electronics,30UF +-10% 2000V PEC MKP DC
B44066S1611C242,5,489.412,EPCOS - TDK Electronics,16KVAR CAPDUTYCONT1NO+1NC240VAC5
B32344E4102A000,6,494.65667,EPCOS - TDK Electronics,PHICAP SIG 400V 50/60HZ-10/12KVA
B32344E4121A580,4,496.4325,EPCOS - TDK Electronics,PHICAP 480V 50/60HZ 10.4/12.5KVA
B25620B1267K321,60,484.97583,EPCOS - TDK Electronics,CAP FILM 260UF 10% 1.32KVDC RAD
B32344E5121A520,4,507.255,EPCOS - TDK Electronics,PHICAP 525V 50/60HZ 10.4/12.5KVA
B32344E4122A500,8,507.55375,EPCOS - TDK Electronics,"PHICAP SIG 400V 50/60HZ-12,5/15K"
B32373A7806J020,20,492.851,EPCOS - TDK Electronics,CAP FILM 80UF 5% 1.8KVDC RADIAL
B32373A8626J050,20,497.8915,EPCOS - TDK Electronics,CAP FILM 68UF 5% 2.1KVDC RADIAL
B32373F8626J050,20,516.3965,EPCOS - TDK Electronics,62UF +-5% 850V PEC MKD AC
B32373A2607J050,20,504.7425,EPCOS - TDK Electronics,CAP FILM 600UF 5% 675VDC RADIAL
B25620B1317K101,60,505.18367,EPCOS - TDK Electronics,CAP FILM 310UF 10% 1.1KVDC RAD
B25620C1267K321,60,505.18367,EPCOS - TDK Electronics,CAP FILM 260UF 10% 1.32KVDC RAD
B32373F3407J030,20,523.6945,EPCOS - TDK Electronics,400UF +-5% 330V PEC MKD AC
B32344E4152A000,8,528.51625,EPCOS - TDK Electronics,PHICAP SIG 400V 50/60HZ-15/18KVA
B25620D1407K101,64,515.35625,EPCOS - TDK Electronics,CAP FILM 400UF 10% 1.1KVDC RAD
B32377A6306J000,20,516.258,EPCOS - TDK Electronics,CAP FILM 3X30UF 5% 1.5KVDC RAD
B25690B1427K303,60,534.74017,EPCOS - TDK Electronics,420UF +-10% 1300V PEC MKP DC
B32373F7107J029,20,540.622,EPCOS - TDK Electronics,100UF +-5% 720V PEC MKD AC
B25620C1427K101,60,525.39,EPCOS - TDK Electronics,CAP FILM 420UF 10% 1.1KVDC RAD
B32344E4201A000,8,549.445,EPCOS - TDK Electronics,"PHICAP SIG 400V 50/60HZ-16,7/20K"
B32344E5151A020,4,550.4625,EPCOS - TDK Electronics,PHICAP 525V 50/60HZ 12.5/15.0 KV
B32344E4152A080,4,550.4625,EPCOS - TDK Electronics,"PHICAP 480V 50/60HZ 15,0/18,0 KV"
B25674C4052J080,12,558.7325,EPCOS - TDK Electronics,PHASCAPENRGYPLUS480V 50/60HZ 5/6
B25674C5052J025,12,569.02083,EPCOS - TDK Electronics,PHASECAPENERGYPLUS525V50/60HZ 5/
B32344E5181A020,4,571.98,EPCOS - TDK Electronics,"PHICAP525V 50/60HZ 15,0/18,0KVAR"
B32377A6506J000,20,553.4415,EPCOS - TDK Electronics,CAP FILM 50UF 5% 1.5KVDC RADIAL
B25620B0487K881,60,557.72233,EPCOS - TDK Electronics,CAP FILM 480UF 10% 880VDC RADIAL
B25674C4052J000,12,579.2875,EPCOS - TDK Electronics,PHASECAPENERGYPLUS 400V50/60HZ5/
B25695E0587K901,60,581.2625,EPCOS - TDK Electronics,580UF +-10% 900V PEC MKP DC
B32362B2607J050,120,562.73908,EPCOS - TDK Electronics,CAP FILM 600UF 5% 250VAC RADIAL
B32373A7107J020,20,565.8045,EPCOS - TDK Electronics,CAP FILM 100UF 5% 1.8KVDC RADIAL
B32373A4307J020,20,573.371,EPCOS - TDK Electronics,CAP FILM 300UF 5% 1.05KVDC RAD
B32344E5201A020,4,593.455,EPCOS - TDK Electronics,"PHICAP 525V 50/60HZ 16,7/20,0KVA"
B32344E4202A000,4,593.455,EPCOS - TDK Electronics,PHICAP400V50/60HZ20/24 KVAR 3 PH
B25631E1656K400,24,593.98583,EPCOS - TDK Electronics,65UF +-10% 1400V PEC MKP DC
B25674C4062J380,12,599.81417,EPCOS - TDK Electronics,PHSCAPENRGYPLUS480V50/60HZ6.3/7.
B25674C4062J300,12,604.94083,EPCOS - TDK Electronics,PHACAPENRGYPLUS400V50/60HZ6.3/7.
B32344E4252A000,4,614.8875,EPCOS - TDK Electronics,"PHICAP400V 50/60HZ 25,0/30,0KVAR"
B32362B2407J051,80,596.18625,EPCOS - TDK Electronics,CAP FILM 400UF 5% 250VAC RADIAL
B25674C4072J500,12,620.30583,EPCOS - TDK Electronics,PHASECAPENRGYPLUS400V50/60HZ7.5/
B25620B1317K323,64,616.39344,EPCOS - TDK Electronics,CAP FILM 310UF 10% 1.32KVDC RAD
B25620B1387K501,60,640.19233,EPCOS - TDK Electronics,380UF +-10% 1500V PEC MKP DC
B25674C5072J525,12,640.76833,EPCOS - TDK Electronics,PHASECAPENRGYPLUS525V50/60HZ7.5/
B25674C4082J300,12,644.3475,EPCOS - TDK Electronics,PHASCAPENRGYPLUS400V50/60HZ8.3/1
B25620B1147K981,64,626.42797,EPCOS - TDK Electronics,CAP FILM 145UF 10% 1.98KVDC RAD
B25620B1457K103,64,626.42797,EPCOS - TDK Electronics,CAP FILM 450UF 10% 1.1KVDC RAD
B44066S2011C242,5,649.08,EPCOS - TDK Electronics,20KVAR CAPDUTYCONT1NO+1NC240VAC5
B32373B7127J020,20,627.486,EPCOS - TDK Electronics,CAP FILM 120UF 5% 1.8KVDC RADIAL
B25674C6052J300,12,650.9925,EPCOS - TDK Electronics,PHCAPENERGYPLUS600V50/60HZ5.3/6.
B32344E5202A020,4,657.6225,EPCOS - TDK Electronics,PHICAP 525V 50/60HZ 20.8/25.0 KV
B25690A3706K001,60,658.93533,EPCOS - TDK Electronics,70UF +-10% 3000V PEC MKP DC
B25674C5082J325,12,661.2025,EPCOS - TDK Electronics,PHASCAPENRGYPLUS525V50/60HZ8.3/1
B25674C4072J580,12,661.2025,EPCOS - TDK Electronics,PHASCAPENRGYPLUS480V50/60HZ 7.5/
B25674C4102J400,18,668.425,EPCOS - TDK Electronics,PHSCPENGYPLUS400V50/60HZ10.4/12.
B32377F3157J030,20,675.6975,EPCOS - TDK Electronics,3X150UF +-5% 330V PEC MKD AC
B32344E4252A080,4,678.9275,EPCOS - TDK Electronics,PHICAP 480V 50/60HZ 25/30KVAR 3P
B25674C6062J200,12,681.615,EPCOS - TDK Electronics,PHCAPENERGYPLUS600V50/60HZ6.2/7.
B25674C4102J480,12,681.615,EPCOS - TDK Electronics,PHSCPENGYPLUS480V50/60HZ10.4/12.
B25690A2187K003,60,689.45533,EPCOS - TDK Electronics,180UF +-10% 2000V PEC MKP DC
B32344E4302A000,4,689.5575,EPCOS - TDK Electronics,"PHICAP 400V50/60HZ30,0/36,0KVAR"
B25623B0507K704,64,666.84234,EPCOS - TDK Electronics,CAP FILM 500UF 10% 700VDC RADIAL
B25674C5102J425,18,694.83889,EPCOS - TDK Electronics,PHCAPENGYPLUS525V50/60HZ10.4/12.
B25674C4112J080,18,695.16222,EPCOS - TDK Electronics,PHSCAPENRGYPLUS480V50/60HZ11/13.
B25620C1487K101,60,672.97367,EPCOS - TDK Electronics,CAP FILM 480UF 10% 1.1KVDC RAD
B32344E4302A080,4,710.82,EPCOS - TDK Electronics,PHICAP 480V 50/60HZ- 30/36KVAR 3
B25620B1347K321,60,687.04967,EPCOS - TDK Electronics,CAP FILM 340UF 10% 1.32KVDC RAD
B25674C6062J900,12,712.18083,EPCOS - TDK Electronics,PHCAPENERGYPLUS600V50/60HZ6.9/8.
B25620C1347K321,60,707.25733,EPCOS - TDK Electronics,CAP FILM 340UF 10% 1.32KVDC RAD
B32362B3407J030,120,707.25742,EPCOS - TDK Electronics,CAP FILM 400UF 5% 330VAC RADIAL
B25674C6082J300,18,737.94111,EPCOS - TDK Electronics,PHASCAPENRGYPLUS600V50/60HZ8.3/1
B25620B1617K103,64,717.42938,EPCOS - TDK Electronics,CAP FILM 610UF 10% 1.1KVDC RAD
B25690A1587K101,60,742.56433,EPCOS - TDK Electronics,580UF +-10% 1100V PEC MKP DC
B25674C5132J225,18,748.63611,EPCOS - TDK Electronics,PHCAPENGYPLUS525V50/60HZ13.2/15.
B25620B1427K323,64,737.63781,EPCOS - TDK Electronics,CAP FILM 420UF 10% 1.32KVDC RAD
B25690A1757K003,60,770.92117,EPCOS - TDK Electronics,750UF +-10% 1000V PEC MKP DC
B32344E5252A020,4,771.8225,EPCOS - TDK Electronics,PHICAP 525V 50/60HZ 25/30 KVAR 3
B25620B1197K983,1,,EPCOS - TDK Electronics,CAP FILM 190UF 10% 2KVDC RADIAL
B25620D1617K101,60,757.8445,EPCOS - TDK Electronics,CAP FILM 610UF 10% 1.1KVDC RAD
B25620B0627K701,60,763.837,EPCOS - TDK Electronics,CAP FILM 620UF 10% 700VDC RADIAL
B25620B1487K323,64,767.87813,EPCOS - TDK Electronics,CAP FILM 480UF 10% 1.32KVDC RAD
B25620B1367K203,64,767.87813,EPCOS - TDK Electronics,CAP FILM 360UF 10% 1.2KVDC RAD
B25674C5152J025,8,797.9075,EPCOS - TDK Electronics,PHASCAPENERGYPLUS525V50/60HZ15/1
B25674C6102J400,18,812.805,EPCOS - TDK Electronics,PHCPENRGYPLUS600V50/60HZ10.4/12.
B25674C4152J000,8,813.3075,EPCOS - TDK Electronics,PHASCAPENERGYPLUS400V50/60HZ15/1
B25620B0707K883,64,788.08672,EPCOS - TDK Electronics,CAP FILM 700UF 10% 900VDC RADIAL
B32378A4207J080,20,795.716,EPCOS - TDK Electronics,CAP FILM 200UF 5% 1.2KVDC RADIAL
B32373F5307J030,20,827.9915,EPCOS - TDK Electronics,300UF +-5% 530V PEC MKD AC
B25674C4132J880,18,834.19444,EPCOS - TDK Electronics,PHSCPENGYPLUS480V50/60HZ13.8/16.
B25620B0757K881,60,821.39383,EPCOS - TDK Electronics,CAP FILM 750UF 10% 880VDC RADIAL
B32376A7306J080,20,825.713,EPCOS - TDK Electronics,CAP FILM 30UF 5% 1.1KV RADIAL
B25674C4162J700,12,909.05833,EPCOS - TDK Electronics,PHSCAPENRGYPLUS400V50/60HZ16.7/2
B25674C4152J080,12,909.05833,EPCOS - TDK Electronics,PHASCAPENERGYPLUS480V50/60HZ15/1
B25674C6122J500,12,930.4475,EPCOS - TDK Electronics,PHCAPENERGYPLUS600V50/60HZ12.5/1
B25674C4162J780,12,951.8375,EPCOS - TDK Electronics,PHSCAPENRGYPLUS480V50/60HZ16.7/2
B25674C5202J025,8,961.5375,EPCOS - TDK Electronics,PHASECAPENRGYPLUS525V50/60HZ20/2
B25620B1577K203,64,929.53703,EPCOS - TDK Electronics,CAP FILM 570UF 10% 1.2KVDC RAD
B25674C4202J080,12,973.22667,EPCOS - TDK Electronics,PHSCAPENERGYPLUS480V50/60HZ20/24
B32377A5107J050,20,948.2915,EPCOS - TDK Electronics,CAP FILM 100UF 5% 550VAC RADIAL
B25674C4202J000,8,981.91125,EPCOS - TDK Electronics,PHASCAPENERGYPLUS400V50/60HZ20/2
B25620B0707K701,60,949.744,EPCOS - TDK Electronics,CAP FILM 700UF 10% 700VDC RADIAL
B25674C6132J900,12,1016.00583,EPCOS - TDK Electronics,PHCPENRGYPLUS600V50/60HZ13.9/16.
B32377A5706J030,20,985.483,EPCOS - TDK Electronics,CAP FILM 70UF 5% 1.35KVDC RADIAL
B25674C4202J880,8,1022.59375,EPCOS - TDK Electronics,PHSCAPENRGYPLUS480V50/60HZ20.8/2
B32377A6676K090,20,997.2795,EPCOS - TDK Electronics,CAP FILM 67UF 10% 690VAC RADIAL
B25674C4222J080,8,1042.90375,EPCOS - TDK Electronics,PHSCAPENRGYPLUS480V50/60HZ22/26.
B25620B1297K983,64,1010.36703,EPCOS - TDK Electronics,CAP FILM 295UF 10% 1.98KVDC RAD
B25674C6142J600,12,1048.09083,EPCOS - TDK Electronics,PHCPENRGYPLUS600V50/60HZ14.6/17.
B25667C4497A375,1,1056.26,EPCOS - TDK Electronics,CAP FILM 164UF -5% +10% 440VAC
B25620C1128J103,64,1093.17984,EPCOS - TDK Electronics,1200UF +-5% 1100V PEC MKP DC
B25674C6162J700,8,1124.02375,EPCOS - TDK Electronics,PHCPENRGYPLUS600V50/60HZ 16.7/20
B25674C4282J180,8,1124.02375,EPCOS - TDK Electronics,PHASECAPENERGYPLUS 480V50HZ 28.1
B25620B1737K203,64,1091.19703,EPCOS - TDK Electronics,CAP FILM 730UF 10% 1.2KVDC RAD
B25690A1837K303,60,1115.81667,EPCOS - TDK Electronics,CAP FILM 830UF 1.3KVDC SCREW
B25667C5277A375,56,1148.42036,EPCOS - TDK Electronics,CAP FILM
B32373F8207J050,20,1207.229,EPCOS - TDK Electronics,200UF +-5% 850V PEC MKD AC
B25623B0787K703,64,1172.02578,EPCOS - TDK Electronics,CAP FILM 780UF 10% 700VDC RADIAL
B25674C4282J100,8,1218.1375,EPCOS - TDK Electronics,PHASECAPENERGYPLUS 400V50HZ 28.1
B25674C5262J525,8,1229.9025,EPCOS - TDK Electronics,PHCPENRGYPLUS525V50/60HZ26.5/31.
B25674C5282J125,8,1229.9025,EPCOS - TDK Electronics,PHASECAPENERGYPLUS 525V 50HZ 28.
B25674C6202J000,8,1229.9025,EPCOS - TDK Electronics,PHASCAPENERGYPLUS600V50/60HZ20/2
B32377E9426J000,20,1245.8375,EPCOS - TDK Electronics,3X42UF +-5% 900V PEC MKD AC
B25674C4312J080,8,1251.29125,EPCOS - TDK Electronics,PHASECAPENERGY PLUS 480V 50HZ 30
B25674C5302J025,8,1251.29125,EPCOS - TDK Electronics,PHASECAPENERGY PLUS 525V 50HZ 30
B44066S3312C242,5,1271.244,EPCOS - TDK Electronics,33KVAR CAPDUTYCONT1NO+2NC240VAC5
B44066S4012C242,5,1291.692,EPCOS - TDK Electronics,40KVAR CAPDUTYCONT1NO+2NC240VAC5
B25620B0198K703,64,1303.69375,EPCOS - TDK Electronics,1900UF +-10% 700V PEC MKP DC
B25674C4332J000,8,1315.46125,EPCOS - TDK Electronics,PHASECAPENERGY PLUS 400V 50HZ 33
B25674C6252J000,8,1336.85,EPCOS - TDK Electronics,PHASECAPENERGY PLUS 600V 50HZ 25
B25674C5332J125,8,1336.85,EPCOS - TDK Electronics,PHASECAPENERGYPLUS 525V 50HZ 33.
B25620C0158K883,64,1303.44281,EPCOS - TDK Electronics,CAP FILM 1.5UF 10% 900VDC RADIAL
B25620B1108K203,1,,EPCOS - TDK Electronics,CAP FILM 1000UF 10% 1.2KVDC RAD
B25620B0128K743,64,1360.02406,EPCOS - TDK Electronics,CAP FILM 1240UF 10% 700VDC RAD
B25620B1467K983,64,1374.09891,EPCOS - TDK Electronics,CAP FILM 460UF 10% 2KVDC RADIAL
B32377E8756J050,20,1436.419,EPCOS - TDK Electronics,3X75UF +-5% 850V PEC MKD AC
B44066S6012C242,5,1454.802,EPCOS - TDK Electronics,60KVAR CAPDUTYCONT1NO+2NC240VAC5
B25620C0258K903,64,1465.42453,EPCOS - TDK Electronics,2500UF +-10% 900V PEC MKP DC
B25620B1517K983,64,1454.92891,EPCOS - TDK Electronics,CAP FILM 510UF 10% 2KVDC RADIAL
B25674C6302J000,8,1518.66125,EPCOS - TDK Electronics,PHASECAPENERGY PLUS 600V 50HZ 30
B32376E7107J020,20,1531.175,EPCOS - TDK Electronics,3X100UF +-5% 720V PEC MKD AC
B25690A3456K001,60,3452.80683,EPCOS - TDK Electronics,45UF +-10% 3000V PEC MKP DC
B25690A2117K001,60,3677.2565,EPCOS - TDK Electronics,110UF +-10% 2000V PEC MKP DC
B25645A1108K013,4,3829.275,EPCOS - TDK Electronics,MODULAR DCR 1025F - 1350V - 160A
B44066R7012E230,3,3903.60333,EPCOS - TDK Electronics,PFC CONTROLLER BR 12ST 50/60HZ 2
B44066R7412E230,3,5614.77,EPCOS - TDK Electronics,BR7000-I-TH 12R/12T HYBRID PF-CO
B32529C5334J,1,,EPCOS - TDK Electronics,CAP FILM 0.33UF 5% 50VDC RADIAL
B32529C5474J,1,,EPCOS - TDK Electronics,CAP FILM 0.47UF 5% 50VDC RADIAL
B32529C5105J,1,,EPCOS - TDK Electronics,CAP FILM 1UF 5% 50VDC RADIAL
B32529C5155J,1,,EPCOS - TDK Electronics,CAP FILM 1.5UF 5% 50VDC RADIAL
B32529D5225J,1,,EPCOS - TDK Electronics,CAP FILM 2.2UF 5% 50VDC RADIAL
B32529D5335J000,1,,EPCOS - TDK Electronics,CAP FILM 3.3UF 5% 50VDC RADIAL
B32520C104J,1,,EPCOS - TDK Electronics,CAP FILM 0.1UF 5% 63VDC RADIAL
B32520C224J,1,,EPCOS - TDK Electronics,CAP FILM 0.22UF 5% 63VDC RADIAL
B32520C334J,1,,EPCOS - TDK Electronics,CAP FILM 0.33UF 5% 63VDC RADIAL
B32529C5684J,1,,EPCOS - TDK Electronics,CAP FILM 0.68UF 5% 50VDC RADIAL
B32520C1473J,1,,EPCOS - TDK Electronics,CAP FILM 0.047UF 5% 100VDC RAD
B32520C1683J,1,,EPCOS - TDK Electronics,CAP FILM 0.068UF 5% 100VDC RAD
B32520C1104J,1,,EPCOS - TDK Electronics,CAP FILM 0.1UF 5% 100VDC RADIAL
B32520C3153J,1,,EPCOS - TDK Electronics,CAP FILM 0.015UF 5% 250VDC RAD
B32520C3223J,1,,EPCOS - TDK Electronics,CAP FILM 0.022UF 5% 250VDC RAD
B32520C3333J,1,,EPCOS - TDK Electronics,CAP FILM 0.033UF 5% 250VDC RAD
B32520C3473J,1,,EPCOS - TDK Electronics,CAP FILM 0.047UF 5% 250VDC RAD
B32520C6102J,1,,EPCOS - TDK Electronics,CAP FILM 1000PF 5% 400VDC RADIAL
B32520C6152J,1,,EPCOS - TDK Electronics,CAP FILM 1500PF 5% 400VDC RADIAL
B32520C6222J,1,,EPCOS - TDK Electronics,CAP FILM 2200PF 5% 400VDC RADIAL
B32520C6332J,1,,EPCOS - TDK Electronics,CAP FILM 3300PF 5% 400VDC RADIAL
B32520C6472J,1,,EPCOS - TDK Electronics,CAP FILM 4700PF 5% 400VDC RADIAL
B32520C6682J,1,,EPCOS - TDK Electronics,CAP FILM 6800PF 5% 400VDC RADIAL
B32520C6103J,1,,EPCOS - TDK Electronics,CAP FILM 10000PF 5% 400VDC RAD
B32520C6153J,1,,EPCOS - TDK Electronics,CAP FILM 0.015UF 5% 400VDC RAD
B32529C6223J,1,,EPCOS - TDK Electronics,CAP FILM 0.022UF 5% 400VDC RAD
B32529B6333J,1,,EPCOS - TDK Electronics,CAP FILM 0.033UF 5% 400VDC RAD
B32620J471J,1,,EPCOS - TDK Electronics,CAP FILM 470PF 5% 1KVDC RADIAL
B32620J681J,1,,EPCOS - TDK Electronics,CAP FILM 680PF 5% 1KVDC RADIAL
B81130C1103M,1,,EPCOS - TDK Electronics,CAP FILM 10000PF 20% 275VAC RAD
B81130C1153M,1,,EPCOS - TDK Electronics,CAP FILM 0.015UF 20% 275VAC RAD
B81130B1223M,1,,EPCOS - TDK Electronics,CAP FILM 0.022UF 20% 275VAC RAD
B81130C1223M,1,,EPCOS - TDK Electronics,CAP FILM 0.022UF 20% 275VAC RAD
B81130B1333M,1,,EPCOS - TDK Electronics,CAP FILM 0.033UF 20% 275VAC RAD
B81130C1333M,1,,EPCOS - TDK Electronics,CAP FILM 0.033UF 20% 275VAC RAD
B81130C1473M,1,,EPCOS - TDK Electronics,CAP FILM 0.047UF 20% 275VAC RAD
B81130B1473M,1,,EPCOS - TDK Electronics,CAP FILM 0.047UF 20% 275VAC RAD
B81130C1683M,1,,EPCOS - TDK Electronics,CAP FILM 0.068UF 20% 275VAC RAD
B81130C1104M,1,,EPCOS - TDK Electronics,CAP FILM 0.1UF 20% 275VAC RADIAL
B81130B1154M,1,,EPCOS - TDK Electronics,CAP FILM 0.15UF 20% 275VAC RAD
B81130C1154M,1,,EPCOS - TDK Electronics,CAP FILM 0.15UF 20% 275VAC RAD
B81130C1224M,1,,EPCOS - TDK Electronics,CAP FILM 0.22UF 20% 275VAC RAD
B81130B1224M,1,,EPCOS - TDK Electronics,CAP FILM 0.22UF 20% 275VAC RAD
B81130C1334M,1,,EPCOS - TDK Electronics,CAP FILM 0.33UF 20% 275VAC RAD
B81130B1474M,1,,EPCOS - TDK Electronics,CAP FILM 0.47UF 20% 275VAC RAD
B81130C1474M,1,,EPCOS - TDK Electronics,CAP FILM 0.47UF 20% 275VAC RAD
B81130B1684M,1,,EPCOS - TDK Electronics,CAP FILM 0.68UF 20% 275VAC RAD
B81130C1684M,1,,EPCOS - TDK Electronics,CAP FILM 0.68UF 20% 275VAC RAD
B81130C1105M,1,,EPCOS - TDK Electronics,CAP FILM 1UF 20% 275VAC RADIAL
B81130C1155M,1,,EPCOS - TDK Electronics,CAP FILM 1.5UF 20% 275VAC RADIAL
B81130C1225M,1,,EPCOS - TDK Electronics,CAP FILM 2.2UF 20% 275VAC RADIAL
B32921A2473M,1,,EPCOS - TDK Electronics,CAP FILM 0.047UF 20% 630VDC RAD
B32921A2683M,1,,EPCOS - TDK Electronics,CAP FILM 0.068UF 20% 630VDC RAD
B32922A2683M,1,,EPCOS - TDK Electronics,CAP FILM 0.068UF 20% 630VDC RAD
B32922A2104M,1,,EPCOS - TDK Electronics,CAP FILM 0.1UF 20% 630VDC RADIAL
B32922A2154M,1,,EPCOS - TDK Electronics,CAP FILM 0.15UF 20% 630VDC RAD
B32922A2224M,1,,EPCOS - TDK Electronics,CAP FILM 0.22UF 20% 630VDC RAD
B32922A2334M,1,,EPCOS - TDK Electronics,CAP FILM 0.033UF 20% 630VDC RAD
B32923A2334M,1,,EPCOS - TDK Electronics,CAP FILM 0.33UF 20% 630VDC RAD
B32923A2474M,1,,EPCOS - TDK Electronics,CAP FILM 0.47UF 20% 630VDC RAD
B32923A2684M,1,,EPCOS - TDK Electronics,CAP FILM 0.68UF 20% 630VDC RAD
B32924A2105M,1,,EPCOS - TDK Electronics,CAP FILM 1UF 20% 630VDC RADIAL
B32924A2155M,1,,EPCOS - TDK Electronics,CAP FILM 1.5UF 20% 630VDC RADIAL
B32924A2225M,1,,EPCOS - TDK Electronics,CAP FILM 2.2UF 20% 630VDC RADIAL
B32926A2335M,1,,EPCOS - TDK Electronics,CAP FILM 3.3UF 20% 630VDC RADIAL
B32926A2475M,1,,EPCOS - TDK Electronics,CAP FILM 4.7UF 20% 630VDC RADIAL
B81122C1102M,1,,EPCOS - TDK Electronics,CAP FILM 1000PF 20% 250VAC RAD
B81122C1152M,1,,EPCOS - TDK Electronics,CAP FILM 1500PF 20% 250VAC RAD
B81122C1222M,1,,EPCOS - TDK Electronics,CAP FILM 2200PF 20% 250VAC RAD
B81122C1332M,1,,EPCOS - TDK Electronics,CAP FILM 3300PF 20% 250VAC RAD
B81122C1472M,1,,EPCOS - TDK Electronics,CAP FILM 4700PF 20% 250VAC RAD
B81122C1562M,1,,EPCOS - TDK Electronics,CAP FILM 5600PF 20% 250VAC RAD
B81122C1682M,1,,EPCOS - TDK Electronics,CAP FILM 6800PF 20% 250VAC RAD
B81122A1103M,1,,EPCOS - TDK Electronics,CAP FILM 10000PF 20% 250VAC RAD
B81122A1153M,1,,EPCOS - TDK Electronics,CAP FILM 0.015UF 20% 250VAC RAD
B81122A1223M,1,,EPCOS - TDK Electronics,CAP FILM 0.022UF 20% 250VAC RAD
B81122A1333M,1,,EPCOS - TDK Electronics,CAP FILM 0.033UF 20% 250VAC RAD
B81122A1473M,1,,EPCOS - TDK Electronics,CAP FILM 0.047UF 20% 250VAC RAD
B81122A1683M,1,,EPCOS - TDK Electronics,CAP FILM 0.068UF 20% 250VAC RAD
B81122A1104M,1,,EPCOS - TDK Electronics,CAP FILM 0.1UF 20% 250VAC RADIAL
B81122A1154M,1,,EPCOS - TDK Electronics,CAP FILM 0.15UF 20% 250VAC RAD
B81122A1224M,1,,EPCOS - TDK Electronics,CAP FILM 0.22UF 20% 250VAC RAD
B81122A1334M,1,,EPCOS - TDK Electronics,CAP FILM 0.33UF 20% 250VAC RAD
B81141C1223M000,1,,EPCOS - TDK Electronics,CAP FILM 0.022UF 20% 440VAC RAD
B81141C1333M000,1,,EPCOS - TDK Electronics,CAP FILM 0.033UF 20% 440VAC RAD
B81141C1473M000,1,,EPCOS - TDK Electronics,CAP FILM 0.047UF 20% 440VAC RAD
B81141C1683M000,1,,EPCOS - TDK Electronics,CAP FILM 0.068UF 20% 440VAC RAD
B81141C1154M000,1,,EPCOS - TDK Electronics,CAP FILM 0.15UF 20% 440VAC RAD
B81141C1334M000,1,,EPCOS - TDK Electronics,CAP FILM 0.33UF 20% 440VAC RAD
B81141C1474M000,1,,EPCOS - TDK Electronics,CAP FILM 0.47UF 20% 440VAC RAD
B81141C1684M000,1,,EPCOS - TDK Electronics,CAP FILM 0.68UF 20% 440VAC RAD
B25834L6106K9,1,,EPCOS - TDK Electronics,CAP FILM 10UF 10% 900VAC RADIAL
B32921A2104M,1,,EPCOS - TDK Electronics,CAP FILM 0.1UF 20% 630VDC RADIAL
B32922T2224M,1,,EPCOS - TDK Electronics,CAP FILM 0.22UF 20% 630VDC RAD
B32923A2105M,1,,EPCOS - TDK Electronics,CAP FILM 1UF 20% 630VDC RADIAL
B32924A2105K,1,,EPCOS - TDK Electronics,CAP FILM 1UF 10% 630VDC RADIAL
B32520C1104J189,1,,EPCOS - TDK Electronics,CAP FILM 0.1UF 5% 100VDC RADIAL
B32520C1104K,1,,EPCOS - TDK Electronics,CAP FILM 0.1UF 10% 100VDC RADIAL
B32520C1104K189,1,,EPCOS - TDK Electronics,CAP FILM 0.1UF 10% 100VDC RADIAL
B32520C3223K,1,,EPCOS - TDK Electronics,CAP FILM 0.022UF 10% 250VDC RAD
B32520C3223K289,1,,EPCOS - TDK Electronics,CAP FILM 0.022UF 10% 250VDC RAD
B32520C6103K,1,,EPCOS - TDK Electronics,CAP FILM 10000PF 10% 400VDC RAD
B32520C6103K289,1,,EPCOS - TDK Electronics,CAP FILM 10000PF 10% 400VDC RAD
B32520C6472K,1,,EPCOS - TDK Electronics,CAP FILM 4700PF 10% 400VDC RAD
B32520C6472K189,1,,EPCOS - TDK Electronics,CAP FILM 4700PF 10% 400VDC RAD
B32520C6472K289,1,,EPCOS - TDK Electronics,CAP FILM 4700PF 10% 400VDC RAD
B32522C6474K,1,,EPCOS - TDK Electronics,CAP FILM 0.47UF 10% 400VDC RAD
B32924B2155K,1,,EPCOS - TDK Electronics,CAP FILM 1.5UF 10% 630VDC RADIAL
B32559C6103K001,1,,EPCOS - TDK Electronics,CAP FILM 10000PF 10% 400VDC RAD
B32559C8102K001,1,,EPCOS - TDK Electronics,CAP FILM 1000PF 10% 630VDC RAD
B32559C224K289,1,,EPCOS - TDK Electronics,CAP FILM 0.22UF 10% 63VDC RADIAL
B32559C334K289,1,,EPCOS - TDK Electronics,CAP FILM 0.33UF 10% 63VDC RADIAL
B32559C474K000,1,,EPCOS - TDK Electronics,CAP FILM 0.47UF 10% 63VDC RADIAL
B32559C474K289,1,,EPCOS - TDK Electronics,CAP FILM 0.47UF 63VDC RADIAL
B32559C684K289,1,,EPCOS - TDK Electronics,CAP FILM 0.68UF 63VDC RADIAL
B32559C105K289,1,,EPCOS - TDK Electronics,CAP FILM 1UF 10% 63VDC RADIAL
B32559C1333K000,1,,EPCOS - TDK Electronics,CAP FILM 0.033UF 10% 100VDC RAD
B32559C1333K289,1,,EPCOS - TDK Electronics,CAP FILM 0.033UF 10% 100VDC RAD
B32559C1473K289,1,,EPCOS - TDK Electronics,CAP FILM 0.047UF 10% 100VDC RAD
B32559C1563K000,1,,EPCOS - TDK Electronics,CAP FILM 0.056UF 10% 100VDC RAD
B32559C1563K289,1,,EPCOS - TDK Electronics,CAP FILM 0.056UF 10% 100VDC RAD
B32559C1683K000,1,,EPCOS - TDK Electronics,CAP FILM 0.068UF 10% 100VDC RAD
B32559C1683K289,1,,EPCOS - TDK Electronics,CAP FILM 0.068UF 10% 100VDC RAD
B32559C1104K289,1,,EPCOS - TDK Electronics,CAP FILM 0.1UF 10% 100VDC RADIAL
B32559C1124K289,1,,EPCOS - TDK Electronics,CAP FILM 0.12UF 10% 100VDC RAD
B32559C1154K000,1,,EPCOS - TDK Electronics,CAP FILM 0.15UF 10% 100VDC RAD
B32559C1154K289,1,,EPCOS - TDK Electronics,CAP FILM 0.15UF 10% 100VDC RAD
B32559C1224K000,1,,EPCOS - TDK Electronics,CAP FILM 0.22UF 10% 100VDC RAD
B32559C1224K289,1,,EPCOS - TDK Electronics,CAP FILM 0.22UF 10% 100VDC RAD
B32559C1334K289,1,,EPCOS - TDK Electronics,CAP FILM 0.33UF 10% 100VDC RAD
B32559C1474K289,1,,EPCOS - TDK Electronics,CAP FILM 0.47UF 10% 100VDC RAD
B32559C3223K289,1,,EPCOS - TDK Electronics,CAP FILM 0.022UF 250VDC RADIAL
B32559C3273K000,1,,EPCOS - TDK Electronics,CAP FILM 0.027UF 10% 250VDC RAD
B32559C3273K289,1,,EPCOS - TDK Electronics,CAP FILM 0.027UF 10% 250VDC RAD
B32559C3333K000,1,,EPCOS - TDK Electronics,CAP FILM 0.033UF 10% 250VDC RAD
B32559C3333K289,1,,EPCOS - TDK Electronics,CAP FILM 0.033UF 250VDC RADIAL
B32559C3473K289,1,,EPCOS - TDK Electronics,CAP FILM 0.047UF 10% 250VDC RAD
B32559C3563K000,1,,EPCOS - TDK Electronics,CAP FILM 0.056UF 10% 250VDC RAD
B32559C3563K289,1,,EPCOS - TDK Electronics,CAP FILM 0.056UF 10% 250VDC RAD
B32559C3683K289,1,,EPCOS - TDK Electronics,CAP FILM 0.068UF 250VDC RADIAL
B32559C3823K000,1,,EPCOS - TDK Electronics,CAP FILM 0.082UF 10% 250VDC RAD
B32559C3823K289,1,,EPCOS - TDK Electronics,CAP FILM 0.082UF 10% 250VDC RAD
B32559C3104K000,1,,EPCOS - TDK Electronics,CAP FILM 0.1UF 10% 250VDC RADIAL
B32559C3104K289,1,,EPCOS - TDK Electronics,CAP FILM 0.1UF 10% 250VDC RADIAL
B32559C3124K000,1,,EPCOS - TDK Electronics,CAP FILM 0.12UF 10% 250VDC RAD
B32559C3124K289,1,,EPCOS - TDK Electronics,CAP FILM 0.12UF 10% 250VDC RAD
B32559C3154K289,1,,EPCOS - TDK Electronics,CAP FILM 0.15UF 250VDC RADIAL
B32559C6682K000,1,,EPCOS - TDK Electronics,CAP FILM 6800PF 10% 400VDC RAD
B32559C6682K289,1,,EPCOS - TDK Electronics,CAP FILM 6800PF 10% 400VDC RAD
B32559C6822K000,1,,EPCOS - TDK Electronics,CAP FILM 8200PF 10% 400VDC RAD
B32559C6822K289,1,,EPCOS - TDK Electronics,CAP FILM 8200PF 10% 400VDC RAD
B32559C6103K000,1,,EPCOS - TDK Electronics,CAP FILM 10000PF 10% 400VDC RAD
B32559C6123K000,1,,EPCOS - TDK Electronics,CAP FILM 0.012UF 10% 400VDC RAD
B32559C6123K289,1,,EPCOS - TDK Electronics,CAP FILM 0.012UF 400VDC RADIAL
B32559C6153K000,1,,EPCOS - TDK Electronics,CAP FILM 0.015UF 10% 400VDC RAD
B32559C6153K289,1,,EPCOS - TDK Electronics,CAP FILM 0.015UF 10% 400VDC RAD
B32559C6223K289,1,,EPCOS - TDK Electronics,CAP FILM 0.022UF 400VDC RADIAL
B32559C6273K289,1,,EPCOS - TDK Electronics,CAP FILM 0.027UF 400VDC RADIAL
B32559C6333K289,1,,EPCOS - TDK Electronics,CAP FILM 0.033UF 400VDC RADIAL
B32559C6473K000,1,,EPCOS - TDK Electronics,CAP FILM 0.047UF 10% 400VDC RAD
B32559C6473K289,1,,EPCOS - TDK Electronics,CAP FILM 0.047UF 400VDC RADIAL
B32559C6563K000,1,,EPCOS - TDK Electronics,CAP FILM 0.056UF 10% 400VDC RAD
B32559C6563K289,1,,EPCOS - TDK Electronics,CAP FILM 0.056UF 10% 400VDC RAD
B32559C6683K000,1,,EPCOS - TDK Electronics,CAP FILM 0.068UF 10% 400VDC RAD
B32559C6683K289,1,,EPCOS - TDK Electronics,CAP FILM 0.068UF 10% 400VDC RAD
B32559C6104K289,1,,EPCOS - TDK Electronics,CAP FILM 0.1UF 400VDC RADIAL
B32559C6124K289,1,,EPCOS - TDK Electronics,CAP FILM 0.12UF 10% 400VDC RAD
B32559C8102K000,1,,EPCOS - TDK Electronics,CAP FILM 1000PF 10% 630VDC RAD
B32559C8102K289,1,,EPCOS - TDK Electronics,CAP FILM 1000PF 10% 630VDC RAD
B32559C8152K289,1,,EPCOS - TDK Electronics,CAP FILM 1500PF 10% 630VDC RAD
B32559C8222K289,1,,EPCOS - TDK Electronics,CAP FILM 2200PF 630VDC RADIAL
B32559C8272K000,1,,EPCOS - TDK Electronics,CAP FILM 2700PF 10% 630VDC RAD
B32559C8272K289,1,,EPCOS - TDK Electronics,CAP FILM 2700PF 10% 630VDC RAD
B32559C8332K000,1,,EPCOS - TDK Electronics,CAP FILM 3300PF 10% 630VDC RAD
B32559C8332K289,1,,EPCOS - TDK Electronics,CAP FILM 3300PF 630VDC RADIAL
B32559C8472K289,1,,EPCOS - TDK Electronics,CAP FILM 4700PF 630VDC RADIAL
B32559C8682K000,1,,EPCOS - TDK Electronics,CAP FILM 6800PF 10% 630VDC RAD
B32559C8682K289,1,,EPCOS - TDK Electronics,CAP FILM 6800PF 10% 630VDC RAD
B32559C8822K000,1,,EPCOS - TDK Electronics,CAP FILM 8200PF 10% 630VDC RAD
B32559C8822K289,1,,EPCOS - TDK Electronics,CAP FILM 8200PF 10% 630VDC RAD
B32559C8103K289,1,,EPCOS - TDK Electronics,CAP FILM 10000PF 10% 630VDC RAD
B32591C3473J008,1,,EPCOS - TDK Electronics,CAP FILM 0.047UF 5% 250VDC RAD
B32591C6103J008,1,,EPCOS - TDK Electronics,CAP FILM 10000PF 5% 400VDC RAD
B32592C6104J008,1,,EPCOS - TDK Electronics,CAP FILM 0.1UF 5% 400VDC RADIAL
B32594C6225J008,1,,EPCOS - TDK Electronics,CAP FILM 2.2UF 5% 400VDC RADIAL
B32594C8334J008,1,,EPCOS - TDK Electronics,CAP FILM 0.33UF 5% 630VDC RADIAL
B32232A1104K,1,,EPCOS - TDK Electronics,CAP FILM 0.1UF 10% 100VDC AXIAL
B32232A1105K,1,,EPCOS - TDK Electronics,CAP FILM 1UF 10% 100VDC AXIAL
B32232A1154K,1,,EPCOS - TDK Electronics,CAP FILM 0.15UF 10% 100VDC AXIAL
B32232A1225K,1,,EPCOS - TDK Electronics,CAP FILM 2.2UF 10% 100VDC AXIAL
B32232A1474K,1,,EPCOS - TDK Electronics,CAP FILM 0.47UF 10% 100VDC AXIAL
B32232A1475K,1,,EPCOS - TDK Electronics,CAP FILM 4.7UF 10% 100VDC AXIAL
B32232A1684K,1,,EPCOS - TDK Electronics,CAP FILM 0.68UF 10% 100VDC AXIAL
B32232A1685K,1,,EPCOS - TDK Electronics,CAP FILM 6.8UF 10% 100VDC AXIAL
B32232A3104K,1,,EPCOS - TDK Electronics,CAP FILM 0.1UF 10% 250VDC AXIAL
B32232A3105K,1,,EPCOS - TDK Electronics,CAP FILM 1UF 10% 250VDC AXIAL
B32232A3224K,1,,EPCOS - TDK Electronics,CAP FILM 0.22UF 10% 250VDC AXIAL
B32232A3225K,1,,EPCOS - TDK Electronics,CAP FILM 2.2UF 10% 250VDC AXIAL
B32232A3335K,1,,EPCOS - TDK Electronics,CAP FILM 3.3UF 10% 250VDC AXIAL
B32232A3475K,1,,EPCOS - TDK Electronics,CAP FILM 4.7UF 10% 250VDC AXIAL
B32232A3684K,1,,EPCOS - TDK Electronics,CAP FILM 0.68UF 10% 250VDC AXIAL
B32232A6104K,1,,EPCOS - TDK Electronics,CAP FILM 0.1UF 10% 400VDC AXIAL
B32232A6224K,1,,EPCOS - TDK Electronics,CAP FILM 0.22UF 10% 400VDC AXIAL
B32232A6474K,1,,EPCOS - TDK Electronics,CAP FILM 0.47UF 10% 400VDC AXIAL
B32232A8105K,1,,EPCOS - TDK Electronics,CAP FILM 10% 630VDC AXIAL
B32232A8224K,1,,EPCOS - TDK Electronics,CAP FILM 0.22UF 10% 630VDC AXIAL
B32612A1103J008,1,,EPCOS - TDK Electronics,CAP FILM 10000PF 5% 1.6KVDC RAD
B32612A1153J008,1,,EPCOS - TDK Electronics,CAP FILM 0.015UF 5% 1.6KVDC RAD
B32612A2332J008,1,,EPCOS - TDK Electronics,CAP FILM 3300PF 5% 2KVDC RADIAL
B32612A2472J008,1,,EPCOS - TDK Electronics,CAP FILM 4700PF 5% 2KVDC RADIAL
B32612A4154J008,1,,EPCOS - TDK Electronics,CAP FILM 0.15UF 5% 400VDC RADIAL
B32612A4474J008,1,,EPCOS - TDK Electronics,CAP FILM 0.47UF 5% 400VDC RADIAL
B32612A7223J008,1,,EPCOS - TDK Electronics,CAP FILM 0.022UF 5% 1.25KVDC RAD
B32612A7333J008,1,,EPCOS - TDK Electronics,CAP FILM 0.033UF 5% 1.25KVDC RAD
B32612A7682J008,1,,EPCOS - TDK Electronics,CAP FILM 6800PF 5% 1.25KVDC RAD
B32612J1472J008,1,,EPCOS - TDK Electronics,CAP FILM 4700PF 5% 1.6KVDC RAD
B32613A0333J008,1,,EPCOS - TDK Electronics,CAP FILM 0.033UF 5% 1KVDC RADIAL
B32613A1333J008,1,,EPCOS - TDK Electronics,CAP FILM 0.033UF 5% 1.6KVDC RAD
B32613A2153J008,1,,EPCOS - TDK Electronics,CAP FILM 0.015UF 5% 2KVDC RADIAL
B32613A2332J008,1,,EPCOS - TDK Electronics,CAP FILM 3300PF 5% 2KVDC RADIAL
B32613A8472J008,1,,EPCOS - TDK Electronics,CAP FILM 4700PF 5% 2KVDC RADIAL
B32614A1223J008,1,,EPCOS - TDK Electronics,CAP FILM 0.022UF 5% 1.6KVDC RAD
B32614A2153J008,1,,EPCOS - TDK Electronics,CAP FILM 0.015UF 5% 2KVDC RADIAL
B32614A3684J008,1,,EPCOS - TDK Electronics,CAP FILM 0.68UF 5% 250VDC RADIAL
B32614A4474J008,1,,EPCOS - TDK Electronics,CAP FILM 0.47UF 5% 400VDC RADIAL
B32231D3335K000,1,,EPCOS - TDK Electronics,CAP FILM 3.3UF 10% 250VDC AXIAL
B32231D3475K000,1,,EPCOS - TDK Electronics,CAP FILM 4.7UF 10% 250VDC AXIAL
B32231D6104K000,1,,EPCOS - TDK Electronics,CAP FILM 0.1UF 10% 400VDC AXIAL
B32231D6105K000,1,,EPCOS - TDK Electronics,CAP FILM 1UF 10% 400VDC AXIAL
B32231D6155K000,1,,EPCOS - TDK Electronics,CAP FILM 1.5UF 10% 400VDC AXIAL
B32231D6224M000,1,,EPCOS - TDK Electronics,CAP FILM 0.22UF 20% 400VDC AXIAL
B32231D6225K000,1,,EPCOS - TDK Electronics,CAP FILM 2.2UF 10% 400VDC AXIAL
B32231D6684K000,1,,EPCOS - TDK Electronics,CAP FILM 0.68UF 10% 400VDC AXIAL
B32231D8104K000,1,,EPCOS - TDK Electronics,CAP FILM 0.1UF 10% 630VDC AXIAL
B32231D8684M000,1,,EPCOS - TDK Electronics,CAP FILM 0.68UF 20% 630VDC AXIAL
B32614A4105J008,1,,EPCOS - TDK Electronics,CAP FILM 1UF 5% 400VDC RADIAL
B32923E3225M,1,,EPCOS - TDK Electronics,CAP FILM 2.2UF 20% 630VDC RADIAL
B32923E3335K,1,,EPCOS - TDK Electronics,CAP FILM 3.3UF 10% 630VDC RADIAL
B32924E3225M,1,,EPCOS - TDK Electronics,CAP FILM 2.2UF 20% 630VDC RADIAL
B32924F3225K,1,,EPCOS - TDK Electronics,CAP FILM 2.2UF 10% 630VDC RADIAL
B32924E3335M,1,,EPCOS - TDK Electronics,CAP FILM 3.3UF 20% 630VDC RADIAL
B32924F3335K,1,,EPCOS - TDK Electronics,CAP FILM 3.3UF 10% 630VDC RADIAL
B32924E3475M,1,,EPCOS - TDK Electronics,CAP FILM 4.7UF 20% 630VDC RADIAL
B32924F3475K,1,,EPCOS - TDK Electronics,CAP FILM 4.7UF 10% 630VDC RADIAL
B32924E3565M,1,,EPCOS - TDK Electronics,CAP FILM 5.6UF 20% 630VDC RADIAL
B32924F3565K,1,,EPCOS - TDK Electronics,CAP FILM 5.6UF 10% 630VDC RADIAL
B32924E3685M,1,,EPCOS - TDK Electronics,CAP FILM 6.8UF 20% 630VDC RADIAL
B32924F3685K,1,,EPCOS - TDK Electronics,CAP FILM 6.8UF 10% 630VDC RADIAL
B32924E3825M,1,,EPCOS - TDK Electronics,CAP FILM 8.2UF 20% 630VDC RADIAL
B32926E3335M,1,,EPCOS - TDK Electronics,CAP FILM 3.3UF 20% 630VDC RADIAL
B32926E3475M,1,,EPCOS - TDK Electronics,CAP FILM 4.7UF 20% 630VDC RADIAL
B32926E3685K,1,,EPCOS - TDK Electronics,CAP FILM 6.8UF 10% 630VDC RADIAL
B32926E3106K,1,,EPCOS - TDK Electronics,CAP FILM 10UF 10% 630VDC RADIAL
B32926E3156K,1,,EPCOS - TDK Electronics,CAP FILM 15UF 10% 630VDC RADIAL
B32926E3206M,1,,EPCOS - TDK Electronics,CAP FILM 20UF 20% 630VDC RADIAL
B32926F3206K,1,,EPCOS - TDK Electronics,CAP FILM 20UF 10% 630VDC RADIAL
B32928E3256K,1,,EPCOS - TDK Electronics,CAP FILM 25UF 10% 630VDC RADIAL
B32928E3306K,1,,EPCOS - TDK Electronics,CAP FILM 30UF 10% 630VDC RADIAL
B32928E3406K,1,,EPCOS - TDK Electronics,CAP FILM 40UF 10% 630VDC RADIAL
B32928E3456M,1,,EPCOS - TDK Electronics,CAP FILM 45UF 20% 630VDC RADIAL
B32923E3335M,1,,EPCOS - TDK Electronics,CAP FILM 3.3UF 20% 630VDC RADIAL
B32926E3225M,1,,EPCOS - TDK Electronics,CAP FILM 2.2UF 20% 630VDC RADIAL
B32926E3685M,1,,EPCOS - TDK Electronics,CAP FILM 6.8UF 20% 630VDC RADIAL
B32926E3106M,1,,EPCOS - TDK Electronics,CAP FILM 10UF 20% 630VDC RADIAL
B32928E3256M,1,,EPCOS - TDK Electronics,CAP FILM 25UF 20% 630VDC RADIAL
B32928E3306M,1,,EPCOS - TDK Electronics,CAP FILM 30UF 20% 630VDC RADIAL
B32632A2102J,1,,EPCOS - TDK Electronics,CAP FILM 1000PF 5% 2KVDC RADIAL
B32632A7472K,1,,EPCOS - TDK Electronics,CAP FILM 4700PF 10% 1.25KVDC RAD
B32632B6103J,1,,EPCOS - TDK Electronics,CAP FILM 10000PF 5% 630VDC RAD
B32914A4105M000,1,,EPCOS - TDK Electronics,CAP FILM 1UF 20% 760VDC RADIAL
B32633S4472J,1,,EPCOS - TDK Electronics,CAP FILM 4700PF 5% 3KVDC RADIAL
B32656S7224K500,1,,EPCOS - TDK Electronics,CAP FILM 0.22UF 1.25KVDC SCREW
B32656S0155K501,1,,EPCOS - TDK Electronics,CAP FILM 1.5UF 10% 1KVDC SCREW
B32911A4102M000,1,,EPCOS - TDK Electronics,CAP FILM 1000PF 20% 440VAC RAD
B32911A4103M000,1,,EPCOS - TDK Electronics,CAP FILM 10000PF 20% 440VAC RAD
B32911A4152M000,1,,EPCOS - TDK Electronics,CAP FILM 1500PF 20% 440VAC RAD
B32911A4222M000,1,,EPCOS - TDK Electronics,CAP FILM 2200PF 20% 440VAC RAD
B32911A4332M000,1,,EPCOS - TDK Electronics,CAP FILM 3300PF 20% 440VAC RAD
B32911A4472M000,1,,EPCOS - TDK Electronics,CAP FILM 4700PF 20% 440VAC RAD
B32911A4562M,1,,EPCOS - TDK Electronics,CAP FILM 5600PF 20% 440VAC RAD
B32911A4682M000,1,,EPCOS - TDK Electronics,CAP FILM 6800PF 20% 440VAC RAD
B32911A4822M,1,,EPCOS - TDK Electronics,CAP FILM 8200PF 20% 440VAC RAD
B32912A4103M000,1,,EPCOS - TDK Electronics,CAP FILM 10000PF 20% 440VAC RAD
B32912A4153M000,1,,EPCOS - TDK Electronics,CAP FILM 0.015UF 20% 440VAC RAD
B32912A4223M000,1,,EPCOS - TDK Electronics,CAP FILM 0.022UF 20% 440VAC RAD
B32912A4683M000,1,,EPCOS - TDK Electronics,CAP FILM 0.068UF 20% 440VAC RAD
B32912A4823M000,1,,EPCOS - TDK Electronics,CAP FILM 0.082UF 20% 440VAC RAD
B32913A4104M000,1,,EPCOS - TDK Electronics,CAP FILM 0.1UF 20% 440VAC RADIAL
B32913A4154M000,1,,EPCOS - TDK Electronics,CAP FILM 0.15UF 20% 440VAC RAD
B32913A4224M000,1,,EPCOS - TDK Electronics,CAP FILM 0.22UF 20% 440VAC RAD
B32913A4334M000,1,,EPCOS - TDK Electronics,CAP FILM 0.33UF 20% 440VAC RAD
B32914A4474M000,1,,EPCOS - TDK Electronics,CAP FILM 0.47UF 20% 760VDC RAD
B32914A4564M000,1,,EPCOS - TDK Electronics,CAP FILM 0.56UF 20% 760VDC RAD
B32914A4684M000,1,,EPCOS - TDK Electronics,CAP FILM 0.68UF 20% 760VDC RAD
B32914A4824M,1,,EPCOS - TDK Electronics,CAP FILM 0.82UF 20% 760VDC RAD
B32916A3475K000,1,,EPCOS - TDK Electronics,CAP FILM 4.7UF 10% 760VDC RADIAL
B32916A4105M000,1,,EPCOS - TDK Electronics,CAP FILM 1UF 20% 440VAC RADIAL
B32916A4474M000,1,,EPCOS - TDK Electronics,CAP FILM 0.47UF 20% 440VAC RAD
B32916A4684M000,1,,EPCOS - TDK Electronics,CAP FILM 0.68UF 20% 440VAC RAD
B32529D0335J,1,,EPCOS - TDK Electronics,CAP FILM 3.3UF 5% 63VDC RADIAL
B32913A3474K289,1,,EPCOS - TDK Electronics,CAP FILM 0.47UF 10% 760VDC RAD
B32913A3474M289,1,,EPCOS - TDK Electronics,CAP FILM 0.47UF 20% 760VDC RAD
B32914A3105K189,1,,EPCOS - TDK Electronics,CAP FILM 1UF 10% 760VDC RADIAL
B32794D2255K,1,,EPCOS - TDK Electronics,CAP FILM 2.5UF 10% 630VDC RADIAL
B32794D2405K,1,,EPCOS - TDK Electronics,CAP FILM 4UF 10% 630VDC RADIAL
B32794D2635K,1,,EPCOS - TDK Electronics,CAP FILM 6.3UF 10% 630VDC RADIAL
B32794D2106K,1,,EPCOS - TDK Electronics,CAP FILM 10UF 10% 630VDC RADIAL
B32794D2156K,1,,EPCOS - TDK Electronics,CAP FILM 15UF 10% 630VDC RADIAL
B32794D3205K,1,,EPCOS - TDK Electronics,CAP FILM 2UF 10% 700VDC RADIAL
B32794D3335K,1,,EPCOS - TDK Electronics,CAP FILM 3.3UF 10% 700VDC RADIAL
B32794D3505K,1,,EPCOS - TDK Electronics,CAP FILM 5UF 10% 700VDC RADIAL
B32794D3805K,1,,EPCOS - TDK Electronics,CAP FILM 8UF 10% 700VDC RADIAL
B32794D3126K,1,,EPCOS - TDK Electronics,CAP FILM 12UF 10% 700VDC RADIAL
B32796E2226K,1,,EPCOS - TDK Electronics,CAP FILM 22UF 10% 630VDC RADIAL
B32796E2256K,1,,EPCOS - TDK Electronics,CAP FILM 25UF 10% 630VDC RADIAL
B32796G2256K,1,,EPCOS - TDK Electronics,CAP FILM 25UF 10% 630VDC RADIAL
B32796E2406K,1,,EPCOS - TDK Electronics,CAP FILM 40UF 10% 630VDC RADIAL
B32796G2406K,1,,EPCOS - TDK Electronics,CAP FILM 40UF 10% 630VDC RADIAL
B32796E3166K,1,,EPCOS - TDK Electronics,CAP FILM 16UF 10% 700VDC RADIAL
B32796G3166K,1,,EPCOS - TDK Electronics,CAP FILM 16UF 10% 700VDC RADIAL
B32796E3206K,1,,EPCOS - TDK Electronics,CAP FILM 20UF 10% 700VDC RADIAL
B32796G3206K,1,,EPCOS - TDK Electronics,CAP FILM 20UF 10% 700VDC RADIAL
B32796E3306K,1,,EPCOS - TDK Electronics,CAP FILM 30UF 10% 700VDC RADIAL
B32798G2556K,1,,EPCOS - TDK Electronics,CAP FILM 55UF 10% 630VDC RADIAL
B32798G2756K,1,,EPCOS - TDK Electronics,CAP FILM 75UF 10% 630VDC RADIAL
B32798G3406K,1,,EPCOS - TDK Electronics,CAP FILM 40UF 10% 700VDC RADIAL
B32798G3556K,1,,EPCOS - TDK Electronics,CAP FILM 55UF 10% 700VDC RADIAL
B32520C6102K,1,,EPCOS - TDK Electronics,CAP FILM 1000PF 10% 400VDC RAD
B32796G2506K,1,,EPCOS - TDK Electronics,CAP FILM 50UF 10% 630VDC RADIAL
B32796G3306K,1,,EPCOS - TDK Electronics,CAP FILM 30UF 10% 700VDC RADIAL
B32796G3346K,1,,EPCOS - TDK Electronics,CAP FILM 34UF 10% 700VDC RADIAL
B32798G2606K,1,,EPCOS - TDK Electronics,CAP FILM 60UF 10% 630VDC RADIAL
B32798G8306K,1,,EPCOS - TDK Electronics,CAP FILM 30UF 10% 875VDC RADIAL
B32798G2756J,1,,EPCOS - TDK Electronics,CAP FILM 75UF 5% 630VDC RADIAL
B25620B1107K101,1,,EPCOS - TDK Electronics,CAP FILM 100UF 10% 1.1KVDC RAD
B25620B1117K981,1,,EPCOS - TDK Electronics,CAP FILM 110UF 10% 1.98KVDC RAD
B25620B118K882,1,,EPCOS - TDK Electronics,CAP FILM 1100UF 10% 880VDC RAD
B25620B1217K982,1,,EPCOS - TDK Electronics,CAP FILM 215UF 10% 1.98KVDC RAD
B25620B1237K101,1,,EPCOS - TDK Electronics,CAP FILM 230UF 10% 1.1KVDC RAD
B25620B1267K101,1,,EPCOS - TDK Electronics,CAP FILM 260UF 10% 1.1KVDC RAD
B25620B1287K102,1,,EPCOS - TDK Electronics,CAP FILM 280UF 10% 1.1KVDC RAD
B25620B1306K981,1,,EPCOS - TDK Electronics,CAP FILM 30UF 10% 1.98KVDC RAD
B25620B1317K322,1,,EPCOS - TDK Electronics,CAP FILM 310UF 10% 1.32KVDC RAD
B25620B1357K101,1,,EPCOS - TDK Electronics,CAP FILM 350UF 10% 1.1KVDC RAD
B25620B1406K981,1,,EPCOS - TDK Electronics,CAP FILM 40UF 10% 1.98KVDC RAD
B25620B1407K101,1,,EPCOS - TDK Electronics,CAP FILM 400UF 10% 1.1KVDC RAD
B25620B1506K981,1,,EPCOS - TDK Electronics,CAP FILM 50UF 10% 1.98KVDC RAD
B25620B158K882,1,,EPCOS - TDK Electronics,CAP FILM 1500UF 10% 880VDC RAD
B25620B1667K322,1,,EPCOS - TDK Electronics,CAP FILM 660UF 10% 1.32KVDC RAD
B25620B167K881,1,,EPCOS - TDK Electronics,CAP FILM 160UF 10% 880VDC RADIAL
B25620B1706K321,1,,EPCOS - TDK Electronics,CAP FILM 70UF 10% 1.32KVDC RAD
B25620B1806K981,1,,EPCOS - TDK Electronics,CAP FILM 80UF 10% 1.98KVDC RAD
B25620B267K881,1,,EPCOS - TDK Electronics,CAP FILM 260UF 10% 880VDC RADIAL
B25832A3606K9,1,,EPCOS - TDK Electronics,CAP FILM 60UF 10% 500VAC RADIAL
B25832A4106K9,1,,EPCOS - TDK Electronics,CAP FILM 10UF 10% 640VAC RADIAL
B25832C4106K9,1,,EPCOS - TDK Electronics,CAP FILM 10UF 10% 640VAC RADIAL
B25832C4126K9,1,,EPCOS - TDK Electronics,CAP FILM 12UF 10% 640VAC RADIAL
B25832C4156K9,1,,EPCOS - TDK Electronics,CAP FILM 15UF 10% 640VAC RADIAL
B25832C4166K9,1,,EPCOS - TDK Electronics,CAP FILM 16UF 10% 640VAC RADIAL
B25832C4206K9,1,,EPCOS - TDK Electronics,CAP FILM 20UF 10% 640VAC RADIAL
B25832C4226K9,1,,EPCOS - TDK Electronics,CAP FILM 22UF 10% 640VAC RADIAL
B25832C4306K9,1,,EPCOS - TDK Electronics,CAP FILM 30UF 10% 640VAC RADIAL
B25832C4336K9,1,,EPCOS - TDK Electronics,CAP FILM 33UF 10% 640VAC RADIAL
B25832C4406K9,1,,EPCOS - TDK Electronics,CAP FILM 40UF 10% 640VAC RADIAL
B25832C4506K9,1,,EPCOS - TDK Electronics,CAP FILM 50UF 10% 640VAC RADIAL
B25832C4805K9,1,,EPCOS - TDK Electronics,CAP FILM 8UF 10% 640VAC RADIAL
B25832C6106K9,1,,EPCOS - TDK Electronics,CAP FILM 10UF 10% 930VAC RADIAL
B25832C6206K9,1,,EPCOS - TDK Electronics,CAP FILM 20UF 10% 930VAC RADIAL
B25832C6305K9,1,,EPCOS - TDK Electronics,CAP FILM 3UF 10% 930VAC RADIAL
B25832C6505K9,1,,EPCOS - TDK Electronics,CAP FILM 5UF 10% 930VAC RADIAL
B25832C6805K9,1,,EPCOS - TDK Electronics,CAP FILM 8UF 10% 930VAC RADIAL
B25832F4105K1,1,,EPCOS - TDK Electronics,CAP FILM 1UF 10% 640VAC RADIAL
B25832F4165K1,1,,EPCOS - TDK Electronics,CAP FILM 1.6UF 10% 640VAC RADIAL
B25832F4205K1,1,,EPCOS - TDK Electronics,CAP FILM 2UF 10% 640VAC RADIAL
B25832F4225K1,1,,EPCOS - TDK Electronics,CAP FILM 2.2UF 10% 640VAC RADIAL
B25832F4335K1,1,,EPCOS - TDK Electronics,CAP FILM 3.3UF 10% 640VAC RADIAL
B25832F4405K1,1,,EPCOS - TDK Electronics,CAP FILM 4UF 10% 640VAC RADIAL
B25832F4475K1,1,,EPCOS - TDK Electronics,CAP FILM 4.7UF 10% 640VAC RADIAL
B25832F4685K1,1,,EPCOS - TDK Electronics,CAP FILM 6.8UF 10% 640VAC RADIAL
B25832F6205K1,1,,EPCOS - TDK Electronics,CAP FILM 2UF 10% 930VAC RADIAL
B25834B6106K4,1,,EPCOS - TDK Electronics,CAP FILM 10UF 10% 900VAC RADIAL
B25834C156K4,1,,EPCOS - TDK Electronics,CAP FILM 15UF 10% 1.4KVAC RADIAL
B25834C6686K4,1,,EPCOS - TDK Electronics,CAP FILM 68UF 10% 900VAC RADIAL
B25834D106K4,1,,EPCOS - TDK Electronics,CAP FILM 10UF 10% 1.4KVAC RADIAL
B25834D1106K4,1,,EPCOS - TDK Electronics,CAP FILM 10UF 10% 1.7KVAC RADIAL
B25834D1226K4,1,,EPCOS - TDK Electronics,CAP FILM 22UF 10% 1.7KVAC RADIAL
B25834D156K4,1,,EPCOS - TDK Electronics,CAP FILM 15UF 10% 1.4KVAC RADIAL
B25834D2106K4,1,,EPCOS - TDK Electronics,CAP FILM 10UF 10% 2.1KVAC RADIAL
B25834D2156K4,1,,EPCOS - TDK Electronics,CAP FILM 15UF 10% 2.1KVAC RADIAL
B25834D226K4,1,,EPCOS - TDK Electronics,CAP FILM 22UF 10% 1.4KVAC RADIAL
B25834D2335K4,1,,EPCOS - TDK Electronics,CAP FILM 3.3UF 10% 2.1KVAC RAD
B25834D2475K4,1,,EPCOS - TDK Electronics,CAP FILM 4.7UF 10% 2.1KVAC RAD
B25834D3107K4,1,,EPCOS - TDK Electronics,CAP FILM 100UF 10% 500VAC RADIAL
B25834D3127K4,1,,EPCOS - TDK Electronics,CAP FILM 10% 500VAC RADIAL
B25834D3227K4,1,,EPCOS - TDK Electronics,CAP FILM 220UF 10% 500VAC RADIAL
B25834D3476K4,1,,EPCOS - TDK Electronics,CAP FILM 47UF 10% 500VAC RADIAL
B25834D3686K4,1,,EPCOS - TDK Electronics,CAP FILM 68UF 10% 500VAC RADIAL
B25834D4107K4,1,,EPCOS - TDK Electronics,CAP FILM 100UF 10% 600VAC RADIAL
B25834D4157K4,1,,EPCOS - TDK Electronics,CAP FILM 150UF 10% 600VAC RADIAL
B25834D4226K4,1,,EPCOS - TDK Electronics,CAP FILM 22UF 10% 600VAC RADIAL
B25834D4336K4,1,,EPCOS - TDK Electronics,CAP FILM 33UF 10% 600VAC RADIAL
B25834D4476K4,1,,EPCOS - TDK Electronics,CAP FILM 47UF 10% 600VAC RADIAL
B25834D475K4,1,,EPCOS - TDK Electronics,CAP FILM 4.7UF 10% 1.4KVAC RAD
B25834D5107K4,1,,EPCOS - TDK Electronics,CAP FILM 100UF 10% 750VAC RADIAL
B25834D5336K4,1,,EPCOS - TDK Electronics,CAP FILM 33UF 10% 750VAC RADIAL
B25834D5476K4,1,,EPCOS - TDK Electronics,CAP FILM 47UF 10% 750VAC RADIAL
B25834D5686K4,1,,EPCOS - TDK Electronics,CAP FILM 68UF 10% 750VAC RADIAL
B25834D6226K4,1,,EPCOS - TDK Electronics,CAP FILM 22UF 10% 900VAC RADIAL
B25834D6336K4,1,,EPCOS - TDK Electronics,CAP FILM 33UF 10% 900VAC RADIAL
B25834D6686K4,1,,EPCOS - TDK Electronics,CAP FILM 68UF 10% 900VAC RADIAL
B25834D7106K4,1,,EPCOS - TDK Electronics,CAP FILM 10UF 10% 1.1KVAC RADIAL
B25834D7156K4,1,,EPCOS - TDK Electronics,CAP FILM 15UF 10% 1.1KVAC RADIAL
B25834F4105K1,1,,EPCOS - TDK Electronics,CAP FILM 1UF 10% 600VAC RADIAL
B25834F4155K1,1,,EPCOS - TDK Electronics,CAP FILM 1.5UF 10% 600VAC RADIAL
B25834F4225K1,1,,EPCOS - TDK Electronics,CAP FILM 2.2UF 10% 600VAC RADIAL
B25834F4335K1,1,,EPCOS - TDK Electronics,CAP FILM 3.3UF 10% 600VAC RADIAL
B25834F4475K1,1,,EPCOS - TDK Electronics,CAP FILM 4.7UF 10% 600VAC RADIAL
B25834F4684M1,1,,EPCOS - TDK Electronics,CAP FILM 0.68UF 20% 600VAC RAD
B25834F5475K1,1,,EPCOS - TDK Electronics,CAP FILM 4.7UF 10% 750VAC RADIAL
B25834F6104M1,1,,EPCOS - TDK Electronics,CAP FILM 0.1UF 20% 900VAC RADIAL
B25834F6105K1,1,,EPCOS - TDK Electronics,CAP FILM 1UF 10% 900VAC RADIAL
B25834F6154M1,1,,EPCOS - TDK Electronics,CAP FILM 0.15UF 20% 900VAC RAD
B25834F6155K1,1,,EPCOS - TDK Electronics,CAP FILM 1.5UF 10% 900VAC RADIAL
B25834F6205K1,1,,EPCOS - TDK Electronics,CAP FILM 2UF 10% 900VAC RADIAL
B25834F6224M1,1,,EPCOS - TDK Electronics,CAP FILM 0.22UF 20% 900VAC RAD
B25834F6225K1,1,,EPCOS - TDK Electronics,CAP FILM 2.2UF 10% 900VAC RADIAL
B25834F6334M1,1,,EPCOS - TDK Electronics,CAP FILM 0.33UF 20% 900VAC RAD
B25834F6335K1,1,,EPCOS - TDK Electronics,CAP FILM 3.3UF 10% 900VAC RADIAL
B25834F6474M1,1,,EPCOS - TDK Electronics,CAP FILM 0.47UF 20% 900VAC RAD
B25834J6106K9,1,,EPCOS - TDK Electronics,CAP FILM 10UF 10% 900VAC RADIAL
B25834J6205K9,1,,EPCOS - TDK Electronics,CAP FILM 2UF 10% 900VAC RADIAL
B25834K5106K9,1,,EPCOS - TDK Electronics,CAP FILM 10UF 10% 750VAC RADIAL
B25834K6475K9,1,,EPCOS - TDK Electronics,CAP FILM 4.7UF 10% 900VAC RADIAL
B25834K8474K9,1,,EPCOS - TDK Electronics,CAP FILM 0.47UF 20% 1.2KVAC RAD
B25834L4106K9,1,,EPCOS - TDK Electronics,CAP FILM 10UF 10% 600VAC RADIAL
B25834L4156K9,1,,EPCOS - TDK Electronics,CAP FILM 15UF 10% 600VAC RADIAL
B25834L5106K9,1,,EPCOS - TDK Electronics,CAP FILM 10UF 10% 750VAC RADIAL
B25834L6475K9,1,,EPCOS - TDK Electronics,CAP FILM 4.7UF 10% 900VAC RADIAL
B25834T4206K9,1,,EPCOS - TDK Electronics,CAP FILM 20UF 10% 450VAC RADIAL
B25834U305K11,1,,EPCOS - TDK Electronics,CAP FILM 3UF 10% 1.4KVAC RADIAL
B25834U7305K11,1,,EPCOS - TDK Electronics,CAP FILM 3UF 10% 1KVAC RADIAL
B25834U7405K11,1,,EPCOS - TDK Electronics,CAP FILM 4UF 10% 1KVAC RADIAL
B25834U7474K11,1,,EPCOS - TDK Electronics,CAP FILM 0.47UF 20% 1KVAC RADIAL
B25834U7505K11,1,,EPCOS - TDK Electronics,CAP FILM 5UF 10% 1KVAC RADIAL
B25834U7684K11,1,,EPCOS - TDK Electronics,CAP FILM 0.68UF 20% 1KVAC RADIAL
B25835B1225K17,1,,EPCOS - TDK Electronics,CAP FILM 2.2UF 10% 2.1KVAC RAD
B25835K104K7,1,,EPCOS - TDK Electronics,CAP FILM 0.1UF 10% 1.4KVAC RAD
B25835K1105K4,1,,EPCOS - TDK Electronics,CAP FILM 1UF 10% 2.1KVAC RADIAL
B25835K1105K7,1,,EPCOS - TDK Electronics,CAP FILM 1UF 10% 2.1KVAC RADIAL
B25835K1225K7,1,,EPCOS - TDK Electronics,CAP FILM 2.2UF 10% 2.1KVAC RAD
B25835K1474K7,1,,EPCOS - TDK Electronics,CAP FILM 0.47UF 10% 2.1KVAC RAD
B25835K1684K7,1,,EPCOS - TDK Electronics,CAP FILM 0.68UF 10% 2.1KVAC RAD
B25835K2104K7,1,,EPCOS - TDK Electronics,CAP FILM 0.1UF 10% 3.4KVAC RAD
B25835K2224K27,1,,EPCOS - TDK Electronics,CAP FILM 0.22UF 10% 3.7KVAC RAD
B25835K2224K7,1,,EPCOS - TDK Electronics,CAP FILM 0.22UF 10% 3.4KVAC RAD
B25835K224K7,1,,EPCOS - TDK Electronics,CAP FILM 0.22UF 10% 1.4KVAC RAD
B25835K2684K7,1,,EPCOS - TDK Electronics,CAP FILM 0.68UF 10% 3.4KVAC RAD
B25835K6254K7,1,,EPCOS - TDK Electronics,CAP FILM 0.25UF 10% 900VAC RAD
B25835K6684K7,1,,EPCOS - TDK Electronics,CAP FILM 0.68UF 10% 900VAC RAD
B25835K7104K7,1,,EPCOS - TDK Electronics,CAP FILM 0.1UF 10% 1.7KVAC RAD
B25835K7115K7,1,,EPCOS - TDK Electronics,CAP FILM 1.1UF 10% 1.7KVAC RAD
B25835M104K7,1,,EPCOS - TDK Electronics,CAP FILM 0.1UF 10% 1.4KVAC RAD
B25835M105K7,1,,EPCOS - TDK Electronics,CAP FILM 1UF 10% 1.4KVAC RADIAL
B25835M1105K7,1,,EPCOS - TDK Electronics,CAP FILM 1UF 10% 2.1KVAC RADIAL
B25835M1225K7,1,,EPCOS - TDK Electronics,CAP FILM 2.2UF 10% 2.1KVAC RAD
B25835M1474K7,1,,EPCOS - TDK Electronics,CAP FILM 0.47UF 10% 2.1KVAC RAD
B25835M2104K7,1,,EPCOS - TDK Electronics,CAP FILM 0.1UF 10% 3.4KVAC RAD
B25835M2154K7,1,,EPCOS - TDK Electronics,CAP FILM 0.15UF 10% 3.4KVAC RAD
B25835M2224K7,1,,EPCOS - TDK Electronics,CAP FILM 0.22UF 10% 3.4KVAC RAD
B25835M225K7,1,,EPCOS - TDK Electronics,CAP FILM 2.2UF 10% 1.4KVAC RAD
B25835M2334K7,1,,EPCOS - TDK Electronics,CAP FILM 0.33UF 10% 3.4KVAC RAD
B25835M2474K7,1,,EPCOS - TDK Electronics,CAP FILM 0.47UF 10% 3.4KVAC RAD
B25835M2684K4,1,,EPCOS - TDK Electronics,CAP FILM 0.68UF 10% 3.4KVAC
B25835M2684K7,1,,EPCOS - TDK Electronics,CAP FILM 0.68UF 10% 3.4KVAC RAD
B25835M334K7,1,,EPCOS - TDK Electronics,CAP FILM 0.33UF 10% 1.4KVAC RAD
B25835M474K7,1,,EPCOS - TDK Electronics,CAP FILM 0.47UF 10% 1.4KVAC RAD
B25835M6105K7,1,,EPCOS - TDK Electronics,CAP FILM 1UF 10% 900VAC RADIAL
B25835M6225K7,1,,EPCOS - TDK Electronics,CAP FILM 2.2UF 10% 900VAC RADIAL
B25835M6334K7,1,,EPCOS - TDK Electronics,CAP FILM 0.33UF 10% 900VAC RAD
B25835M6474K7,1,,EPCOS - TDK Electronics,CAP FILM 0.47UF 10% 900VAC RAD
B25835M6684K7,1,,EPCOS - TDK Electronics,CAP FILM 0.68UF 10% 900VAC RAD
B25835M684K7,1,,EPCOS - TDK Electronics,CAP FILM 0.68UF 10% 1.4KVAC RAD
B25835M7104K7,1,,EPCOS - TDK Electronics,CAP FILM 0.1UF 10% 1.7KVAC RAD
B25835M7224K7,1,,EPCOS - TDK Electronics,CAP FILM 0.22UF 10% 1.7KVAC RAD
B25835M7474K7,1,,EPCOS - TDK Electronics,CAP FILM 0.47UF 10% 1.7KVAC RAD
B25835T2104K7,1,,EPCOS - TDK Electronics,CAP FILM 0.1UF 10% 3KVAC RADIAL
B25835T2224K7,1,,EPCOS - TDK Electronics,CAP FILM 0.22UF 10% 2.8KVAC RAD
B25838A8224M,1,,EPCOS - TDK Electronics,CAP FILM 0.22UF 20% 1.1KVAC RAD
B25838K6105K1,1,,EPCOS - TDK Electronics,CAP FILM 1UF 10% 900VAC RADIAL
B25838K8105K1,1,,EPCOS - TDK Electronics,CAP FILM 1UF 10% 1.1KVAC RADIAL
B25838K8225K1,1,,EPCOS - TDK Electronics,CAP FILM 2.2UF 10% 1.1KVAC RAD
B25838L4106K4,1,,EPCOS - TDK Electronics,CAP FILM 10UF 10% 600VAC RADIAL
B25838L8106K4,1,,EPCOS - TDK Electronics,CAP FILM 10UF 10% 1.1KVAC RADIAL
B25838T126K4,1,,EPCOS - TDK Electronics,CAP FILM 12UF 10% 1.4KVAC RADIAL
B25838T156J4,1,,EPCOS - TDK Electronics,CAP FILM 15UF 5% 1.4KVAC RADIAL
B25838T335K4,1,,EPCOS - TDK Electronics,CAP FILM 3.3UF 10% 1.4KVAC RAD
B25838T6126K,1,,EPCOS - TDK Electronics,CAP FILM 12UF 10% 440VAC RADIAL
B25838U4256K4,1,,EPCOS - TDK Electronics,CAP FILM 25UF 10% 600VAC RADIAL
B25856J474K3,1,,EPCOS - TDK Electronics,CAP FILM 0.47UF 10% 1.7KVDC AXL
B25856J7305J3,1,,EPCOS - TDK Electronics,CAP FILM 3UF 10% 3KVDC AXIAL
B25856K105K3,1,,EPCOS - TDK Electronics,CAP FILM 1UF 10% 1.7KVDC AXIAL
B25856K1155K3,1,,EPCOS - TDK Electronics,CAP FILM 1.5UF 10% 2.5KVDC AXIAL
B25856K1204K3,1,,EPCOS - TDK Electronics,CAP FILM 0.2UF 10% 2.5KVDC AXIAL
B25856K155K3,1,,EPCOS - TDK Electronics,CAP FILM 1.5UF 10% 1.7KVDC AXIAL
B25856K156K3,1,,EPCOS - TDK Electronics,CAP FILM 15UF 10% 1.7KVDC AXIAL
B25856K204K3,1,,EPCOS - TDK Electronics,CAP FILM 0.2UF 10% 1.7KVDC AXIAL
B25856K2105K3,1,,EPCOS - TDK Electronics,CAP FILM 1UF 10% 4KVDC AXIAL
B25856K2204K3,1,,EPCOS - TDK Electronics,CAP FILM 0.2UF 10% 4KVDC AXIAL
B25856K2205K3,1,,EPCOS - TDK Electronics,CAP FILM 2UF 10% 4KVDC AXIAL
B25856K2405K3,1,,EPCOS - TDK Electronics,CAP FILM 4UF 10% 4KVDC AXIAL
B25856K2504K3,1,,EPCOS - TDK Electronics,CAP FILM 0.5UF 10% 4KVDC AXIAL
B25856K3255K3,1,,EPCOS - TDK Electronics,CAP FILM 2.5UF 10% 3.3KVDC AXIAL
B25856K4404J13,1,,EPCOS - TDK Electronics,CAP FILM 0.4UF 10% AXIAL
B25856K4504K13,1,,EPCOS - TDK Electronics,CAP FILM 0.5UF 10% 2KVDC AXIAL
B25856K7105K3,1,,EPCOS - TDK Electronics,CAP FILM 1UF 10% 3KVDC AXIAL
B25856K7155K13,1,,EPCOS - TDK Electronics,CAP FILM 1.5UF 10% 3KVDC AXIAL
B25856K7205K3,1,,EPCOS - TDK Electronics,CAP FILM 2UF 10% 3KVDC AXIAL
B25856K7405K3,1,,EPCOS - TDK Electronics,CAP FILM 4UF 10% 3KVDC AXIAL
B25856K7504K13,1,,EPCOS - TDK Electronics,CAP FILM 0.5UF 10% 3KVDC AXIAL
B25856K7505K3,1,,EPCOS - TDK Electronics,CAP FILM 5UF 10% 3KVDC AXIAL
B25856K755K3,1,,EPCOS - TDK Electronics,CAP FILM 7.5UF 10% 1.7KVDC AXIAL
B32231D3685K,1,,EPCOS - TDK Electronics,CAP FILM 6.8UF 10% 250VDC AXIAL
B32231D8103K,1,,EPCOS - TDK Electronics,CAP FILM 10000PF 10% 630VDC AXL
B32360A2106J50,1,,EPCOS - TDK Electronics,CAP FILM 10UF 5% 250VAC RADIAL
B32360A2107J50,1,,EPCOS - TDK Electronics,CAP FILM 100UF 5% 250VAC RADIAL
B32360A2206J50,1,,EPCOS - TDK Electronics,CAP FILM 20UF 5% 250VAC RADIAL
B32360A2406J50,1,,EPCOS - TDK Electronics,CAP FILM 40UF 5% 250VAC RADIAL
B32360A2606J50,1,,EPCOS - TDK Electronics,CAP FILM 60UF 5% 250VAC RADIAL
B32360A2706J50,1,,EPCOS - TDK Electronics,CAP FILM 70UF 5% 250VAC RADIAL
B32360A2806J50,1,,EPCOS - TDK Electronics,CAP FILM 80UF 5% 250VAC RADIAL
B32360A3256J30,1,,EPCOS - TDK Electronics,CAP FILM 25UF 5% 330VAC RADIAL
B32360A3506J30,1,,EPCOS - TDK Electronics,CAP FILM 50UF 5% 330VAC RADIAL
B32360A4106J80,1,,EPCOS - TDK Electronics,CAP FILM 10UF 5% 480VAC RADIAL
B32360A4256J80,1,,EPCOS - TDK Electronics,CAP FILM 25UF 5% 480VAC RADIAL
B32360A4505J80,1,,EPCOS - TDK Electronics,CAP FILM 5UF 5% 480VAC RADIAL
B32360A4606J80,1,,EPCOS - TDK Electronics,CAP FILM 60UF 5% 480VAC RADIAL
B32520C104J189,1,,EPCOS - TDK Electronics,CAP FILM 0.1UF 5% 63VDC RADIAL
B32520C104J289,1,,EPCOS - TDK Electronics,CAP FILM 0.1UF 5% 63VDC RADIAL
B32520C104K,1,,EPCOS - TDK Electronics,CAP FILM 0.1UF 10% 63VDC RADIAL
B32520C104K189,1,,EPCOS - TDK Electronics,CAP FILM 0.1UF 10% 63VDC RADIAL
B32520C104K289,1,,EPCOS - TDK Electronics,CAP FILM 0.1UF 10% 63VDC RADIAL
B32520C1104J289,1,,EPCOS - TDK Electronics,CAP FILM 0.1UF 5% 100VDC RADIAL
B32520C1104K289,1,,EPCOS - TDK Electronics,CAP FILM 0.1UF 10% 100VDC RADIAL
B32520C1473J189,1,,EPCOS - TDK Electronics,CAP FILM 0.047UF 5% 100VDC RAD
B32520C1473J289,1,,EPCOS - TDK Electronics,CAP FILM 0.047UF 5% 100VDC RAD
B32520C1473K,1,,EPCOS - TDK Electronics,CAP FILM 0.047UF 10% 100VDC RAD
B32520C1473K189,1,,EPCOS - TDK Electronics,CAP FILM 0.047UF 10% 100VDC RAD
B32520C1473K289,1,,EPCOS - TDK Electronics,CAP FILM 0.047UF 10% 100VDC RAD
B32520C1683J189,1,,EPCOS - TDK Electronics,CAP FILM 0.068UF 5% 100VDC RAD
B32520C1683K,1,,EPCOS - TDK Electronics,CAP FILM 0.068UF 10% 100VDC RAD
B32520C1683K189,1,,EPCOS - TDK Electronics,CAP FILM 0.068UF 10% 100VDC RAD
B32520C1683K289,1,,EPCOS - TDK Electronics,CAP FILM 0.068UF 10% 100VDC RAD
B32520C224J289,1,,EPCOS - TDK Electronics,CAP FILM 0.22UF 5% 63VDC RADIAL
B32520C224K,1,,EPCOS - TDK Electronics,CAP FILM 0.22UF 10% 63VDC RADIAL
B32520C224K189,1,,EPCOS - TDK Electronics,CAP FILM 0.22UF 10% 63VDC RADIAL
B32520C224K289,1,,EPCOS - TDK Electronics,CAP FILM 0.22UF 10% 63VDC RADIAL
B32520C3153K,1,,EPCOS - TDK Electronics,CAP FILM 0.015UF 10% 250VDC RAD
B32520C3153K189,1,,EPCOS - TDK Electronics,CAP FILM 0.015UF 10% 250VDC RAD
B32520C3153K289,1,,EPCOS - TDK Electronics,CAP FILM 0.015UF 10% 250VDC RAD
B32520C3223J189,1,,EPCOS - TDK Electronics,CAP FILM 0.022UF 5% 250VDC RAD
B32520C3223K189,1,,EPCOS - TDK Electronics,CAP FILM 0.022UF 10% 250VDC RAD
B32520C3333J189,1,,EPCOS - TDK Electronics,CAP FILM 0.033UF 5% 250VDC RAD
B32520C3333J289,1,,EPCOS - TDK Electronics,CAP FILM 0.033UF 5% 250VDC RAD
B32520C3333K,1,,EPCOS - TDK Electronics,CAP FILM 0.033UF 10% 250VDC RAD
B32520C3333K189,1,,EPCOS - TDK Electronics,CAP FILM 0.033UF 10% 250VDC RAD
B32520C3333K289,1,,EPCOS - TDK Electronics,CAP FILM 0.033UF 10% 250VDC RAD
B32520C334J189,1,,EPCOS - TDK Electronics,CAP FILM 0.33UF 5% 63VDC RADIAL
B32520C334J289,1,,EPCOS - TDK Electronics,CAP FILM 0.33UF 5% 63VDC RADIAL
B32520C334K,1,,EPCOS - TDK Electronics,CAP FILM 0.33UF 10% 63VDC RADIAL
B32520C334K189,1,,EPCOS - TDK Electronics,CAP FILM 0.33UF 10% 63VDC RADIAL
B32520C334K289,1,,EPCOS - TDK Electronics,CAP FILM 0.33UF 10% 63VDC RADIAL
B32520C3473J189,1,,EPCOS - TDK Electronics,CAP FILM 0.047UF 5% 250VDC RAD
B32520C3473J289,1,,EPCOS - TDK Electronics,CAP FILM 0.047UF 5% 250VDC RAD
B32520C3473K,1,,EPCOS - TDK Electronics,CAP FILM 0.047UF 10% 250VDC RAD
B32520C3473K189,1,,EPCOS - TDK Electronics,CAP FILM 0.047UF 10% 250VDC RAD
B32520C3473K289,1,,EPCOS - TDK Electronics,CAP FILM 0.047UF 10% 250VDC RAD
B32520C6102J189,1,,EPCOS - TDK Electronics,CAP FILM 1000PF 5% 400VDC RADIAL
B32520C6102J289,1,,EPCOS - TDK Electronics,CAP FILM 1000PF 5% 400VDC RADIAL
B32520C6102K189,1,,EPCOS - TDK Electronics,CAP FILM 1000PF 10% 400VDC RAD
B32520C6102K289,1,,EPCOS - TDK Electronics,CAP FILM 1000PF 10% 400VDC RAD
B32520C6103J189,1,,EPCOS - TDK Electronics,CAP FILM 10000PF 5% 400VDC RAD
B32520C6103J289,1,,EPCOS - TDK Electronics,CAP FILM 10000PF 5% 400VDC RAD
B32520C6103K189,1,,EPCOS - TDK Electronics,CAP FILM 10000PF 10% 400VDC RAD
B32520C6152J189,1,,EPCOS - TDK Electronics,CAP FILM 1500PF 5% 400VDC RADIAL
B32520C6152K,1,,EPCOS - TDK Electronics,CAP FILM 1500PF 10% 400VDC RAD
B32520C6152K189,1,,EPCOS - TDK Electronics,CAP FILM 1500PF 10% 400VDC RAD
B32520C6152K289,1,,EPCOS - TDK Electronics,CAP FILM 1500PF 10% 400VDC RAD
B32520C6222J189,1,,EPCOS - TDK Electronics,CAP FILM 2200PF 5% 400VDC RADIAL
B32520C6222J289,1,,EPCOS - TDK Electronics,CAP FILM 2200PF 5% 400VDC RADIAL
B32520C6222K,1,,EPCOS - TDK Electronics,CAP FILM 2200PF 10% 400VDC RAD
B32520C6222K189,1,,EPCOS - TDK Electronics,CAP FILM 2200PF 10% 400VDC RAD
B32520C6332J189,1,,EPCOS - TDK Electronics,CAP FILM 3300PF 5% 400VDC RADIAL
B32520C6332K,1,,EPCOS - TDK Electronics,CAP FILM 3300PF 10% 400VDC RAD
B32520C6332K189,1,,EPCOS - TDK Electronics,CAP FILM 3300PF 10% 400VDC RAD
B32520C6332K289,1,,EPCOS - TDK Electronics,CAP FILM 3300PF 10% 400VDC RAD
B32520C6472J189,1,,EPCOS - TDK Electronics,CAP FILM 4700PF 5% 400VDC RADIAL
B32520C6682J189,1,,EPCOS - TDK Electronics,CAP FILM 6800PF 5% 400VDC RADIAL
B32520C6682K,1,,EPCOS - TDK Electronics,CAP FILM 6800PF 10% 400VDC RAD
B32520C6682K189,1,,EPCOS - TDK Electronics,CAP FILM 6800PF 10% 400VDC RAD
B32520C6682K289,1,,EPCOS - TDK Electronics,CAP FILM 6800PF 10% 400VDC RAD
B32520C683K,1,,EPCOS - TDK Electronics,CAP FILM 0.068UF 10% 63VDC RAD
B32521C3204K000,1,,EPCOS - TDK Electronics,CAP FILM 0.2UF 10% 250VDC RADIAL
B32521C3333J289,1,,EPCOS - TDK Electronics,CAP FILM 0.033UF 5% 250VDC RAD
B32522C6334K,1,,EPCOS - TDK Electronics,CAP FILM 0.33UF 10% 400VDC RAD
B32524Q1106J189,1,,EPCOS - TDK Electronics,CAP FILM 10UF 5% 100VDC RADIAL
B32524Q3225J189,1,,EPCOS - TDK Electronics,CAP FILM 2.2UF 5% 250VDC RADIAL
B32524Q8474J189,1,,EPCOS - TDK Electronics,CAP FILM 0.47UF 5% 630VDC RADIAL
B32529C1684J189,1,,EPCOS - TDK Electronics,CAP FILM 0.68UF 5% 100VDC RADIAL
B32529C0822J189,1,,EPCOS - TDK Electronics,CAP FILM 8200PF 5% 63VDC RADIAL
B32529D335K,1,,EPCOS - TDK Electronics,CAP FILM 3.3UF 10% 63VDC RADIAL
B32529D6104J289,1,,EPCOS - TDK Electronics,CAP FILM 0.1UF 5% 400VDC RADIAL
B32537B1104K,1,,EPCOS - TDK Electronics,CAP FILM 0.1UF 10% 100VDC AXIAL
B32537B1106K,1,,EPCOS - TDK Electronics,CAP FILM 10UF 10% 100VDC AXIAL
B32537B1107K,1,,EPCOS - TDK Electronics,CAP FILM 100UF 10% 100VDC AXIAL
B32537B1226K,1,,EPCOS - TDK Electronics,CAP FILM 22UF 10% 100VDC AXIAL
B32537B1476K,1,,EPCOS - TDK Electronics,CAP FILM 47UF 10% 100VDC AXIAL
B32537B1685K,1,,EPCOS - TDK Electronics,CAP FILM 6.8UF 10% 100VDC AXIAL
B32537B2105K,1,,EPCOS - TDK Electronics,CAP FILM 1UF 10% 160VDC AXIAL
B32537B2106K,1,,EPCOS - TDK Electronics,CAP FILM 10UF 10% 160VDC AXIAL
B32537B2224K,1,,EPCOS - TDK Electronics,CAP FILM 0.22UF 10% 160VDC AXIAL
B32537B2225K,1,,EPCOS - TDK Electronics,CAP FILM 2.2UF 10% 160VDC AXIAL
B32537B2475K,1,,EPCOS - TDK Electronics,CAP FILM 4.7UF 10% 160VDC AXIAL
B32537B2685K,1,,EPCOS - TDK Electronics,CAP FILM 6.8UF 10% 160VDC AXIAL
B32537B3104K,1,,EPCOS - TDK Electronics,CAP FILM 0.1UF 10% 250VDC AXIAL
B32537B3105K,1,,EPCOS - TDK Electronics,CAP FILM 1UF 10% 250VDC AXIAL
B32537B3106K,1,,EPCOS - TDK Electronics,CAP FILM 10UF 10% 250VDC AXIAL
B32537B3154K,1,,EPCOS - TDK Electronics,CAP FILM 0.15UF 10% 250VDC AXIAL
B32537B3155K,1,,EPCOS - TDK Electronics,CAP FILM 1.5UF 10% 250VDC AXIAL
B32537B3224K,1,,EPCOS - TDK Electronics,CAP FILM 0.22UF 10% 250VDC AXIAL
B32537B3225K,1,,EPCOS - TDK Electronics,CAP FILM 2.2UF 10% 250VDC AXIAL
B32537B3474K,1,,EPCOS - TDK Electronics,CAP FILM 0.47UF 10% 250VDC AXIAL
B32537B5105K,1,,EPCOS - TDK Electronics,CAP FILM 1UF 10% 50VDC AXIAL
B32537B5155K,1,,EPCOS - TDK Electronics,CAP FILM 1.5UF 10% 50VDC AXIAL
B32537B5474K,1,,EPCOS - TDK Electronics,CAP FILM 0.47UF 10% 50VDC AXIAL
B32537B8104K,1,,EPCOS - TDK Electronics,CAP FILM 0.1UF 10% 630VDC AXIAL
B32537B8105K,1,,EPCOS - TDK Electronics,CAP FILM 1UF 10% 630VDC AXIAL
B32537B8154K,1,,EPCOS - TDK Electronics,CAP FILM 0.15UF 10% 630VDC AXIAL
B32537B8155K,1,,EPCOS - TDK Electronics,CAP FILM 1.5UF 10% 630VDC AXIAL
B32537B8224K,1,,EPCOS - TDK Electronics,CAP FILM 0.22UF 10% 630VDC AXIAL
B32537B8225K,1,,EPCOS - TDK Electronics,CAP FILM 2.2UF 10% 630VDC AXIAL
B32537B8333K,1,,EPCOS - TDK Electronics,CAP FILM 0.033UF 10% 630VDC AXL
B32537B8334K,1,,EPCOS - TDK Electronics,CAP FILM 0.33UF 10% 630VDC AXIAL
B32537B8335K,1,,EPCOS - TDK Electronics,CAP FILM 3.3UF 10% 630VDC AXIAL
B32537B8474K,1,,EPCOS - TDK Electronics,CAP FILM 0.47UF 10% 630VDC AXIAL
B32537B8475K,1,,EPCOS - TDK Electronics,CAP FILM 4.7UF 10% 630VDC AXIAL
B32537B8683K,1,,EPCOS - TDK Electronics,CAP FILM 0.068UF 10% 630VDC AXL
B32537B8684K,1,,EPCOS - TDK Electronics,CAP FILM 0.68UF 10% 630VDC AXIAL
B32560J1683J000,1,,EPCOS - TDK Electronics,CAP FILM 0.068UF 5% 100VDC 2DIP
B32560J8332J000,1,,EPCOS - TDK Electronics,CAP FILM 3300PF 5% 630VDC 2DIP
B32561J1105J000,1,,EPCOS - TDK Electronics,CAP FILM 1UF 5% 100VDC 2DIP
B32561J1105J189,1,,EPCOS - TDK Electronics,CAP FILM 1UF 5% 100VDC 2DIP
B32561J1105J289,1,,EPCOS - TDK Electronics,CAP FILM 1UF 5% 100VDC 2DIP
B32561J1105K000,1,,EPCOS - TDK Electronics,CAP FILM 1UF 10% 100VDC 2DIP
B32561J1105K189,1,,EPCOS - TDK Electronics,CAP FILM 1UF 10% 100VDC 2DIP
B32561J1105K289,1,,EPCOS - TDK Electronics,CAP FILM 1UF 10% 100VDC 2DIP
B32561J1155K000,1,,EPCOS - TDK Electronics,CAP FILM 1.5UF 10% 100VDC 2DIP
B32561J1155K189,1,,EPCOS - TDK Electronics,CAP FILM 1.5UF 10% 100VDC 2DIP
B32561J1225J000,1,,EPCOS - TDK Electronics,CAP FILM 2.2UF 5% 100VDC 2DIP
B32561J1225K000,1,,EPCOS - TDK Electronics,CAP FILM 2.2UF 10% 100VDC 2DIP
B32561J1334K000,1,,EPCOS - TDK Electronics,CAP FILM 0.33UF 10% 100VDC 2DIP
B32561J1474K000,1,,EPCOS - TDK Electronics,CAP FILM 0.47UF 10% 100VDC 2DIP
B32561J1474K189,1,,EPCOS - TDK Electronics,CAP FILM 0.47UF 10% 100VDC 2DIP
B32561J3104J000,1,,EPCOS - TDK Electronics,CAP FILM 0.1UF 5% 250VDC 2DIP
B32561J3104K000,1,,EPCOS - TDK Electronics,CAP FILM 0.1UF 10% 250VDC 2DIP
B32561J3104K289,1,,EPCOS - TDK Electronics,CAP FILM 0.1UF 10% 250VDC 2DIP
B32561J3105K000,1,,EPCOS - TDK Electronics,CAP FILM 1UF 10% 250VDC 2DIP
B32561J3105K289,1,,EPCOS - TDK Electronics,CAP FILM 1UF 10% 250VDC 2DIP
B32561J3154K000,1,,EPCOS - TDK Electronics,CAP FILM 0.15UF 10% 250VDC 2DIP
B32561J3224J000,1,,EPCOS - TDK Electronics,CAP FILM 0.22UF 5% 250VDC 2DIP
B32561J3224J189,1,,EPCOS - TDK Electronics,CAP FILM 0.22UF 5% 250VDC 2DIP
B32561J3224J289,1,,EPCOS - TDK Electronics,CAP FILM 0.22UF 5% 250VDC 2DIP
B32561J3224K000,1,,EPCOS - TDK Electronics,CAP FILM 0.22UF 10% 250VDC 2DIP
B32561J3224K289,1,,EPCOS - TDK Electronics,CAP FILM 0.22UF 10% 250VDC 2DIP
B32561J3474K000,1,,EPCOS - TDK Electronics,CAP FILM 0.47UF 10% 250VDC 2DIP
B32561J3474K189,1,,EPCOS - TDK Electronics,CAP FILM 0.47UF 10% 250VDC 2DIP
B32561J3474K289,1,,EPCOS - TDK Electronics,CAP FILM 0.47UF 10% 250VDC 2DIP
B32561J6104K000,1,,EPCOS - TDK Electronics,CAP FILM 0.1UF 10% 400VDC 2DIP
B32561J6104K189,1,,EPCOS - TDK Electronics,CAP FILM 0.1UF 10% 400VDC 2DIP
B32561J6104K289,1,,EPCOS - TDK Electronics,CAP FILM 0.1UF 10% 400VDC 2DIP
B32561J6223J000,1,,EPCOS - TDK Electronics,CAP FILM 0.022UF 5% 400VDC 2DIP
B32561J6224K000,1,,EPCOS - TDK Electronics,CAP FILM 0.22UF 10% 400VDC 2DIP
B32561J6224K189,1,,EPCOS - TDK Electronics,CAP FILM 0.22UF 10% 400VDC 2DIP
B32561J6473K000,1,,EPCOS - TDK Electronics,CAP FILM 0.047UF 10% 400VDC 2DIP
B32561J6683K000,1,,EPCOS - TDK Electronics,CAP FILM 0.68UF 10% 400VDC 2DIP
B32561J8104K000,1,,EPCOS - TDK Electronics,CAP FILM 0.1UF 10% 630VDC 2DIP
B32561J8153J000,1,,EPCOS - TDK Electronics,CAP FILM 0.015UF 5% 630VDC 2DIP
B32562H8404K000,1,,EPCOS - TDK Electronics,CAP FILM 0.4UF 10% 630VDC 2DIP
B32562J1225K289,1,,EPCOS - TDK Electronics,CAP FILM 2.2UF 10% 100VDC 2DIP
B32562J3224K000,1,,EPCOS - TDK Electronics,CAP FILM 0.22UF 10% 250VDC 2DIP
B32562J6104K289,1,,EPCOS - TDK Electronics,CAP FILM 0.1UF 10% 400VDC 2DIP
B32562J8154J000,1,,EPCOS - TDK Electronics,CAP FILM 0.15UF 5% 630VDC 2DIP
B32562J8224K289,1,,EPCOS - TDK Electronics,CAP FILM 0.22UF 10% 630VDC 2DIP
B32620A5154K000,1,,EPCOS - TDK Electronics,CAP FILM 0.15UF 10% 160VDC RAD
B32620J471J189,1,,EPCOS - TDK Electronics,CAP FILM 470PF 5% 1KVDC RADIAL
B32620J471K289,1,,EPCOS - TDK Electronics,CAP FILM 470PF 10% 1KVDC RADIAL
B32621A4333J189,1,,EPCOS - TDK Electronics,CAP FILM 0.033UF 5% 400VDC RAD
B32632A2471K189,1,,EPCOS - TDK Electronics,CAP FILM 470PF 10% 2KVDC RADIAL
B32632A2471K289,1,,EPCOS - TDK Electronics,CAP FILM 470PF 10% 2KVDC RADIAL
B32632A6153K289,1,,EPCOS - TDK Electronics,CAP FILM 0.015UF 10% 630VDC RAD
B32632A7103K189,1,,EPCOS - TDK Electronics,CAP FILM 10000PF 1.25KVDC RADIAL
B32632A7153J189,1,,EPCOS - TDK Electronics,CAP FILM 0.015UF 5% 1.25KVDC RAD
B32632A7472J189,1,,EPCOS - TDK Electronics,CAP FILM 4700PF 5% 1.25KVDC RAD
B32632A7472K189,1,,EPCOS - TDK Electronics,CAP FILM 4700PF 10% 1.25KVDC RAD
B32632B2102K189,1,,EPCOS - TDK Electronics,CAP FILM 1000PF 10% 2KVDC RADIAL
B32632B2471K289,1,,EPCOS - TDK Electronics,CAP FILM 470PF 10% 2KVDC RADIAL
B32632B7272J189,1,,EPCOS - TDK Electronics,CAP FILM 2700PF 5% 1.25KVDC RAD
B32632B7332J189,1,,EPCOS - TDK Electronics,CAP FILM 3300PF 5% 1.25KVDC RAD
B32652A2181J000,1,,EPCOS - TDK Electronics,CAP FILM 180PF 5% 2KVDC RADIAL
B32652A2681J000,1,,EPCOS - TDK Electronics,CAP FILM 680PF 5% 2KVDC RADIAL
B32652A0303J289,1,,EPCOS - TDK Electronics,CAP FILM 0.03UF 5% 1KVDC RADIAL
B32652A6273K289,1,,EPCOS - TDK Electronics,CAP FILM 0.027UF 10% 630VDC RAD
B32652A7752J189,1,,EPCOS - TDK Electronics,CAP FILM 7500PF 5% 1.25KVDC RAD
B32653A1962J000,1,,EPCOS - TDK Electronics,CAP FILM 9600PF 5% 1.6KVDC RAD
B32669B6105J,1,,EPCOS - TDK Electronics,CAP FILM 1UF 5% 400VAC AXIAL
B32669B6105K,1,,EPCOS - TDK Electronics,CAP FILM 1UF 10% 400VAC AXIAL
B32669B6155J,1,,EPCOS - TDK Electronics,CAP FILM 1.5UF 5% 400VAC AXIAL
B32669B6155K,1,,EPCOS - TDK Electronics,CAP FILM 1.5UF 10% 400VAC AXIAL
B32669B6205K,1,,EPCOS - TDK Electronics,CAP FILM 2UF 10% 400VAC AXIAL
B32669B6255K,1,,EPCOS - TDK Electronics,CAP FILM 2.5UF 10% 400VAC AXIAL
B32669B6305K,1,,EPCOS - TDK Electronics,CAP FILM 3UF 10% 400VAC AXIAL
B32669B6405J,1,,EPCOS - TDK Electronics,CAP FILM 4UF 5% 400VAC AXIAL
B32669B6474K,1,,EPCOS - TDK Electronics,CAP FILM 0.47UF 10% 400VAC AXIAL
B32669B6605J,1,,EPCOS - TDK Electronics,CAP FILM 6UF 5% 400VAC AXIAL
B32669C3105K,1,,EPCOS - TDK Electronics,CAP FILM 1UF 10% 250VAC AXIAL
B32669C3106J,1,,EPCOS - TDK Electronics,CAP FILM 10UF 5% 250VAC AXIAL
B32669C3106K,1,,EPCOS - TDK Electronics,CAP FILM 10UF 10% 250VAC AXIAL
B32669C3125K,1,,EPCOS - TDK Electronics,CAP FILM 1.2UF 10% 250VAC AXIAL
B32669C3195K,1,,EPCOS - TDK Electronics,CAP FILM 1.9UF 10% 250VAC AXIAL
B32669C3205J,1,,EPCOS - TDK Electronics,CAP FILM 2UF 5% 250VAC AXIAL
B32669C3205K,1,,EPCOS - TDK Electronics,CAP FILM 2UF 10% 250VAC AXIAL
B32669C3225K,1,,EPCOS - TDK Electronics,CAP FILM 2.2UF 10% 250VAC AXIAL
B32669C3255J,1,,EPCOS - TDK Electronics,CAP FILM 2.5UF 5% 250VAC AXIAL
B32669C3255K,1,,EPCOS - TDK Electronics,CAP FILM 2.5UF 10% 250VAC AXIAL
B32669C3305K,1,,EPCOS - TDK Electronics,CAP FILM 3UF 10% 250VAC AXIAL
B32669C3334K,1,,EPCOS - TDK Electronics,CAP FILM 0.33UF 10% 250VAC AXIAL
B32669C3405K,1,,EPCOS - TDK Electronics,CAP FILM 4UF 10% 250VAC AXIAL
B32669C3474K,1,,EPCOS - TDK Electronics,CAP FILM 0.47UF 10% 250VAC AXIAL
B32669C3805J,1,,EPCOS - TDK Electronics,CAP FILM 8UF 5% 250VAC AXIAL
B32669C3805K,1,,EPCOS - TDK Electronics,CAP FILM 8UF 10% 250VAC AXIAL
B32674F1105K000,1,,EPCOS - TDK Electronics,CAP FILM 1UF 10% 900VDC RADIAL
B32674F4225K000,1,,EPCOS - TDK Electronics,CAP FILM 2.2UF 10% 630VDC RADIAL
B32674F6505K000,1,,EPCOS - TDK Electronics,CAP FILM 5UF 10% 630VDC RADIAL
B32674F8225K000,1,,EPCOS - TDK Electronics,CAP FILM 2.2UF 10% 1.05KVDC RAD
B32686A2333J000,1,,EPCOS - TDK Electronics,CAP FILM 5% 2KVDC RADIAL
B32774D4106J000,1,,EPCOS - TDK Electronics,CAP FILM 10UF 5% 450VDC RADIAL
B32794D3405K,1,,EPCOS - TDK Electronics,CAP FILM 4UF 10% 700VDC RADIAL
B32794D4155K,1,,EPCOS - TDK Electronics,CAP FILM 1.5UF 10% 1.05KVDC RAD
B32794D4225K,1,,EPCOS - TDK Electronics,CAP FILM 2.2UF 10% 1.05KVDC RAD
B32794D4355K,1,,EPCOS - TDK Electronics,CAP FILM 3.5UF 10% 1.05KVDC RAD
B32794D4505K000,1,,EPCOS - TDK Electronics,CAP FILM 5UF 10% 1.05KVDC RADIAL
B32794D4824K,1,,EPCOS - TDK Electronics,CAP FILM 0.82UF 10% 1.05KVDC RAD
B32794D8125K,1,,EPCOS - TDK Electronics,CAP FILM 1.2UF 10% 875VDC RADIAL
B32794D8225K,1,,EPCOS - TDK Electronics,CAP FILM 2.2UF 10% 875VDC RADIAL
B32794D8335K,1,,EPCOS - TDK Electronics,CAP FILM 3.3UF 10% 875VDC RADIAL
B32794D8505K,1,,EPCOS - TDK Electronics,CAP FILM 5UF 10% 875VDC RADIAL
B32794D8755K,1,,EPCOS - TDK Electronics,CAP FILM 7.5UF 10% 875VDC RADIAL
B32796E3346K,1,,EPCOS - TDK Electronics,CAP FILM 34UF 10% 700VDC RADIAL
B32796E4136K,1,,EPCOS - TDK Electronics,CAP FILM 13UF 10% 1.05KVDC RAD
B32796E4755K,1,,EPCOS - TDK Electronics,CAP FILM 7.5UF 10% 1.05KVDC RAD
B32796E8106K,1,,EPCOS - TDK Electronics,CAP FILM 10UF 10% 875VDC RADIAL
B32796E8146K,1,,EPCOS - TDK Electronics,CAP FILM 14UF 10% 875VDC RADIAL
B32796E8206K,1,,EPCOS - TDK Electronics,CAP FILM 20UF 10% 875VDC RADIAL
B32796G2456K,1,,EPCOS - TDK Electronics,CAP FILM 45UF 10% 630VDC RADIAL
B32796G4136K,1,,EPCOS - TDK Electronics,CAP FILM 13UF 10% 1.05KVDC RAD
B32796G4166K,1,,EPCOS - TDK Electronics,CAP FILM 16UF 10% 1.05KVDC RAD
B32796G4755K,1,,EPCOS - TDK Electronics,CAP FILM 7.5UF 10% 1.05KVDC RAD
B32796G8106J,1,,EPCOS - TDK Electronics,CAP FILM 10UF 5% 875VDC RADIAL
B32796G8106K,1,,EPCOS - TDK Electronics,CAP FILM 10UF 10% 875VDC RADIAL
B32796G8146K,1,,EPCOS - TDK Electronics,CAP FILM 14UF 10% 875VDC RADIAL
B32796G8206K,1,,EPCOS - TDK Electronics,CAP FILM 20UF 10% 875VDC RADIAL
B32798G2806K,1,,EPCOS - TDK Electronics,CAP FILM 80UF 10% 630VDC RADIAL
B32798G4186K,1,,EPCOS - TDK Electronics,CAP FILM 18UF 10% 1.05KVDC RAD
B32798G4206J,1,,EPCOS - TDK Electronics,CAP FILM 20UF 5% 1.05KVDC RADIAL
B32798G4256K,1,,EPCOS - TDK Electronics,CAP FILM 25UF 10% 1.05KVDC RAD
B32798G8306J,1,,EPCOS - TDK Electronics,CAP FILM 30UF 5% 875VDC RADIAL
B32798G8356K,1,,EPCOS - TDK Electronics,CAP FILM 35UF 10% 875VDC RADIAL
B32912A4103K000,1,,EPCOS - TDK Electronics,CAP FILM 10000PF 10% 440VAC RAD
B32912A4153K000,1,,EPCOS - TDK Electronics,CAP FILM 0.015UF 10% 440VAC RAD
B32912A4333K000,1,,EPCOS - TDK Electronics,CAP FILM 0.033UF 10% 440VAC RAD
B32913B4104K000,1,,EPCOS - TDK Electronics,CAP FILM 0.1UF 10% 440VAC RADIAL
B32913B4104M000,1,,EPCOS - TDK Electronics,CAP FILM 0.1UF 20% 440VAC RADIAL
B32914A4334M000,1,,EPCOS - TDK Electronics,CAP FILM 0.33UF 20% 440VAC RAD
B32923E3225M189,1,,EPCOS - TDK Electronics,CAP FILM 2.2UF 20% 630VDC RADIAL
B32924E3225M189,1,,EPCOS - TDK Electronics,CAP FILM 2.2UF 20% 630VDC RADIAL
B32932A3474K000,1,,EPCOS - TDK Electronics,CAP FILM 0.47UF 10% 305VAC RAD
B32934A3335K,1,,EPCOS - TDK Electronics,CAP FILM 3.3UF 10% 305VAC RADIAL
B81141C1104M289,1,,EPCOS - TDK Electronics,CAP FILM 0.1UF 20% 440VAC RADIAL
B81141C1154M289,1,,EPCOS - TDK Electronics,CAP FILM 0.15UF 20% 440VAC RAD
B81141C1334K000,1,,EPCOS - TDK Electronics,CAP FILM 0.33UF 10% 440VAC RAD
B81141C1683K000,1,,EPCOS - TDK Electronics,CAP FILM 0.068UF 10% 440VAC RAD
B81141C1683M289,1,,EPCOS - TDK Electronics,CAP FILM 0.068UF 20% 440VAC RAD
B32796T4355K,1,,EPCOS - TDK Electronics,CAP FILM 3.5UF 10% 1KVDC RADIAL
B32796T2805K,1,,EPCOS - TDK Electronics,CAP FILM 8UF 10% 630VDC RADIAL
B32796T2116K,1,,EPCOS - TDK Electronics,CAP FILM 11UF 10% 630VDC RADIAL
B32796T3565K,1,,EPCOS - TDK Electronics,CAP FILM 5.6UF 10% 700VDC RADIAL
B32796T3755K,1,,EPCOS - TDK Electronics,CAP FILM 7.5UF 10% 700VDC RADIAL
B32796T8405K,1,,EPCOS - TDK Electronics,CAP FILM 4UF 10% 875VDC RADIAL
B32796T8505K,1,,EPCOS - TDK Electronics,CAP FILM 5UF 10% 875VDC RADIAL
B32796T4275K,1,,EPCOS - TDK Electronics,CAP FILM 2.7UF 10% 1KVDC RADIAL
B32922C3564M189,1,,EPCOS - TDK Electronics,CAP FILM 0.56UF 20% 630VDC RAD
B32923D3155M000,1,,EPCOS - TDK Electronics,CAP FILM 1.5UF 20% 630VDC RADIAL
B25631A107K900,1,,EPCOS - TDK Electronics,CAP FILM 100UF 10% 900VDC RADIAL
B25631A147K900,1,,EPCOS - TDK Electronics,CAP FILM 140UF 10% 900VDC RADIAL
B25631A157K700,1,,EPCOS - TDK Electronics,CAP FILM 150UF 10% 700VDC RADIAL
B25631A287K600,1,,EPCOS - TDK Electronics,CAP FILM 280UF 10% 600VDC RADIAL
B32912A5124M,1,,EPCOS - TDK Electronics,CAP FILM 0.12UF 20% 1KVDC RADIAL
B32912A5823M,1,,EPCOS - TDK Electronics,CAP FILM 0.082UF 20% 1KVDC RAD
B32913A5224M,1,,EPCOS - TDK Electronics,CAP FILM 0.22UF 20% 1KVDC RADIAL
B32911A5103M,1,,EPCOS - TDK Electronics,CAP FILM 10000PF 20% 1KVDC RAD
B32911A5123M,1,,EPCOS - TDK Electronics,CAP FILM 0.012UF 20% 1KVDC RAD
B32911A5102M,1,,EPCOS - TDK Electronics,CAP FILM 1000PF 20% 1KVDC RADIAL
B32911A5222M,1,,EPCOS - TDK Electronics,CAP FILM 2200PF 20% 1KVDC RADIAL
B32911A5332M,1,,EPCOS - TDK Electronics,CAP FILM 3300PF 20% 1KVDC RADIAL
B32911A5472M,1,,EPCOS - TDK Electronics,CAP FILM 4700PF 20% 1KVDC RADIAL
B32911A5562M,1,,EPCOS - TDK Electronics,CAP FILM 5600PF 20% 1KVDC RADIAL
B32911A5682M,1,,EPCOS - TDK Electronics,CAP FILM 6800PF 20% 1KVDC RADIAL
B32912A5333M,1,,EPCOS - TDK Electronics,CAP FILM 0.033UF 20% 1KVDC RAD
B32912A5682M,1,,EPCOS - TDK Electronics,CAP FILM 6800PF 20% 1KVDC RADIAL
B32912B5682K,1,,EPCOS - TDK Electronics,CAP FILM 6800PF 10% 1KVDC RADIAL
B32912A5822M,1,,EPCOS - TDK Electronics,CAP FILM 8200PF 20% 1KVDC RADIAL
B32912A5103M,1,,EPCOS - TDK Electronics,CAP FILM 10000PF 20% 1KVDC RAD
B32912B5333K,1,,EPCOS - TDK Electronics,CAP FILM 0.033UF 10% 1KVDC RAD
B32913A5333M,1,,EPCOS - TDK Electronics,CAP FILM 0.033UF 20% 1KVDC RAD
B32913A5683M,1,,EPCOS - TDK Electronics,CAP FILM 0.068UF 20% 1KVDC RAD
B32913A5823M,1,,EPCOS - TDK Electronics,CAP FILM 0.082UF 20% 1KVDC RAD
B32913A5104M,1,,EPCOS - TDK Electronics,CAP FILM 0.1UF 20% 1KVDC RADIAL
B32914A5154M,1,,EPCOS - TDK Electronics,CAP FILM 0.15UF 20% 1KVDC RADIAL
B32916A5224M,1,,EPCOS - TDK Electronics,CAP FILM 0.22UF 20% 1KVDC RADIAL
B32916B5564M,1,,EPCOS - TDK Electronics,CAP FILM 0.56UF 20% 1KVDC RADIAL
B32916A5684M,1,,EPCOS - TDK Electronics,CAP FILM 0.68UF 20% 1KVDC RADIAL
B32916B5684M,1,,EPCOS - TDK Electronics,CAP FILM 0.68UF 20% 1KVDC RADIAL
B32916A5105M,1,,EPCOS - TDK Electronics,CAP FILM 1UF 20% 1KVDC RADIAL
B32916C5105M,1,,EPCOS - TDK Electronics,CAP FILM 1UF 20% 1KVDC RADIAL
B32916D5105M,1,,EPCOS - TDK Electronics,CAP FILM 1UF 20% 1KVDC RADIAL
B32916A5155M,1,,EPCOS - TDK Electronics,CAP FILM 1.5UF 20% 1KVDC RADIAL
B32916B5475M,1,,EPCOS - TDK Electronics,CAP FILM 4.7UF 20% 1KVDC RADIAL
B32911B5103K,1,,EPCOS - TDK Electronics,CAP FILM 10000PF 10% 1KVDC RAD
B32641B6473K,1,,EPCOS - TDK Electronics,CAP FILM 0.047UF 10% 630VDC RAD
B32911A5102K000,1,,EPCOS - TDK Electronics,CAP FILM 1000PF 10% 1KVDC RADIAL
B32911A5222K000,1,,EPCOS - TDK Electronics,CAP FILM 2200PF 10% 1KVDC RADIAL
B32911A5332K000,1,,EPCOS - TDK Electronics,CAP FILM 3300PF 10% 1KVDC RADIAL
B32911A5472K000,1,,EPCOS - TDK Electronics,CAP FILM 4700PF 10% 1KVDC RADIAL
B32911A5682K000,1,,EPCOS - TDK Electronics,CAP FILM 6800PF 10% 1KVDC RADIAL
B32911B5103M000,1,,EPCOS - TDK Electronics,CAP FILM 10000PF 20% 1KVDC RAD
B32911A5123K000,1,,EPCOS - TDK Electronics,CAP FILM 0.012UF 10% 1KVDC RAD
B32562H8224M000,1,,EPCOS - TDK Electronics,CAP FILM 0.22UF 20% 630VDC 2DIP
B32913C5104M000,1,,EPCOS - TDK Electronics,CAP FILM 0.1UF 20% 530VAC RADIAL
B32524Q0685J000,1,,EPCOS - TDK Electronics,CAP FILM 6.8UF 5% 63VDC RADIAL
B32774P7155K000,1,,EPCOS - TDK Electronics,CAP FILM 1.5UF 10% 700VDC RADIAL
B32776P8355K000,1,,EPCOS - TDK Electronics,CAP FILM 3.5UF 10% 840VDC RADIAL
B25655P4707K031,1,,EPCOS - TDK Electronics,CAP FILM 700UF 10% 450VDC CHASS
B25655P4108K031,1,,EPCOS - TDK Electronics,CAP FILM 1000UF 10% 450VDC R BOX
B25655P4607J011,1,,EPCOS - TDK Electronics,CAP FILM 600UF 5% 450VDC CHAS MT
B25655P9127K151,1,,EPCOS - TDK Electronics,CAP FILM 120UF 10% 900VDC CHASS
B32559C8102K489,1,,EPCOS - TDK Electronics,CAPACITOR MKT FILM RADIAL
B32559C8102M489,1,,EPCOS - TDK Electronics,CAPACITOR MKT FILM RADIAL
B32559C9102J489,1,,EPCOS - TDK Electronics,CAPACITOR MKT FILM RADIAL
B32559C9102K289,1,,EPCOS - TDK Electronics,CAPACITOR MKT FILM RADIAL
B32559C9102K489,1,,EPCOS - TDK Electronics,CAPACITOR MKT FILM RADIAL
B32559C9152J489,1,,EPCOS - TDK Electronics,CAPACITOR MKT FILM RADIAL
B32559C9152K289,1,,EPCOS - TDK Electronics,CAPACITOR MKT FILM RADIAL
B32559C9222J489,1,,EPCOS - TDK Electronics,CAPACITOR MKT FILM RADIAL
B32559C9222K289,1,,EPCOS - TDK Electronics,CAPACITOR MKT FILM RADIAL
B32559C9272J489,1,,EPCOS - TDK Electronics,CAPACITOR MKT FILM RADIAL
B32559C9272K289,1,,EPCOS - TDK Electronics,CAPACITOR MKT FILM RADIAL
B32559C9332K289,1,,EPCOS - TDK Electronics,CAPACITOR MKT FILM RADIAL
B32559C9402K289,1,,EPCOS - TDK Electronics,CAPACITOR MKT FILM RADIAL
B32559C9472K289,1,,EPCOS - TDK Electronics,CAPACITOR MKT FILM RADIAL
B32559C9562K289,1,,EPCOS - TDK Electronics,CAPACITOR MKT FILM RADIAL
B32559C9682K289,1,,EPCOS - TDK Electronics,CAPACITOR MKT FILM RADIAL
B32559D9102K289,1,,EPCOS - TDK Electronics,CAPACITOR MKT FILM RADIAL
B32559D9152K289,1,,EPCOS - TDK Electronics,CAPACITOR MKT FILM RADIAL
B32559C9222K189,1,,EPCOS - TDK Electronics,CAPACITOR MKT FILM RADIAL
B32924A4125M000,1,,EPCOS - TDK Electronics,CAP FILM 1.2UF 20% 650VDC RADIAL
B32924B4155K000,1,,EPCOS - TDK Electronics,CAP FILM 1.5UF 10% 650VDC RADIAL
B32926A4225M000,1,,EPCOS - TDK Electronics,CAP FILM 2.2UF 20% 650VDC RADIAL
B32926B4125K000,1,,EPCOS - TDK Electronics,CAP FILM 1.2UF 10% 650VDC RADIAL
B32926B4565K000,1,,EPCOS - TDK Electronics,CAP FILM 5.6UF 10% 650VDC RADIAL
B25667C6167A375,1,,EPCOS - TDK Electronics,CAP FILM 56UF 690VAC CHS MT
B25667C7137A375,1,,EPCOS - TDK Electronics,CAP FILM 46UF 800VAC CHS MT
B32320I2656J011,1,,EPCOS - TDK Electronics,CAP FILM 65UF 5% 350VDC RADIAL
B32778H9506K000,1,,EPCOS - TDK Electronics,CAP FILM 50UF 10% 800VDC RADIAL
B25667C3247A375,1,,EPCOS - TDK Electronics,CAP FILM 83UF -5/+10% 400VAC RAD
B25667C3497A375,1,,EPCOS - TDK Electronics,CAP FILM 165UF -5% +10% 400VAC
B32754C2805K000,1,,EPCOS - TDK Electronics,CAP FILM 8UF 10% RADIAL
B32754C3505J000,1,,EPCOS - TDK Electronics,CAP FILM 5UF 10% RADIAL
B32754CB32754C3255K000,1,,EPCOS - TDK Electronics,CAP FILM 2.5UF 10% RADIAL
B32794D2106J000,1,,EPCOS - TDK Electronics,CAP FILM 10UF 5% 630VDC RADIAL
B32794D2106JZ1,1,,EPCOS - TDK Electronics,CAP FILM 10UF 5% 630VDC RADIAL
B32794D2106KG1,1,,EPCOS - TDK Electronics,CAP FILM 10UF 10% 630VDC RADIAL
B32794D2106KZ1,1,,EPCOS - TDK Electronics,CAP FILM 10UF 10% 630VDC RADIAL
B32794D2106KZ9,1,,EPCOS - TDK Electronics,CAP FILM 10UF 10% 630VDC RADIAL
B32794D2255J000,1,,EPCOS - TDK Electronics,CAP FILM 2.5UF 5% 630VDC RADIAL
B32794D2255KG1,1,,EPCOS - TDK Electronics,CAP FILM 2.5UF 10% 630VDC RADIAL
B32794D2255KN1,1,,EPCOS - TDK Electronics,CAP FILM 2.5UF 10% 630VDC RADIAL
B32794D2255KZ1,1,,EPCOS - TDK Electronics,CAP FILM 2.5UF 10% 630VDC RADIAL
B32794D2405J000,1,,EPCOS - TDK Electronics,CAP FILM 4UF 5% 630VDC RADIAL
B32794D2405KG1,1,,EPCOS - TDK Electronics,CAP FILM 4UF 10% 630VDC RADIAL
B32794D2405KN1,1,,EPCOS - TDK Electronics,CAP FILM 4UF 10% 630VDC RADIAL
B32794D2405KZ1,1,,EPCOS - TDK Electronics,CAP FILM 4UF 10% 630VDC RADIAL
B32794D3205J000,1,,EPCOS - TDK Electronics,CAP FILM 2UF 5% 700VDC RADIAL
B32794D3335J000,1,,EPCOS - TDK Electronics,CAP FILM 3.3UF 5% 700VDC RADIAL
B32794D3505J000,1,,EPCOS - TDK Electronics,CAP FILM 5UF 5% 700VDC RADIAL
B32794D8125J000,1,,EPCOS - TDK Electronics,CAP FILM 1.2UF 5% 875VDC RADIAL
B32794D8225J000,1,,EPCOS - TDK Electronics,CAP FILM 2.2UF 5% 875VDC RADIAL
B32794D8335J000,1,,EPCOS - TDK Electronics,CAP FILM 3.3UF 5% 875VDC RADIAL
B32794D8505J000,1,,EPCOS - TDK Electronics,CAP FILM 5UF 5% 875VDC RADIAL
B32794D8755J000,1,,EPCOS - TDK Electronics,CAP FILM 7.5UF 5% 875VDC RADIAL
B32796E2406KZ1,1,,EPCOS - TDK Electronics,CAP FILM 40UF 10% 630VDC RADIAL
B32796G2226KM9,1,,EPCOS - TDK Electronics,CAP FILM 22UF 10% 630VDC RADIAL
B32796G2226KZ1,1,,EPCOS - TDK Electronics,CAP FILM 22UF 10% 630VDC RADIAL
B32796G2256KZ1,1,,EPCOS - TDK Electronics,CAP FILM 25UF 10% 630VDC RADIAL
B32796G2406KZ1,1,,EPCOS - TDK Electronics,CAP FILM 40UF 10% 630VDC RADIAL
B32796G2456KZ1,1,,EPCOS - TDK Electronics,CAP FILM 45UF 10% 630VDC RADIAL
B32796G2506KZ1,1,,EPCOS - TDK Electronics,CAP FILM 50UF 10% 630VDC RADIAL
B32796T2116KZ1,1,,EPCOS - TDK Electronics,CAP FILM 11UF 10% 630VDC RADIAL
B32796T3565J000,1,,EPCOS - TDK Electronics,CAP FILM 5.6UF 5% 700VDC RADIAL
B32796T4275J000,1,,EPCOS - TDK Electronics,CAP FILM 2.7UF 5% 1.05KVDC RAD
B32796T8405J000,1,,EPCOS - TDK Electronics,CAP FILM 4UF 5% 875VDC RADIAL
B32798G3556J000,1,,EPCOS - TDK Electronics,CAP FILM 55UF 5% 700VDC RADIAL
B32798G2556KZ1,1,,EPCOS - TDK Electronics,CAP FILM 55UF 10% 630VDC RADIAL
B32798G2756KZ1,1,,EPCOS - TDK Electronics,CAP FILM 75UF 10% 630VDC RADIAL
B32798G8266J000,1,,EPCOS - TDK Electronics,CAP FILM 26UF 5% 875VDC RADIAL
B32798S2406J592,1,,EPCOS - TDK Electronics,CAP FILM 40UF 5% 630VDC RADIAL
B32798S2406K592,1,,EPCOS - TDK Electronics,CAP FILM 40UF 10% 630VDC RADIAL
B32798S2756K503,1,,EPCOS - TDK Electronics,CAP FILM 75UF 10% 630VDC RADIAL
B32377A7107J020,1,,EPCOS - TDK Electronics,CAP FILM 100UF 5% 1.8KVDC RADIAL
B32377A8256J050,1,,EPCOS - TDK Electronics,CAP FILM 3X25UF 5% 2.1KVDC RAD
B32774P8305K000,1,,EPCOS - TDK Electronics,CAP FILM 3UF 10% 840VDC RADIAL
B32776P8275J000,1,,EPCOS - TDK Electronics,CAP FILM 2.7UF 5% 840VDC RADIAL
B32922X2334M000,1,,EPCOS - TDK Electronics,"FILM CAP MKP X2 - COMPACT, 0.33U"
B32921X2104M000,1,,EPCOS - TDK Electronics,"FILM CAP MKP X2 - COMPACT, 0.1UF"
B25667C5147A375,1,,EPCOS - TDK Electronics,CAP FILM
B25667C5287A375,1,,EPCOS - TDK Electronics,CAP FILM
B25667C4387A375,1,,EPCOS - TDK Electronics,CAP FILM
B25667C6676A375,1,,EPCOS - TDK Electronics,CAP FILM
B25667C2457A175,1,,EPCOS - TDK Electronics,CAP FILM
B25667C4307A375,1,,EPCOS - TDK Electronics,CAP FILM
B25667C7127A375,1,,EPCOS - TDK Electronics,CAP FILM
B25667C4347A375,1,,EPCOS - TDK Electronics,CAP FILM
B25667C5347A375,1,,EPCOS - TDK Electronics,CAP FILM
B25667C2397A175,1,,EPCOS - TDK Electronics,CAP FILM
B25667C4197A375,1,,EPCOS - TDK Electronics,CAP FILM
B25667C3207A175,1,,EPCOS - TDK Electronics,CAP FILM
B25667C7246A375,1,,EPCOS - TDK Electronics,CAP FILM
B25667C5287Z375,1,,EPCOS - TDK Electronics,CAP FILM
B25667C4237A375,1,,EPCOS - TDK Electronics,CAP FILM
B25667C6107A375,1,,EPCOS - TDK Electronics,CAP FILM
B25667C2317A175,1,,EPCOS - TDK Electronics,CAP FILM
B25667C6336A375,1,,EPCOS - TDK Electronics,CAP FILM
B25667C6836A375N9,1,,EPCOS - TDK Electronics,CAP FILM
B25667C5147Z375,1,,EPCOS - TDK Electronics,CAP FILM
B25667C5237A375,1,,EPCOS - TDK Electronics,CAP FILM
B25667C4337A375,1,,EPCOS - TDK Electronics,CAP FILM
B25667C5127A375,1,,EPCOS - TDK Electronics,CAP FILM
B25667C4177A375,1,,EPCOS - TDK Electronics,CAP FILM
B25667C5966A375,1,,EPCOS - TDK Electronics,CAP FILM
B25667C5197A375,1,,EPCOS - TDK Electronics,CAP FILM
B25667C6836A375,1,,EPCOS - TDK Electronics,CAP FILM
B25667C7626A375,1,,EPCOS - TDK Electronics,CAP FILM
B25667C3297A375,1,,EPCOS - TDK Electronics,CAP FILM
B25667C6137A375,1,,EPCOS - TDK Electronics,CAP FILM
B25667C4207A375,1,,EPCOS - TDK Electronics,CAP FILM
B25667C3247A175,1,,EPCOS - TDK Electronics,CAP FILM
B25667C4247A375,1,,EPCOS - TDK Electronics,CAP FILM
B25667C5147A175,1,,EPCOS - TDK Electronics,CAP FILM
B25667C4127A375,1,,EPCOS - TDK Electronics,CAP FILM
B25667C2757A375,1,,EPCOS - TDK Electronics,CAP FILM
B25667C4277A375,1,,EPCOS - TDK Electronics,CAP FILM
B25667C7496A375,1,,EPCOS - TDK Electronics,CAP FILM
B25667C7376A375,1,,EPCOS - TDK Electronics,CAP FILM
B25667C4457A375,1,,EPCOS - TDK Electronics,CAP FILM
B25667C5117A175,1,,EPCOS - TDK Electronics,CAP FILM
B25667C7996A375,1,,EPCOS - TDK Electronics,CAP FILM
B25667C3397A375,1,,EPCOS - TDK Electronics,CAP FILM
B25667C4417A375,1,,EPCOS - TDK Electronics,CAP FILM
B25667C4467A375N6,1,,EPCOS - TDK Electronics,CAP FILM
B25667C5217A175,1,,EPCOS - TDK Electronics,CAP FILM
B25667C6167A375N9,1,,EPCOS - TDK Electronics,CAP FILM
B32614S4155K500,1,,EPCOS - TDK Electronics,CAPACITOR
B32614A4105K8,1,,EPCOS - TDK Electronics,CAPACITOR
B32614A4225K8,1,,EPCOS - TDK Electronics,CAPACITOR
B32614A4155K8,1,,EPCOS - TDK Electronics,CAPACITOR
B32614A6684K8,1,,EPCOS - TDK Electronics,CAPACITOR
B32614A4225K11,1,,EPCOS - TDK Electronics,CAPACITOR
B32613A4474K8,1,,EPCOS - TDK Electronics,CAPACITOR
B32614A3155K10,1,,EPCOS - TDK Electronics,CAPACITOR
B32614S4225K500,1,,EPCOS - TDK Electronics,CAPACITOR
B32614S5225K8,1,,EPCOS - TDK Electronics,CAPACITOR
B32614A224K8,1,,EPCOS - TDK Electronics,CAPACITOR
B32614S4405K500,1,,EPCOS - TDK Electronics,CAPACITOR
B32614S4684K500,1,,EPCOS - TDK Electronics,CAPACITOR
B32614S9225K500,1,,EPCOS - TDK Electronics,CAPACITOR
B32613A6474K10,1,,EPCOS - TDK Electronics,CAPACITOR
B32614A6105K8,1,,EPCOS - TDK Electronics,CAPACITOR
B32613A3105K8,1,,EPCOS - TDK Electronics,CAPACITOR
B32614S9684K500,1,,EPCOS - TDK Electronics,CAPACITOR
B32613A6474K8,1,,EPCOS - TDK Electronics,CAPACITOR
B32377F6306J001,1,,EPCOS - TDK Electronics,CAP FILM 3X30UF 5% 1.5KVDC RAD
