mfg_number,quantity,price,mfg_name,description
T520A107M006ATE045,1,6.95,KEMET,CAP TANT POLY 100UF 6.3V 1206
T520B107M006ATE070,1,6.95,KEMET,CAP TANT POLY 100UF 6.3V 1411
T520A107M006ATE035,1,7.69,KEMET,CAP TANT POLY 100UF 6.3V 1206
T520B107M006ATE040,1,8.1,KEMET,CAP TANT POLY 100UF 6.3V 1411
T520B476M006ATE070,1,8.35,KEMET,CAP TANT POLY 47UF 6.3V 1411
T520A107M006ATE025,1,8.43,KEMET,CAP TANT POLY 100UF 6.3V 1206
T520A336M006ATE070,1,8.85,KEMET,CAP TANT POLY 33UF 6.3V 1206
T520B476M006ATE040,1,9.51,KEMET,CAP TANT POLY 47UF 6.3V 1411
T520B337M2R5ATE045,1,9.51,KEMET,CAP TANT POLY 330UF 2.5V 1411
T520B227M006ATE070,1,9.68,KEMET,CAP TANT POLY 220UF 6.3V 1411
T520B476M010ATE035,1,10.09,KEMET,CAP TANT POLY 47UF 10V 1411
T527I476M010ATE200,1,10.17,KEMET,CAP TANT POLY 47UF 10V 1206
T520B107M006ATE025,1,10.34,KEMET,CAP TANT POLY 100UF 6.3V 1411
T520B227M004ATE045,1,10.42,KEMET,CAP TANT POLY 220UF 4V 1411
T527I107M006ATE070,1,10.42,KEMET,CAP TANT POLY 100UF 6.3V 1206
T527I107M006ATE100,1,10.42,KEMET,CAP TANT POLY 100UF 6.3V 1206
T520D107M010ATE080,1,10.67,KEMET,CAP TANT POLY 100UF 10V 2917
T520B107M010ATE070,1,10.67,KEMET,CAP TANT POLY 100UF 10V 1411
T520B227M006ATE045,1,10.75,KEMET,CAP TANT POLY 220UF 6.3V 1411
T520B107M004ATE035,1,10.83,KEMET,CAP TANT POLY 100UF 4V 1411
T529P226M010AAE200,1,10.92,KEMET,CAP TANT POLY 22UF 10V 0805
T520B107M006ATE018,1,11.33,KEMET,CAP TANT POLY 100UF 6.3V 1411
T520T476M006ATE070,1,11.33,KEMET,CAP TANT POLY 47UF 6.3V 1411
T520B157M006ATE045,1,11.41,KEMET,CAP TANT POLY 150UF 6.3V 1411
T520B476M006ATE025,1,11.58,KEMET,CAP TANT POLY 47UF 6.3V 1411
T520B337M006ATE070,1,11.66,KEMET,CAP TANT POLY 330UF 6.3V 1411
T520B227M006ATE035,1,11.83,KEMET,CAP TANT POLY 220UF 6.3V 1411
T520D337M006ATE045,1,12.24,KEMET,CAP TANT POLY 330UF 6.3V 2917
TF08A226M016APE200,1,12.24,KEMET,CAP TANT POLY 22UF 16V 1206
T520B106M016ATE100,1,12.32,KEMET,CAP TANT POLY 10UF 16V 1411
T520B107M006ATE015,1,12.4,KEMET,CAP TANT POLY 100UF 6.3V 1411
T520C227M006ATE025,1,12.65,KEMET,CAP TANT POLY 220UF 6.3V 2312
T520B227M006ATE025,1,12.82,KEMET,CAP TANT POLY 220UF 6.3V 1411
T520C107M010ATE025,1,12.9,KEMET,CAP TANT POLY 100UF 10V 2312
T520C337M004ATE025,1,12.9,KEMET,CAP TANT POLY 330UF 4V 2312
T520D107M010ATE018,1,13.23,KEMET,CAP TANT POLY 100UF 10V 2917
T520B157M006ATE025,1,13.4,KEMET,CAP TANT POLY 150UF 6.3V 1411
T520D337M006ATE025,1,13.48,KEMET,CAP TANT POLY 330UF 6.3V 2917
T520D337M006ATE040,1,13.48,KEMET,CAP TANT POLY 330UF 6.3V 2917
T520D157M010ATE055,1,13.56,KEMET,CAP TANT POLY 150UF 10V 2917
T520B337M2R5ATE015,1,13.64,KEMET,CAP TANT POLY 330UF 2.5V 1411
T520C227M006ATE018,1,13.89,KEMET,CAP TANT POLY 220UF 6.3V 2312
T598D337M006ATE025,1,14.14,KEMET,CAP TANT POLY 330UF 6.3V 2917
T520D157M010ATE040,1,14.8,KEMET,CAP TANT POLY 150UF 10V 2917
T520C227M006ATE015,1,15.05,KEMET,CAP TANT POLY 220UF 6.3V 2312
T520D227M010ATE040,1,15.46,KEMET,CAP TANT POLY 220UF 10V 2917
T520D227M006ATE015,1,15.63,KEMET,CAP TANT POLY 220UF 6.3V 2917
T520V337M006ATE025,1,15.79,KEMET,CAP TANT POLY 330UF 6.3V 2917
T520V227M006ATE018,1,15.79,KEMET,CAP TANT POLY 220UF 6.3V 2917
T520D227M010ATE025,1,16.62,KEMET,CAP TANT POLY 220UF 10V 2917
T520V477M2R5ATE015,1,16.62,KEMET,CAP TANT POLY 470UF 2.5V 2917
T520D227M006ATE009,1,16.79,KEMET,CAP TANT POLY 220UF 6.3V 2917
T521T336M016ATE050,1,16.79,KEMET,CAP TANT POLY 33UF 16V 1411
T521T336M016ATE045,1,16.79,KEMET,CAP TANT POLY 33UF 16V 1411
T520V337M006ATE015,1,16.95,KEMET,CAP TANT POLY 330UF 6.3V 2917
T520D477M004ATE015,1,17.04,KEMET,CAP TANT POLY 470UF 4V 2917
T520D337M006ATE009,1,17.04,KEMET,CAP TANT POLY 330UF 6.3V 2917
T520D477M004ATE012,1,17.04,KEMET,CAP TANT POLY 470UF 4V 2917
T520V227M010ATE045,1,17.2,KEMET,CAP TANT POLY 220UF 10V 2917
T521V686M016ATE050,1,17.53,KEMET,CAP TANT POLY 68UF 16V 2917
T520V157M010ATE018,1,17.78,KEMET,CAP TANT POLY 150UF 10V 2917
T521V336M025ATE060,1,17.78,KEMET,CAP TANT POLY 33UF 25V 2917
T521V156M035ATE125,1,18.03,KEMET,CAP TANT POLY 15UF 35V 2917
T520V227M010ATE025,1,18.36,KEMET,CAP TANT POLY 220UF 10V 2917
T520D687M2R5ATE015,1,18.36,KEMET,CAP TANT POLY 680UF 2.5V 2917
T520V337M2R5ATE007,1,18.44,KEMET,CAP TANT POLY 330UF 2.5V 2917
T520V477M2R5ATE009,1,18.85,KEMET,CAP TANT POLY 470UF 2.5V 2917
T520D108M2R5ATE030,1,18.85,KEMET,CAP TANT POLY 1000UF 2.5V 2917
T521V476M020ATE055,1,18.94,KEMET,CAP TANT POLY 47UF 20V 2917
T598D227M010ATE025,1,19.1,KEMET,CAP TANT POLY 220UF 10V 2917
T521V156M035ATE100,1,19.19,KEMET,CAP TANT POLY 15UF 35V 2917
T520V227M006ATE007,1,19.19,KEMET,CAP TANT POLY 220UF 6.3V 2917
T520D108M2R5ATE015,1,19.93,KEMET,CAP TANT POLY 1000UF 2.5V 2917
T521D106M050ATE090,1,20.51,KEMET,CAP TANT POLY 10UF 50V 2917
T520D337M004ATE007,1,20.51,KEMET,CAP TANT POLY 330UF 4V 2917
T598D476M025ATE060,1,20.59,KEMET,CAP TANT POLY 47UF 25V 2917
T598D477M2R5ATE009,1,20.59,KEMET,CAP TANT POLY 470UF 2.5V 2917
T520Y477M006ATE025,1,20.67,KEMET,CAP TANT POLY 470UF 6.3V 2917
T520D476M016ATE070,1,20.67,KEMET,CAP TANT POLY 47UF 16V 2917
T521T106M025ATE060,1,20.76,KEMET,CAP TANT POLY 10UF 25V 1411
T598D107M016ATE050,1,21.09,KEMET,CAP TANT POLY 100UF 16V 2917
T520D477M006ATE030,1,21.25,KEMET,CAP TANT POLY 470UF 6.3V 2917
T520D476M016ATE035,1,21.75,KEMET,CAP TANT POLY 47UF 16V 2917
T520V477M006ATE035,1,21.75,KEMET,CAP TANT POLY 470UF 6.3V 2917
T521D475M063ATE075,1,21.83,KEMET,CAP TANT POLY 4.7UF 63V 2917
T520D108M2R5ATE006,1,22.16,KEMET,CAP TANT POLY 1000UF 2.5V 2917
T545Y337M010ATE035,1,22.82,KEMET,CAP TANT POLY 330UF 10V 2917
T521X686M035ATE050,1,23.15,KEMET,CAP TANT SMD POLYMER
T520D477M006ATE015,1,23.4,KEMET,CAP TANT POLY 470UF 6.3V 2917
T520Y477M006ATE010,1,23.9,KEMET,CAP TANT POLY 470UF 6.3V 2917
T520L107M010ATE025,1,24.31,KEMET,CAP TANT POLY 100UF 10V 2312
T521D157M016ATE040,1,24.64,KEMET,CAP TANT POLY 150UF 16V 2917
T523W476M035APE100,1,25.06,KEMET,CAP TANT POLY 47UF 35V 2917
T521D107M020ATE055,1,27.12,KEMET,CAP TANT POLY 100UF 20V 2917
T520V107M006ATE007,1,27.45,KEMET,CAP TANT POLY 100UF 6.3V 2917
T520X337M010ATE040,1,28.28,KEMET,CAP TANT POLY 330UF 10V 2917
T520X337M010ATE025,1,29.27,KEMET,CAP TANT POLY 330UF 10V 2917
T521X227M016ATE035,1,29.36,KEMET,CAP TANT POLY 220UF 16V 2917
T520V226M020ATE040,1,29.36,KEMET,CAP TANT POLY 22UF 20V 2917
T528B277M2R5APE006,1,29.6,KEMET,CAP TANT POLY 270UF 2.5V 1411
T520X337M010ATE010,1,31.26,KEMET,CAP TANT POLY 330UF 10V 2917
T598X476M035ATE075,1,33.33,KEMET,CAP TANT POLY 47UF 35V 2917
T521X226M050ATE050,1,35.48,KEMET,CAP TANT POLY 22UF 50V 2917
T521X226M050ATE075,1,35.48,KEMET,CAP TANT POLY 22UF 50V 2917
T521V107M020ATE055,1,36.39,KEMET,CAP TANT POLY 100UF 20V 2917
T528W337M2R5ATE009,1,36.39,KEMET,CAP TANT POLY 330UF 2.5V 2917
T521X476M035ATE070,1,36.63,KEMET,CAP TANT POLY 47UF 35V 2917
T521X107M025ATE030,1,37.54,KEMET,CAP TANT POLY 100UF 25V 2917
T528Z227M006ATE009,1,37.63,KEMET,CAP TANT POLY 220UF 6.3V 2917
T521D226M035ATE040,1,38.29,KEMET,CAP TANT POLY 22UF 35V 2917
T528Z477M2R5ATE005,1,39.28,KEMET,CAP TANT POLY 470UF 2.5V 2917
T521X106M075ATE050,1,42.34,KEMET,CAP TANT POLY 10UF 75V 2917
T523H107M035APE070,1,46.27,KEMET,CAP TANT POLY 100UF 35V 2924
T521V106M050ATE090,1,44.82,KEMET,CAP TANT POLY 10UF 50V 2917
T545H158M006ATE035,1,46.64,KEMET,CAP TANT POLY 1500UF 6.3V 2924
T521D107M025ATE060,1,46.72,KEMET,CAP TANT POLY 100UF 25V 2917
T530D687M2R5ATE006,1,48.46,KEMET,CAP TANT POLY 680UF 2.5V 2917
T521X337M016ATE050,1,49.86,KEMET,CAP TANT POLY 330UF 16V 2917
T521X337M016ATE015,1,52.51,KEMET,CAP TANT POLY 330UF 16V 2917
T521X156M063ATE150,1,53.75,KEMET,CAP TANT POLY 15UF 63V 2917
T520X157M016ATE040,1,53.75,KEMET,CAP TANT POLY 150UF 16V 2917
T521X106M063ATE050,1,54.25,KEMET,CAP TANT POLY 10UF 63V 2917
T521X156M063ATE035,1,54.66,KEMET,CAP TANT POLY 15UF 63V 2917
T530D337M006ATE006,1,54.99,KEMET,CAP TANT POLY 330UF 6.3V 2917
T530D157M010ATE005,1,56.73,KEMET,CAP TANT POLY 150UF 10V 2917
T530D567M2R5ATE005,1,57.47,KEMET,CAP TANT POLY 560UF 2.5V 2917
T521V106M050AME090,1,62.9,KEMET,CAP TANT SMD POLYMER
T530Y108M2R5ATE005,1,58.88,KEMET,CAP TANT POLY 1000UF 2.5V 2917
T530X687M006ATE018,1,60.62,KEMET,CAP TANT POLY 680UF 6.3V 2917
T530X337M010ATE010,1,60.62,KEMET,CAP TANT POLY 330UF 10V 2917
T530X477M006AHE004,1,61.36,KEMET,CAP TANT POLY 470UF 6.3V 2917
T545X337M016ATE025,1,61.61,KEMET,CAP TANT POLY 330UF 16V 2917
T530X337M010ATE006,1,62.35,KEMET,CAP TANT POLY 330UF 10V 2917
T530X687M006ATE010,1,62.35,KEMET,CAP TANT POLY 680UF 6.3V 2917
T530X687M004ATE006,1,62.35,KEMET,CAP TANT POLY 680UF 4V 2917
T520H158M006ATE055,1,63.76,KEMET,CAP TANT POLY 1500UF 6.3V 2924
T530X337M010ATE005,1,64.09,KEMET,CAP TANT POLY 330UF 10V 2917
T543B107M006ATW025,1,70.54,KEMET,CAP TANT POLY 100UF 6.3V 1411
T530X158M003ATE008,1,65.82,KEMET,CAP TANT POLY 1500UF 3V 2917
T521X226M063ATE075,1,71.61,KEMET,CAP TANT POLY 22UF 63V 2917
T530X157M016ATE025,1,67.48,KEMET,CAP TANT POLY 150UF 16V 2917
T545X337K016ATE025,1,73.41,KEMET,CAP TANT POLY 330UF 16V 2917
T521X477M016ATE020,1,70.95,KEMET,CAP TANT SMD POLYMER
T521X477M016ATK020,1,71.78,KEMET,CAP TANT SMD POLYMER
T543X107M025ATE060,1,89.23,KEMET,CAP TANT POLY 100UF 25V 2917
T543X226M050ATE040,1,98.39,KEMET,CAP TANT POLY 22UF 50V 2917
T543D337K006AHW040,1,103.24,KEMET,CAP TANT POLY 330UF 6.3V 2917
T543X107M025AHW060,1,107.02,KEMET,CAP TANT POLY 100UF 25V 2917
T543X107M025AHE060,1,108.9,KEMET,CAP TANT POLY 100UF 25V 2917
T543X337M010AHE010,1,110.79,KEMET,CAP TANT POLY 330UF 10V 2917
T543X336M050ATE040,1,110.88,KEMET,CAP TANT POLY 33UF 50V 2917
T543X336M050AHE040,1,103.78,KEMET,CAP TANT POLY 33UF 50V 2917
T543X336M050AHE0407505,1,113.49,KEMET,CAP TANT POLY 33UF 50V 2917
T543X477K006ATE005,1,121.39,KEMET,CAP TANT POLY 470UF 6.3V 2917
T543X476M035AHE030,1,121.93,KEMET,CAP TANT POLY 47UF 35V 2917
T543X476M035ATE030,1,122.29,KEMET,CAP TANT POLY 47UF 35V 2917
T543X336K050ATW040,1,138.47,KEMET,CAP TANT POLY 33UF 50V 2917
T543X226M063AHW075,1,140.98,KEMET,CAP TANT POLY 22UF 63V 2917
T543X476K035AHW030,1,146.55,KEMET,47.0UF 35.0V
T543X226K063ATW075,1,150.69,KEMET,CAP TANT POLY 22UF 63V 2917
T543X106K063ATW050,1,152.93,KEMET,"10 UF, 63 VDC (105C), 42.21 VDC"
T543O477M016AHE020,1,154.55,KEMET,CAP TANT POLY 470UF 16V 2924
T540D475M063AH6510,1,155.45,KEMET,CAP TANT POLY 4.7UF 63V 2917
T541X477M006AH6510T500,1,160.3,KEMET,CAP TANT POLY 470UF 6.3V 2917
T540D227M010AH6710,1,163.27,KEMET,CAP TANT POLY 220UF 10V 2917
T541X337M010AH6510,1,165.33,KEMET,CAP TANT POLY 330UF 10V 2917
T541X107M025AH6510,1,165.33,KEMET,CAP TANT 100UF 25V 20% 2917
T541X337M010AH6520,1,174.95,KEMET,330.UF 10.0V
T541X476M035AH6510,1,175.4,KEMET,CAP TANT POLY 47UF 35V 2917
T541X106M063AH6510,1,175.4,KEMET,CAP TANT POLY 10UF 63V 2917
T541X226M050AH6510,1,175.4,KEMET,CAP TANT POLY 22UF 50V 2917
T543X107M030AHW035,1,178.36,KEMET,CAP TANT SMD POLYMER HI-REL
T541X156M063AH6510,1,185.19,KEMET,CAP TANT POLY 15UF 63V 2917
T541X108M003AH6710,1,197.95,KEMET,CAP TANT POLY 100UF 3V 2917
T541X227M016AH6710,1,202.8,KEMET,CAP TANT POLY 220UF 16V 2917
T541X107M025AH6710,1,202.8,KEMET,CAP TANT POLY 100UF 25V 2917
T541X336M050AH6710,1,212.6,KEMET,CAP TANT POLY 33UF 50V 2917
T541X476M035AH6710,1,212.6,KEMET,CAP TANT POLY 47UF 35V 2917
T541X337M016AH6710,1,213.85,KEMET,CAP TANT POLY 330UF 16V 2917
T541X337M016AH6720,1,221.67,KEMET,CAP TANT POLY 330UF 16V 2917
T541X156M063AH6710,1,221.94,KEMET,CAP TANT POLY 15UF 63V 2917
T541X477K010CH6710,1,254.92,KEMET,470.UF 10.0V
T550B127K050AH,1,437.95,KEMET,CAP TANT POLY 120UF 50V AXIAL
T556B107K050AT,1,747.23,KEMET,CAP TANT POLY 100UF 50V SMD
T520B336M010ATE070,1,7.36,KEMET,CAP TANT POLY 33UF 10V 1411
T520B107M006ATE045,1,8.1,KEMET,CAP TANT POLY 100UF 6.3V 1411
T520A226M006ATE090,1,8.19,KEMET,CAP TANT POLY 22UF 6.3V 1206
T598B225M035ATE150,1,8.52,KEMET,CAP TANT POLY 2.2UF 35V 1411
T525A106M010ATE080,1,9.25,KEMET,CAP TANT POLY 10UF 10V 1206
T520B227M2R5ATE035,1,8.68,KEMET,CAP TANT POLY 220UF 2.5V 1411
T527I226M010ATE200,1,8.77,KEMET,CAP TANT POLY 22UF 10V 1206
T521B336M016ATE070,1,9.18,KEMET,CAP TANT POLY 33UF 16V 1411
T520B686M006ATE040,1,9.51,KEMET,CAP TANT POLY 68UF 6.3V 1411
T520B336M006ATE040,1,9.51,KEMET,CAP TANT POLY 33UF 6.3V 1411
T525B226M010ATE080,1,9.59,KEMET,CAP TANT POLY 22UF 10V 1411
T521B475M035ATE150,1,9.76,KEMET,CAP TANT POLY 4.7UF 35V 1411
T527S106M025ATE150,1,9.76,KEMET,CAP TANT POLY 10UF 25V 1206
T598B686M006ATE070,1,9.84,KEMET,CAP TANT POLY 68UF 6.3V 1411
T521B685M035ATE150,1,10.09,KEMET,CAP TANT POLY 6.8UF 35V 1411
T520B157M006ATE070,1,10.34,KEMET,CAP TANT POLY 150UF 6.3V 1411
T520B127M006ATE035,1,10.42,KEMET,CAP TANT POLY 120UF 6.3V 1411
T591B476M010ATE070,1,10.42,KEMET,CAP TANT POLY 47UF 10V 1411
T598B107M006ATE045,1,10.42,KEMET,CAP TANT POLY 100UF 6.3V 1411
T529P226M006AAE200,1,10.42,KEMET,CAP TANT POLY 22UF 6.3V 0805
T520A227M2R5ATE025,1,10.5,KEMET,CAP TANT POLY 220UF 2.5V 1206
T598B475M035ATE200,1,10.58,KEMET,CAP TANT POLY 4.7UF 35V 1411
T598B157M006ATE045,1,10.67,KEMET,CAP TANT POLY 150UF 6.3V 1411
T520C686M010ATE045,1,11.08,KEMET,CAP TANT POLY 68UF 10V 2312
T520C107M006ATE045,1,11.08,KEMET,CAP TANT POLY 100UF 6.3V 2312
T521B105M050ATE200,1,11.33,KEMET,CAP TANT POLY 1UF 50V 1411
T521B105M063ATE200,1,11.58,KEMET,CAP TANT POLY 1UF 63V 1411
T520D157M006ATE055,1,11.66,KEMET,CAP TANT POLY 150UF 6.3V 2917
T591B227M006ATE070,1,11.66,KEMET,CAP TANT POLY 220UF 6.3V 1411
T520C107M010ATE045,1,11.66,KEMET,CAP TANT POLY 100UF 10V 2312
T521B225M050ATE200,1,11.83,KEMET,CAP TANT POLY 2.2UF 50V 1411
T521B155M063ATE200,1,11.83,KEMET,CAP TANT POLY 1.5UF 63V 1411
T529P226M010AAE150,1,12.24,KEMET,CAP TANT POLY 22UF 10V 0805
T520C226M016ATE080,1,12.32,KEMET,CAP TANT POLY 22UF 16V 2312
T520B157M006ATE035,1,12.4,KEMET,CAP TANT POLY 150UF 6.3V 1411
T521B106M016ATE100,1,12.9,KEMET,CAP TANT POLY 10UF 16V 1411
T520B227M2R5ATE015,1,12.9,KEMET,CAP TANT POLY 220UF 2.5V 1411
T520D157M006ATE015,1,12.9,KEMET,CAP TANT POLY 150UF 6.3V 2917
T521B476M016ATE055,1,13.23,KEMET,CAP TANT SMD POLYMER
T520V107M010ATE050,1,13.4,KEMET,CAP TANT POLY 100UF 10V 2917
T520C337M2R5ATE015,1,14.22,KEMET,CAP TANT POLY 330UF 2.5V 2312
T521B106M025ATE100,1,14.39,KEMET,CAP TANT POLY 10UF 25V 1411
T520V107M010ATE025,1,14.64,KEMET,CAP TANT POLY 100UF 10V 2917
T520V337M006ATE045,1,14.64,KEMET,CAP TANT POLY 330UF 6.3V 2917
T520V337M006ATE040,1,14.64,KEMET,CAP TANT POLY 330UF 6.3V 2917
T520D337M006ATE018,1,14.72,KEMET,CAP TANT POLY 330UF 6.3V 2917
T520V157M010ATE040,1,15.46,KEMET,CAP TANT POLY 150UF 10V 2917
T521V107M016ATE040,1,15.71,KEMET,CAP TANT POLY 100UF 16V 2917
T520V227M004ATE015,1,15.79,KEMET,CAP TANT POLY 220UF 4V 2917
T520V107M010ATE018,1,15.79,KEMET,CAP TANT POLY 100UF 10V 2917
T520D157M010ATE025,1,15.96,KEMET,CAP TANT POLY 150UF 10V 2917
T520V337M2R5ATE009,1,16.13,KEMET,CAP TANT POLY 330UF 2.5V 2917
T520D157M006ATE007,1,16.54,KEMET,CAP TANT POLY 150UF 6.3V 2917
T521V336M025ATE025,1,16.62,KEMET,CAP TANT POLY 33UF 25V 2917
T520V227M006ATE015,1,16.95,KEMET,CAP TANT POLY 220UF 6.3V 2917
T520V337M006ATE018,1,16.95,KEMET,CAP TANT POLY 330UF 6.3V 2917
T520V227M006ATE012,1,16.95,KEMET,CAP TANT POLY 220UF 6.3V 2917
T521D476M025ATE065,1,17.04,KEMET,CAP TANT POLY 47UF 25V 2917
T521V476M020ATE090,1,17.78,KEMET,CAP TANT POLY 47UF 20V 2917
T520V227M006ATE009,1,18.11,KEMET,CAP TANT POLY 220UF 6.3V 2917
T591D686M020ATE050,1,18.77,KEMET,CAP TANT POLY 68UF 20V 2917
T521T685M035APE090,1,19.02,KEMET,CAP TANT POLY 6.8UF 35V 1411
T598D156M035ATE065,1,19.02,KEMET,CAP TANT POLY 15UF 35V 2917
T521D336M025ATE060,1,19.19,KEMET,CAP TANT POLY 33UF 25V 2917
T520D337M004ATE009,1,19.35,KEMET,CAP TANT POLY 330UF 4V 2917
T520V336M016ATE060,1,19.43,KEMET,CAP TANT POLY 33UF 16V 2917
T521V226M025ATE040,1,19.52,KEMET,CAP TANT POLY 22UF 25V 2917
T520D477M2R5ATE007,1,19.76,KEMET,CAP TANT POLY 470UF 2.5V 2917
T591D106M050ATE090,1,20.01,KEMET,CAP TANT POLY 10UF 50V 2917
T520Y477M006ATE018,1,20.67,KEMET,CAP TANT POLY 470UF 6.3V 2917
T520D477M2R5ATE006,1,20.92,KEMET,CAP TANT POLY 470UF 2.5V 2917
T521D107M016ATE050,1,21,KEMET,CAP TANT POLY 100UF 16V 2917
T520V337M004ATE007,1,21.09,KEMET,CAP TANT POLY 330UF 4V 2917
T598V106M035ATE120,1,21.34,KEMET,CAP TANT POLY 10UF 35V 2917
T520D156M025ATE060,1,21.75,KEMET,CAP TANT POLY 15UF 25V 2917
T521W476M020ATE045,1,22.08,KEMET,CAP TANT POLY 47UF 20V 2917
T520V477M2R5ATE006,1,22.16,KEMET,CAP TANT POLY 470UF 2.5V 2917
T520Y477M006ATE015,1,22.82,KEMET,CAP TANT POLY 470UF 6.3V 2917
T521D476M020ATE040,1,23.15,KEMET,CAP TANT POLY 47UF 20V 2917
T521D475M075ATE075,1,24.39,KEMET,CAP TANT POLY 4.7UF 75V 2917
T520D687M004ATE025,1,24.39,KEMET,CAP TANT POLY 680UF 4V 2917
T521D157M016ATE050,1,24.64,KEMET,CAP TANT POLY 150UF 16V 2917
T523W107M020APE100,1,24.97,KEMET,CAP TANT SMD POLYMER
T523W157M016APE070,1,25.22,KEMET,CAP TANT POLY 150UF 16V 2917
T520D687M004ATE015,1,25.39,KEMET,CAP TANT POLY 680UF 4V 2917
T525D687M003ATE025,1,26.38,KEMET,CAP TANT POLY 680UF 3V 2917
T520V107M006ATE009,1,26.46,KEMET,CAP TANT POLY 100UF 6.3V 2917
T520D687M004ATE012,1,26.46,KEMET,CAP TANT POLY 680UF 4V 2917
T520Y687M006ATE025,1,26.54,KEMET,CAP TANT POLY 680UF 6.3V 2917
T520V476M016ATE045,1,26.88,KEMET,CAP TANT POLY 47UF 16V 2917
T521V157M016ATE040,1,28.12,KEMET,CAP TANT SMD POLYMER
T521X227M016ATE050,1,29.36,KEMET,CAP TANT POLY 220UF 16V 2917
T598D475M075ATE200,1,30.35,KEMET,CAP TANT POLY 4.7UF 75V 2917
T525D337M006ATE025,1,31.67,KEMET,CAP TANT POLY 330UF 6.3V 2917
T525D107M010ATE025,1,31.67,KEMET,CAP TANT POLY 100UF 10V 2917
T525D476M016ATE035,1,31.67,KEMET,CAP TANT POLY 47UF 16V 2917
T525D227M010ATE025,1,31.84,KEMET,CAP TANT POLY 220UF 10V 2917
T520Y337M010ATE035,1,33.16,KEMET,CAP TANT POLY 330UF 10V 2917
T521B106M035ATE200,1,34.48,KEMET,CAP TANT POLY 10UF 35V 1411
T521D157M020ATE065,1,34.65,KEMET,CAP TANT POLY 150UF 20V 2917
T521B106M035ATE150,1,35.48,KEMET,CAP TANT POLY 10UF 35V 1411
T521D686M025ATE070,1,36.39,KEMET,CAP TANT POLY 68UF 25V 2917
T543B106K025AHE100,1,45.2,KEMET,CAP TANT POLY 10UF 25V 1411
T598D337M006AHS025,1,43,KEMET,CAP TANT POLY 330UF 6.3V 2917
T521D685M063ATE075,1,46.72,KEMET,CAP TANT POLY 6.8UF 63V 2917
T523H337M016APE070,1,47.89,KEMET,CAP TANT POLY 330UF 16V 2924
T545H158M006ATE055,1,44.82,KEMET,CAP TANT POLY 1500UF 6.3V 2924
T530D687M003ATE010,1,46.64,KEMET,CAP TANT POLY 680UF 3V 2917
T520H827M010ATE070,1,47.55,KEMET,CAP TANT POLY 820UF 10V 2924
T545X227M016ATE035,1,53.64,KEMET,CAP TANT POLY 220UF 16V 2917
T530D687M2R5AHE006,1,52.1,KEMET,CAP TANT POLY 680UF 2.5V 2917
T530D227M010AHE010,1,53.26,KEMET,CAP TANT POLY 220UF 10V 2917
T530D477M004ATE010,1,54.33,KEMET,CAP TANT POLY 470UF 4V 2917
T530D227M010AHE006,1,54.99,KEMET,CAP TANT POLY 220UF 10V 2917
T530Y337M006ATE005,1,58.88,KEMET,CAP TANT POLY 330UF 6.3V 2917
T530X687M004ATE010,1,60.62,KEMET,CAP TANT POLY 680UF 4V 2917
T530X337M010AHE006,1,62.35,KEMET,CAP TANT POLY 330UF 10V 2917
T530X158M2R5AHE005,1,62.68,KEMET,CAP TANT POLY 1500UF 2.5V 2917
T520X477M006ATE040,1,62.77,KEMET,CAP TANT POLY 470UF 6.3V 2917
T530X157M016ATE040,1,65.82,KEMET,CAP TANT POLY 150UF 16V 2917
T543D106K050ATE120,1,72.33,KEMET,CAP TANT POLY 10UF 50V 2917
T521X336M050AHE075,1,67.48,KEMET,CAP TANT POLY 33UF 50V 2917
T543D107K016ATE035,1,74.49,KEMET,CAP TANT POLY 100UF 16V 2917
T521X477M016ATI020,1,72.61,KEMET,CAP TANT SMD POLYMER
T543D106K050ATW090,1,93.54,KEMET,CAP TANT POLY 10UF 50V 2917
T543X106M063AHE050,1,109.89,KEMET,CAP TANT POLY 10UF 63V 2917
T543X107M025AHW0607505,1,111.24,KEMET,CAP TANT POLY 100UF 25V 2917
T543X476K035ATE060,1,122.29,KEMET,CAP TANT POLY 47UF 35V 2917
T543X336M050ATW040,1,129.12,KEMET,CAP TANT POLY 33UF 50V 2917
T543X687K004AHW0107505,1,129.3,KEMET,CAP TANT POLY 680UF 4V 2917
T543X687K006AHW010,1,146.73,KEMET,CAP TANT POLY 680UF 6.3V 2917
T543X476M035AHW0307505,1,146.73,KEMET,CAP TANT POLY 47UF 35V 2917
T540D157M010AH6710,1,163.27,KEMET,CAP TANT POLY 150UF 10V 2917
T541X476M035BH6510,1,190.04,KEMET,CAP TANT POLY 47UF 35V 2917
T541X477M006AH6710,1,197.95,KEMET,CAP TANT POLY 470UF 6.3V 2917
T541X687M004AH6710,1,197.95,KEMET,CAP TANT POLY 680UF 4V 2917
T541X157M016AH6710,1,202.8,KEMET,CAP TANT POLY 150UF 16V 2917
T541X336M050BH6710,1,226.7,KEMET,CAP TANT POLY 33UF 50V 2917
T550B756K075AH,1,437.95,KEMET,CAP TANT POLY 75UF 75V AXIAL
T550C307M050AH,1,742.18,KEMET,CAP TANT POLY 300UF 50V AXIAL
T520A107M004ATE200,1,6.86,KEMET,CAP TANT POLY 100UF 4V 1206
T520A156M010ATE080,1,7.19,KEMET,CAP TANT POLY 15UF 10V 1206
T520A476M004ATE070,1,7.69,KEMET,CAP TANT POLY 47UF 4V 1206
T520B337M2R5ATE035,1,8.43,KEMET,CAP TANT POLY 330UF 2.5V 1411
T520B336M010ATE040,1,8.52,KEMET,CAP TANT POLY 33UF 10V 1411
T525B336M016ATE090,1,9.18,KEMET,CAP TANT POLY 33UF 16V 1411
T525B336M016ATE070,1,9.18,KEMET,CAP TANT POLY 33UF 16V 1411
T521B336M016ATE090,1,9.18,KEMET,CAP TANT POLY 33UF 16V 1411
T591B476M006ATE070,1,9.34,KEMET,CAP TANT POLY 47UF 6.3V 1411
T591B107M006ATE070,1,9.34,KEMET,CAP TANT POLY 100UF 6.3V 1411
T520B336M010ATE035,1,9.68,KEMET,CAP TANT POLY 33UF 10V 1411
T520A106M010AHE080,1,10.51,KEMET,CAP TANT POLY 10UF 10V 1206
T521B475M035ATE200,1,9.68,KEMET,CAP TANT POLY 4.7UF 35V 1411
T520B227M004ATE070,1,9.76,KEMET,CAP TANT POLY 220UF 4V 1411
T597S107M2R5APE100,1,9.84,KEMET,CAP TANT POLY 100UF 2.5V 1206
T591B107M006ATE045,1,9.84,KEMET,CAP TANT POLY 100UF 6.3V 1411
T521B156M025ATE100,1,10.09,KEMET,CAP TANT POLY 15UF 25V 1411
T521B156M025ATE090,1,10.09,KEMET,CAP TANT SMD POLYMER
T591B475M035ATE200,1,10.42,KEMET,CAP TANT POLY 4.7UF 35V 1411
T598B225M050ATE200,1,10.42,KEMET,CAP TANT POLY 2.2UF 50V 1411
T520B476M008ATE070,1,11.32,KEMET,CAP TANT POLY 47UF 8V 1411
T598B226M010ATE070,1,10.42,KEMET,CAP TANT POLY 22UF 10V 1411
T598B107M006ATE055,1,10.42,KEMET,CAP TANT POLY 100UF 6.3V 1411
T520A686M006ATE150,1,10.58,KEMET,CAP TANT POLY 68UF 6.3V 1206
T520B336M010ATE025,1,10.67,KEMET,CAP TANT POLY 33UF 10V 1411
T591B225M050ATE150,1,10.67,KEMET,CAP TANT POLY 2.2UF 50V 1411
T529P106M006AAE200,1,10.75,KEMET,CAP TANT POLY 10UF 6.3V 0805
T520B227M2R5ATE021,1,10.83,KEMET,CAP TANT POLY 220UF 2.5V 1411
T598B225M050ATE150,1,10.92,KEMET,CAP TANT POLY 2.2UF 50V 1411
T525T476M006ATE080,1,10.92,KEMET,CAP TANT POLY 47UF 6.3V 1411
T520V157M006ATE045,1,11,KEMET,CAP TANT POLY 150UF 6.3V 2917
T520V157M006ATE040,1,11,KEMET,CAP TANT POLY 150UF 6.3V 2917
T520C476M010ATE100,1,11.08,KEMET,CAP TANT POLY 47UF 10V 2312
T525B336M010ATE080,1,11.08,KEMET,CAP TANT POLY 33UF 10V 1411
T520C336M006ATE100,1,11.08,KEMET,CAP TANT POLY 33UF 6.3V 2312
T520C227M006ATE045,1,11.33,KEMET,CAP TANT POLY 220UF 6.3V 2312
T520T107M006APE070,1,11.41,KEMET,CAP TANT POLY 100UF 6.3V 1411
T520B227M004ATE035,1,11.49,KEMET,CAP TANT POLY 220UF 4V 1411
T520B476M008ATE035,1,11.49,KEMET,CAP TANT POLY 47UF 8V 1411
T520T336M010ATE080,1,11.66,KEMET,CAP TANT POLY 33UF 10V 1411
T520B336M006ATE025,1,11.66,KEMET,CAP TANT POLY 33UF 6.3V 1411
T520B686M006ATE025,1,11.66,KEMET,CAP TANT POLY 68UF 6.3V 1411
T598B107M2R5ATE055,1,11.83,KEMET,CAP TANT POLY 100UF 2.5V 1411
T520C157M006ATE025,1,11.99,KEMET,CAP TANT POLY 150UF 6.3V 2312
T598B227M2R5ATE025,1,11.99,KEMET,CAP TANT POLY 220UF 2.5V 1411
T591D107M010ATE040,1,11.99,KEMET,CAP TANT POLY 100UF 10V 2917
T520V157M006ATE025,1,12.24,KEMET,CAP TANT POLY 150UF 6.3V 2917
T598D337M006ATE080,1,12.24,KEMET,CAP TANT POLY 330UF 6.3V 2917
T520T476M006ATE040,1,12.32,KEMET,CAP TANT POLY 47UF 6.3V 1411
T520C107M006ATE025,1,12.32,KEMET,CAP TANT POLY 100UF 6.3V 2312
T591D337M006ATE025,1,12.32,KEMET,CAP TANT POLY 330UF 6.3V 2917
T520B337M2R5ATE018,1,12.65,KEMET,CAP TANT POLY 330UF 2.5V 1411
T521B106M020ATE100,1,12.9,KEMET,CAP TANT POLY 10UF 20V 1411
T520D157M006ATE025,1,12.9,KEMET,CAP TANT POLY 150UF 6.3V 2917
T521B335M050ATE200,1,12.98,KEMET,CAP TANT POLY 3.3UF 50V 1411
T520D227M006ATE050,1,13.15,KEMET,CAP TANT POLY 220UF 6.3V 2917
T520V107M010ATE045,1,13.4,KEMET,CAP TANT POLY 100UF 10V 2917
T520D227M006ATE025,1,14.39,KEMET,CAP TANT POLY 220UF 6.3V 2917
T520D477M004ATE040,1,14.64,KEMET,CAP TANT POLY 470UF 4V 2917
T520V227M004ATE025,1,14.64,KEMET,CAP TANT POLY 220UF 4V 2917
T520V686M010ATE045,1,14.64,KEMET,CAP TANT POLY 68UF 10V 2917
T520V157M006ATE009,1,14.72,KEMET,CAP TANT POLY 150UF 6.3V 2917
T520D107M010AHE080,1,14.89,KEMET,CAP TANT POLY 100UF 10V 2917
T591D227M010ATE080,1,15.05,KEMET,CAP TANT POLY 220UF 10V 2917
T520D227M006ATE018,1,15.63,KEMET,CAP TANT POLY 220UF 6.3V 2917
T520V227M006ATE025,1,15.79,KEMET,CAP TANT POLY 220UF 6.3V 2917
T520D477M004ATE018,1,15.88,KEMET,CAP TANT POLY 470UF 4V 2917
T520D477M004ATE025,1,15.88,KEMET,CAP TANT POLY 470UF 4V 2917
T598V107M010ATE025,1,15.88,KEMET,CAP TANT POLY 100UF 10V 2917
T598D476M016ATE070,1,16.13,KEMET,CAP TANT POLY 47UF 16V 2917
T520V157M010ATE025,1,16.62,KEMET,CAP TANT POLY 150UF 10V 2917
T591D157M016ATE065,1,16.87,KEMET,CAP TANT POLY 150UF 16V 2917
T520D687M2R5ATE040,1,17.2,KEMET,CAP TANT POLY 680UF 2.5V 2917
T520D337M006AHE015,1,17.2,KEMET,CAP TANT POLY 330UF 6.3V 2917
T591V106M035ATE120,1,17.37,KEMET,CAP TANT POLY 10UF 35V 2917
T591D226M025ATE060,1,17.45,KEMET,CAP TANT POLY 22UF 25V 2917
T521V476M016ATE055,1,17.53,KEMET,CAP TANT POLY 47UF 16V 2917
T521V686M016ATE040,1,17.53,KEMET,CAP TANT POLY 68UF 16V 2917
T598D227M010ATE040,1,17.7,KEMET,CAP TANT POLY 220UF 10V 2917
T520V337M004ATE025,1,17.78,KEMET,CAP TANT POLY 330UF 4V 2917
T520V477M2R5ATE012,1,17.78,KEMET,CAP TANT POLY 470UF 2.5V 2917
T520U476M010ATE055,1,18.03,KEMET,CAP TANT POLY 47UF 10V 2312
T520V227M004ATE007,1,18.11,KEMET,CAP TANT POLY 220UF 4V 2917
T521V226M025ATE060,1,18.44,KEMET,CAP TANT POLY 22UF 25V 2917
T520V337M004ATE012,1,18.85,KEMET,CAP TANT POLY 330UF 4V 2917
T598D227M2R5ATE009,1,18.85,KEMET,CAP TANT POLY 220UF 2.5V 2917
T520U686M006ATE055,1,19.02,KEMET,CAP TANT POLY 68UF 6.3V 2312
T520D227M006ATE006,1,19.02,KEMET,CAP TANT POLY 220UF 6.3V 2917
T591D107M016ATE050,1,19.02,KEMET,CAP TANT POLY 100UF 16V 2917
T598D336M025ATE060,1,19.27,KEMET,CAP TANT POLY 33UF 25V 2917
T521D106M050ATE120,1,19.43,KEMET,CAP TANT POLY 10UF 50V 2917
T598D227M006ATE025,1,19.6,KEMET,CAP TANT POLY 220UF 6.3V 2917
T520V337M003ATE015,1,20.51,KEMET,CAP TANT POLY 330UF 3V 2917
T521D685M050ATE090,1,20.51,KEMET,CAP TANT POLY 6.8UF 50V 2917
T520D687M2R5ATE010,1,20.59,KEMET,CAP TANT POLY 680UF 2.5V 2917
T520D156M025ATE080,1,20.67,KEMET,CAP TANT POLY 15UF 25V 2917
T520Y477M006ATE035,1,20.67,KEMET,CAP TANT POLY 470UF 6.3V 2917
T520D686M016ATE050,1,20.76,KEMET,CAP TANT POLY 68UF 16V 2917
T520U107M006ATE055,1,20.76,KEMET,CAP TANT POLY 100UF 6.3V 2312
T520W337M2R5ATE025,1,21,KEMET,CAP TANT POLY 330UF 2.5V 2917
T591X687M006ATE025,1,21,KEMET,CAP TANT POLY 680UF 6.3V 2917
T598V337M004ATE025,1,21.25,KEMET,CAP TANT POLY 330UF 4V 2917
T598D106M035ATE120,1,21.34,KEMET,CAP TANT POLY 10UF 35V 2917
T520D156M025AHE060,1,21.58,KEMET,CAP TANT POLY 15UF 25V 2917
T520D337M004ATE006,1,21.58,KEMET,CAP TANT POLY 330UF 4V 2917
T545V107M016ATE050,1,21.91,KEMET,CAP TANT POLY 100UF 16V 2917
T520W337M2R5ATE015,1,22.08,KEMET,CAP TANT POLY 330UF 2.5V 2917
T523W107M016APE100,1,22.49,KEMET,CAP TANT POLY 100UF 16V 2917
T591D476M025ATE060,1,22.91,KEMET,CAP TANT SMD AUTO
T521D476M016ATE040,1,23.4,KEMET,CAP TANT POLY 47UF 16V 2917
T521C475M063ATE200,1,23.4,KEMET,CAP TANT POLY 4.7UF 63V 2312
T523W107M016APE070,1,23.65,KEMET,CAP TANT POLY 100UF 16V 2917
T520L337M2R5ATE025,1,23.98,KEMET,CAP TANT POLY 330UF 2.5V 2312
T520V107M006ATE045,1,24.39,KEMET,CAP TANT POLY 100UF 6.3V 2917
T520V107M006ATE015,1,25.39,KEMET,CAP TANT POLY 100UF 6.3V 2917
T520V107M006ATE012,1,25.39,KEMET,CAP TANT POLY 100UF 6.3V 2917
T520D687M003ATE015,1,25.47,KEMET,CAP TANT POLY 680UF 3V 2917
T598X336M035ATE065,1,26.13,KEMET,CAP TANT POLY 33UF 35V 2917
T525D157M010ATE055,1,26.38,KEMET,CAP TANT POLY 150UF 10V 2917
T520W107M010ATE040,1,27.37,KEMET,CAP TANT POLY 100UF 10V 2917
T521V157M016ATE050,1,28.12,KEMET,CAP TANT POLY 150UF 16V 2917
T599X336M035ATE065,1,28.53,KEMET,CAP TANT POLY 33UF 35V 2917
T520Y108M2R5ATE010,1,28.86,KEMET,CAP TANT POLY 1000UF 2.5V 2917
T525D107M010AHE025,1,29.44,KEMET,CAP TANT POLY 100UF 10V 2917
T520W476M016ATE045,1,29.52,KEMET,CAP TANT POLY 47UF 16V 2917
T525Y477M006ATE035,1,29.6,KEMET,CAP TANT POLY 470UF 6.3V 2917
T521V685M050ATE070,1,30.35,KEMET,CAP TANT POLY 6.8UF 50V 2917
T520Y687M004ATE015,1,32.75,KEMET,CAP TANT POLY 680UF 4V 2917
T520Y337M010ATE025,1,33.16,KEMET,CAP TANT POLY 330UF 10V 2917
T523J477M010APE070,1,36.39,KEMET,CAP TANT POLY 470UF 10V 2924
T528Z337M2R5ATE008,1,36.22,KEMET,CAP TANT POLY 330UF 2.5V 2917
T521X186M050ATE035,1,36.22,KEMET,CAP TANT POLY 18UF 50V 2917
T591X476M035ATE075,1,36.39,KEMET,CAP TANT POLY 47UF 35V 2917
T598D157M016AHE065,1,36.47,KEMET,CAP TANT POLY 150UF 16V 2917
T528Z227M004ATE009,1,36.47,KEMET,CAP TANT POLY 220UF 4V 2917
T520Y337M010AHE015,1,37.63,KEMET,CAP TANT POLY 330UF 10V 2917
T528Z337M2R5ATE005,1,38.12,KEMET,CAP TANT POLY 330UF 2.5V 2917
T598X106M063ATE090,1,41.02,KEMET,CAP TANT POLY 10UF 63V 2917
T521D227M016ATE035,1,42.09,KEMET,CAP TANT POLY 220UF 16V 2917
T521D106M050AHE090,1,46.31,KEMET,CAP TANT POLY 10UF 50V 2917
T530D337M006AHE010,1,49.37,KEMET,CAP TANT POLY 330UF 6.3V 2917
T530Y227M010ATE006,1,49.37,KEMET,CAP TANT POLY 220UF 10V 2917
T530D337M006AHE006,1,51.11,KEMET,CAP TANT POLY 330UF 6.3V 2917
T530Y687M2R5ATE005,1,51.11,KEMET,CAP TANT POLY 680UF 2.5V 2917
T530X108M003ATE010,1,52.01,KEMET,CAP TANT POLY 1000UF 3V 2917
T530D477M004AHE006,1,52.1,KEMET,CAP TANT POLY 470UF 4V 2917
T598D476M025AHS060,1,53.01,KEMET,CAP TANT POLY 47UF 25V 2917
T598D336M035AHS065,1,53.34,KEMET,CAP TANT POLY 33UF 35V 2917
T530X687M004AHE010,1,56.15,KEMET,CAP TANT POLY 680UF 4V 2917
T530Y337M006ATE006,1,57.14,KEMET,CAP TANT POLY 330UF 6.3V 2917
T530X687M006AHE010,1,57.89,KEMET,CAP TANT POLY 680UF 6.3V 2917
T520X477M006AHE018,1,59.79,KEMET,CAP TANT POLY 470UF 6.3V 2917
T530X108M2R5ATE006,1,62.35,KEMET,CAP TANT POLY 1000UF 2.5V 2917
T530X157M016AHE025,1,62.68,KEMET,CAP TANT POLY 150UF 16V 2917
T521X107M025AHE060,1,62.77,KEMET,100.UF 25.0V
T543C107K010ATE025,1,69.73,KEMET,CAP TANT POLY 100UF 10V 2312
T530X157M016AHE015,1,64.34,KEMET,CAP TANT POLY 150UF 16V 2917
T520X477M006ATE018,1,64.42,KEMET,CAP TANT POLY 470UF 6.3V 2917
T530X108M2R5ATE004,1,65.74,KEMET,CAP TANT POLY 1000UF 2.5V 2917
T543B107K006AHW025,1,73.77,KEMET,CAP TANT POLY 100UF 6.3V 1411
T543X686K025AHE035,1,75.39,KEMET,68.0UF 25.0V
T543B476K010AHW035D100,1,80.24,KEMET,CAP TANT POLY 47UF 10V 1411
T543D107K010AHW025,1,85.9,KEMET,CAP TANT POLY 100UF 10V 2917
T543D337K006AHW0407505,1,108.09,KEMET,CAP TANT POLY 330UF 6.3V 2917
T543X106M063ATE0507505,1,113.04,KEMET,CAP TANT POLY 10UF 63V 2917
T543X156M063AHE035,1,119.15,KEMET,CAP TANT POLY 15UF 63V 2917
T543D157K010AHW005D100,1,125.8,KEMET,CAP TANT POLY 150UF 10V 2917
T543X476K035ATW060,1,145.92,KEMET,CAP TANT POLY 47UF 35V 2917
T543X337M016AHW0257505,1,157.42,KEMET,CAP TANT POLY 330UF 16V 2917
T541D157M010AH6720,1,187.71,KEMET,150.UF 10.0V
T541X477M006AH6530,1,188.6,KEMET,CAP TANT POLY 470UF 6.3V 2917
T540D106M050AH6710,1,193.01,KEMET,CAP TANT POLY 10UF 50V 2917
T541X687M006AH6710,1,197.95,KEMET,CAP TANT POLY 680UF 6.3V 2917
T550B476M050AH,1,419.43,KEMET,CAP TANT POLY 47UF 50V AXIAL
T520A686M2R5ATE070,1,7.53,KEMET,CAP TANT POLY 68UF 2.5V 1206
T520B227M2R5ATE070,1,7.53,KEMET,CAP TANT POLY 220UF 2.5V 1411
T520A336M006ATE080,1,8.02,KEMET,CAP TANT POLY 33UF 6.3V 1206
T520B336M006ATE070,1,8.43,KEMET,CAP TANT POLY 33UF 6.3V 1411
T527I476M006ATE200,1,8.52,KEMET,CAP TANT POLY 47UF 6.3V 1206
T520B476M006AHE070,1,9.1,KEMET,CAP TANT POLY 47UF 6.3V 1411
T520B107M2R5ATE070,1,9.1,KEMET,CAP TANT POLY 100UF 2.5V 1411
T520T226M006ATE100,1,9.34,KEMET,CAP TANT POLY 22UF 6.3V 1411
T591B107M004ATE070,1,9.34,KEMET,CAP TANT POLY 100UF 4V 1411
T521B335M035ATE200,1,9.34,KEMET,CAP TANT POLY 3.3UF 35V 1411
T521B335M035ATE150,1,9.51,KEMET,CAP TANT POLY 3.3UF 35V 1411
T598B107M004ATE070,1,9.59,KEMET,CAP TANT POLY 100UF 4V 1411
T599B107M2R5ATE055,1,9.59,KEMET,CAP TANT POLY 100UF 2.5V 1411
T598B335M035ATE150,1,9.59,KEMET,CAP TANT POLY 3.3UF 35V 1411
T525B336M006ATE080,1,9.59,KEMET,CAP TANT POLY 33UF 6.3V 1411
T597S476M006APE200,1,9.68,KEMET,CAP TANT POLY 47UF 6.3V 1206
T520B107M004ATE070,1,9.76,KEMET,CAP TANT POLY 100UF 4V 1411
T598B107M006ATE070,1,9.84,KEMET,CAP TANT POLY 100UF 6.3V 1411
T520T476M004ATE070,1,9.84,KEMET,CAP TANT POLY 47UF 4V 1411
T591B157M006ATE070,1,9.84,KEMET,CAP TANT POLY 150UF 6.3V 1411
T521B685M035ATE200,1,9.92,KEMET,CAP TANT POLY 6.8UF 35V 1411
T520B107M2R5ATE040,1,10.17,KEMET,CAP TANT POLY 100UF 2.5V 1411
T591B225M050ATE200,1,10.17,KEMET,CAP TANT POLY 2.2UF 50V 1411
T520B476M010AHE070,1,10.25,KEMET,CAP TANT POLY 47UF 10V 1411
T598B336M006ATE070,1,10.42,KEMET,CAP TANT POLY 33UF 6.3V 1411
T520T156M006ATE100,1,10.75,KEMET,CAP TANT POLY 15UF 6.3V 1411
T520B107M006AHE040,1,10.75,KEMET,CAP TANT POLY 100UF 6.3V 1411
TF08A476M006APE150,1,10.92,KEMET,CAP TANT POLY 47UF 6.3V 1206
T520T107M004ATE150,1,10.92,KEMET,CAP TANT POLY 100UF 4V 1411
T591D107M010ATE080,1,10.92,KEMET,CAP TANT POLY 100UF 10V 2917
T525B476M006ATE080,1,11.08,KEMET,CAP TANT POLY 47UF 6.3V 1411
T525B686M006ATE080,1,11.08,KEMET,CAP TANT POLY 68UF 6.3V 1411
T520A227M2R5ATE035,1,11.08,KEMET,CAP TANT POLY 220UF 2.5V 1206
T598B336M010ATE080,1,11.08,KEMET,CAP TANT POLY 33UF 10V 1411
T598B476M006ATE070,1,11.08,KEMET,CAP TANT POLY 47UF 6.3V 1411
T521B684M063ATE200,1,11.33,KEMET,CAP TANT POLY 0.68UF 63V 1411
T520B476M010AHE035,1,11.33,KEMET,CAP TANT POLY 47UF 10V 1411
T520T336M006ATE070,1,11.33,KEMET,CAP TANT POLY 33UF 6.3V 1411
T520T107M2R5ATE040,1,11.41,KEMET,CAP TANT POLY 100UF 2.5V 1411
T520B157M004ATE040,1,11.41,KEMET,CAP TANT POLY 150UF 4V 1411
T521B155M050ATE200,1,11.58,KEMET,CAP TANT POLY 1.5UF 50V 1411
T598B107M2R5ATE070,1,11.66,KEMET,CAP TANT POLY 100UF 2.5V 1411
T520T686M006ATE070,1,11.66,KEMET,CAP TANT POLY 68UF 6.3V 1411
T520B107M004ATE025,1,11.83,KEMET,CAP TANT POLY 100UF 4V 1411
T520T107M004ATE070,1,11.99,KEMET,CAP TANT POLY 100UF 4V 1411
T598D107M010ATE080,1,12.16,KEMET,CAP TANT POLY 100UF 10V 2917
T520V157M006ATE018,1,12.24,KEMET,CAP TANT POLY 150UF 6.3V 2917
T520C227M2R5ATE025,1,12.32,KEMET,CAP TANT POLY 220UF 2.5V 2312
T520B157M004ATE030,1,12.4,KEMET,CAP TANT POLY 150UF 4V 1411
T520T336M010ATE070,1,12.65,KEMET,CAP TANT POLY 33UF 10V 1411
T520C227M004ATE018,1,12.98,KEMET,CAP TANT POLY 220UF 4V 2312
T523T157M006APE030,1,13.23,KEMET,CAP TANT POLY 150UF 6.3V 1411
T520V107M010ATE055,1,13.4,KEMET,CAP TANT POLY 100UF 10V 2917
T520V227M004ATE045,1,13.4,KEMET,CAP TANT POLY 220UF 4V 2917
T520V686M010ATE060,1,13.4,KEMET,CAP TANT POLY 68UF 10V 2917
T520V157M006ATE015,1,13.48,KEMET,CAP TANT POLY 150UF 6.3V 2917
T525T336M010ATE080,1,13.81,KEMET,CAP TANT POLY 33UF 10V 1411
T521B156M016ATE090,1,13.81,KEMET,CAP TANT POLY 15UF 16V 1411
T521B156M020ATE090,1,13.81,KEMET,CAP TANT POLY 15UF 20V 1411
T520D686M010ATE100,1,13.81,KEMET,CAP TANT POLY 68UF 10V 2917
T520C227M004ATE015,1,14.22,KEMET,CAP TANT POLY 220UF 4V 2312
T591D157M010ATE045,1,14.39,KEMET,CAP TANT POLY 150UF 10V 2917
T520V337M2R5ATE015,1,14.97,KEMET,CAP TANT POLY 330UF 2.5V 2917
T521V476M016ATE070,1,15.22,KEMET,CAP TANT POLY 47UF 16V 2917
T520B157M004ATE015,1,15.3,KEMET,CAP TANT POLY 150UF 4V 1411
T591D227M010ATE040,1,15.46,KEMET,CAP TANT POLY 220UF 10V 2917
T520V686M010ATE025,1,15.79,KEMET,CAP TANT POLY 68UF 10V 2917
T520D107M010AHE055,1,16.04,KEMET,CAP TANT POLY 100UF 10V 2917
T520D157M010AHE040,1,16.04,KEMET,CAP TANT POLY 150UF 10V 2917
T520V227M004ATE009,1,16.95,KEMET,CAP TANT POLY 220UF 4V 2917
T520D157M010AHE025,1,17.2,KEMET,CAP TANT POLY 150UF 10V 2917
T591D337M2R5ATE015,1,17.61,KEMET,CAP TANT POLY 330UF 2.5V 2917
T520V337M004ATE018,1,17.78,KEMET,CAP TANT POLY 330UF 4V 2917
T591D106M035ATE120,1,17.86,KEMET,CAP TANT POLY 10UF 35V 2917
T521V226M020ATE090,1,18.03,KEMET,CAP TANT POLY 22UF 20V 2917
T520D337M004ATE015,1,18.28,KEMET,CAP TANT POLY 330UF 4V 2917
T521V686M020ATE050,1,18.69,KEMET,CAP TANT POLY 68UF 20V 2917
T591D336M025ATE060,1,18.69,KEMET,CAP TANT POLY 33UF 25V 2917
T521V336M025ATE040,1,18.94,KEMET,CAP TANT POLY 33UF 25V 2917
T591D476M016ATE070,1,19.27,KEMET,CAP TANT POLY 47UF 16V 2917
T598D337M2R5ATE009,1,19.35,KEMET,CAP TANT POLY 330UF 2.5V 2917
T520V337M003ATE025,1,19.43,KEMET,CAP TANT POLY 330UF 3V 2917
T521V226M025ATE045,1,19.52,KEMET,CAP TANT POLY 22UF 25V 2917
T520M157M006ATE200,1,19.68,KEMET,CAP TANT POLY 150UF 6.3V 1411
T520U336M010ATE070,1,19.68,KEMET,CAP TANT POLY 33UF 10V 2312
T520W337M2R5ATE040,1,19.85,KEMET,CAP TANT POLY 330UF 2.5V 2917
T591D686M020ATE040,1,19.93,KEMET,CAP TANT POLY 68UF 20V 2917
T520U686M010ATE055,1,20.18,KEMET,CAP TANT POLY 68UF 10V 2312
T520D227M010AHE018,1,20.34,KEMET,CAP TANT POLY 220UF 10V 2917
T520V336M016ATE045,1,20.51,KEMET,CAP TANT POLY 33UF 16V 2917
T520M157M006ATE070,1,20.59,KEMET,CAP TANT POLY 150UF 6.3V 1411
T591V227M004ATE018,1,20.59,KEMET,CAP TANT POLY 220UF 4V 2917
T521T106M025ATE100,1,20.76,KEMET,CAP TANT POLY 10UF 25V 1411
T521W476M016ATE045,1,20.76,KEMET,CAP TANT POLY 47UF 16V 2917
T598V227M006ATE025,1,21.25,KEMET,CAP TANT POLY 220UF 6.3V 2917
T520M157M006ATE035,1,21.67,KEMET,CAP TANT POLY 150UF 6.3V 1411
T598D687M2R5ATE009,1,22,KEMET,CAP TANT SMD POLYM 680UF 2.5V
T520U157M006ATE045,1,22.33,KEMET,CAP TANT POLY 150UF 6.3V 2312
T520W157M006ATE040,1,23.4,KEMET,CAP TANT POLY 150UF 6.3V 2917
T520V227M2R5ATE009,1,23.4,KEMET,CAP TANT POLY 220UF 2.5V 2917
T598D475M063ATE200,1,23.4,KEMET,CAP TANT POLY 4.7UF 63V 2917
T520W686M010ATE040,1,23.4,KEMET,CAP TANT POLY 68UF 10V 2917
T523W157M016APE100,1,24.31,KEMET,CAP TANT POLY 150UF 16V 2917
T520D687M003ATE040,1,24.48,KEMET,CAP TANT POLY 680UF 3V 2917
T520V227M2R5ATE007,1,24.48,KEMET,CAP TANT POLY 220UF 2.5V 2917
T520L337M2R5ATE012,1,24.81,KEMET,CAP TANT POLY 330UF 2.5V 2312
T520Y337M006ATE025,1,25.47,KEMET,CAP TANT POLY 330UF 6.3V 2917
T545V227M010ATE045,1,25.47,KEMET,CAP TANT POLY 220UF 10V 2917
T520V337M2R5AHE025,1,26.3,KEMET,CAP TANT POLY 330UF 2.5V 2917
T525D687M2R5ATE025,1,26.38,KEMET,CAP TANT POLY 680UF 2.5V 2917
T523V476M035APE100,1,26.54,KEMET,CAP TANT SMD POLYMER
T520V157M008ATE040,1,27.12,KEMET,CAP TANT POLY 150UF 8V 2917
T520V107M010AHE018,1,27.21,KEMET,CAP TANT POLY 100UF 10V 2917
T520V226M020AHE040,1,27.37,KEMET,CAP TANT POLY 22UF 20V 2917
T520W476M016AHE045,1,27.45,KEMET,CAP TANT POLY 47UF 16V 2917
T525D477M004ATE025,1,27.45,KEMET,CAP TANT POLY 470UF 4V 2917
T525D227M006ATE025,1,27.45,KEMET,CAP TANT POLY 220UF 6.3V 2917
T520Y227M010ATE040,1,27.54,KEMET,CAP TANT POLY 220UF 10V 2917
T520V226M020ATE045,1,29.36,KEMET,CAP TANT POLY 22UF 20V 2917
T525D476M016AHE035,1,29.44,KEMET,CAP TANT POLY 47UF 16V 2917
T525D337M006AHE025,1,29.44,KEMET,CAP TANT POLY 330UF 6.3V 2917
T523J687M006APE070,1,32.17,KEMET,CAP TANT POLY 680UF 6.3V 2924
T525Y337M010ATE035,1,29.6,KEMET,CAP TANT POLY 330UF 10V 2917
T522Y477M006ATE035,1,30.6,KEMET,CAP TANT POLY 470UF 6.3V 2917
T525D107M010ATE055,1,30.68,KEMET,CAP TANT POLY 100UF 10V 2917
T520Y687M004ATE010,1,33.74,KEMET,CAP TANT POLY 680UF 4V 2917
T520Y157M010ATE015,1,33.9,KEMET,CAP TANT POLY 150UF 10V 2917
T520Y337M010AHE035,1,35.72,KEMET,CAP TANT POLY 330UF 10V 2917
T528Z477M2R5ATE008,1,37.38,KEMET,CAP TANT POLY 470UF 2.5V 2917
T528Z337M004ATE009,1,38.78,KEMET,CAP TANT POLY 330UF 4V 2917
T598D476M025AHE060,1,39.03,KEMET,CAP TANT POLY 47UF 25V 2917
T598B476M010AHS070,1,39.2,KEMET,CAP TANT POLY 47UF 10V 1411
T528Z477M2R5ATE006,1,39.28,KEMET,CAP TANT POLY 470UF 2.5V 2917
T523J227M016APE070,1,45.74,KEMET,CAP TANT POLY 220UF 16V 2924
T520X108M2R5ATE010,1,44.82,KEMET,CAP TANT POLY 1000UF 2.5V 2917
T530D687M2R5ATE007,1,46.64,KEMET,CAP TANT POLY 680UF 2.5V 2917
T530X687M2R5ATE006,1,52.01,KEMET,CAP TANT POLY 680UF 2.5V 2917
T530D477M2R5ATE010,1,53.26,KEMET,CAP TANT POLY 470UF 2.5V 2917
T530D337M004ATE005,1,56.73,KEMET,CAP TANT POLY 330UF 4V 2917
T530Y108M2R5ATE006,1,57.14,KEMET,CAP TANT POLY 1000UF 2.5V 2917
T520X687M006ATE025,1,57.31,KEMET,CAP TANT POLY 680UF 6.3V 2917
T520X477M006AHE040,1,58.05,KEMET,CAP TANT POLY 470UF 6.3V 2917
T543B476M006ATW025,1,66.31,KEMET,CAP TANT POLY 47UF 6.3V 1411
T530X108M2R5ATE005,1,64.09,KEMET,CAP TANT POLY 1000UF 2.5V 2917
T520X477M006ATE010,1,65.25,KEMET,CAP TANT POLY 470UF 6.3V 2917
T543D107M010ATW025,1,77.9,KEMET,CAP TANT POLY 100UF 10V 2917
T543B107M010AHW150,1,78.53,KEMET,CAP TANT POLY 100UF 10V 1411
T543D107K010AHW0257505,1,87.7,KEMET,CAP TANT POLY 100UF 10V 2917
T543D475M063AHE075,1,88.24,KEMET,CAP TANT POLY 4.7UF 63V 2917
T543D106K050AHW1007505,1,97.94,KEMET,CAP TANT POLY 10UF 50V 2917
T543X476K035AHW0607505,1,145.92,KEMET,CAP TANT POLY 47UF 35V 2917
T543X158M003AHW0087505,1,149.88,KEMET,CAP TANT POLY 1500UF 3V 2917
T520A476M004ATE080,1,6.86,KEMET,CAP TANT POLY 47UF 4V 1206
T521A106M025ATE150,1,8.27,KEMET,CAP TANT POLY 10UF 25V 3216
T599B336M010ATE150,1,9.01,KEMET,CAP TANT POLY 33UF 10V 1411
T591D687M2R5ATE009,500,9.38054,KEMET,CAP TANT SMD POLYM 680UF 2.5V
T520B337M2R5NTE009,1,9.43,KEMET,CAP TANT POLY 330UF 2.5V SMD
T521B156M035ATE100,1,9.43,KEMET,CAP TANT POLY 15UF 35V 3528
T520A226M010AHE080,1,11.05,KEMET,CAP TANT SMD POLYMER
T598B157M006ATE070,1,10.17,KEMET,CAP TANT POLY 150UF 6.3V 1411
T520B336M010AHE040,1,10.17,KEMET,CAP TANT POLY 33UF 10V 1411
T598B157M004ATE045,1,10.42,KEMET,CAP TANT POLY 150UF 4V 1411
T598B155K050ATE200,1,10.42,KEMET,CAP TANT POLY 1.5UF 50V 1411
T521A106M016ATE200,1,10.75,KEMET,CAP TAN POLY 10UF 16V
T523W686M020APE100,1000,10.81115,KEMET,CAP TANT SMD POLYMER
T521T106M035APE100,1,10.83,KEMET,CAP TANT POLY 10UF 35V 3528
T591X477M006ATE025,500,10.9863,KEMET,CAP TANT SMD AUTO
T520T227M004ATE030,1,11.16,KEMET,CAP TANT SMD POLYMER
T520T106M12RATE150,1,11.41,KEMET,CAP TANT POLY 10UF 12.5V 1411
T525T336M008ATE080,1,11.66,KEMET,CAP TANT POLY 33UF 8V 1411
T525T476M006AHE080,1,11.74,KEMET,CAP TANT SMD POLYMER
T520T227M004ATE025,1,11.99,KEMET,CAP TANT SMD POLYMER
T598X477M006ATE025,500,12.16568,KEMET,CAP TANT SMD AUTO
T591X477M010ATE025,500,12.16568,KEMET,CAP TANT SMD AUTO
T525D477M004ATE040,500,12.6941,KEMET,CAP TANT POLY 470UF 4V 2917
T520T227M2R5ATE030,1,12.98,KEMET,CAP TAN POLY 220UF 2.5V
T520D337M006ATE0257280,1,13.48,KEMET,CAP TANT POLY 330UF 6.3V 2917
T521V107M016ATE090,1,15.22,KEMET,100.UF 16.0V
T521V476M025ATE040,1,15.63,KEMET,CAP ALUM POLY 47UF 20% 25V SMD
T591D337M2R5ATE012,1,16.95,KEMET,CAP TANT POLY 330UF 2.5V 2917
T520D107M010AHE018,1,17.2,KEMET,CAP TANT SMD POLYMER
T521V226M035ATE065,1,17.7,KEMET,CAP TANT POLY 22UF 35V SMD
T599D477M004ATE025,1,18.11,KEMET,CAP TANT POLY AUTO 470UF 4V
T598D337M2R5ATE012,1,18.69,KEMET,CAP TANT POLY 330UF 2.5V 2917
T520U227M2R5ATE055,1,19.02,KEMET,CAP TANT SMD POLYMER
T521V476M035ATE100,1,19.02,KEMET,CAP TANT POLY 47UF 35V 7343
T591D226M035ATE065,1,19.27,KEMET,CAP TANT SMD AUTO
T591D687M2R5ATE006,1,19.35,KEMET,CAP TANT POLY 680UF 2.5V 7343
T520V336M016ATE070,1,19.43,KEMET,CAP TANT POLY 33UF 16V 2917
T598D227M006ATE040,1,19.6,KEMET,CAP TANT POLY 220UF 6.3V 2917
T523W566M035APE070,1,19.68,KEMET,CAP TANT POLY HI-ENERGY 56UF 35V
T521V107M016ATK050,1,19.76,KEMET,CAP TANT POLY HV 100UF 16V
T591V227M006ATE045,1,19.93,KEMET,CAP TANT POLY 220UF 6.3V 2917
T598D227M2R5ATE006,1,19.93,KEMET,CAP TANT SMD AUTO
T520D686M016AHE050,1,20.51,KEMET,CAP TANT POLY 68UF 16V 2917
T591V227M006ATE025,1,20.59,KEMET,CAP TANT POLY 220UF 6.3V 2917
T598D337M2R5ATE006,1,20.59,KEMET,CAP TANT SMD AUTO
T598V227M2R5ATE009,1,21,KEMET,CAP TANT POLY AUTO 220UF 2.5V
T598D687M2R5ATE006,1,21.34,KEMET,680.UF  2.5V
T521D685M050ATE070,1,21.58,KEMET,CAP TANT SMD POLYMER
T521V107M016ATI050,1,22,KEMET,CAP TANT POLY HV 100UF 16V
T520V227M2R5ATE012,1,22.33,KEMET,CAP TANT POLY 220UF 2.5V 2917
T520W686M010ATE025,1,24.48,KEMET,CAP TANT POLY 68UF 10V 2917
T520Y337M006ATE040,1,25.47,KEMET,CAP TANT POLY 330UF 6.3V 2917
T591V337M2R5ATE012,1,25.72,KEMET,CAP TANT POLY 330UF 2.5V 2917
T520Y227M010ATE0407280,1,27.54,KEMET,CAP TANT POLY 220UF 10V 2917
T591D475M075ATE200,1,29.36,KEMET,CAP TANT SMD AUTO
T525D157M010AHE025,1,29.44,KEMET,CAP TANT SMD POLYMER
T598B157M006AHE045,1,30.93,KEMET,CAP TANT POLY 150UF 6.3V 1411
T598D337M006AHE025,1,33.66,KEMET,CAP TANT POLY 330UF 6.3V 2917
T521X107M025ATE0607280,1,36.63,KEMET,CAP TANT POLY 100UF 25V 2917
T521D157M020AHE065,1,37.38,KEMET,CAP TANT POLY 150UF 20V 2917
T521V107M016AHE050,1,39.03,KEMET,CAP TANT POLY 100UF 16V 2917
T521D157M020AHE050,1,39.28,KEMET,CAP TANT POLY 150UF 20V 2917
T598B157M006AHS045,1,39.94,KEMET,CAP TANT POLY 150UF 6.3V 1411
T598B107M006AHS045,1,39.94,KEMET,CAP TANT POLY 100UF 6.3V 1411
T520V687M006ATE025,1,41.02,KEMET,CAP TANT SMD POLYMER
T521X337M016ATK025,1,51.6,KEMET,CAP TANT SMD POLYMER
T520X687M004ATE010,1,51.6,KEMET,CAP TANT POLY 680UF 4V 2917
T598B107M004ATW070,1,52.18,KEMET,CAP TAN POLY 100UF 4V AUTO
T598B476M010ATW070,1,53.5,KEMET,CAP TAN POLY 47UF 10V AUTO
T598D337M006ATW025,1,54,KEMET,CAP TAN POLY 330UF 6.3V AUTO
T598D477M2R5ATW009,1,59.71,KEMET,CAP TAN POLY 470UF 2.5V AUTO
T598D476M025ATW060,1,60.2,KEMET,CAP TAN POLY 47UF 25V AUTO
T598D106M050ATW090,1,60.28,KEMET,CAP TAN POLY 10UF 50V AUTO
T598B107M2R5ATE045,1,12.32,KEMET,CAP TANT POLY 100UF 2.5V 1411
T530X108M003AHE010,500,29.95212,KEMET,CAP TANT POLY 1000UF 3V 2917
T528Z477M2R5ATE009,1,40.19,KEMET,CAP TANT POLY 470UF 2.5V 2917
T543B227K006AHW035,1,88.42,KEMET,220.UF 6.0V
13030-04KASLB,1,461.77,KEMET,CAP TANT POLY 100UF 50V AXIAL
T520A106M010ATE080,1,7.19,KEMET,CAP TANT POLY 10UF 10V 1206
T520A226M010ATE080,1,7.28,KEMET,CAP TANT POLY 22UF 10V 1206
T520B337M006ATE040,1,11.66,KEMET,CAP TANT POLY 330UF 6.3V 1411
T520D337M006ATE015,1,14.72,KEMET,CAP TANT POLY 330UF 6.3V 2917
T520V337M004ATE009,1,20.01,KEMET,CAP TANT POLY 330UF 4V 2917
T520Y337M010ATE015,1,35.06,KEMET,CAP TANT POLY 330UF 10V 2917
T521D226M035ATE060,1,38.29,KEMET,CAP TANT POLY 22UF 35V 2917
T598X106M075ATE090,1,41.93,KEMET,CAP TANTALUM POLYMER AUTOMOTIVE
T598D227M010AHS025,1,50.61,KEMET,CAP TANT POLY 220UF 10V 2917
T530D227M010ATE010,1,53.26,KEMET,CAP TANT POLY 220UF 10V 2917
T523H477M016APE070,1,58.5,KEMET,CAP TANT POLY 470UF 16V 2924
T521X476M035AHE030,1,58.96,KEMET,CAP TANT POLY 47UF 35V 2917
T530X158M2R5ATE005,1,67.48,KEMET,CAP TANT POLY 1500UF 2.5V 2917
T543B337K2R5AHW035D100,1,89.85,KEMET,CAP TANT POLY 330UF 2.5V 1411
T543X336K050AHE040,1,122.11,KEMET,CAP TANT POLY 33UF 50V 2917
T541X336M050AH6510,1,175.4,KEMET,33.0UF 50.0V
T520A226M006ATE100,1,7.28,KEMET,CAP TANT POLY 22UF 6.3V 1206
T520A107M006ATE070,1,8.02,KEMET,CAP TANT POLY 100UF 6.3V 1206
T520B686M006ATE070,1,8.43,KEMET,CAP TANT POLY 68UF 6.3V 1411
T527S336M016ATE200,1,10.17,KEMET,CAP TANT POLY 33UF 16V 1206
T598B476M010ATE070,1,11.49,KEMET,CAP TANT POLY 47UF 10V 1411
T598D157M016ATE065,1,17.61,KEMET,CAP TANT POLY 150UF 16V 2917
T599D106M050ATE150,1,24.48,KEMET,CAP TANT POLY 10UF 50V 2917
T523V686M035APE070,1,27.54,KEMET,CAP TANT SMD POLYMER
T530D157M010ATE010,1,53.26,KEMET,CAP TANT POLY 150UF 10V 2917
T530D227M006ATE006,1,54.99,KEMET,CAP TANT POLY 220UF 6.3V 2917
T530D337M004ATE006,1,54.99,KEMET,CAP TANT POLY 330UF 4V 2917
T543O157M025AHE045,1,109.62,KEMET,CAP TANT POLY 150UF 25V 2924
T550B107K060AH,1,437.95,KEMET,CAP TANT POLY 100UF 60V AXIAL
T551B107K060AH,1,461.77,KEMET,CAP TANT POLY 100UF 60V AXIAL
T550B507M035AH,1,605.82,KEMET,CAP TANT POLY 500UF 35V AXIAL
T520C337M2R5ATE025,1,11.74,KEMET,CAP TANT POLY 330UF 2.5V 2312
T598D337M006ATE040,1,13.73,KEMET,CAP TANT POLY 330UF 6.3V 2917
T520V337M004ATE040,1,16.62,KEMET,CAP TANT POLY 330UF 4V 2917
T521V476M016ATE040,1,17.53,KEMET,CAP TANT POLY 47UF 16V 2917
T525D157M010ATE025,1,27.45,KEMET,CAP TANT POLY 150UF 10V 2917
T521B226M020ATE090,1,33.49,KEMET,CAP TANT POLY 22UF 20V 1411
T520X158M2R5ATE015,1,49.37,KEMET,CAP TANT POLY 1500UF 2.5V 2917
T530X477M006AHE010,1,56.15,KEMET,CAP TANT POLY 470UF 6.3V 2917
T530D477M2R5ATE005,1,56.73,KEMET,CAP TANT POLY 470UF 2.5V 2917
T550B107K060AH4251,1,476.98,KEMET,CAP TANT POLY 100UF 60V AXIAL
T599D157M006ATE025,1,15.13,KEMET,CAP TANT POLY 150UF 6.3V 2917
T598D227M2R5ATE012,1,18.11,KEMET,CAP TANT POLY 220UF 2.5V 2917
T591D476M020ATE050,1,20.09,KEMET,CAP TANT POLY 47UF 20V 2917
T520V476M016ATE070,1,25.88,KEMET,CAP TANT POLY 47UF 16V 2917
T522V337M006ATE040,1,29.6,KEMET,CAP TANT POLY 330UF 6.3V 2917
T525D476M016ATE065,1,33.34,KEMET,CAP TANT POLY 47UF 16V 2917
T528Z157M006ATE007,1,37.38,KEMET,CAP TANT POLY 150UF 6.3V 2917
T530Y687M2R5ATE006,1,49.37,KEMET,CAP TANT POLY 680UF 2.5V 2917
T543B227K006AHW035,1,97.22,KEMET,CAP TANT POLY 220UF 6.3V 1411
T543X336M050AHW040D100,1,137.39,KEMET,CAP TANT POLY 33UF 50V 2917
T543X106K063AHW050D100,1,161.11,KEMET,CAP TANT POLY 10UF 63V 2917
T550B397M015AH,1,329.12,KEMET,CAP TANT POLY 390UF 15V AXIAL
T551B476K050AT4251,1,722.58,KEMET,CAP TANT POLY 47UF 50V AXIAL
T520C826M008ATE025,1,12.32,KEMET,CAP TANT POLY 82UF 8V 2312
T520C157M006AHE025,1,14.06,KEMET,CAP TANT SMD POLYMER
T520C107M010AHE025,1,14.55,KEMET,CAP TANT POLY 100UF 10V 2312
T520V157M006ATE007,1,15.88,KEMET,CAP TANT POLY 150UF 6.3V 2917
T521V336M035ATE100,1,16.13,KEMET,CAP TANT POLY 33UF 35V SMD
T591D227M2R5ATE012,1,16.87,KEMET,CAP TANT POLY 220UF 2.5V 2917
T591D227M2R5ATE009,1,18.03,KEMET,CAP TANT POLY 220UF 2.5V 2917
T591D337M2R5ATE009,1,18.11,KEMET,CAP TANT POLY 330UF 2.5V 2917
T599D477M2R5ATE025,1,18.36,KEMET,CAP TANT POLY 470UF 2.5V 2917
T591D227M006ATE025,1,18.94,KEMET,CAP TANT POLY 220UF 6.3V 2917
T598D477M004ATE025,1,19.68,KEMET,CAP TANT SMD AUTO
T543X336K050ATW075,1,138.47,KEMET,CAP TANT SMD POLYMER HI-REL
T581X476M035AH801C,1,264.08,KEMET,CAP TAN HR 47 UF 35V 80 MIL OHMS
T543B336K010AHW025D100,1,87.07,KEMET,CAP TANT POLY 33UF 10V 1411
T543X337M016AHW025D100,1,183.48,KEMET,CAP TANT POLY 330UF 16V 2917
T550B256M050AH,1,,KEMET,CAP TANT POLY 25UF 50V AXIAL
T551B107K060AT,1,726.22,KEMET,CAP TANT POLY 100UF 60V AXIAL
T521B476M016ATE090,2000,4.44694,KEMET,CAP TANT SMD POLYMER
T520B476M010ATE070,1,9.01,KEMET,CAP TANT POLY 47UF 10V 1411
T521B226M025ATE100,1,10.25,KEMET,CAP TANT POLY 22UF 25V 1411
T529P106M010AAE200,1,10.42,KEMET,CAP TANT POLY 10UF 10V 0805
T529P476M006AAE150,1,11.66,KEMET,CAP TANT POLY 47UF 6.3V 0805
T520D107M010ATE055,1,11.99,KEMET,CAP TANT POLY 100UF 10V 2917
T520C157M010ATE055,1,12.32,KEMET,CAP TANT POLY 150UF 10V 2312
T520V337M2R5ATE025,1,13.73,KEMET,CAP TANT POLY 330UF 2.5V 2917
T520D227M006ATE040,1,14.39,KEMET,CAP TANT POLY 220UF 6.3V 2917
T520B477M2R5ATE014,1,15.38,KEMET,CAP TANT POLY 470UF 2.5V 1411
T520D337M006ATE010,1,15.88,KEMET,CAP TANT POLY 330UF 6.3V 2917
T520B337M2R5ATE009,1,16.04,KEMET,CAP TANT POLY 330UF 2.5V 1411
T520D227M010ATE018,1,16.62,KEMET,CAP TANT POLY 220UF 10V 2917
T521V107M016ATE050,1,17.53,KEMET,CAP TANT POLY 100UF 16V 2917
T520D477M004ATE010,1,18.11,KEMET,CAP TANT POLY 470UF 4V 2917
T520V227M010ATE040,1,18.36,KEMET,CAP TANT POLY 220UF 10V 2917
T520V337M2R5ATE006,1,19.52,KEMET,CAP TANT POLY 330UF 2.5V 2917
T598D226M035ATE065,1,19.68,KEMET,CAP TANT POLY 22UF 35V 2917
T545W477M006ATE035,1,20.18,KEMET,CAP TANT POLY 470UF 6.3V 2917
T520V477M006ATE055,1,20.67,KEMET,CAP TANT POLY 470UF 6.3V 2917
T598D106M050ATE090,1,20.67,KEMET,CAP TANT POLY 10UF 50V 2917
T598D336M035ATE065,1,20.84,KEMET,CAP TANT POLY 33UF 35V 2917
T520V477M2R5ATE007,1,21.09,KEMET,CAP TANT POLY 470UF 2.5V 2917
T521D476M020ATE055,1,22.08,KEMET,CAP TANT POLY 47UF 20V 2917
T520D477M006ATE025,1,22.33,KEMET,CAP TANT POLY 470UF 6.3V 2917
T520W477M006ATE035,1,27.12,KEMET,CAP TANT POLY 470UF 6.3V 2917
T521D336M035ATE065,1,29.36,KEMET,CAP TANT POLY 33UF 35V 2917
T528B277M002APE006,1,30.51,KEMET,CAP TANT POLY 270UF 2V 1411
T521X107M025ATE060,1,36.63,KEMET,CAP TANT POLY 100UF 25V 2917
T521D157M020ATE050,1,36.63,KEMET,CAP TANT POLY 150UF 20V 2917
T521X476M035ATE030,1,37.63,KEMET,CAP TANT POLY 47UF 35V 2917
T521X476M035ATE0307280,1,37.63,KEMET,CAP TANT SMD POLYMER
T598X156M063ATE075,1,42.92,KEMET,CAP TANT POLY 15UF 63V 2917
T521X336M050ATE075,1,44.57,KEMET,CAP TANT POLY 33UF 50V 2917
T521X336M050ATE050,1,44.57,KEMET,CAP TANT POLY 33UF 50V 2917
T523H108M010APE070,1,49.69,KEMET,CAP TANT POLY 1000UF 10V 2924
T521D107M025ATE040,1,46.72,KEMET,CAP TANT POLY 100UF 25V 2917
T521D226M050ATE090,1,47.55,KEMET,CAP TANT POLY 22UF 50V 2917
T521X337M016ATE025,1,50.77,KEMET,CAP TANT POLY 330UF 16V 2917
T530D337M006ATE010,1,53.26,KEMET,CAP TANT POLY 330UF 6.3V 2917
T530D157M010ATE006,1,54.99,KEMET,CAP TANT POLY 150UF 10V 2917
T530D227M010ATE006,1,54.99,KEMET,CAP TANT POLY 220UF 10V 2917
T530D477M004ATE006,1,56.07,KEMET,CAP TANT POLY 470UF 4V 2917
T521X156M075ATE035,1,58.38,KEMET,CAP TANT POLY 15UF 75V 2917
T530Y477M006ATE005,1,58.88,KEMET,CAP TANT POLY 470UF 6.3V 2917
T530X477M006ATE010,1,58.96,KEMET,CAP TANT POLY 470UF 6.3V 2917
T530X337M010AHE010,1,60.62,KEMET,CAP TANT POLY 330UF 10V 2917
T530X477M006ATE006,1,60.7,KEMET,CAP TANT POLY 470UF 6.3V 2917
T530X108M004ATE006,1,62.35,KEMET,CAP TANT POLY 1000UF 4V 2917
T530X477M006ATE005,1,62.43,KEMET,CAP TANT POLY 470UF 6.3V 2917
T520X477M006ATE035,1,63.59,KEMET,CAP TANT POLY 470UF 6.3V 2917
T530X477M006ATE004,1,64.09,KEMET,CAP TANT POLY 470UF 6.3V 2917
T530X337M010ATE004,1,65.74,KEMET,CAP TANT POLY 330UF 10V 2917
T530X687M004ATE004,1,65.74,KEMET,CAP TANT POLY 680UF 4V 2917
T530X337M010AHE004,1,65.74,KEMET,CAP TANT POLY 330UF 10V 2917
T530X157M016ATE015,1,69.22,KEMET,CAP TANT POLY 150UF 16V 2917
T543X226M063ATE075,1,,KEMET,CAP TANT POLY 22UF 63V 2917
T543X336K050AHW040,1,,KEMET,CAP TANT POLY 33UF 50V 2917
T543O687M010AHE015,1,146.73,KEMET,CAP TANT POLY 680UF 10V 2924
T541X107M020AH6510,1,165.33,KEMET,CAP TANT POLY 100UF 20V 2917
T543O476M050ATE060,1,231.28,KEMET,CAP TANT SMD POLYMER HI-REL
T555B127K050AH,1,,KEMET,CAP TANT POLY 120UF 50V SMD
T555B826K075AH,1,,KEMET,CAP TANT POLY 82UF 75V SMD
T520A476M006ATE150,1,9.68,KEMET,CAP TANT POLY 47UF 6.3V 1206
T529P476M006AAE200,1,10.42,KEMET,CAP TANT POLY 47UF 6.3V 0805
T521B226M016ATE090,1,10.75,KEMET,CAP TANT POLY 22UF 16V 1411
T529P226M006AAE150,1,11.66,KEMET,CAP TANT POLY 22UF 6.3V 0805
T598D107M010ATE025,1,13.31,KEMET,CAP TANT POLY 100UF 10V 2917
T591D227M010ATE025,1,16.37,KEMET,CAP TANT POLY 220UF 10V 2917
T520D157M010ATE015,1,17.12,KEMET,CAP TANT POLY 150UF 10V 2917
T521V106M035ATE120,1,18.03,KEMET,CAP TANT POLY 10UF 35V 2917
T591D336M035ATE065,1,19.6,KEMET,CAP TANT POLY 33UF 35V 2917
T521D475M063ATE300,1,20.76,KEMET,CAP TANT POLY 4.7UF 63V 2917
T521D157M025ATE040,1,21.09,KEMET,CAP TANT POLY 150UF 25V 7343
T598D477M2R5ATE006,1,21.25,KEMET,CAP TANT POLY 470UF 2.5V 2917
T529P475M025AAE300,1,21.91,KEMET,CAP TANT POLY 4.7UF 25V 0805
T598V157M010ATE025,1,24.23,KEMET,CAP TANT POLY 150UF 10V 2917
T599D106M050ATE120,1,24.48,KEMET,CAP TANT POLY 10UF 50V 2917
T520Y687M006ATE018,1,26.54,KEMET,CAP TANT POLY 680UF 6.3V 2917
T598X477M010ATE025,1,27.54,KEMET,CAP TANT SMD AUTO
T521X186M050ATE070,1,34.32,KEMET,CAP TANT POLY 18UF 50V 2917
T521D227M016ATE025,1,43,KEMET,CAP TANT POLY 220UF 16V 2917
T598X156M075ATE075,1,43.83,KEMET,CAP TANTALUM POLYMER AUTOMOTIVE
T521D107M025ATE050,1,46.72,KEMET,CAP TANT POLY 100UF 25V 2917
T530D227M006ATE005,1,56.73,KEMET,CAP TANT POLY 220UF 6.3V 2917
T530Y687M004ATE005,1,58.88,KEMET,CAP TANT POLY 680UF 4V 2917
T530X687M004ATE005,1,64.09,KEMET,CAP TANT POLY 680UF 4V 2917
T521X156M075AHE035,1,64.58,KEMET,CAP TANT POLY 15UF 75V 2917
T543D227K010AHW010,1,,KEMET,220.UF 10.0V
T543D227K010AHW006,1,,KEMET,CAP TANT POLY 220UF 10V 2917
T543X337M010AHW010,1,,KEMET,CAP TANT POLY 330UF 10V 2917
T555B127K050AT,1,,KEMET,CAP TANT POLY 120UF 50V SMD
T597S226M010APE200,1,9.76,KEMET,CAP TANT POLY AUTO 22F 10V
T597S226M010APE100,1,10.01,KEMET,CAP TANT POLY AUTO 22F 10V
T520T336M010ATE040,1,12.65,KEMET,CAP TANT POLY 33UF 10V 1411
T591D107M010ATE025,1,12.98,KEMET,CAP TANT POLY 100UF 10V 2917
T598D107M010ATE040,1,13.23,KEMET,CAP TANT POLY 100UF 10V 2917
T598D157M010ATE025,1,15.88,KEMET,CAP TANT POLY 150UF 10V 2917
T520A226M010ANE080,1,17.79,KEMET,CAP TANT POLY 22UF 10V 1206
T520V477M2R5ATE018,1,16.62,KEMET,CAP TANT POLY 470UF 2.5V 2917
T591D477M2R5ATE006,1,16.79,KEMET,CAP TANT POLY 470UF 2.5V 2917
T521D565M050ATE090,1,20.51,KEMET,CAP TANT POLY 5.6UF 50V 2917
T520L157M006ATE025,1,20.59,KEMET,CAP TANT POLY 150UF 6.3V 2312
T598X687M006ATE025,1,22.58,KEMET,CAP TANT POLY 680UF 6.3V 2917
T591V227M2R5ATE009,1,24.23,KEMET,CAP TANT POLY 220UF 2.5V 2917
T523H227M016APE070,1,43.85,KEMET,CAP TANT POLY 220UF 16V 2924
T521D227M016ATE050,1,41.1,KEMET,CAP TANT POLY 220UF 16V 2917
T520H108M006ATE055,1,47.55,KEMET,CAP TANT POLY 1000UF 6.3V 2924
T520X687M004ATE015,1,49.86,KEMET,CAP TANT POLY 680UF 4V 2917
T530X477M010ATE020,1,57.89,KEMET,CAP TANT SMD POLYMER
T543X337M016AHE025,1,,KEMET,CAP TANT POLY 330UF 16V 2917
T520A476M2R5ATE090,1,6.62,KEMET,CAP TANT POLY 47UF 2.5V 1206
T520B107M006ATE035,1,9.26,KEMET,CAP TANT POLY 100UF 6.3V 1411
T591B686M006ATE070,1,9.43,KEMET,CAP TANT POLY 68UF 6.3V 1411
T520B336M008ATE040,1,9.59,KEMET,CAP TANT POLY 33UF 8V 1411
T597S336M006APE200,1,9.59,KEMET,CAP TANT POLY 33UF 6.3V 1206
T599B476M006ATE070,1,9.59,KEMET,CAP TANT POLY 47UF 6.3V 1411
T599B336M010ATE070,1,9.59,KEMET,CAP TANT POLY 33UF 10V 1411
T527I336M010ATE200,1,9.84,KEMET,CAP TANT POLY 33UF 10V 1206
T520B336M006AHE040,1,10.17,KEMET,CAP TANT POLY 33UF 6.3V 1411
T520T227M2R5ATE070,1,10.92,KEMET,CAP TANT POLY 220UF 2.5V 1411
T591D337M006ATE080,1,12.16,KEMET,CAP TANT POLY 330UF 6.3V 2917
T598D157M006ATE025,1,14.39,KEMET,CAP TANT POLY 150UF 6.3V 2917
T520V686M010ATE040,1,14.64,KEMET,CAP TANT POLY 68UF 10V 2917
T521T476M12RATE090,1,16.79,KEMET,CAP TANT POLY 47UF 12.5V 1411
T591D337M2R5ATE018,1,16.95,KEMET,CAP TANT POLY 330UF 2.5V 2917
T521V156M025ATE090,1,18.03,KEMET,CAP TANT POLY 15UF 25V 2917
T520D337M004ATE012,1,18.28,KEMET,CAP TANT POLY 330UF 4V 2917
T520D477M2R5ATE009,1,18.69,KEMET,CAP TANT POLY 470UF 2.5V 2917
T521Q336M016ATE040,1,19.93,KEMET,CAP TANT POLY 33UF 16V 2917
T520D337M2R5ATE007,1,20.51,KEMET,CAP TANT POLY 330UF 2.5V 2917
T521W476M020ATE040,1,22.08,KEMET,CAP TANT POLY 47UF 20V 2917
T520T157M006ATE035,1,22.33,KEMET,CAP TANT POLY 150UF 6.3V 1411
T520W107M006ATE040,1,22.33,KEMET,CAP TANT POLY 100UF 6.3V 2917
T598V157M010ATE045,1,23.15,KEMET,CAP TANT POLY 150UF 10V 2917
T520W477M006ATE055,1,26.13,KEMET,CAP TANT POLY 470UF 6.3V 2917
T525D337M2R5ATE025,1,26.38,KEMET,CAP TANT POLY 330UF 2.5V 2917
T528Z227M004ATE012,1,35.48,KEMET,CAP TANT POLY 220UF 4V 2917
T528Z337M004ATE012,1,37.79,KEMET,CAP TANT POLY 330UF 4V 2917
T528Z337M2R5ATE006,1,38.12,KEMET,CAP TANT POLY 330UF 2.5V 2917
T530D687M2R5ATE010,1,46.64,KEMET,CAP TANT POLY 680UF 2.5V 2917
T520X687M004ATE035,1,48.96,KEMET,CAP TANT POLY 680UF 4V 2917
T530D477M2R5ATE006,1,54.99,KEMET,CAP TANT POLY 470UF 2.5V 2917
T543B476M010ATW070,1,,KEMET,CAP TANT POLY 47UF 10V 1411
T530X158M003AHE008,1,60.95,KEMET,CAP TANT POLY 1500UF 3V 2917
T543D476K016AHW065D100,1,87.07,KEMET,CAP TANT POLY 47UF 16V 2917
T543X476M035AHW030,1,,KEMET,CAP TANT POLY 47UF 35V 2917
T527K156M025ATE150,1,10.25,KEMET,CAP TA POLY 3528 15F 25V 150M
T591B157M006ATE045,1,10.42,KEMET,CAP TANT POLY 150UF 6.3V 1411
T520T227M004ATE035,1,10.42,KEMET,CAP TANT SMD POLYMER
T521B336M020ATE090,1,10.75,KEMET,CAP TANT SMD POLYMER
T520T227M2R5ATE035,1,10.92,KEMET,220.UF  2.5V
T520T156M12RATE080,1,11.41,KEMET,CAP TANT POLY 15UF 12.5V 1411
T591B227M006ATE045,1,12.24,KEMET,CAP TANT SMD AUTO
T520B107M006AHE015,1,14.8,KEMET,CAP TANT SMD POLYMER
T521V107M016AT4146,1,15.22,KEMET,100.UF 16.0V
T521T336M016ATE0507652,1,16.79,KEMET,33.0UF 16.0V
T520D227M010ATE0257111,1,19.02,KEMET,220.UF 10.0V
T521D476M035ATE060,1,19.68,KEMET,CAP TANT POLY 47UF 35V 7343
T523H227M025APE070,1,48.7,KEMET,CAP TANT SMD POLYMER
T530X477M006AHE006,1,57.89,KEMET,CAP TANT SMD POLYMER
T521O157M035ATE100,1,64.16,KEMET,150.UF 35.0V
T520B107M006ATE0707280,8000,1.95445,KEMET,CAP TANT SMD POLYMER
T520A476M2R5ATE100,2000,1.9707,KEMET,47.0UF  2.5V
T520A476M004ATE0808000,2000,2.04711,KEMET,47.0UF  4.0V
T520A107M004ATE100,2000,2.118,KEMET,100.UF  4.0V
T520A336M004ATE100,2000,2.04711,KEMET,33.0UF  4.0V
T520B336M010ATE0707627,2000,2.19806,KEMET,33.0UF 10.0V
T520B336M010ATE0702478,2000,2.19806,KEMET,33.0UF 10.0V
T520B336M010ATE0707111,2000,2.19806,KEMET,33.0UF 10.0V
T520B336M010ATE0708000,2000,2.19806,KEMET,33.0UF 10.0V
T520A156M010ATE100,2000,2.19868,KEMET,15.0UF 10.0V
T520A106M010ATE0807028,2000,2.19868,KEMET,10.0UF 10.0V
T520A106M010ATE0808000,2000,2.19868,KEMET,10.0UF 10.0V
T520B107M006AT4801,2000,2.28715,KEMET,100.UF  6.0V
T520B107M006ATE0707028,2000,2.21775,KEMET,100.UF  6.0V
T520B107M006ATE0702478,2000,2.21775,KEMET,100.UF  6.0V
T520B107M006ATE0704539,2000,2.21775,KEMET,100.UF  6.0V
T520B107M006ATE0708000,2000,2.21775,KEMET,100.UF  6.0V
T520B107M006ATE0707622,2000,2.21775,KEMET,100.UF  6.0V
T520B107M006ATE0707224,2000,2.21775,KEMET,100.UF  6.0V
T520A106M010ATE0807919,2000,2.32744,KEMET,10.0UF 10.0V
T591B225M035ATE200,2000,2.36449,KEMET,CAP TANT POLY 2.2UF 35V 1411
T520B336M010ATE0707622,2000,2.38218,KEMET,33.0UF 10.0V
T520B107M006ATE0707706,600,2.42695,KEMET,100.UF  6.0V
T520A226M006AHE100,2000,2.44693,KEMET,CAP TANT SMD POLYMER
T520A107M006ATE0707028,2000,2.45603,KEMET,100.UF  6.0V
T520B476M006ATE0707280,8000,2.4678,KEMET,CAP TANT POLY 47UF 6.3V 1411
T520B227M2R5ATE006,2000,2.4913,KEMET,220.UF  2.5V
T520B227M2R5AT4801,2000,2.4913,KEMET,220.UF  2.5V
T520B227M2R5ATE0707622,2000,2.4913,KEMET,220.UF  2.5V
T520A476M2R5ATE0907706,640,2.49622,KEMET,47.0UF  2.5V
T520B107M006ATE0407622,2000,2.59371,KEMET,100.UF  6.0V
T520B107M006ATE0408000,2000,2.59371,KEMET,100.UF  6.0V
T520B107M006ATE0407111,2000,2.50689,KEMET,100.UF  6.0V
T520B107M006ATE0402478,2000,2.50689,KEMET,100.UF  6.0V
T520B107M006ATE0407608,2000,2.59371,KEMET,100.UF  6.0V
T520A107M004ATE150,2000,2.52206,KEMET,CAP TANT POLY 100UF 4V 1206
T520A336M006AHE080,2000,2.57594,KEMET,CAP TANT SMD POLYMER
T521B475M035ATE2007280,8000,2.5812,KEMET,CAP TANT POLY 4.7UF 35V 1411
T520A336M004ATE0807706,620,2.593,KEMET,33.0UF  4.0V
T520A107M004ATE2007706,620,2.593,KEMET,100.UF  4.0V
T520A476M004ATE0807706,620,2.593,KEMET,47.0UF  4.0V
T598B225M035ATE200,2000,2.59934,KEMET,CAP TANT POLY 2.2UF 35V 1411
T591B225M035ATE150,2000,2.59934,KEMET,CAP TANT POLY 2.2UF 35V 1411
T520B476M006ATE045,2000,2.69899,KEMET,47.0UF  6.0V
T520B476M006ATE0707622,2000,2.60864,KEMET,47.0UF  6.0V
T520B476M006ATE0702478,2000,2.60864,KEMET,47.0UF  6.0V
T520B476M006ATE0707027,2000,2.60864,KEMET,47.0UF  6.0V
T520B107M006ATE0407280,2500,2.62595,KEMET,100.UF  6.0V
T520B336M006AT4047,2000,2.72906,KEMET,33.0UF  6.0V
T520B337M2R5ATE006,2000,2.72906,KEMET,330.UF  2.5V
T520B686M006ATE0707622,2000,2.63771,KEMET,68.0UF  6.0V
T520B336M006ATE0707622,2000,2.63771,KEMET,33.0UF  6.0V
T520B336M006ATE0708000,2000,2.63771,KEMET,33.0UF  6.0V
T520B337M2R5AT4801,2000,2.72906,KEMET,330.UF  2.5V
T520A686M004ATE1804539,2000,2.66434,KEMET,68.0UF  4.0V
T520B107M006ATE0407650,2000,2.77393,KEMET,100.UF  6.0V
T520B107M006ATE0457652,2000,2.68108,KEMET,100.UF  6.0V
T520B336M010ATE0408000,2000,2.68249,KEMET,33.0UF 10.0V
T520A226M006ATE1007706,560,2.68905,KEMET,22.0UF  6.0V
T520A226M006ATE0908000,2000,2.70552,KEMET,22.0UF  6.0V
T520A107M004ATE070,2000,2.79922,KEMET,100.UF  4.0V
T520B227M2R5ATE0707706,540,2.72631,KEMET,220.UF  2.5V
T520B336M010ATE0707706,560,2.72863,KEMET,33.0UF 10.0V
T521T685M025ATE100,3000,2.72942,KEMET,CAP TANT SMD POLYMER
T520B107M006ATE0457111,2000,2.74893,KEMET,100.UF  6.0V
T520B107M006ATE0454539,2000,2.74893,KEMET,100.UF  6.0V
T520B107M006ATE0452478,2000,2.74893,KEMET,100.UF  6.0V
T520B107M006ATE0458000,2000,2.74893,KEMET,100.UF  6.0V
T521B336M016ATE0707280,8000,2.77562,KEMET,CAP TANT POLY 33UF 16V 1411
T521B336M016ATE0907280,8000,2.77562,KEMET,CAP TANT POLY 33UF 16V 1411
T525B336M016ATE0707280,8000,2.77562,KEMET,CAP TANT POLY 33UF 16V 1411
T525B336M016ATE0907280,8000,2.77562,KEMET,CAP TANT POLY 33UF 16V 1411
T520B476M006ATE0704539,2000,2.77883,KEMET,47.0UF  6.0V
T520A106M010ATE0807706,580,2.7851,KEMET,10.0UF 10.0V
T520A156M010ATE0807706,580,2.7851,KEMET,15.0UF 10.0V
T520B686M006ATE0708000,2000,2.9039,KEMET,68.0UF  6.0V
T520B337M2R5ATE0358000,2000,2.8067,KEMET,330.UF  2.5V
T520A226M006AHE1007706,540,2.81131,KEMET,22.0UF  6.0V
T591B107M006ATE0707280,8000,2.82981,KEMET,CAP TANT POLY 100UF 6.3V 1411
T591B335M035ATE200,2000,2.83221,KEMET,CAP TANT POLY 3.3UF 35V 1411
T520A686M004ATE180,2000,2.83221,KEMET,CAP TANT SMD POLYMER
T520A226M010ATE0807706,560,2.84218,KEMET,22.0UF 10.0V
T521B335M035ATE2007280,8000,2.85064,KEMET,CAP TANT POLY 3.3UF 35V 1411
T591B686M006ATE0707280,8000,2.88183,KEMET,CAP TANT POLY 68UF 6.3V 1411
T520A476M004ATE0707706,520,2.90131,KEMET,47.0UF  4.0V
T520B476M010ATE0707622,2000,2.90171,KEMET,47.0UF 10.0V
T520B476M010ATE0708000,2000,3.0022,KEMET,47.0UF 10.0V
T520B476M010ATE0708002,2000,2.90171,KEMET,47.0UF 10.0V
T521B335M035ATE1507280,8000,2.90262,KEMET,CAP TANT POLY 3.3UF 35V 1411
T591B227M2R5AT4927,2000,3.00721,KEMET,220.UF  2.5V
T520A336M004ATE0707706,520,2.9075,KEMET,33.0UF  4.0V
T520B336M006ATE0407280,8000,2.91093,KEMET,CAP TANT SMD POLYMER
T520B227M2R5ATE055,2000,2.92024,KEMET,CAP TANT SMD POLYMER
T520B227M2R5ATE0357652,2000,2.92024,KEMET,220.UF  2.5V
T520A476M004AHE070,2000,2.92487,KEMET,CAP TANT SMD POLYMER
T520A336M006AHE070,2000,2.92487,KEMET,CAP TANT SMD POLYMER
T599B336M004ATE090,2000,2.94798,KEMET,CAP TANT POLY 33UF 4V 1411
T599B336M006ATE090,2000,2.94798,KEMET,CAP TANT POLY 33UF 6.3V 1411
T599B476M004ATE090,2000,2.94798,KEMET,CAP TANT POLY 47UF 4V 1411
T591B226M006ATE070,2000,2.94798,KEMET,CAP TANT POLY 22UF 6.3V 1411
T591B336M006ATE070,2000,2.97109,KEMET,CAP TANT POLY 33UF 6.3V 1411
T520A336M006AHE0807706,520,2.97669,KEMET,33.0UF  6.0V
T520B476M006ATE0408000,2000,3.08982,KEMET,47.0UF  6.0V
T520B107M006ATE0354539,2000,3.09491,KEMET,100.UF  6.0V
T520B107M006ATE0358000,2000,3.09491,KEMET,100.UF  6.0V
T591B226M010ATE070,2000,3.0057,KEMET,CAP TANT POLY 22UF 10V 1411
T521B475M035ATE1507280,8000,3.0064,KEMET,CAP TANT POLY 4.7UF 35V 1411
T591B225M035ATE1507706,500,3.1109,KEMET,2.20UF 35.0V
T520B107M006ATE0457706,500,3.00826,KEMET,100.UF  6.0V
T520B337M2R5ATE0457622,2000,3.01447,KEMET,330.UF  2.5V
T520B337M2R5ATE0458000,2000,3.11886,KEMET,330.UF  2.5V
T520B337M2R5ATE0452478,2000,3.11886,KEMET,330.UF  2.5V
T520B227M2R5ATE0358000,2000,3.02253,KEMET,220.UF  2.5V
T520B227M2R5ATE0357650,2000,3.02253,KEMET,220.UF  2.5V
T520B227M2R5ATE0357111,2000,3.02253,KEMET,220.UF  2.5V
T598B686M006ATE0707280,8000,3.03751,KEMET,CAP TANT POLY 68UF 6.3V 1411
T525B226M010ATE0804539,2000,3.14547,KEMET,22.0UF 10.0V
T520A336M006ATE0807706,500,3.04514,KEMET,33.0UF  6.0V
T520A336M006ATE1207706,500,3.0564,KEMET,33.0UF  6.0V
T520B336M010ATE0358000,2000,3.05772,KEMET,33.0UF 10.0V
T521B685M035ATE2007280,8000,3.0582,KEMET,CAP TANT POLY 6.8UF 35V 1411
T598B335M035ATE200,2000,3.06334,KEMET,CAP TANT POLY 3.3UF 35V 1411
T591B335M035ATE150,2000,3.06334,KEMET,CAP TANT POLY 3.3UF 35V 1411
T599B686M004ATE090,2000,3.06334,KEMET,CAP TANT POLY 68UF 4V 1411
T591B336M010ATE070,2000,3.06334,KEMET,CAP TANT POLY 33UF 10V 1411
T599B476M006ATE090,2000,3.06334,KEMET,CAP TANT POLY 47UF 6.3V 1411
T521B156M035ATE200,2000,3.16943,KEMET,CAP TANT POLY 15UF 35V 3528
T520B107M003ATE0708000,2000,3.08463,KEMET,100.UF  3.0V
T520B336M010AHE070,2000,3.08633,KEMET,CAP TANT POLY 33UF 10V 1411
T520B686M006AHE070,2000,3.08633,KEMET,CAP TANT SMD POLYMER
T520B107M003AHE070,2000,3.08633,KEMET,CAP TANT SMD POLYMER
T520B336M006AHE070,2000,3.08633,KEMET,CAP TANT SMD POLYMER
T520B476M006AHE0708000,2000,3.19321,KEMET,47.0UF  6.0V
T520A106M010AHE0802478,2000,3.08695,KEMET,10.0UF 10.0V
T520B107M006ATE0407758,500,3.20108,KEMET,100.UF  6.0V
T521B685M035ATE1507280,8000,3.10996,KEMET,CAP TANT POLY 6.8UF 35V 1411
T520B107M006ATE0407706,500,3.21974,KEMET,100.UF  6.0V
T520A686M006ATE100,2000,3.22046,KEMET,68.0UF  6.0V
T520B107M004ATE0702478,2000,3.11267,KEMET,100.UF  4.0V
T520A226M006ATE0907706,480,3.1436,KEMET,22.0UF  6.0V
T521B156M035ATE150,2000,3.25272,KEMET,CAP TANT POLY 15UF 35V 3528
T598B226M006AT4336,2000,3.26645,KEMET,22.0UF  6.0V
T527I336M010ATE150,3000,3.26645,KEMET,33.0UF 10.0V
T599B336M006ATE070,2000,3.17828,KEMET,CAP TANT POLY 33UF 6.3V 1411
T599B336M004ATE070,2000,3.17828,KEMET,CAP TANT POLY 33UF 4V 1411
T520B476M010ATE0704539,2000,3.18188,KEMET,47.0UF 10.0V
T521B226M025ATE1007280,8000,3.18227,KEMET,CAP TANT POLY 22UF 25V 1411
T520B107M2R5ATE0708000,2000,3.21376,KEMET,100.UF  2.5V
T520B476M006ATE0707706,480,3.21906,KEMET,47.0UF  6.0V
T520T476M004ATE0704539,3000,3.22476,KEMET,47.0UF  4.0V
T520B476M006ATE0457706,480,3.3505,KEMET,47.0UF  6.0V
T591B475M035ATE2007280,8000,3.25451,KEMET,CAP TANT POLY 4.7UF 35V 1411
T520B686M006ATE045,2000,3.26768,KEMET,68.0UF  6.0V
T520B476M010ATE0352478,2000,3.26937,KEMET,47.0UF 10.0V
T527T226M025ATE100,3000,3.27404,KEMET,22.0UF 25.0V
T520B686M006ATE0707706,460,3.38774,KEMET,68.0UF  6.0V
T520B337M2R5ATE0707706,460,3.27435,KEMET,330.UF  2.5V
T520B336M006AT40477706,460,3.38774,KEMET,33.0UF  6.0V
T520B337M2R5ATE0357706,460,3.27435,KEMET,330.UF  2.5V
T520B336M006ATE0707706,460,3.27435,KEMET,33.0UF  6.0V
T520B336M006ATE0402478,2000,3.28446,KEMET,33.0UF  6.0V
T597S336M006APE100,3000,3.28689,KEMET,CAP TANT POLY 33UF 6.3V 1206
T525B686M004ATE080,2000,3.29286,KEMET,CAP TANT POLY 68UF 4V 1411
T525B107M004ATE080,2000,3.29286,KEMET,CAP TANT POLY 100UF 4V 1411
T591B155M050ATE200,2000,3.29286,KEMET,CAP TANT POLY 1.5UF 50V 1411
T591B157M004ATE070,2000,3.29286,KEMET,CAP TANT POLY 150UF 4V 1411
T599B686M004ATE070,2000,3.29286,KEMET,CAP TANT POLY 68UF 4V 1411
T599B336M010ATE090,2000,3.29286,KEMET,CAP TANT POLY 33UF 10V 1411
T591B227M2R5ATE025,2000,3.29286,KEMET,CAP TANT SMD AUTO
T598B107M004AT4162,2000,3.4069,KEMET,100.UF  4.0V
T520A686M004ATE1807706,460,3.2952,KEMET,68.0UF  4.0V
T520B336M006AHE0402678,2000,3.41164,KEMET,33.0UF  6.0V
T520B336M006AHE0402478,2000,3.41164,KEMET,33.0UF  6.0V
T598B475M035ATE2007280,8000,3.30599,KEMET,CAP TANT POLY 4.7UF 35V 1411
T598B225M035ATE1507706,460,3.42196,KEMET,2.20UF 35.0V
T520B336M008ATE0707706,460,3.30741,KEMET,33.0UF  8.0V
T520B107M003ATE070,2000,3.33631,KEMET,CAP TANT POLY 100UF 3V 1411
T520A476M006ATE1507028,2000,3.33631,KEMET,47.0UF  6.0V
T520B157M006AHE070,2000,3.33859,KEMET,CAP TANT SMD POLYMER
T520B107M006AHE070,2000,3.33859,KEMET,CAP TANT SMD POLYMER
T520B476M008AHE070,2000,3.33859,KEMET,CAP TANT SMD POLYMER
T520B157M006AHE018,2000,3.33859,KEMET,CAP TANT SMD POLYMER
T520T156M006AHE100,3000,3.34218,KEMET,CAP TANT POLY 15UF 6.3V 1411
T597S476M006APE100,3000,3.34218,KEMET,CAP TANT POLY 47UF 6.3V 1206
T520B227M004ATE0708000,2000,3.34256,KEMET,220.UF  4.0V
T520B476M010AHE0702478,2000,3.34421,KEMET,47.0UF 10.0V
T520B336M010ATE0407706,460,3.34589,KEMET,33.0UF 10.0V
T520B107M006ATE0254539,2000,3.47213,KEMET,100.UF  6.0V
T520B107M006ATE0258000,2000,3.35591,KEMET,100.UF  6.0V
T520A107M004ATE0707706,460,3.47478,KEMET,100.UF  4.0V
T520B157M003ATE070,2000,3.65491,KEMET,CAP TANT POLY 150UF 3V 1411
T520B107M004ATE0708000,2000,3.48018,KEMET,100.UF  4.0V
T520B227M006ATE0457280,8000,3.38625,KEMET,CAP TANT SMD POLYMER
T521B226M016ATE0907280,2500,3.3956,KEMET,CAP TANT POLY 22UF 16V 1411
T520T226M006AHE100,3000,3.39739,KEMET,CAP TANT SMD POLYMER
T525B336M016AHE070,2000,3.39908,KEMET,CAP TANT SMD POLYMER
T598B155M050ATE200,2000,3.40706,KEMET,CAP TANT POLY 1.5UF 50V 1411
T591B107M004ATE055,2000,3.40706,KEMET,CAP TANT POLY 100UF 4V 1411
T598B157M004ATE070,2000,3.40706,KEMET,CAP TANT POLY 150UF 4V 1411
T598B226M006ATE070,2000,3.40706,KEMET,CAP TANT POLY 22UF 6.3V 1411
T598B157M004ATE055,2000,3.40706,KEMET,CAP TANT POLY 150UF 4V 1411
T591B107M004ATE045,2000,3.40706,KEMET,CAP TANT POLY 100UF 4V 1411
T591B107M006ATE055,2000,3.40706,KEMET,CAP TANT POLY 100UF 6.3V 1411
T520A336M006AHE0707706,440,3.42768,KEMET,33.0UF  6.0V
T520A476M004AHE0707706,440,3.42768,KEMET,47.0UF  4.0V
T520A476M006ATE070,2000,3.5544,KEMET,47.0UF  6.0V
T591B226M006ATE0707706,440,3.5775,KEMET,22.0UF  6.0V
T599B476M004ATE0907706,440,3.5775,KEMET,47.0UF  4.0V
T599B336M004ATE0907706,440,3.5775,KEMET,33.0UF  4.0V
T599B336M006ATE0907706,440,3.5775,KEMET,33.0UF  6.0V
T520A686M006ATE1504539,2000,3.5834,KEMET,68.0UF  6.0V
T520T107M2R5ATE009,3000,3.46363,KEMET,100.UF  2.5V
T520A156M010AHE080,2000,3.76395,KEMET,15.0UF 10.0V
T520B227M004AHE070,2000,3.46404,KEMET,CAP TANT SMD POLYMER
T520B227M2R5AHE070,2000,3.46404,KEMET,CAP TANT SMD POLYMER
T591B336M006ATE0807706,440,3.59073,KEMET,33.0UF  6.0V
T521B475M035ATE2007706,2000,3.47933,KEMET,4.70UF 35.0V
T520T107M2R5AHE0707280,10000,3.48596,KEMET,CAP TANT SMD POLYMER
T591B336M006ATE0707706,440,3.60861,KEMET,33.0UF  6.0V
T520B227M006AT4801,2000,3.50323,KEMET,220.UF  6.0V
T520B227M006AT4047,2000,3.50323,KEMET,220.UF  6.0V
T520B227M006ATE0702478,2000,3.50323,KEMET,220.UF  6.0V
T520B227M006ATE046,2000,3.50323,KEMET,220.UF  6.0V
T520B227M006ATE0708000,2000,3.50323,KEMET,220.UF  6.0V
T520B227M006ATE0707652,2000,3.50323,KEMET,220.UF  6.0V
T520A336M006ATE0707706,440,3.50739,KEMET,33.0UF  6.0V
T520T336M008ATE080,3000,3.81126,KEMET,CAP TANT POLY 33UF 8V 1411
T520T686M004ATE070,3000,3.50757,KEMET,CAP TANT SMD POLYMER
T520T107M2R5ATE070,3000,3.50757,KEMET,CAP TANT SMD POLYMER
T527I107M006ATE200,3000,3.50757,KEMET,CAP TANT SMD POLYMER
T521B684M050ATE2007280,8000,3.5115,KEMET,CAP TANT POLY 0.68UF 50V 1411
T520C227M004ATE0457280,3000,3.51198,KEMET,CAP TANT SMD POLYMER
T591B155K050ATE200,2000,3.52093,KEMET,CAP TANT POLY 1.5UF 50V 1411
T598B107M004ATE055,2000,3.52093,KEMET,CAP TANT POLY 100UF 4V 1411
T591B157M004ATE055,2000,3.52093,KEMET,CAP TANT POLY 150UF 4V 1411
T591B157M004ATE045,2000,3.52093,KEMET,CAP TANT POLY 150UF 4V 1411
T520B107M004ATE0707608,2000,3.53511,KEMET,100.UF  4.0V
T520T476M006ATE0707280,10000,3.53953,KEMET,CAP TANT SMD POLYMER
T591B226M010ATE0707706,440,3.66345,KEMET,22.0UF 10.0V
T520B107M004AHE040,2000,3.54367,KEMET,CAP TANT SMD POLYMER
T520B686M006AHE040,2000,3.54367,KEMET,CAP TANT SMD POLYMER
T520B476M006AHE040,2000,3.54367,KEMET,CAP TANT SMD POLYMER
T520B336M008AHE040,2000,3.54367,KEMET,CAP TANT SMD POLYMER
T520B107M2R5ATE0407650,2000,3.54367,KEMET,100.UF  2.5V
T521B226M025ATE0907607,2000,3.56641,KEMET,22.0UF 25.0V
T520B107M004ATE0408000,2000,3.58039,KEMET,100.UF  4.0V
T520B107M004ATE0402478,2000,3.58039,KEMET,100.UF  4.0V
T520B107M004ATE0352478,2000,3.58039,KEMET,100.UF  4.0V
T520B107M004ATE0407627,2000,3.58039,KEMET,100.UF  4.0V
T520D107M010ATE0807454,2500,3.58428,KEMET,100.UF 10.0V
T520T476M006AHE070,3000,3.58453,KEMET,CAP TANT POLY 47UF 6.3V 1411
T520T336M006AHE070,3000,3.58453,KEMET,CAP TANT SMD POLYMER
T525B476M006AHE080,2000,3.58911,KEMET,CAP TANT SMD POLYMER
T525B476M006AHE070,2000,3.58911,KEMET,CAP TANT SMD POLYMER
T525B226M010AHE080,2000,3.58911,KEMET,CAP TANT SMD POLYMER
T525B336M010AHE080,2000,3.58911,KEMET,CAP TANT SMD POLYMER
T525B336M006AHE080,2000,3.58911,KEMET,CAP TANT SMD POLYMER
T599B686M004ATE0907706,420,3.71893,KEMET,68.0UF  4.0V
T520B157M006ATE018,2000,3.61181,KEMET,CAP TANT SMD POLYMER
T520B157M006AT4801,2000,3.61181,KEMET,150.UF  6.0V
T520B157M004ATE0707622,2000,3.61181,KEMET,150.UF  4.0V
T520T156M006ATE070,3000,3.61292,KEMET,15.0UF  6.0V
T521B684M063ATE2007280,8000,3.61391,KEMET,CAP TANT POLY 0.68UF 63V 1411
T521B105M050ATE2007280,8000,3.61391,KEMET,CAP TANT POLY 1UF 50V 1411
T599B107K2R5ATE055,1,,KEMET,CAP TANT SMD AUTO 150C
T520B107M006ATE0187280,8000,3.62416,KEMET,CAP TANT SMD POLYMER
T598B225M050ATE1507706,2000,3.75037,KEMET,2.20UF 50.0V
T520B157M006ATE0457280,8000,3.63437,KEMET,CAP TANT SMD POLYMER
T591B157M006ATE055,2000,3.63447,KEMET,CAP TANT POLY 150UF 6.3V 1411
T520B227M004ATE0454539,2000,3.65378,KEMET,220.UF  4.0V
T520B227M004ATE0457453,2000,3.65378,KEMET,220.UF  4.0V
T520B227M004ATE0452478,2000,3.65378,KEMET,220.UF  4.0V
T525B336M016ATE0707706,420,3.78433,KEMET,33.0UF 16.0V
T520B227M2R5ATE0357706,440,3.66882,KEMET,220.UF  2.5V
T520B227M2R5ATE0557706,440,3.66882,KEMET,220.UF  2.5V
T520D107M010ATE0807280,2500,3.6757,KEMET,CAP TANT SMD POLYMER
T521B685M035ATE1507706,2000,3.67854,KEMET,6.80UF 35.0V
T525B476M006ATE0708000,2000,3.80603,KEMET,47.0UF  6.0V
T525B336M010ATE0808000,2000,3.80603,KEMET,33.0UF 10.0V
T598B476M010ATE0707280,8000,3.67936,KEMET,CAP TANT SMD AUTO
T598B476M006AT4336,2000,3.81086,KEMET,47.0UF  6.0V
T520B476M006ATE035,2000,3.69566,KEMET,CAP TANT SMD POLYMER
T520T227M2R5ATE0708000,3000,3.70251,KEMET,220.UF  2.5V
T521B105M063ATE2007280,8000,3.71616,KEMET,CAP TANT POLY 1UF 63V 1411
T521B155M050ATE2007280,8000,3.71616,KEMET,CAP TANT POLY 1.5UF 50V 1411
T520B686M006ATE035,2000,3.72283,KEMET,CAP TANT SMD POLYMER
T520B336M006ATE035,2000,3.72283,KEMET,CAP TANT SMD POLYMER
T520T566M2R5ATE040,3000,3.72713,KEMET,56.0UF  2.5V
T598B107M2R5ATE0707280,8000,3.73248,KEMET,CAP TANT POLY 100UF 2.5V 1411
T591B107M006ATE0707706,400,3.87623,KEMET,100.UF  6.0V
T591B107M004ATE0707706,400,3.87623,KEMET,100.UF  4.0V
T520T156M004ATE1007706,400,3.74648,KEMET,15.0UF  4.0V
T598B157M006ATE055,2000,3.74772,KEMET,CAP TANT POLY 150UF 6.3V 1411
T520B336M008ATE035,2000,3.74772,KEMET,CAP TANT SMD POLYMER
T520V157M006ATE0457280,3000,3.75119,KEMET,CAP TANT SMD POLYMER
T520B336M010ATE0258000,2000,3.76467,KEMET,33.0UF 10.0V
T521B226M025ATE1007652,2000,3.77149,KEMET,22.0UF 25.0V
T521B226M025AT4207,2000,3.77149,KEMET,22.0UF 25.0V
T521B226M025AT4146,2000,3.77149,KEMET,22.0UF 25.0V
T521B226M016ATE070,2000,3.77596,KEMET,CAP TANT SMD POLYMER
T520C686M010ATE0457280,3000,3.77746,KEMET,CAP TANT SMD POLYMER
T520B107M003ATE040,2000,4.11883,KEMET,CAP TANT POLY 100UF 3V 1411
T520B476M008AHE035,2000,3.79291,KEMET,CAP TANT SMD POLYMER
T520B157M006AHE045,2000,3.79291,KEMET,CAP TANT SMD POLYMER
T598B107M2R5ATE0557280,8000,3.80289,KEMET,CAP TANT POLY 100UF 2.5V 1411
T520A686M006ATE070,2000,3.81425,KEMET,68.0UF  6.0V
T520B686M004ATE040,2000,4.1483,KEMET,CAP TANT POLY 68UF 4V 1411
T520B107M004ATE0358000,2000,3.81776,KEMET,100.UF  4.0V
T521B155M063ATE2007280,8000,3.8182,KEMET,CAP TANT POLY 1.5UF 63V 1411
T521B225M050ATE2007280,8000,3.8182,KEMET,CAP TANT POLY 2.2UF 50V 1411
T520B157M006ATE0187652,2000,3.82462,KEMET,150.UF  6.0V
T520B157M006ATE0708000,2000,3.82462,KEMET,150.UF  6.0V
T520B157M006AT4522,2000,3.82462,KEMET,150.UF  6.0V
T520B157M006ATE0707028,2000,3.82462,KEMET,150.UF  6.0V
T520B157M004ATE0708000,2000,3.82462,KEMET,150.UF  4.0V
T520T107M2R5AHE070,3000,3.82553,KEMET,CAP TANT POLY 100UF 2.5V 1411
T520B227M2R5ATE025,2000,3.83356,KEMET,CAP TANT SMD POLYMER
T591B107M004ATE0707280,8000,3.84673,KEMET,CAP TANT POLY 100UF 4V 1411
T520B127M006ATE0358000,2000,3.8565,KEMET,120.UF  6.0V
T520T476M006ATE0707652,3000,3.8733,KEMET,47.0UF  6.0V
T520T476M006ATE0707111,3000,3.8733,KEMET,47.0UF  6.0V
T520T476M006ATE0707650,3000,3.8733,KEMET,47.0UF  6.0V
T520T476M006ATE0704539,3000,3.8733,KEMET,47.0UF  6.0V
T520T476M006ATE0707659,3000,3.8733,KEMET,47.0UF  6.0V
T520T476M006ATE0708000,3000,3.8733,KEMET,47.0UF  6.0V
T520B227M004ATE0458000,2000,3.87375,KEMET,220.UF  4.0V
T599B336M010ATE0907706,400,4.0127,KEMET,33.0UF 10.0V
T591B227M2R5ATE0257706,400,4.0127,KEMET,220.UF  2.5V
T525B226M010ATE0807706,400,4.0127,KEMET,22.0UF 10.0V
T520B336M010ATE0357706,400,3.89803,KEMET,33.0UF 10.0V
T520B107M2R5ATE0707706,420,3.90102,KEMET,100.UF  2.5V
T520T336M006ATE0704539,3000,3.90197,KEMET,33.0UF  6.0V
T520V157M006ATE040BLOQ,1000,3.91129,KEMET,150.UF  6.0V
T520V157M006ATE045Z160,1000,3.91129,KEMET,150.UF  6.0V
T520V157M006ATE0454539,1000,3.91129,KEMET,150.UF  6.0V
T520V157M006ATE0407028,1000,3.91129,KEMET,150.UF  6.0V
T520V157M006ATE040Z159,1000,3.91129,KEMET,150.UF  6.0V
T520V157M006ATE0408000,1000,3.91129,KEMET,150.UF  6.0V
T520V157M006ATE045Z150,1000,3.91129,KEMET,150.UF  6.0V
T520V157M006ATE040Z150,1000,3.91129,KEMET,150.UF  6.0V
T520V157M006ATE045BLOQ,1000,3.91129,KEMET,150.UF  6.0V
T520V157M006ATE045Z147,1000,3.91129,KEMET,150.UF  6.0V
T520B227M004AHE045,2000,3.91699,KEMET,CAP TANT SMD POLYMER
T520B227M2R5AHE035,2000,3.91699,KEMET,CAP TANT SMD POLYMER
T520B476M006ATE0258000,2000,4.05765,KEMET,47.0UF  6.0V
T598B107M004ATE0707280,8000,3.9363,KEMET,CAP TANT POLY 100UF 4V 1411
T520T107M006ATE0707111,3000,3.94139,KEMET,100.UF  6.0V
T520T107M2R5ATE0408000,3000,3.94139,KEMET,100.UF  2.5V
T520T107M006ATE0708000,3000,3.94139,KEMET,100.UF  6.0V
T520T107M006ATE065,3000,3.94139,KEMET,100.UF  6.0V
T520T336M008ATE070,3000,4.28719,KEMET,CAP TANT POLY 33UF 8V 1411
T520T106M12RATE080,3000,3.94558,KEMET,CAP TANT POLY 10UF 12.5V 1411
T525T107M2R5ATE080,3000,3.94558,KEMET,CAP TANT SMD POLYMER
T520T107M006APE055,3000,3.94558,KEMET,CAP TANT SMD POLYMER
T521B336M016ATE0907706,420,3.9461,KEMET,33.0UF 16.0V
T521B336M016ATE0707706,420,3.9461,KEMET,33.0UF 16.0V
T520B157M006AHE0707706,380,3.95345,KEMET,150.UF  6.0V
T520D157M006ATE0457280,2500,4.0988,KEMET,150.UF  6.0V
T520V157M006ATE0457333,1000,3.97397,KEMET,150.UF  6.0V
T591B227M006AT4146,2000,4.11331,KEMET,220.UF  6.0V
T591B227M006AT4902,2000,4.11331,KEMET,220.UF  6.0V
T529P476M006AAE150N001,3000,3.97562,KEMET,47.0UF  6.0V
T529P476M006AAE1507028,3000,4.11331,KEMET,47.0UF  6.0V
T520B337M006ATE0407652,2000,3.97562,KEMET,330.UF  6.0V
T520B107M010ATE045,2000,3.98398,KEMET,100.UF 10.0V
T520B107M2R5ATE035,2000,3.99576,KEMET,CAP TANT SMD POLYMER
T520B107M004AHE025,2000,3.99576,KEMET,CAP TANT SMD POLYMER
T520B336M010AHE035,2000,3.99576,KEMET,CAP TANT SMD POLYMER
T520A476M010ATE045,2000,3.99576,KEMET,CAP TANT SMD POLYMER
T520T156M006AHE1007706,380,3.99589,KEMET,15.0UF  6.0V
T520B107M004ATE0707706,380,4.15342,KEMET,100.UF  4.0V
T520T476M006AHE040,3000,4.02179,KEMET,CAP TANT SMD POLYMER
T520T226M006ATE1007706,400,4.0299,KEMET,22.0UF  6.0V
T598B107M006ATE0707706,380,4.17232,KEMET,100.UF  6.0V
T520B227M006ATE070E045,2000,4.03442,KEMET,220.UF  6.0V
T520B227M006ATE0457652,2000,4.03442,KEMET,220.UF  6.0V
T520B227M006ATE045SUZH,2000,4.03442,KEMET,220.UF  6.0V
T520B227M006ATE0458000,2000,4.03442,KEMET,220.UF  6.0V
T520B337M2R5AHE045,2000,4.04071,KEMET,CAP TANT SMD POLYMER
T520B157M004ATE0307280,8000,4.04202,KEMET,CAP TANT SMD POLYMER
T520B227M004ATE0707706,400,4.0574,KEMET,220.UF  4.0V
T521B335M035ATE2007706,400,4.06215,KEMET,3.30UF 35.0V
T520B157M004ATE035,2000,4.06316,KEMET,CAP TANT POLY 150UF 4V 1411
T520B157M004ATE0354539,2000,4.06316,KEMET,150.UF  4.0V
T520B106M016AHE100,2000,4.08565,KEMET,CAP TANT SMD POLYMER
T520B227M004AHE0707706,380,4.09839,KEMET,220.UF  4.0V
T520B227M2R5AHE0707706,380,4.09839,KEMET,220.UF  2.5V
T520D157M006ATE0557280,2500,4.10406,KEMET,CAP TANT SMD POLYMER
T520B107M2R5ATE0407706,360,4.11153,KEMET,100.UF  2.5V
T598B476M010ATE0707683,2000,4.25499,KEMET,47.0UF 10.0V
T521B335M035ATE1507706,400,4.1428,KEMET,3.30UF 35.0V
T520V157M006ATE045Z164,1000,4.28887,KEMET,150.UF  6.0V
T520V157M006ATE040Z160,1000,4.14531,KEMET,150.UF  6.0V
T520V157M006ATE0407608,1000,4.14531,KEMET,150.UF  6.0V
T520V157M006ATE040Z164,1000,4.14531,KEMET,150.UF  6.0V
T520V157M006ATE040Z147,1000,4.14531,KEMET,150.UF  6.0V
T520V157M006ATE0401336,1000,4.14531,KEMET,150.UF  6.0V
T520C227M004ATE045,500,4.17294,KEMET,CAP TANT SMD POLYMER
T520C227M004ATE055,500,4.17294,KEMET,CAP TANT SMD POLYMER
T520C337M2R5ATE045,500,4.17294,KEMET,CAP TANT SMD POLYMER
T591B476M006ATE0707706,400,4.3207,KEMET,47.0UF  6.0V
T599B336M004ATE0707706,400,4.3207,KEMET,33.0UF  4.0V
T599B476M004ATE0707706,400,4.3207,KEMET,47.0UF  4.0V
T599B336M006ATE0707706,400,4.3207,KEMET,33.0UF  6.0V
T521B156M025ATE1007706,360,4.17608,KEMET,15.0UF 25.0V
T520T107M004ATE0708009,3000,4.18026,KEMET,100.UF  4.0V
T520T107M004ATE0707453,3000,4.18026,KEMET,100.UF  4.0V
T520T107M004ATE0708000,3000,4.18026,KEMET,100.UF  4.0V
T520B337M006ATE045,2000,4.1977,KEMET,CAP TANT SMD POLYMER
T520B337M006ATE0707652,2000,4.1977,KEMET,330.UF  6.0V
T520B476M010ATE0707706,420,4.348,KEMET,47.0UF 10.0V
T598D337M006AT41437280,2500,4.35526,KEMET,330.UF  6.0V
T591B227M2R5AT49277706,420,4.35533,KEMET,220.UF  2.5V
T591B336M010ATE0707706,420,4.35533,KEMET,33.0UF 10.0V
T591B336M010ATE0807706,420,4.35533,KEMET,33.0UF 10.0V
T599B336M010ATE1507706,420,4.35533,KEMET,33.0UF 10.0V
T599B476M006ATE0907706,420,4.35533,KEMET,47.0UF  6.0V
T520B476M006AHE0407706,360,4.36158,KEMET,47.0UF  6.0V
T520D107M010ATE0557280,2500,4.2284,KEMET,CAP TANT SMD POLYMER
T520D107M010ATE0557454,2500,4.2284,KEMET,100.UF 10.0V
T520B107M003ATE035,2000,4.24025,KEMET,CAP TANT SMD POLYMER
T520B157M006AHE035,2000,4.24248,KEMET,CAP TANT SMD POLYMER
T520B107M006AHE035,2000,4.24248,KEMET,CAP TANT SMD POLYMER
T520B106M016ATE1004539,2000,4.39154,KEMET,10.0UF 16.0V
T520B106M016ATE1002478,2000,4.39154,KEMET,10.0UF 16.0V
T520B476M006AHE0707706,420,4.3916,KEMET,47.0UF  6.0V
T520B107M003AHE0707706,420,4.3916,KEMET,100.UF  3.0V
T520B336M006AHE0707706,420,4.3916,KEMET,33.0UF  6.0V
T520B336M010AHE0707706,420,4.2446,KEMET,33.0UF 10.0V
T520B686M006AHE0707706,420,4.2446,KEMET,68.0UF  6.0V
T520B227M006AT40477706,380,4.25245,KEMET,220.UF  6.0V
T520B227M006ATE0707706,380,4.25245,KEMET,220.UF  6.0V
T591B686M006ATE0707706,400,4.40713,KEMET,68.0UF  6.0V
T520T107M2R5AHE040,3000,4.26064,KEMET,CAP TANT SMD POLYMER
T521B335M050ATE2007280,8000,4.26501,KEMET,CAP TANT POLY 3.3UF 50V 1411
T520B476M006ATE0407706,400,4.41395,KEMET,47.0UF  6.0V
T520B157M003ATE035,2000,4.26712,KEMET,CAP TANT SMD POLYMER
T520B686M004ATE035,2000,4.26712,KEMET,CAP TANT SMD POLYMER
T525B226M010AHE0807706,360,4.41625,KEMET,22.0UF 10.0V
T520B227M2R5ATE018,2000,4.28275,KEMET,CAP TANT SMD POLYMER
T520B157M003ATE0707706,380,4.29097,KEMET,150.UF  3.0V
T520C227M004ATE0557333,500,4.293,KEMET,220.UF  4.0V
T525B336M016ATE0907706,420,4.44231,KEMET,33.0UF 16.0V
T520B157M006ATE0707706,360,4.29461,KEMET,150.UF  6.0V
T523T157M006APE0307280,10000,4.29916,KEMET,CAP TANT POLY 150UF 6.3V 1411
T520T106M12RAHE080,3000,4.30397,KEMET,CAP TANT SMD POLYMER
T521B475M035ATE1507706,380,4.30403,KEMET,4.70UF 35.0V
T520B337M2R5ATE0457706,400,4.45545,KEMET,330.UF  2.5V
T520B336M006ATE0407706,400,4.30633,KEMET,33.0UF  6.0V
T520B686M006ATE0457706,400,4.45545,KEMET,68.0UF  6.0V
T520B686M006ATE0407706,400,4.30633,KEMET,68.0UF  6.0V
T520B227M2R5ATE0307706,380,4.31361,KEMET,220.UF  2.5V
T598B107M006ATE0557706,360,4.47042,KEMET,100.UF  6.0V
T598B226M010ATE0707706,360,4.47042,KEMET,22.0UF 10.0V
T520C157M004ATE045,500,4.70118,KEMET,CAP TANT POLY 150UF 4V 2312
T520C157M006ATE045,500,4.32658,KEMET,CAP TANT SMD POLYMER
T520C157M004ATE100,500,4.32658,KEMET,CAP TANT SMD POLYMER
T520C157M006ATE055,500,4.32658,KEMET,CAP TANT SMD POLYMER
T520B227M006AHE070,2000,4.33191,KEMET,CAP TANT SMD POLYMER
T520B107M006ATE0357706,420,4.48224,KEMET,100.UF  6.0V
T591B155M050ATE2007706,400,4.49353,KEMET,1.50UF 50.0V
T591B157M004ATE0707706,400,4.49353,KEMET,150.UF  4.0V
T525B157M003ATE0807706,400,4.49353,KEMET,150.UF  3.0V
T525B686M004ATE0807706,400,4.49353,KEMET,68.0UF  4.0V
T599B686M004ATE0707706,400,4.49353,KEMET,68.0UF  4.0V
T598B335M035ATE1507706,400,4.49353,KEMET,3.30UF 35.0V
T599B476M006ATE0707706,400,4.49353,KEMET,47.0UF  6.0V
T598B107M004ATE0707706,400,4.49353,KEMET,100.UF  4.0V
T599B336M010ATE0707706,400,4.49353,KEMET,33.0UF 10.0V
T525B336M006ATE0807706,400,4.49353,KEMET,33.0UF  6.0V
T525B107M004ATE0807706,400,4.49353,KEMET,100.UF  4.0V
T525B107M003ATE0807706,400,4.49353,KEMET,100.UF  3.0V
T520B336M008ATE0407706,400,4.34313,KEMET,33.0UF  8.0V
T520D337M006ATE0457280,2500,4.34368,KEMET,CAP TANT POLY 330UF 6.3V 2917
T520D337M006AT4353,2500,4.34368,KEMET,330.UF  6.0V
T520T476M006ATE0408000,3000,4.35106,KEMET,47.0UF  6.0V
T520T476M004ATE0707706,380,4.35234,KEMET,47.0UF  4.0V
T520B157M006ATE0458000,2000,4.35581,KEMET,150.UF  6.0V
T520D107M010AT4801,500,4.3613,KEMET,100.UF 10.0V
T520D107M010ATE0807622,500,4.3613,KEMET,100.UF 10.0V
T520D107M010ATE0807627,500,4.3613,KEMET,100.UF 10.0V
T520T336M010AHE070,3000,4.37964,KEMET,CAP TANT SMD POLYMER
T521B685M035ATE2007706,380,4.38455,KEMET,6.80UF 35.0V
T520D337M006ATE0258001,2500,4.38962,KEMET,330.UF  6.0V
T520B227M004ATE0358000,2000,4.40493,KEMET,220.UF  4.0V
T520B227M004ATE0357453,2000,4.40493,KEMET,220.UF  4.0V
T520B107M003ATE0707706,380,4.40653,KEMET,100.UF  3.0V
T520A476M006ATE1507706,380,4.40653,KEMET,47.0UF  6.0V
T520A106M010AHE0807706,380,4.41,KEMET,10.0UF 10.0V
T520B107M006AHE0707706,380,4.41,KEMET,100.UF  6.0V
T520B476M008AHE0707706,380,4.41,KEMET,47.0UF  8.0V
T521B226M025ATE1002478,2000,4.43549,KEMET,22.0UF 25.0V
T520B476M006AHE025,2000,4.44343,KEMET,CAP TANT SMD POLYMER
T520B336M010AHE025,2000,4.44343,KEMET,CAP TANT SMD POLYMER
T520A686M006ATE1007706,380,4.60079,KEMET,68.0UF  6.0V
T520B686M004ATE0707706,380,4.44679,KEMET,68.0UF  4.0V
T520C107M006ATE0458000,500,4.46682,KEMET,100.UF  6.0V
T520C107M006ATE0457622,500,4.62152,KEMET,100.UF  6.0V
T520C157M006ATE0557333,500,4.46882,KEMET,150.UF  6.0V
T520C227M2R5ATE045,500,4.86758,KEMET,CAP TANT POLY 220UF 2.5V 2312
T520C826M008ATE045,500,4.47972,KEMET,CAP TANT SMD POLYMER
T520C107M006ATE0454539,500,4.47972,KEMET,100.UF  6.0V
T520C107M006ATE0457111,500,4.47972,KEMET,100.UF  6.0V
T520C476M010ATE1004539,500,4.47972,KEMET,47.0UF 10.0V
T521B156M025ATE0907706,360,4.49744,KEMET,15.0UF 25.0V
T525B336M016AHE0707706,380,4.65416,KEMET,33.0UF 16.0V
T520B336M010ATE0257706,340,4.50029,KEMET,33.0UF 10.0V
T520B476M010ATE0357706,360,4.50708,KEMET,47.0UF 10.0V
T591B157M006ATE0707706,380,4.66632,KEMET,150.UF  6.0V
T598B157M004ATE0707706,380,4.66632,KEMET,150.UF  4.0V
T598B157M004ATE0557706,380,4.66632,KEMET,150.UF  4.0V
T598B226M006ATE0707706,380,4.66632,KEMET,22.0UF  6.0V
T591B107M004ATE0557706,380,4.66632,KEMET,100.UF  4.0V
T591B107M006ATE0557706,380,4.66632,KEMET,100.UF  6.0V
T598B155M050ATE2007706,380,4.66632,KEMET,1.50UF 50.0V
T598B686M006ATE0707706,380,4.66632,KEMET,68.0UF  6.0V
T598B226M006AT43367706,380,4.66632,KEMET,22.0UF  6.0V
T591B107M006ATE0457706,380,4.66632,KEMET,100.UF  6.0V
T591B107M004ATE0457706,380,4.66632,KEMET,100.UF  4.0V
T520B157M006ATE0357651,2000,4.51025,KEMET,150.UF  6.0V
T520C157M006ATE0457706,340,4.51341,KEMET,150.UF  6.0V
T520C157M004ATE1007706,340,4.51341,KEMET,150.UF  4.0V
T520T226M006AHE1007706,360,4.5135,KEMET,22.0UF  6.0V
T520C157M006ATE05577NT,331,4.52695,KEMET,150.UF  6.0V
T521B106M016ATE1007028,2000,4.68433,KEMET,10.0UF 16.0V
T521B106M016ATE090,2000,4.68433,KEMET,10.0UF 16.0V
T520V157M006ATE025Z160,1000,4.5377,KEMET,150.UF  6.0V
T520V157M006ATE0188000,1000,4.5377,KEMET,150.UF  6.0V
T520V157M006ATE025Z164,1000,4.5377,KEMET,150.UF  6.0V
T520V157M006ATE0402478,1000,4.5377,KEMET,150.UF  6.0V
T520V157M006ATE0184539,1000,4.5377,KEMET,150.UF  6.0V
T520V157M006ATE025Z150,1000,4.5377,KEMET,150.UF  6.0V
T520V157M006ATE040E025,1000,4.5377,KEMET,150.UF  6.0V
T520C107M006ATE0457333,500,4.6951,KEMET,100.UF  6.0V
T525T336M010AHE080,3000,4.54153,KEMET,CAP TANT SMD POLYMER
T520B107M004ATE0407706,340,4.56206,KEMET,100.UF  4.0V
T520B227M006ATE0357650,2000,4.56565,KEMET,220.UF  6.0V
T520B227M006ATE0354539,2000,4.56565,KEMET,220.UF  6.0V
T520B227M006ATE0357111,2000,4.56565,KEMET,220.UF  6.0V
T520B227M006ATE0357652,2000,4.56565,KEMET,220.UF  6.0V
T520B227M006ATE0358000,2000,4.56565,KEMET,220.UF  6.0V
T520C686M010ATE0458000,500,4.57202,KEMET,68.0UF 10.0V
T521B226M025ATE1007706,360,4.57806,KEMET,22.0UF 25.0V
T521B226M025AT41467706,360,4.57806,KEMET,22.0UF 25.0V
T520B227M2R5ATE0217706,340,4.58056,KEMET,220.UF  2.5V
T520A156M010AHE0807706,380,4.59368,KEMET,15.0UF 10.0V
T520V157M006ATE0457706,340,4.64085,KEMET,150.UF  6.0V
T520B157M006ATE0187706,360,4.64239,KEMET,150.UF  6.0V
T520B157M004ATE0707706,360,4.64239,KEMET,150.UF  4.0V
T591B227M006ATE035,2000,4.64359,KEMET,CAP TANT POLY 220UF 6.3V 1411
T520C476M010ATE1007333,500,4.64462,KEMET,47.0UF 10.0V
T521B335M050AHE2007280,8000,4.65845,KEMET,CAP TANT POLY 3.3UF 50V 1411
T520T686M004ATE0707706,360,4.67478,KEMET,68.0UF  4.0V
T520T107M2R5ATE0707706,360,4.67478,KEMET,100.UF  2.5V
T520T336M008ATE0807706,360,4.67478,KEMET,33.0UF  8.0V
T591B157M004ATE0457706,360,4.83928,KEMET,150.UF  4.0V
T591B157M004ATE0557706,360,4.83928,KEMET,150.UF  4.0V
T591B225M050ATE2007706,360,4.83928,KEMET,2.20UF 50.0V
T598B157M006ATE0707706,360,4.83928,KEMET,150.UF  6.0V
T598B107M004ATE0457706,360,4.83928,KEMET,100.UF  4.0V
T598B107M004ATE0557706,360,4.83928,KEMET,100.UF  4.0V
T591B155K050ATE2007706,360,4.83928,KEMET,1.50UF 50.0V
T520C337M2R5ATE0457706,360,4.68119,KEMET,330.UF  2.5V
T520C227M004ATE0457706,360,4.68119,KEMET,220.UF  4.0V
T520B127M006ATE0357706,360,4.68119,KEMET,120.UF  6.0V
T520C227M004ATE0557706,360,4.68119,KEMET,220.UF  4.0V
T520C227M004ATE05577NT,345,4.68122,KEMET,220.UF  4.0V
T520A226M010AHE0807706,360,4.68556,KEMET,22.0UF 10.0V
T520B227M006ATE0252478,2000,4.68576,KEMET,220.UF  6.0V
T520B227M006ATE0257758,2000,4.68576,KEMET,220.UF  6.0V
T520B107M006AHE025,2000,4.688,KEMET,CAP TANT SMD POLYMER
T520B227M004ATE0457706,360,4.70211,KEMET,220.UF  4.0V
T523T476M016APE090,3000,4.70298,KEMET,CAP TANT SMD POLYMER
T520C336M006ATE1007706,320,4.70403,KEMET,33.0UF  6.0V
T520C107M006ATE04577NT,318,4.87038,KEMET,100.UF  6.0V
T598B336M010ATE0707706,320,4.87256,KEMET,33.0UF 10.0V
T520B336M006AHE0407706,360,4.87375,KEMET,33.0UF  6.0V
T520B686M006AHE0407706,360,4.71061,KEMET,68.0UF  6.0V
T520B107M004AHE0407706,360,4.71061,KEMET,100.UF  4.0V
T520B336M010AHE0407706,360,4.71061,KEMET,33.0UF 10.0V
T520B336M008AHE0407706,360,4.71061,KEMET,33.0UF  8.0V
T520T476M006ATE0707706,320,4.71178,KEMET,47.0UF  6.0V
T520B157M003ATE025,2000,5.12039,KEMET,CAP TANT POLY 150UF 3V 1411
T520B686M004ATE025,2000,4.71239,KEMET,CAP TANT POLY 68UF 4V 1411
T520C227M006ATE0458000,500,4.74782,KEMET,220.UF  6.0V
T520D227M006ATE0507280,2500,4.76645,KEMET,CAP TANT SMD POLYMER
T520B157M006ATE025E018,2000,4.77073,KEMET,150.UF  6.0V
T525B476M006AHE0807706,360,4.94289,KEMET,47.0UF  6.0V
T525B336M010AHE0807706,360,4.94289,KEMET,33.0UF 10.0V
T525B476M006AHE0707706,360,4.94289,KEMET,47.0UF  6.0V
T520B476M010AHE0707706,360,4.77744,KEMET,47.0UF 10.0V
T520V227M004ATE045Z164,1000,4.78247,KEMET,220.UF  4.0V
T520V227M004ATE0457622,1000,4.78247,KEMET,220.UF  4.0V
T520V227M004ATE045Z150,1000,4.78247,KEMET,220.UF  4.0V
T520V227M004ATE040Z160,1000,4.78247,KEMET,220.UF  4.0V
T520V227M004ATE0454539,1000,4.78247,KEMET,220.UF  4.0V
T520V686M010ATE0604539,1000,4.78247,KEMET,68.0UF 10.0V
T520V227M004ATE045Z160,1000,4.78247,KEMET,220.UF  4.0V
T520V227M004ATE0408000,1000,4.78247,KEMET,220.UF  4.0V
T520V107M010ATE0457111,1000,4.78247,KEMET,100.UF 10.0V
T520V107M010ATE045Z160,1000,4.78247,KEMET,100.UF 10.0V
T520V107M010ATE045Z164,1000,4.78247,KEMET,100.UF 10.0V
T520T156M12RATE0807706,320,4.78413,KEMET,15.0UF 12.5V
T520D157M006ATE009,500,4.78454,KEMET,CAP TANT POLY 150UF 6.3V 2917
T520C477M2R5ATE045,500,4.78454,KEMET,CAP TANT POLY 470UF 2.5V 2312
T520C337M004ATE045,500,4.78454,KEMET,CAP TANT SMD POLYMER
T520D157M006ATE055Z147,500,4.78454,KEMET,150.UF  6.0V
T520D157M006ATE055BLOQ,500,4.78454,KEMET,150.UF  6.0V
T520T476M006AHE0707706,340,4.78753,KEMET,47.0UF  6.0V
T520T336M006AHE0707706,340,4.78753,KEMET,33.0UF  6.0V
T520B107M006ATE0257706,360,4.79422,KEMET,100.UF  6.0V
T520V107M010ATE0457280,3000,4.79959,KEMET,CAP TANT SMD POLYMER
T520B107M004AHE0257706,320,4.80144,KEMET,100.UF  4.0V
T520B336M010AHE0357706,320,4.80144,KEMET,33.0UF 10.0V
T520C227M004ATE025,500,4.80456,KEMET,CAP TANT POLY 220UF 4V 2312
T520B157M004AHE025,2000,4.80985,KEMET,CAP TANT SMD POLYMER
T520C107M010ATE0454539,500,4.9771,KEMET,100.UF 10.0V
T520D157M006ATE045,500,4.8105,KEMET,150.UF  6.0V
T520D157M006ATE0557622,500,4.8105,KEMET,150.UF  6.0V
T520D157M006ATE0557650,500,4.8105,KEMET,150.UF  6.0V
T520D157M006ATE055Z150,500,4.8105,KEMET,150.UF  6.0V
T520T686M006ATE1507706,340,4.83594,KEMET,68.0UF  6.0V
T520D107M010ATE0807706,340,4.83738,KEMET,100.UF 10.0V
T591B157M006ATE0557706,360,5.01206,KEMET,150.UF  6.0V
T591B157M006ATE0457706,360,5.01206,KEMET,150.UF  6.0V
T598B157M004ATE0457706,360,5.01206,KEMET,150.UF  4.0V
T598B155K050ATE2007706,360,5.01206,KEMET,1.50UF 50.0V
T598B336M006ATE0807706,360,5.01206,KEMET,33.0UF  6.0V
T598B336M006ATE0707706,360,5.01206,KEMET,33.0UF  6.0V
T591B476M010ATE0707706,360,5.01206,KEMET,47.0UF 10.0V
T598B225M050ATE2007706,360,5.01206,KEMET,2.20UF 50.0V
T598B107M006ATE0457706,360,5.01206,KEMET,100.UF  6.0V
T520B476M008ATE0707706,360,4.85094,KEMET,47.0UF  8.0V
T520B337M2R5AHE0457706,320,4.85391,KEMET,330.UF  2.5V
T591B475M035ATE2007706,360,5.02942,KEMET,4.70UF 35.0V
T520C227M006ATE0457706,320,4.86322,KEMET,220.UF  6.0V
T520D157M006ATE0557333,500,4.8664,KEMET,150.UF  6.0V
T521B226M016ATE0907706,340,4.87629,KEMET,22.0UF 16.0V
T520C157M004ATE0457706,340,4.87629,KEMET,150.UF  4.0V
T520C157M006ATE0557706,340,4.87629,KEMET,150.UF  6.0V
T521B226M016ATE0707706,340,4.87629,KEMET,22.0UF 16.0V
T520T156M006ATE0707706,340,4.87629,KEMET,15.0UF  6.0V
T520T156M006ATE1007706,340,4.87629,KEMET,15.0UF  6.0V
T520B337M2R5ATE0157111,2000,4.88535,KEMET,330.UF  2.5V
T520B157M006ATE0357652,2000,4.887,KEMET,150.UF  6.0V
T520B157M006ATE0358000,2000,4.887,KEMET,150.UF  6.0V
T520B157M006ATE0354539,2000,4.887,KEMET,150.UF  6.0V
T520B157M004ATE0302478,2000,4.887,KEMET,150.UF  4.0V
T520D337M006ATE0407280,2500,4.88933,KEMET,CAP TANT SMD POLYMER
T520B227M006ATE0457706,340,4.89721,KEMET,220.UF  6.0V
T520B157M006AHE0457706,340,4.90038,KEMET,150.UF  6.0V
T520T107M006APE0707706,320,4.90638,KEMET,100.UF  6.0V
T529I157M006AAE200,3000,4.91751,KEMET,CAP TANT SMD POLYMER
T520C107M010ATE0458000,500,4.92364,KEMET,100.UF 10.0V
T520V337M2R5ATE0257280,3000,4.92928,KEMET,CAP TANT SMD POLYMER
T520B476M006ATE0357706,340,5.10532,KEMET,47.0UF  6.0V
T520B157M003ATE0407706,340,4.93588,KEMET,150.UF  3.0V
T520B227M004ATE025,2000,4.93616,KEMET,220.UF  4.0V
T520D157M010ATE0557280,2500,4.9371,KEMET,CAP TANT SMD POLYMER
T598B475M035ATE2007706,340,5.11565,KEMET,4.70UF 35.0V
T521W226M020ATE055,1000,4.94546,KEMET,CAP TANT SMD POLYMER
T521W226M020ATE070,1000,4.94546,KEMET,CAP TANT SMD POLYMER
T520A686M006ATE1507706,340,5.11915,KEMET,68.0UF  6.0V
T520B337M2R5ATE0137280,8000,4.94958,KEMET,CAP TANT POLY 330UF 2.5V 1411
T521B156M016ATE0907652,2000,4.952,KEMET,15.0UF 16.0V
T520B157M004ATE025,2000,4.95353,KEMET,CAP TANT SMD POLYMER
T520B227M2R5ATE0257706,340,4.9585,KEMET,220.UF  2.5V
T520B336M006ATE0357706,340,4.97456,KEMET,33.0UF  6.0V
T520B686M006ATE0357706,340,4.97456,KEMET,68.0UF  6.0V
T520C337M004ATE0457333,500,4.9964,KEMET,330.UF  4.0V
T520T566M2R5ATE0407706,340,4.99718,KEMET,56.0UF  2.5V
T520T107M004ATE1507706,340,4.99718,KEMET,100.UF  4.0V
T520T227M2R5ATE0707706,340,4.99718,KEMET,220.UF  2.5V
T520C157M010ATE0557333,500,4.99872,KEMET,150.UF 10.0V
T598D107M010ATE0807683,500,5.17936,KEMET,100.UF 10.0V
T591B225M050ATE1507706,340,5.18485,KEMET,2.20UF 50.0V
T598B157M006ATE0557706,340,5.18485,KEMET,150.UF  6.0V
T598B157M006ATE0457706,340,5.18485,KEMET,150.UF  6.0V
T520B336M008ATE0357706,340,5.01129,KEMET,33.0UF  8.0V
T523K156M020APE1507652,3000,5.20212,KEMET,15.0UF 20.0V
T591D157M006ATE0257280,2500,5.04552,KEMET,CAP TANT POLY 150UF 6.3V 2917
T520B227M006AHE0358000,2000,5.0514,KEMET,220.UF  6.0V
T520D337M006ATE0457622,500,5.0571,KEMET,330.UF  6.0V
T520D337M006AT4047,500,5.0571,KEMET,330.UF  6.0V
T520D157M006ATE0097706,300,5.23333,KEMET,150.UF  6.0V
T520C477M2R5ATE0457706,300,5.05813,KEMET,470.UF  2.5V
T598D107M010AT4143,500,5.2372,KEMET,100.UF 10.0V
T520C686M010ATE0457706,320,5.07125,KEMET,68.0UF 10.0V
T520C476M010ATE1007706,320,5.07125,KEMET,47.0UF 10.0V
T520C686M006ATE1007706,320,5.07125,KEMET,68.0UF  6.0V
T520C826M008ATE0457706,320,5.07125,KEMET,82.0UF  8.0V
T520C227M2R5ATE0457706,320,5.07125,KEMET,220.UF  2.5V
T591B227M006ATE0707706,300,5.24957,KEMET,220.UF  6.0V
T525T336M008ATE0807706,300,5.24957,KEMET,33.0UF  8.0V
T520B337M006ATE0707706,300,5.07387,KEMET,330.UF  6.0V
T520B107M003ATE0407706,340,5.07476,KEMET,100.UF  3.0V
T520B227M004AHE0457706,320,5.07769,KEMET,220.UF  4.0V
T520B227M2R5AHE0357706,320,5.07769,KEMET,220.UF  2.5V
T520B476M008AHE0357706,340,5.07818,KEMET,47.0UF  8.0V
T520B107M006AHE0407706,340,5.07818,KEMET,100.UF  6.0V
T520C337M2R5ATE0257706,300,5.0791,KEMET,330.UF  2.5V
T520D107M010ATE0552478,500,5.07942,KEMET,100.UF 10.0V
T520D107M010ATE0554125,500,5.07942,KEMET,100.UF 10.0V
T525T476M006AHE0807706,300,5.26327,KEMET,47.0UF  6.0V
T520D107M010ATE0554539,500,5.08786,KEMET,100.UF 10.0V
T520D107M010ATE0557111,500,5.08786,KEMET,100.UF 10.0V
T520D107M010ATE0557622,500,5.08786,KEMET,100.UF 10.0V
T520D107M010ATE0558000,500,5.08786,KEMET,100.UF 10.0V
T521B684M050ATE2007706,320,5.09372,KEMET,.680UF 50.0V
T520B227M006ATE0257028,2000,5.09684,KEMET,220.UF  6.0V
T520B227M006ATE0258000,2000,5.09684,KEMET,220.UF  6.0V
T520B227M006ATE0257652,2000,5.09684,KEMET,220.UF  6.0V
T520C157M006ATE0252478,500,5.10986,KEMET,150.UF  6.0V
T598D337M006AT4143,500,5.28854,KEMET,330.UF  6.0V
T520B686M004ATE0407706,340,5.11491,KEMET,68.0UF  4.0V
T520B107M004ATE0357706,340,5.11491,KEMET,100.UF  4.0V
T520V227M004ATE040Z164,1000,5.11672,KEMET,220.UF  4.0V
T520C157M006ATE0257650,500,5.12276,KEMET,150.UF  6.0V
T520B107M006AHE018,2000,5.12992,KEMET,CAP TANT SMD POLYMER
T520T107M2R5AHE0707706,320,5.14206,KEMET,100.UF  2.5V
T520B227M2R5ATE0157111,2000,5.14728,KEMET,220.UF  2.5V
T520B227M2R5ATE0158000,2000,5.14728,KEMET,220.UF  2.5V
T520B227M2R5ATE015KTET,2000,5.14728,KEMET,220.UF  2.5V
T520D107M010ATE0557333,500,5.16064,KEMET,100.UF 10.0V
T520V157M006ATE0158000,1000,5.16411,KEMET,150.UF  6.0V
T520V157M006ATE0157111,1000,5.16411,KEMET,150.UF  6.0V
T591D107M010ATE0807706,340,5.35771,KEMET,100.UF 10.0V
T591D107M010AT49027706,340,5.35771,KEMET,100.UF 10.0V
T525T476M006ATE0807706,340,5.35771,KEMET,47.0UF  6.0V
T521W226M020ATE040,1000,5.17899,KEMET,CAP TANT SMD POLYMER
T521B335M050AHE200,2000,5.18491,KEMET,CAP TANT POLY 3.3UF 50V 1411
T520B107M2R5ATE0357706,320,5.19063,KEMET,100.UF  2.5V
T521B556M016ATE0707654,2000,5.20339,KEMET,55.0UF 16.0V
T598B227M2R5ATE0257706,300,5.38533,KEMET,220.UF  2.5V
T520D337M006ATE0257652,500,5.21274,KEMET,330.UF  6.0V
T520D337M006ATE0257608,500,5.21274,KEMET,330.UF  6.0V
T520D337M006ATE0257111,500,5.21274,KEMET,330.UF  6.0V
T520D337M006ATE0407622,500,5.21274,KEMET,330.UF  6.0V
T520D337M006ATE0404539,500,5.21274,KEMET,330.UF  6.0V
T520D337M006ATE0407608,500,5.21274,KEMET,330.UF  6.0V
T520D337M006ATE0452478,500,5.21274,KEMET,330.UF  6.0V
T520D337M006ATE0408000,500,5.21274,KEMET,330.UF  6.0V
T520V157M006ATE04577NT,340,5.21512,KEMET,150.UF  6.0V
T520V157M006ATE0407706,340,5.21512,KEMET,150.UF  6.0V
T520B227M006AHE035,2000,5.21794,KEMET,CAP TANT SMD POLYMER
T520C157M006ATE0257706,300,5.23787,KEMET,150.UF  6.0V
T520M227M006ATE035,2500,5.23847,KEMET,220.UF  6.0V
T520D337M006AT4551,500,5.24052,KEMET,330.UF  6.0V
T520C226M016ATE0802478,500,5.24316,KEMET,22.0UF 16.0V
T520B157M004AHE018,2000,5.2509,KEMET,CAP TANT SMD POLYMER
T521B684M063ATE2007706,320,5.25497,KEMET,.680UF 63.0V
T525B476M006ATE0807706,320,5.43725,KEMET,47.0UF  6.0V
T525B476M006ATE0707706,320,5.43725,KEMET,47.0UF  6.0V
T525B686M006ATE0807706,320,5.43725,KEMET,68.0UF  6.0V
T520C107M006ATE0457706,320,5.25525,KEMET,100.UF  6.0V
T525B336M010ATE0807706,320,5.43725,KEMET,33.0UF 10.0V
T598B476M006ATE0707706,320,5.44419,KEMET,47.0UF  6.0V
T598B336M010ATE0807706,320,5.44419,KEMET,33.0UF 10.0V
T520T336M006ATE0707706,320,5.26634,KEMET,33.0UF  6.0V
T520C226M016ATE0804539,500,5.27542,KEMET,22.0UF 16.0V
T520C157M010ATE045,500,5.27542,KEMET,150.UF 10.0V
T520C157M010ATE0557622,500,5.27542,KEMET,150.UF 10.0V
T520C157M010ATE0554539,500,5.27542,KEMET,150.UF 10.0V
T520V337M2R5ATE0258000,1000,5.27566,KEMET,330.UF  2.5V
T520V337M2R5ATE040Z150,1000,5.45837,KEMET,330.UF  2.5V
T520V337M2R5ATE0407622,1000,5.45837,KEMET,330.UF  2.5V
T520V337M2R5ATE040Z164,1000,5.27566,KEMET,330.UF  2.5V
T520V337M2R5ATE0408000,1000,5.45837,KEMET,330.UF  2.5V
T520D337M006ATE0257333,500,5.27608,KEMET,330.UF  6.0V
T520V686M010ATE100,1000,5.28385,KEMET,CAP TANT POLY 68UF 10V 2917
T520V227M004ATE040,1000,5.28385,KEMET,CAP TANT POLY 220UF 4V 2917
T520V227M004ATE0458000,1000,5.28385,KEMET,220.UF  4.0V
T520V227M004ATE040Z150,1000,5.28385,KEMET,220.UF  4.0V
T520V107M010ATE0458000,1000,5.28385,KEMET,100.UF 10.0V
T520V107M010ATE0457028,1000,5.28385,KEMET,100.UF 10.0V
T520V107M010ATE015,1000,5.28385,KEMET,100.UF 10.0V
T520B157M006ATE0457706,320,5.28728,KEMET,150.UF  6.0V
T520B157M004ATE0407706,320,5.28728,KEMET,150.UF  4.0V
T520B157M004ATE0357706,320,5.28728,KEMET,150.UF  4.0V
T598D107M010AT41437706,300,5.47347,KEMET,100.UF 10.0V
T520C826M008ATE0257706,280,5.30457,KEMET,82.0UF  8.0V
T520D227M006ATE0407280,2500,5.30826,KEMET,CAP TANT SMD POLYMER
T598D157M006ATE0257280,2500,5.3158,KEMET,CAP TANT POLY 150UF 6.3V 2917
T520T107M006APE0557706,320,5.31959,KEMET,100.UF  6.0V
T520T107M2R5ATE0407706,320,5.31959,KEMET,100.UF  2.5V
T520T107M006ATE0707706,320,5.31959,KEMET,100.UF  6.0V
T520T106M12RATE0807706,320,5.31959,KEMET,10.0UF 12.5V
T520T106M12RATE1507706,320,5.31959,KEMET,10.0UF 12.5V
T520T336M008ATE0707706,320,5.31959,KEMET,33.0UF  8.0V
T520V157M006ATE012,1000,5.32106,KEMET,CAP TANT POLY 150UF 6.3V 2917
T520V107M010ATE0457333,1000,5.3419,KEMET,100.UF 10.0V
T520B227M004ATE0357706,320,5.34697,KEMET,220.UF  4.0V
T520B157M006ATE0357706,280,5.34768,KEMET,150.UF  6.0V
T520V227M006ATE0407111,1000,5.34835,KEMET,220.UF  6.0V
T520V227M006ATE0408000,1000,5.34835,KEMET,220.UF  6.0V
T520V227M006ATE0407622,1000,5.34835,KEMET,220.UF  6.0V
T520V227M006ATE040Z160,1000,5.34835,KEMET,220.UF  6.0V
T520V227M006ATE040Z164,1000,5.34835,KEMET,220.UF  6.0V
T520C107M006AHE045,500,5.3606,KEMET,CAP TANT POLY 100UF 6.3V 2312
T520C337M2R5AHE045,500,5.3606,KEMET,CAP TANT SMD POLYMER
T520C686M010AHE045,500,5.3606,KEMET,CAP TANT SMD POLYMER
T520V227M004ATE025Z164,1000,5.36712,KEMET,220.UF  4.0V
T520V227M004ATE025Z150,1000,5.36712,KEMET,220.UF  4.0V
T520V227M004ATE045E025,1000,5.36712,KEMET,220.UF  4.0V
T520V686M010ATE0408000,1000,5.36712,KEMET,68.0UF 10.0V
T520V686M010ATE0602478,1000,5.36712,KEMET,68.0UF 10.0V
T520V686M010ATE0458000,1000,5.36712,KEMET,68.0UF 10.0V
T520V107M010ATE0254539,1000,5.36712,KEMET,100.UF 10.0V
T520V107M010ATE0452478,1000,5.36712,KEMET,100.UF 10.0V
T520V107M010ATE0502478,1000,5.36712,KEMET,100.UF 10.0V
T520B337M2R5AHE018,2000,5.37159,KEMET,CAP TANT SMD POLYMER
T520D337M006ATE0457706,280,5.38546,KEMET,330.UF  6.0V
T591D337M006ATE0407706,280,5.57718,KEMET,330.UF  6.0V
T520D107M010ZTE080,500,5.40178,KEMET,100.UF 10.0V
T520D107M010ZTE025ZK11,750,5.40183,KEMET,100.UF 10.0V
T520D107M010ZTE080ZK11,750,5.40183,KEMET,100.UF 10.0V
T520V157M006ATE0187706,280,5.40646,KEMET,150.UF  6.0V
T520C477M2R5ATE025,500,5.40756,KEMET,CAP TANT SMD POLYMER
T520C337M004ATE0258000,500,5.40756,KEMET,330.UF  4.0V
T521B155M050ATE2007706,300,5.4162,KEMET,1.50UF 50.0V
T520C226M016ATE0807706,280,5.41707,KEMET,22.0UF 16.0V
T520D477M004ATE0407280,2500,5.42145,KEMET,CAP TANT SMD POLYMER
T520V337M2R5ATE040,1000,5.42443,KEMET,CAP TANT POLY 330UF 2.5V 2917
T520V337M2R5ATE045,1000,5.89408,KEMET,CAP TANT POLY 330UF 2.5V 2917
T520V337M2R5ATE040Z160,1000,5.42443,KEMET,330.UF  2.5V
T520V337M2R5ATE045Z160,1000,5.61229,KEMET,330.UF  2.5V
T520V107M010ATE0257333,1000,5.42559,KEMET,100.UF 10.0V
T520C157M010ATE05577NT,276,5.4258,KEMET,150.UF 10.0V
T520C337M2R5ATE018,500,5.4274,KEMET,CAP TANT SMD POLYMER
T520D337M006ATE0157280,2500,5.43009,KEMET,CAP TANT SMD POLYMER
T520D337M006ATE0187280,2500,5.43009,KEMET,CAP TANT SMD POLYMER
T520T476M006AHE0407706,300,5.4322,KEMET,47.0UF  6.0V
T520V227M004AT0E025,1000,5.43253,KEMET,CAP TANT POLY 220UF 4V 2917
T521B105M050ATE2007706,320,5.63428,KEMET,1.00UF 50.0V
T520B476M010AHE0357706,320,5.44569,KEMET,47.0UF 10.0V
T520A686M006ATE0707706,320,5.44906,KEMET,68.0UF  6.0V
T520C107M010ATE0457706,300,5.46143,KEMET,100.UF 10.0V
T520C337M004ATE0457706,300,5.46143,KEMET,330.UF  4.0V
T520T336M010ATE0807706,300,5.46143,KEMET,33.0UF 10.0V
T520C337M004ATE04577NT,296,5.46149,KEMET,330.UF  4.0V
T520B107M006ATE0187706,320,5.46222,KEMET,100.UF  6.0V
T520B107M006ATE0157706,280,5.46964,KEMET,100.UF  6.0V
T520C227M006ATE0452478,500,5.47454,KEMET,220.UF  6.0V
T520D157M010ATE0407280,2500,5.47746,KEMET,CAP TANT SMD POLYMER
T520T686M006ATE0707706,300,5.48073,KEMET,68.0UF  6.0V
T520C227M004ATE0257706,300,5.48707,KEMET,220.UF  4.0V
T591B157M006ATE0707280,8000,5.5047,KEMET,CAP TANT POLY 150UF 6.3V 1411
T520B106M016AHE1007706,320,5.70328,KEMET,10.0UF 16.0V
T525T107M2R5ATE0807706,320,5.70328,KEMET,100.UF  2.5V
T520B476M008ATE0357706,320,5.51909,KEMET,47.0UF  8.0V
T520C107M010ATE0452478,500,5.71154,KEMET,100.UF 10.0V
T520D157M006ATE0254539,500,5.52036,KEMET,150.UF  6.0V
T520D157M006ATE0158000,500,5.71154,KEMET,150.UF  6.0V
T520D157M006ATE0552478,500,5.52036,KEMET,150.UF  6.0V
T520B227M004ATE0257706,280,5.53107,KEMET,220.UF  4.0V
T520D227M006ATE045,500,5.53756,KEMET,220.UF  6.0V
T520B227M006ATE0357706,300,5.5419,KEMET,220.UF  6.0V
T520B157M006AHE0357706,300,5.54523,KEMET,150.UF  6.0V
T520D107M010ATE0187706,260,5.54723,KEMET,100.UF 10.0V
T598B476M010ATE0707706,320,5.74472,KEMET,47.0UF 10.0V
T520C157M006ATE015,500,5.57692,KEMET,CAP TANT SMD POLYMER
T520C157M004ATE015,500,5.57692,KEMET,CAP TANT SMD POLYMER
T521B155M063ATE2007706,300,5.57747,KEMET,1.50UF 63.0V
T521B225M050ATE2007706,300,5.57747,KEMET,2.20UF 50.0V
T520B157M003ATE0357706,300,5.5805,KEMET,150.UF  3.0V
T520C157M004ATE0157706,260,5.58062,KEMET,150.UF  4.0V
T520C157M006ATE0157706,260,5.58062,KEMET,150.UF  6.0V
T520B337M2R5ATE0137652,2000,5.58693,KEMET,330.UF  2.5V
T520D157M006ATE0257333,500,5.78512,KEMET,150.UF  6.0V
T520C227M006ATE0257706,280,5.59664,KEMET,220.UF  6.0V
T520B476M006ATE0257706,300,5.79657,KEMET,47.0UF  6.0V
T520B227M2R5ATE0187706,300,5.6031,KEMET,220.UF  2.5V
T521B105M063ATE2007706,300,5.80713,KEMET,1.00UF 63.0V
T520T336M010ATE0707706,280,5.62439,KEMET,33.0UF 10.0V
T520C477M2R5AHE045,500,5.6325,KEMET,CAP TANT POLY 470UF 2.5V 2312
T598B107M2R5ATE0707706,300,5.8348,KEMET,100.UF  2.5V
T520T107M004ATE0707706,300,5.64197,KEMET,100.UF  4.0V
T521B476M016ATE0907706,300,5.64197,KEMET,47.0UF 16.0V
T520B336M006ATE0257706,300,5.83823,KEMET,33.0UF  6.0V
T520B686M006ATE0257706,300,5.6428,KEMET,68.0UF  6.0V
T520C477M2R5AHE0457706,260,5.64296,KEMET,470.UF  2.5V
T520D107M010ATE0557706,300,5.64337,KEMET,100.UF 10.0V
T520B157M004ATE0257706,260,5.65662,KEMET,150.UF  4.0V
T520D157M006ATE0457706,300,5.85533,KEMET,150.UF  6.0V
T520D157M006ATE0557706,300,5.65933,KEMET,150.UF  6.0V
T521V476M016ATE045,1000,5.65945,KEMET,47.0UF 16.0V
T521V476M016ATE0708000,1000,5.65945,KEMET,47.0UF 16.0V
T521V476M016ATE090,1000,5.65945,KEMET,47.0UF 16.0V
T520V227M004ATE0407706,260,5.67062,KEMET,220.UF  4.0V
T520V686M010ATE1007706,260,5.67062,KEMET,68.0UF 10.0V
T520V227M004ATE0457706,260,5.67062,KEMET,220.UF  4.0V
T520V107M010ATE04577NT,260,5.67062,KEMET,100.UF 10.0V
T520V107M010ATE0557706,260,5.67062,KEMET,100.UF 10.0V
T520V107M010ATE0157706,260,5.67062,KEMET,100.UF 10.0V
T520V107M010ATE0507706,260,5.67062,KEMET,100.UF 10.0V
T520C337M2R5ATE0184539,500,5.6735,KEMET,330.UF  2.5V
T520B227M006AHE0707706,300,5.67423,KEMET,220.UF  6.0V
T520D337M006ATE0258000,500,5.67698,KEMET,330.UF  6.0V
T520D337M006ATE0257650,500,5.67698,KEMET,330.UF  6.0V
T520D337M006ATE0257622,500,5.67698,KEMET,330.UF  6.0V
T591B227M006AT49027706,300,5.87617,KEMET,220.UF  6.0V
T591B227M006AT41467706,300,5.87617,KEMET,220.UF  6.0V
T520B336M008ATE0257706,300,5.67947,KEMET,33.0UF  8.0V
T520B337M006ATE0407706,300,5.67947,KEMET,330.UF  6.0V
T520C157M004ATE0257706,300,5.68223,KEMET,150.UF  4.0V
T520B227M2R5AHE015,2000,5.68889,KEMET,CAP TANT SMD POLYMER
T520B107M003ATE0257706,280,5.88671,KEMET,100.UF  3.0V
T520D337M006ATE0257706,260,5.69288,KEMET,330.UF  6.0V
T520D337M006ATE0407706,260,5.69288,KEMET,330.UF  6.0V
T520B337M2R5ATE012,2000,5.7194,KEMET,CAP TANT SMD POLYMER
T520V337M006ATE0457028,1000,5.92886,KEMET,330.UF  6.0V
T520V337M006ATE0408000,1000,5.92886,KEMET,330.UF  6.0V
T520V337M006ATE016,1000,5.7304,KEMET,330.UF  6.0V
T520D337M006ATE0407333,500,5.7385,KEMET,330.UF  6.0V
T520B107M003ATE0357706,300,5.74287,KEMET,100.UF  3.0V
T520B107M006AHE0357706,300,5.74617,KEMET,100.UF  6.0V
T520V227M004ATE0257622,1000,5.75041,KEMET,220.UF  4.0V
T520B107M006ANE050,2000,5.75046,KEMET,100.UF  6.0V
T598B107M2R5ATE0557706,300,5.96257,KEMET,100.UF  2.5V
T598B107M2R5ATE0457706,300,5.96257,KEMET,100.UF  2.5V
T598D107M010ATE0257652,500,5.96428,KEMET,100.UF 10.0V
T521D336M025AHE0407280,3000,5.76885,KEMET,CAP TANT POLY 33UF 25V 2917
T521V476M016AHE0407280,10000,5.78067,KEMET,CAP TANT POLY 47UF 16V 2917
T520B107M004ATE0257706,300,5.7831,KEMET,100.UF  4.0V
T520B686M004ATE0357706,300,5.7831,KEMET,68.0UF  4.0V
T520D227M010ATE0407280,2500,5.78571,KEMET,CAP TANT SMD POLYMER
T520T107M2R5AHE0407706,280,5.78686,KEMET,100.UF  2.5V
T520C107M010ATE0257706,260,6.00388,KEMET,100.UF 10.0V
T520D157M006ATE0157706,260,6.00388,KEMET,150.UF  6.0V
T520V227M006ATE045,1000,5.80863,KEMET,CAP TANT POLY 220UF 6.3V 2917
T520D337M006AT40477706,280,5.81282,KEMET,330.UF  6.0V
T520D337M006AT45517706,280,5.81282,KEMET,330.UF  6.0V
T520B107M2R5ATE0257706,280,5.83529,KEMET,100.UF  2.5V
T520D477M004AT4801,500,5.83724,KEMET,470.UF  4.0V
T520D477M004ATE0407608,500,5.83724,KEMET,470.UF  4.0V
T520D477M004ATE0407622,500,5.83724,KEMET,470.UF  4.0V
T520D227M006ATE0157454,2500,5.83833,KEMET,220.UF  6.0V
T520D227M006ATE0157280,2500,5.84571,KEMET,CAP TANT SMD POLYMER
T591D107M010ATE0407706,300,6.04897,KEMET,100.UF 10.0V
T520V227M006ATE0257280,3000,5.84711,KEMET,CAP TANT SMD POLYMER
T520V227M006ATE0187280,3000,5.84711,KEMET,CAP TANT SMD POLYMER
T520V337M006ATE0257280,3000,5.84711,KEMET,CAP TANT SMD POLYMER
T520D337M006ATE0184539,500,5.8475,KEMET,330.UF  6.0V
T520D337M006ATE0157028,500,5.8475,KEMET,330.UF  6.0V
T520D337M006ATE0402478,500,5.8475,KEMET,330.UF  6.0V
T520D337M006ATE0157111,500,5.8475,KEMET,330.UF  6.0V
T520D337M006ATE0157622,500,5.8475,KEMET,330.UF  6.0V
T520D337M006ATE0188000,500,5.8475,KEMET,330.UF  6.0V
T520D337M006ATE040E025,500,5.8475,KEMET,330.UF  6.0V
T520C157M010ATE0557706,280,5.85154,KEMET,150.UF 10.0V
T521T336M016ATE0457280,2500,5.85318,KEMET,CAP TANT POLY 33UF 16V 1411
T591D157M006ATE045,500,5.85394,KEMET,CAP TANT POLY 150UF 6.3V 2917
T520V227M004ATE018,1000,5.86255,KEMET,CAP TANT SMD POLYMER
T520V227M004ATE0258000,1000,5.86255,KEMET,220.UF  4.0V
T520V227M004ATE025Z160,1000,5.86255,KEMET,220.UF  4.0V
T520V227M004ATE0157280,3000,5.86398,KEMET,CAP TANT SMD POLYMER
T520T476M006ATE0407706,280,5.8725,KEMET,47.0UF  6.0V
T520C227M2R5ATE0257706,280,5.87721,KEMET,220.UF  2.5V
T520D157M010ATE0554539,500,5.89248,KEMET,150.UF 10.0V
T520D157M010ATE0557622,500,5.89248,KEMET,150.UF 10.0V
T520D157M010AT4047,500,6.09656,KEMET,150.UF 10.0V
T520V157M006ATE0098000,1000,5.89943,KEMET,150.UF  6.0V
T520V337M2R5ATE0252478,1000,5.90207,KEMET,330.UF  2.5V
T520V337M2R5ATE0157627,1000,5.90207,KEMET,330.UF  2.5V
T520V337M2R5ATE0154539,1000,5.90207,KEMET,330.UF  2.5V
T520C226M016AHE080,500,5.90306,KEMET,CAP TANT SMD POLYMER
T520C157M010AHE055,500,5.90306,KEMET,CAP TANT SMD POLYMER
T520B157M006ATE0257706,260,5.90438,KEMET,150.UF  6.0V
T520V686M010ATE0607706,260,5.91712,KEMET,68.0UF 10.0V
T520V227M004ATE0257333,1000,6.12521,KEMET,220.UF  4.0V
T520B157M004ATE0307706,280,5.93214,KEMET,150.UF  4.0V
T520V337M006ATE040E025,1000,6.13847,KEMET,330.UF  6.0V
T520V337M006ATE0257622,1000,6.13847,KEMET,330.UF  6.0V
T520V337M006ATE0257652,1000,5.933,KEMET,330.UF  6.0V
T520V337M006ATE0402478,1000,5.933,KEMET,330.UF  6.0V
T520V337M006ATE0254539,1000,5.933,KEMET,330.UF  6.0V
T520V227M006ATE0402478,1000,5.933,KEMET,220.UF  6.0V
T520V227M006ATE025Z164,1000,5.933,KEMET,220.UF  6.0V
T520V227M006ATE025Z160,1000,5.933,KEMET,220.UF  6.0V
T520V227M006ATE0257561,1000,5.933,KEMET,220.UF  6.0V
T520V227M006ATE0257608,1000,5.933,KEMET,220.UF  6.0V
T520V227M006ATE0257622,1000,5.933,KEMET,220.UF  6.0V
T520V227M006ATE0257111,1000,5.933,KEMET,220.UF  6.0V
T520V227M006ATE025Z147,1000,5.933,KEMET,220.UF  6.0V
T520V227M006ATE0257028,1000,5.933,KEMET,220.UF  6.0V
T520V227M006ATE0258000,1000,5.933,KEMET,220.UF  6.0V
T520D227M006ATE0507706,260,5.94096,KEMET,220.UF  6.0V
T521B476M016ATE0557706,260,5.94988,KEMET,47.0UF 16.0V
T520V227M004ATE0252478,1000,6.1579,KEMET,220.UF  4.0V
T520V227M004ATE0124539,1000,6.1579,KEMET,220.UF  4.0V
T520V227M004ATE0158000,1000,6.1579,KEMET,220.UF  4.0V
T520V227M004ATE0157622,1000,5.95177,KEMET,220.UF  4.0V
T520V686M010ATE0258000,1000,5.95177,KEMET,68.0UF 10.0V
T598D107M010ATE0807706,300,6.16133,KEMET,100.UF 10.0V
T520D477M004ATE0187280,2500,5.95808,KEMET,CAP TANT SMD POLYMER
T520D157M010ATE0557333,500,5.96344,KEMET,150.UF 10.0V
T520T336M010AHE0707706,280,5.96436,KEMET,33.0UF 10.0V
T520V337M2R5ATE0157333,1000,5.96467,KEMET,330.UF  2.5V
T520D337M006ATE0107280,2500,5.96661,KEMET,CAP TANT SMD POLYMER
T520C337M2R5AHE025,500,5.97666,KEMET,CAP TANT SMD POLYMER
T520C107M006AHE025,500,5.97666,KEMET,CAP TANT SMD POLYMER
T520C227M004AHE025,500,5.97666,KEMET,CAP TANT SMD POLYMER
T520D477M004ATE012NTSM,2500,5.98467,KEMET,470.UF  4.0V
T520V227M006ATE0257333,1000,5.99147,KEMET,220.UF  6.0V
T520V337M2R5ATE0097280,3000,5.99174,KEMET,CAP TANT SMD POLYMER
T591D337M006ATE0807706,280,6.2045,KEMET,330.UF  6.0V
T520V337M2R5ATE018,1000,6.0018,KEMET,CAP TANT POLY 330UF 2.5V 2917
T520V227M004ATE0157333,1000,6.01024,KEMET,220.UF  4.0V
T520D686M010ATE1004539,500,6.01306,KEMET,68.0UF 10.0V
T598D337M006ATE0807706,280,6.22193,KEMET,330.UF  6.0V
T591B227M006ATE0457706,280,6.22193,KEMET,220.UF  6.0V
T598D337M006AT41437706,280,6.22193,KEMET,330.UF  6.0V
T591B227M006ATE0707280,8000,6.01472,KEMET,CAP TANT POLY 220UF 6.3V 1411
T520B476M006AHE0257706,280,6.25646,KEMET,47.0UF  6.0V
T520B336M010AHE0257706,280,6.04704,KEMET,33.0UF 10.0V
T520V157M006ATE0257706,280,6.05029,KEMET,150.UF  6.0V
T520B106M016ATE1007706,280,6.27357,KEMET,10.0UF 16.0V
T521V686M016ATE060,1000,6.27366,KEMET,68.0UF 16.0V
T520V107M010ATE0457706,260,6.06788,KEMET,100.UF 10.0V
T591D337M006ATE0257706,280,6.291,KEMET,330.UF  6.0V
T520D477M004ATE0407111,500,6.09028,KEMET,470.UF  4.0V
T520C107M006ATE0257706,280,6.30139,KEMET,100.UF  6.0V
T520V337M2R5ATE0097650,1000,6.30429,KEMET,330.UF  2.5V
T520V337M2R5ATE0094539,1000,6.09326,KEMET,330.UF  2.5V
T520V337M2R5ATE0152478,1000,6.09326,KEMET,330.UF  2.5V
T520V337M2R5ATE0097028,1000,6.09326,KEMET,330.UF  2.5V
T520V337M2R5ATE0098000,1000,6.09326,KEMET,330.UF  2.5V
T520V337M2R5ATE0124539,1000,6.09326,KEMET,330.UF  2.5V
T520V337M2R5ATE0097608,1000,6.09326,KEMET,330.UF  2.5V
T520T336M010ATE0407706,280,6.10611,KEMET,33.0UF 10.0V
T520V157M006ATE0127706,260,6.10985,KEMET,150.UF  6.0V
T520D227M2R5ATE009,500,6.14454,KEMET,220.UF  2.5V
T520D227M2R5ATE006,500,6.14454,KEMET,220.UF  2.5V
T521V476M016ATE080,1000,6.14999,KEMET,CAP TANT SMD POLYMER
T521V686M016AT4146,1000,6.36298,KEMET,68.0UF 16.0V
T598D157M010ATE045,500,6.16024,KEMET,CAP TANT POLY 150UF 10V 2917
T598D157M006ATE045,500,6.16024,KEMET,CAP TANT POLY 150UF 6.3V 2917
T520C107M006AHE0257706,500,6.39036,KEMET,100.UF  6.0V
T521V476M025ATE060,1000,6.39857,KEMET,CAP ALUM POLY 47UF 20% 25V SMD
T520V157M010ATE0404539,1000,6.18522,KEMET,150.UF 10.0V
T520B227M006ATE0257706,280,6.18675,KEMET,220.UF  6.0V
T521V476M016ATE0407280,3000,6.19084,KEMET,CAP TANT POLY 47UF 16V 2917
T521V686M016ATE0407280,3000,6.19084,KEMET,CAP TANT POLY 68UF 16V 2917
T521T336M016ATE0557652,3000,6.41625,KEMET,33.0UF 16.0V
T521T476M016ATE090,3000,6.41625,KEMET,47.0UF 16.0V
T521T476M016ATE0907607,3000,6.20148,KEMET,47.0UF 16.0V
T520C686M010AHE0457706,260,6.20592,KEMET,68.0UF 10.0V
T520C337M2R5AHE0457706,260,6.20592,KEMET,330.UF  2.5V
T520B157M003ATE0257706,260,6.22531,KEMET,150.UF  3.0V
T521B106M020ATE1007706,260,6.24154,KEMET,10.0UF 20.0V
T520C477M2R5AHE025,500,6.24576,KEMET,CAP TANT SMD POLYMER
T520C227M006AHE025,500,6.24576,KEMET,CAP TANT SMD POLYMER
T520V157M010ATE0407333,1000,6.24782,KEMET,150.UF 10.0V
T520B227M2R5ATE0157706,260,6.24788,KEMET,220.UF  2.5V
T520C477M2R5ATE0257706,260,6.26731,KEMET,470.UF  2.5V
T520C337M004ATE0257706,260,6.26731,KEMET,330.UF  4.0V
T520D227M010ATE0407622,500,6.26758,KEMET,220.UF 10.0V
T520D227M010ATE0408000,500,6.26758,KEMET,220.UF 10.0V
T521V476M016ATE0557280,2500,6.28032,KEMET,CAP TANT POLY 47UF 16V 2917
T591D157M010ATE025,500,6.2823,KEMET,CAP TANT POLY 150UF 10V 2917
T521B335M050ATE2007706,260,6.28669,KEMET,3.30UF 50.0V
T520C337M2R5ATE0187706,260,6.29304,KEMET,330.UF  2.5V
T520C227M004ATE0187706,260,6.29304,KEMET,220.UF  4.0V
T521T336M016ATE070,3000,6.29603,KEMET,CAP TANT SMD POLYMER
T520B337M2R5ATE0187706,280,6.31079,KEMET,330.UF  2.5V
T521V686M016AHE0407280,10000,6.31776,KEMET,CAP TANT POLY 68UF 16V 2917
T520D227M010ATE0257280,2500,6.31972,KEMET,CAP TANT SMD POLYMER
T520D227M010ATE0187280,2500,6.31972,KEMET,CAP TANT SMD POLYMER
T520B107M006AHE0187706,240,6.31992,KEMET,100.UF  6.0V
T520D227M010ATE0407333,500,6.3311,KEMET,220.UF 10.0V
T591D157M006ATE0457706,240,6.55233,KEMET,150.UF  6.0V
T598V107M010ATE045,1000,6.33324,KEMET,CAP TANT POLY 100UF 10V 2917
T520D157M010ATE0407608,500,6.34334,KEMET,150.UF 10.0V
T523K156M020APE1507706,300,6.56747,KEMET,15.0UF 20.0V
T591B227M006ATE0357706,280,6.56754,KEMET,220.UF  6.0V
T521W226M020ATE0557706,280,6.56754,KEMET,22.0UF 20.0V
T521W226M020ATE0707706,280,6.56754,KEMET,22.0UF 20.0V
T520D337M006ATE0187333,500,6.3506,KEMET,330.UF  6.0V
T520B157M004AHE0257706,260,6.36715,KEMET,150.UF  4.0V
T520V337M006ATE0157280,3000,6.37374,KEMET,CAP TANT SMD POLYMER
T520D227M006ATE0408000,500,6.60032,KEMET,220.UF  6.0V
T520D227M006ATE0502478,500,6.37938,KEMET,220.UF  6.0V
T520D227M006ATE0407111,500,6.37938,KEMET,220.UF  6.0V
T520D227M006ATE0404539,500,6.37938,KEMET,220.UF  6.0V
T520D157M010AHE055,500,6.38104,KEMET,CAP TANT POLY 150UF 10V 2917
T520D227M006AHE050,500,6.38104,KEMET,CAP TANT POLY 220UF 6.3V 2917
T520D337M006AHE045,500,6.38104,KEMET,CAP TANT SMD POLYMER
T520D157M006AHE055,500,6.38104,KEMET,CAP TANT SMD POLYMER
T520D337M006AHE006,500,6.38104,KEMET,330.UF  6.0V
T520B337M2R5ANE035,2000,6.39485,KEMET,CAP TANT POLY 330UF 2.5V 1411
T591D157M016ATE0657280,2500,6.41332,KEMET,CAP TANT POLY 150UF 16V 2917
T520B107M006AHE0257706,280,6.41443,KEMET,100.UF  6.0V
T520V337M006ATE0258000,1000,6.6401,KEMET,330.UF  6.0V
T520V337M006ATE0257111,1000,6.41784,KEMET,330.UF  6.0V
T520C107M006AHE0457706,260,6.65381,KEMET,100.UF  6.0V
T525T336M010AHE0807706,260,6.65381,KEMET,33.0UF 10.0V
T520D227M006ATE0407333,500,6.4505,KEMET,220.UF  6.0V
T520B686M004ATE0257706,260,6.45112,KEMET,68.0UF  4.0V
T521B106M016ATE0907706,260,6.692,KEMET,10.0UF 16.0V
T521B106M016ATE1007706,260,6.468,KEMET,10.0UF 16.0V
T520D477M004ATE0187111,500,6.472,KEMET,470.UF  4.0V
T520D477M004ATE0402478,500,6.472,KEMET,470.UF  4.0V
T520D477M004ATE0254539,500,6.472,KEMET,470.UF  4.0V
T520D477M004ATE0257622,500,6.472,KEMET,470.UF  4.0V
T520D477M004ATE0184539,500,6.472,KEMET,470.UF  4.0V
T520V337M006ATE0257333,1000,6.47498,KEMET,330.UF  6.0V
T520D337M006ATE0107650,500,6.48226,KEMET,330.UF  6.0V
T591D337M2R5ATE0187280,2500,6.48239,KEMET,CAP TANT POLY 330UF 2.5V 2917
T520D477M004ATE0157280,2500,6.49089,KEMET,CAP TANT SMD POLYMER
T520D477M004ATE0127280,2500,6.49089,KEMET,CAP TANT SMD POLYMER
T520D157M006ATE0257706,260,6.49469,KEMET,150.UF  6.0V
T520D337M006ATE0097280,2500,6.49943,KEMET,CAP TANT POLY 330UF 6.3V 2917
T520B107M006ANE040,2000,6.50294,KEMET,CAP TANT SMD POLYMER
T521D476M025ATE0657280,2500,6.50363,KEMET,CAP TANT POLY 47UF 25V 2917
T520V227M010ATE0407280,3000,6.51434,KEMET,CAP TANT POLY 220UF 10V 2917
T591D107M010ATE0257706,260,6.74035,KEMET,100.UF 10.0V
T520V337M006ATE0157919,1000,6.51765,KEMET,330.UF  6.0V
T520V337M006ATE0252478,1000,6.74337,KEMET,330.UF  6.0V
T520V227M006ATE0252478,1000,6.51765,KEMET,220.UF  6.0V
T520V227M006ATE0158000,1000,6.51765,KEMET,220.UF  6.0V
T520V227M006ATE0127622,1000,6.51765,KEMET,220.UF  6.0V
T520V227M006ATE0157622,1000,6.51765,KEMET,220.UF  6.0V
T520V227M006ATE0154539,1000,6.51765,KEMET,220.UF  6.0V
T520D477M004ATE0187333,500,6.53552,KEMET,470.UF  4.0V
T520D477M004ATE0257333,500,6.53552,KEMET,470.UF  4.0V
T520V227M004ATE0098000,1000,6.76279,KEMET,220.UF  4.0V
T520D337M004ATE0407280,2500,6.54507,KEMET,CAP TANT SMD POLYMER
T520V157M006ATE012E009,1000,6.5738,KEMET,150.UF  6.0V
T520V337M2R5ATE012,1000,6.57422,KEMET,CAP TANT SMD POLYMER
T520D227M2R5ATE040,500,6.57422,KEMET,CAP TANT SMD POLYMER
T521V686M016ATE0507656,3000,6.58483,KEMET,68.0UF 16.0V
T520D157M010ATE0404539,500,6.60234,KEMET,150.UF 10.0V
T520D157M010ATE0552478,500,6.60234,KEMET,150.UF 10.0V
T520D157M010ATE0408000,500,6.60234,KEMET,150.UF 10.0V
T520D157M010ATE0407111,500,6.60234,KEMET,150.UF 10.0V
T521B106M025ATE1007706,240,6.63071,KEMET,10.0UF 25.0V
T520B337M2R5AHE0187706,240,6.6345,KEMET,330.UF  2.5V
T520B157M004ATE0187706,240,6.6345,KEMET,150.UF  4.0V
T520V227M010ATE0458000,1000,6.64045,KEMET,220.UF 10.0V
T521B156M016ATE0907706,240,6.64967,KEMET,15.0UF 16.0V
T521B156M020ATE0907706,240,6.64967,KEMET,15.0UF 20.0V
T520D227M006ATE0257706,240,6.65142,KEMET,220.UF  6.0V
T521V686M020ATE0507280,3000,6.65258,KEMET,CAP TANT POLY 68UF 20V 2917
T521V686M016ATE0507280,3000,6.65258,KEMET,CAP TANT SMD POLYMER
T520V337M2R5ATE0092478,1000,6.67791,KEMET,330.UF  2.5V
T520D107M010ZTE0807706,240,6.68138,KEMET,100.UF 10.0V
T523T476M016APE0907706,260,6.91312,KEMET,47.0UF 16.0V
T521W226M020ATE0407706,260,6.91312,KEMET,22.0UF 20.0V
T523T157M006APE0307706,260,6.91312,KEMET,150.UF  6.0V
T521V226M025ATE061,1000,6.91765,KEMET,22.0UF 25.0V
T520D227M010ATE0407652,500,6.69198,KEMET,220.UF 10.0V
T520D227M010ATE0404539,500,6.69198,KEMET,220.UF 10.0V
T520D227M010ATE0187063,2500,6.69419,KEMET,220.UF 10.0V
T520C227M006ATE0187706,240,6.7,KEMET,220.UF  6.0V
T521V686M016ATE090,1000,6.72116,KEMET,CAP TANT POLY 68UF 16V 2917
T598D107M010ATE0407706,260,6.95623,KEMET,100.UF 10.0V
T521B335M050AHE2007706,240,6.73617,KEMET,3.30UF 50.0V
T520C157M010AHE0557706,240,6.73617,KEMET,150.UF 10.0V
T520C226M016AHE0807706,240,6.73617,KEMET,22.0UF 16.0V
T520V337M004ATE0187280,3000,6.73737,KEMET,CAP TANT SMD POLYMER
T598D157M016ATE0657280,2500,6.75816,KEMET,CAP TANT POLY 150UF 16V 2917
T591D337M2R5ATE0157280,2500,6.75816,KEMET,CAP TANT POLY 330UF 2.5V 2917
T521V336M025ATE0607133,3000,6.99369,KEMET,33.0UF 25.0V
T521V336M025ATE0607280,3000,6.76246,KEMET,CAP TANT SMD POLYMER
T521T336M016ATE0502478,3000,6.99953,KEMET,33.0UF 16.0V
T598D107M010ATE0257706,260,7.01677,KEMET,100.UF 10.0V
T520B227M006AHE0357706,240,6.78338,KEMET,220.UF  6.0V
T521D476M016AHE0407280,3000,6.81993,KEMET,CAP TANT POLY 47UF 16V 2917
T521V106M035ATE1207656,3000,7.05786,KEMET,10.0UF 35.0V
T520V227M006ATE0407706,220,6.82305,KEMET,220.UF  6.0V
T520V337M004ATE0408000,1000,6.82329,KEMET,330.UF  4.0V
T521V686M016ATE0507034,1000,7.06524,KEMET,68.0UF 16.0V
T521V686M016ATE0508000,1000,7.06524,KEMET,68.0UF 16.0V
T521V686M016ATE0507622,1000,7.06524,KEMET,68.0UF 16.0V
T521V686M016ATE0507652,1000,7.06524,KEMET,68.0UF 16.0V
T521V107M016ATE0507111,1000,7.06524,KEMET,100.UF 16.0V
T521V107M016ATE0507453,1000,6.82875,KEMET,100.UF 16.0V
T521V107M016ATE0507622,1000,7.06524,KEMET,100.UF 16.0V
T520C227M004AHE0257706,240,6.83021,KEMET,220.UF  4.0V
T520C157M006AHE0257706,240,6.83021,KEMET,150.UF  6.0V
T520C337M2R5AHE0257706,240,6.83021,KEMET,330.UF  2.5V
T520B157M004AHE0187706,240,6.83021,KEMET,150.UF  4.0V
T520D477M004ZTE055,750,7.07876,KEMET,470.UF  4.0V
T520C227M006AHE018,500,6.8529,KEMET,CAP TANT SMD POLYMER
T521V336M025ATE0407280,2500,6.86401,KEMET,CAP TANT POLY 33UF 25V 2917
T591D227M006ATE0257280,2500,6.86401,KEMET,CAP TANT POLY 220UF 6.3V 2917
T520D227M004ATE040,500,6.88084,KEMET,220.UF  4.0V
T520D227M004ATE0658000,500,7.11914,KEMET,220.UF  4.0V
T520D227M004ATE050,500,6.88084,KEMET,220.UF  4.0V
T520D157M010ATE0254047,500,6.88216,KEMET,150.UF 10.0V
T520D157M010ATE0402478,500,6.88216,KEMET,150.UF 10.0V
T520V157M006ATE0157706,260,6.88558,KEMET,150.UF  6.0V
T521V686M016ATE0507333,1000,7.12573,KEMET,68.0UF 16.0V
T521V107M016ATE0507333,1000,7.12573,KEMET,100.UF 16.0V
T520D337M006ATE0108000,500,6.8964,KEMET,330.UF  6.0V
T520D227M010ATE0402478,500,6.90234,KEMET,220.UF 10.0V
T520B107M006AHE0157706,220,7.14918,KEMET,100.UF  6.0V
T520C337M2R5ATE0157706,240,6.91533,KEMET,330.UF  2.5V
T520C227M004ATE0157706,240,6.91533,KEMET,220.UF  4.0V
T520D157M010ATE0407706,220,6.92305,KEMET,150.UF 10.0V
T520V337M004ATE0257111,1000,6.92343,KEMET,330.UF  4.0V
T520V477M2R5ATE0128000,1000,6.92343,KEMET,470.UF  2.5V
T520V477M2R5ATE0124539,1000,6.92343,KEMET,470.UF  2.5V
T520D157M010ATE0557706,260,6.93235,KEMET,150.UF 10.0V
T520D157M010AT40477706,260,6.93235,KEMET,150.UF 10.0V
T521V476M020ATE0557733,3000,6.93294,KEMET,47.0UF 20.0V
T520V157M010ATE0187919,1000,6.94212,KEMET,150.UF 10.0V
T520V157M010ATE0187126,1000,6.94212,KEMET,150.UF 10.0V
T520D337M004ATE045,500,7.54992,KEMET,CAP TANT POLY 330UF 4V 2917
T520D157M010ATE018,500,6.94948,KEMET,CAP TANT SMD POLYMER
T520D337M006AHE0457706,220,6.96364,KEMET,330.UF  6.0V
T521T336M016AHE045,2500,6.96976,KEMET,CAP TANT POLY 33UF 16V 1411
T520D337M006AHE040,500,6.98686,KEMET,CAP TANT POLY 330UF 6.3V 2917
T520D337M006AHE025,500,6.98686,KEMET,CAP TANT SMD POLYMER
T520D227M006AHE040,500,6.98686,KEMET,CAP TANT SMD POLYMER
T520V227M006ATE0124539,1000,6.98694,KEMET,220.UF  6.0V
T520V227M004ATE0152478,1000,7.00514,KEMET,220.UF  4.0V
T520V686M010ATE0252478,1000,7.00514,KEMET,68.0UF 10.0V
T520V107M010ATE0182478,1000,7.00514,KEMET,100.UF 10.0V
T520D227M010AT4551,500,7.00986,KEMET,220.UF 10.0V
T521V336M025ATE0607333,1000,7.2527,KEMET,33.0UF 25.0V
T520D477M004ATE0107280,2500,7.0204,KEMET,CAP TANT SMD POLYMER
T520M157M006ATE200Z186,8000,7.03657,KEMET,150.UF  6.0V
T520M157M006ATE200Z158,8000,7.03657,KEMET,150.UF  6.0V
T520V337M2R5ATE0077280,3000,7.04014,KEMET,CAP TANT SMD POLYMER
T520B107M010ANE070,2000,7.04107,KEMET,CAP TANT SMD POLYMER
T520V157M006ATE006,1000,7.04144,KEMET,CAP TANT SMD POLYMER
T520V227M006ATE0127333,1000,7.04367,KEMET,220.UF  6.0V
T520D157M008ATE025,500,7.66258,KEMET,CAP TANT POLY 150UF 8V 2917
T520D227M006ATE0407706,240,7.05488,KEMET,220.UF  6.0V
T520V157M006ZTE045ZK11,1000,7.31927,KEMET,150.UF  6.0V
T520V157M006ZTE022ZK11,1000,7.31927,KEMET,150.UF  6.0V
T520V157M006ZTE022ZK13,1000,7.31927,KEMET,150.UF  6.0V
T520V157M006ZTE035ZK11,1000,7.31927,KEMET,150.UF  6.0V
T520V157M006ZTE035ZK13,1000,7.31927,KEMET,150.UF  6.0V
T520V157M006ZTE045ZK12,1000,7.31927,KEMET,150.UF  6.0V
T520V157M006ZTE035ZK12,1000,7.31927,KEMET,150.UF  6.0V
T520V157M006ZTE045ZK13,1000,7.07427,KEMET,150.UF  6.0V
T520V157M006ZTE080,1000,7.07427,KEMET,150.UF  6.0V
T521V106M035ATE1207652,1000,7.31927,KEMET,10.0UF 35.0V
T521V156M035AT4917,1000,7.07427,KEMET,15.0UF 35.0V
T520U476M010ATE0558000,1000,7.07427,KEMET,47.0UF 10.0V
T520V227M004ZTE045ZK13,1000,7.07427,KEMET,220.UF  4.0V
T520V227M004ZTE035ZK12,1000,7.07427,KEMET,220.UF  4.0V
T520V227M004ZTE045ZK12,1000,7.07427,KEMET,220.UF  4.0V
T520V227M004ZTE035ZK13,1000,7.07427,KEMET,220.UF  4.0V
T520V227M004ZTE035,1000,7.07427,KEMET,220.UF  4.0V
T520D227M006ATE0158000,500,7.0894,KEMET,220.UF  6.0V
T520D227M006ATE0157622,500,7.0894,KEMET,220.UF  6.0V
T520M157M006ATE200Z142,8000,7.09933,KEMET,150.UF  6.0V
T520M157M006ATE200Z179,8000,7.09933,KEMET,150.UF  6.0V
T520V337M006ATE0152478,1000,7.1023,KEMET,330.UF  6.0V
T520D477M004ATE0127622,500,7.10676,KEMET,470.UF  4.0V
T520D477M004ATE0158000,500,7.10676,KEMET,470.UF  4.0V
T520D477M004ATE0127627,500,7.10676,KEMET,470.UF  4.0V
T520D477M004ATE0128000,500,7.10676,KEMET,470.UF  4.0V
T520D477M004ATE0124539,500,7.10676,KEMET,470.UF  4.0V
T520D477M004ATE0157111,500,7.10676,KEMET,470.UF  4.0V
T520D687M2R5ATE0157280,2500,7.11438,KEMET,CAP TANT SMD POLYMER
T520D337M006ATE0097652,500,7.11702,KEMET,330.UF  6.0V
T520M157M006ATE2007280,8000,7.14645,KEMET,CAP TANT SMD POLYMER
T520D477M004ATE0157333,500,7.17028,KEMET,470.UF  4.0V
T520D477M004ATE0127333,500,7.17028,KEMET,470.UF  4.0V
T521V107M016AT41467706,220,7.17186,KEMET,100.UF 16.0V
T520C477M2R5AHE0257706,220,7.176,KEMET,470.UF  2.5V
T520C227M006AHE0257706,220,7.176,KEMET,220.UF  6.0V
T520V227M006ATE0457706,220,7.182,KEMET,220.UF  6.0V
T520D337M2R5ATE009,500,7.1893,KEMET,330.UF  2.5V
T520V477M2R5ATE0127333,1000,7.20559,KEMET,470.UF  2.5V
T520V686M010ATE0407706,220,7.20723,KEMET,68.0UF 10.0V
T520V686M010ATE0457706,220,7.20723,KEMET,68.0UF 10.0V
T520V107M010ATE0257706,220,7.20723,KEMET,100.UF 10.0V
T520V107M010ATE02577NT,220,7.20723,KEMET,100.UF 10.0V
T520D337M006ATE0187706,220,7.23241,KEMET,330.UF  6.0V
T520D337M006ATE01877NT,220,7.23241,KEMET,330.UF  6.0V
T520D337M006ATE0157706,220,7.23241,KEMET,330.UF  6.0V
T521V107M016ATE0407280,3000,7.2369,KEMET,CAP TANT POLY 100UF 16V 2917
T520V477M2R5ATE0097280,3000,7.25879,KEMET,CAP TANT POLY 470UF 2.5V 2917
T520V337M004ATE0127280,3000,7.25879,KEMET,CAP TANT SMD POLYMER
T520V337M2R5ATE012E009,1000,7.26256,KEMET,330.UF  2.5V
T520V337M2R5ATE0078000,1000,7.26256,KEMET,330.UF  2.5V
T520V337M2R5ATE0077608,1000,7.26256,KEMET,330.UF  2.5V
T520D227M010ATE0188000,500,7.2657,KEMET,220.UF 10.0V
T520D227M010ATE0187622,500,7.2657,KEMET,220.UF 10.0V
T520D227M010ATE0187627,500,7.51734,KEMET,220.UF 10.0V
T520D227M010ATE0257758,500,7.51734,KEMET,220.UF 10.0V
T520D227M010ATE0257028,500,7.51734,KEMET,220.UF 10.0V
T520D227M010ATE0254539,500,7.51734,KEMET,220.UF 10.0V
T520M157M006ATE200Z145,2500,7.26971,KEMET,150.UF  6.0V
T520M157M006ATE2008000,2500,7.26971,KEMET,150.UF  6.0V
T521V226M025ATE0607622,1000,7.52255,KEMET,22.0UF 25.0V
T521V226M025ATE0607652,1000,7.27075,KEMET,22.0UF 25.0V
T521V226M025ATE0607028,1000,7.27075,KEMET,22.0UF 25.0V
T521V476M020ATE0557280,3000,7.28373,KEMET,CAP TANT SMD POLYMER
T520V227M004ZTE045ZK11,1000,7.29217,KEMET,220.UF  4.0V
T520D227M010ATE0257622,500,7.54762,KEMET,220.UF 10.0V
T520D227M010ATE0257608,500,7.54762,KEMET,220.UF 10.0V
T520D227M010ATE0258000,500,7.29498,KEMET,220.UF 10.0V
T521V107M016ATE0508000,1000,7.55053,KEMET,100.UF 16.0V
T520D477M004AHE040,500,7.29862,KEMET,CAP TANT SMD POLYMER
T591D686M020ATE0507280,2500,7.32617,KEMET,CAP TANT POLY 68UF 20V 2917
T521T685M035APE0907652,3000,7.58281,KEMET,6.80UF 35.0V
T521T685M035BPE090,3000,7.329,KEMET,6.80UF 35.0V
T521V226M025ATE0607333,1000,7.58304,KEMET,22.0UF 25.0V
T520D227M010ATE0257333,500,7.58646,KEMET,220.UF 10.0V
T520D227M006ATE0097622,500,7.34046,KEMET,220.UF  6.0V
T521V226M025AHE0407280,3000,7.34088,KEMET,CAP TANT POLY 22UF 25V 2917
T520D107M010AHE0807706,220,7.35005,KEMET,100.UF 10.0V
T521V226M035ATE100,1000,7.61059,KEMET,CAP TANT POLY 22UF 35V SMD
T520B107M006ANE025,2000,7.36238,KEMET,CAP TANT SMD POLYMER
T520V477M2R5ATE015E012,1000,7.37949,KEMET,470.UF  2.5V
T520V477M2R5ATE0127622,1000,7.37949,KEMET,470.UF  2.5V
T520V337M004ATE0188000,1000,7.38917,KEMET,330.UF  4.0V
T521V686M020ATE0507111,1000,7.65072,KEMET,68.0UF 20.0V
T521V476M020ATE080,1000,7.40662,KEMET,CAP TANT POLY 47UF 20V 2917
T521V107M016ATE0507124,1000,7.4134,KEMET,100.UF 16.0V
T591D227M2R5ATE006,500,7.67356,KEMET,220.UF  2.5V
T520D477M004ZTE025,750,7.67892,KEMET,470.UF  4.0V
T520B337M2R5ATE0157706,240,7.43288,KEMET,330.UF  2.5V
T521V156M025ATE0407280,2500,7.444,KEMET,CAP TANT POLY 15UF 25V 2917
T521W476M016ATE0407280,3000,7.44477,KEMET,CAP TANT POLY 47UF 16V 2917
T521T106M025AHE060,3000,7.44477,KEMET,CAP TANT SMD POLYMER
T520B227M2R5AHE0157706,220,7.45827,KEMET,220.UF  2.5V
T598V107M010ATE0457706,200,7.7178,KEMET,100.UF 10.0V
T598D227M010ATE0257280,2500,7.46398,KEMET,CAP TANT SMD AUTO
T520D107M010ZTE0557706,220,7.46618,KEMET,100.UF 10.0V
T591D337M2R5ATE006,500,7.72884,KEMET,330.UF  2.5V
T599D157M004ATE0457706,240,7.73054,KEMET,150.UF  4.0V
T598D337M006ATE0407706,240,7.73054,KEMET,330.UF  6.0V
T598V227M2R5AT4145,1000,7.74269,KEMET,220.UF  2.5V
T598V227M2R5ATE015,1000,7.74269,KEMET,220.UF  2.5V
T598V227M2R5AT4186,1000,7.74269,KEMET,220.UF  2.5V
T520C227M006ATE0157706,220,7.485,KEMET,220.UF  6.0V
T520V337M2R5ATE0257706,240,7.75088,KEMET,330.UF  2.5V
T520V337M2R5ATE0457706,240,7.75088,KEMET,330.UF  2.5V
T520V337M2R5ATE0407706,240,7.75088,KEMET,330.UF  2.5V
T520V337M004ATE0124539,1000,7.50808,KEMET,330.UF  4.0V
T520V477M2R5ATE0097622,1000,7.50808,KEMET,470.UF  2.5V
T520V477M2R5ATE0098000,1000,7.50808,KEMET,470.UF  2.5V
T520V477M2R5ATE0094539,1000,7.50808,KEMET,470.UF  2.5V
T520V157M006ZTE022ZK12,1000,7.78556,KEMET,150.UF  6.0V
T520V157M006ZTE045ZC11,1000,7.78556,KEMET,150.UF  6.0V
T521V156M025ATE0907111,1000,7.52495,KEMET,15.0UF 25.0V
T521V226M020ATE0907034,1000,7.52495,KEMET,22.0UF 20.0V
T520V227M004ZTE035ZK11,1000,7.52495,KEMET,220.UF  4.0V
T520D227M010AHE0407280,2500,7.53016,KEMET,CAP TANT SMD POLYMER
T525T336M010ATE0807706,240,7.79508,KEMET,33.0UF 10.0V
T520D686M010ATE1007706,240,7.53417,KEMET,68.0UF 10.0V
T520D157M008ATE0557706,240,7.53417,KEMET,150.UF  8.0V
T521V476M020ATE0558000,1000,7.53612,KEMET,47.0UF 20.0V
T521V476M020ATE0557111,1000,7.53612,KEMET,47.0UF 20.0V
T520M157M006ATE0707280,8000,7.53741,KEMET,CAP TANT SMD POLYMER
T591D157M006ATE0257706,240,7.82254,KEMET,150.UF  6.0V
T520V337M004ATE0127333,1000,7.56655,KEMET,330.UF  4.0V
T521V226M025ATE0407280,3000,7.56721,KEMET,CAP TANT POLY 22UF 25V 2917
T521D336M025ATE0407280,2000,7.57598,KEMET,CAP TANT POLY 33UF 25V 2917
T521V156M025ATE0907333,1000,7.84382,KEMET,15.0UF 25.0V
T520D337M006AHE018,500,7.58756,KEMET,CAP TANT SMD POLYMER
T520D337M004AHE015,500,7.58756,KEMET,CAP TANT SMD POLYMER
T520D157M010AHE018,500,7.58756,KEMET,CAP TANT SMD POLYMER
T520D227M006AHE015,500,7.58756,KEMET,CAP TANT SMD POLYMER
T598D157M010ATE0257706,200,7.85385,KEMET,150.UF 10.0V
T521V476M020ATE0557333,1000,7.59458,KEMET,47.0UF 20.0V
T520D227M2R5ATE0067706,220,7.59964,KEMET,220.UF  2.5V
T521V476M016ATE0457706,220,7.59964,KEMET,47.0UF 16.0V
T521V476M016ATE0907706,220,7.59964,KEMET,47.0UF 16.0V
T521V476M016ATE07077NT,220,7.59964,KEMET,47.0UF 16.0V
T520D227M2R5ATE0407706,220,7.59964,KEMET,220.UF  2.5V
T520D227M2R5ATE0097706,220,7.59964,KEMET,220.UF  2.5V
T521V476M016ATE0707706,220,7.59964,KEMET,47.0UF 16.0V
T521V476M016ATE0807706,220,7.59964,KEMET,47.0UF 16.0V
T520D687M2R5ATE0407622,500,7.5998,KEMET,680.UF  2.5V
T520D687M2R5ATE0408000,500,7.5998,KEMET,680.UF  2.5V
T521D106M050ATE1207280,2500,7.6068,KEMET,CAP TANT SMD POLYMER
T520B337M2R5ATE015E013,2000,7.64247,KEMET,330.UF  2.5V
T520D227M004ATE0507706,200,7.92015,KEMET,220.UF  4.0V
T520V227M004ZTE025ZK12,1000,7.65892,KEMET,220.UF  4.0V
T520V227M004ZTE0257622,1000,7.65892,KEMET,220.UF  4.0V
T520V227M004ZTE025,1000,7.65892,KEMET,220.UF  4.0V
T520V227M004ZTE025ZK13,1000,7.65892,KEMET,220.UF  4.0V
T520V227M004ZTE025ZK11,1000,7.65892,KEMET,220.UF  4.0V
T520B157M004ATE0157706,220,7.66277,KEMET,150.UF  4.0V
T520M157M006ATE100,2500,7.9328,KEMET,150.UF  6.0V
T520B337M006ANE040,2000,8.34778,KEMET,CAP TANT SMD POLYMER
T520V227M006ATE0078000,1000,7.68695,KEMET,220.UF  6.0V
T521D476M025AHE0657280,2500,7.68765,KEMET,CAP TANT POLY 47UF 25V 2917
T520U686M004ATE055,1000,7.69382,KEMET,CAP TANT SMD POLYMER
T598D227M006ATE0257280,2500,7.70647,KEMET,CAP TANT POLY 220UF 6.3V 2917
T520V337M2R5ATE0077034,1000,7.71573,KEMET,330.UF  2.5V
T520V337M2R5ATE00977NT,200,8.0044,KEMET,330.UF  2.5V
T520D477M004ATE0122478,500,7.74154,KEMET,470.UF  4.0V
T520D477M004ATE0104539,500,7.74154,KEMET,470.UF  4.0V
T520V157M010ATE0407706,220,7.75223,KEMET,150.UF 10.0V
T520D227M010ATE0407706,220,7.75223,KEMET,220.UF 10.0V
T598D226M035ATE0657280,2500,7.75886,KEMET,CAP TANT SMD AUTO
T520V337M004ATE0097280,3000,7.7775,KEMET,CAP TANT SMD POLYMER
T520V336M016ATE0708000,1000,7.78172,KEMET,33.0UF 16.0V
T520V336M016ATE060Z164,1000,7.78172,KEMET,33.0UF 16.0V
T520V337M003ATE0098000,1000,7.78172,KEMET,330.UF  3.0V
T520V336M016ATE0707622,1000,7.78172,KEMET,33.0UF 16.0V
T520V336M016ATE0607111,1000,7.78172,KEMET,33.0UF 16.0V
T520V336M016ATE060Z160,1000,7.78172,KEMET,33.0UF 16.0V
T598D337M006ATE0257706,240,8.05283,KEMET,330.UF  6.0V
T520D337M004ATE0128000,500,7.80636,KEMET,330.UF  4.0V
T520D337M004ATE0154539,500,7.80636,KEMET,330.UF  4.0V
T520D157M006ATE006,500,7.83482,KEMET,CAP TANT POLY 150UF 6.3V 2917
T520V336M016ATE0707333,1000,7.84019,KEMET,33.0UF 16.0V
T520V337M2R5ATE0067608,1000,7.84722,KEMET,330.UF  2.5V
T520V337M2R5ATE0068000,1000,7.84722,KEMET,330.UF  2.5V
T591D686M020ATE0407280,2500,7.85108,KEMET,CAP TANT POLY 68UF 20V 2917
T521V226M025ATE0407706,1000,7.8554,KEMET,22.0UF 25.0V
T598D477M2R5ATE0097280,2500,7.86369,KEMET,CAP TANT POLY 470UF 2.5V 2917
T591D227M010ATE0257706,200,8.1383,KEMET,220.UF 10.0V
T520D227M010ATE0254125,500,8.16656,KEMET,220.UF 10.0V
T520D227M010ATE0182478,500,7.8932,KEMET,220.UF 10.0V
T520D477M004AHE018,500,7.89684,KEMET,CAP TANT SMD POLYMER
T521V686M016ATE0907706,200,7.9052,KEMET,68.0UF 16.0V
T591D227M006ATE040,500,7.90874,KEMET,CAP TANT POLY 220UF 6.3V 2917
T591D227M006ATE080,500,7.90874,KEMET,CAP TANT POLY 220UF 6.3V 2917
T520D227M010ATE0252478,500,8.20864,KEMET,220.UF 10.0V
T520U336M010ATE0708000,1000,7.95124,KEMET,33.0UF 10.0V
T520C227M006AHE0187706,200,7.961,KEMET,220.UF  6.0V
T520V227M006ATE0257706,200,7.9672,KEMET,220.UF  6.0V
T520V227M006ATE0187706,200,7.9672,KEMET,220.UF  6.0V
T520D157M006ATE0077706,200,7.9883,KEMET,150.UF  6.0V
T520V686M010ATE0257706,200,7.99245,KEMET,68.0UF 10.0V
T520V107M010ATE0187706,200,7.99245,KEMET,100.UF 10.0V
T520D477M004ATE0257706,200,8.00485,KEMET,470.UF  4.0V
T520D477M004ATE0187706,200,8.00485,KEMET,470.UF  4.0V
T598D157M006ATE0257706,240,8.28275,KEMET,150.UF  6.0V
T598D157M010ATE0457706,240,8.28275,KEMET,150.UF 10.0V
T598D157M006ATE0457706,240,8.28275,KEMET,150.UF  6.0V
T591D157M010ATE0457706,240,8.28275,KEMET,150.UF 10.0V
T599D157M006ATE0457706,240,8.28275,KEMET,150.UF  6.0V
T599D157M004ATE0257706,240,8.28275,KEMET,150.UF  4.0V
T521W476M020ATE0407280,3000,8.0142,KEMET,CAP TANT POLY 47UF 20V 2917
T520D337M006ATE0107706,200,8.01765,KEMET,330.UF  6.0V
T520D337M006ATE01077NT,200,8.01765,KEMET,330.UF  6.0V
T521D336M025AT4801,500,8.02782,KEMET,33.0UF 25.0V
T520U686M006ATE070,1000,8.72583,KEMET,CAP TANT POLY 68UF 6.3V 2312
T545W477M006ATE055,1000,8.03055,KEMET,CAP TANT SMD POLYMER
T520U157M004ATE055,1000,8.03055,KEMET,CAP TANT SMD POLYMER
T520U107M004ATE055,1000,8.03055,KEMET,CAP TANT SMD POLYMER
T520U336M008ATE070,1000,8.03055,KEMET,CAP TANT SMD POLYMER
T545W477M006ATE045,1000,8.03055,KEMET,CAP TANT SMD POLYMER
T523W566M035APE100,1000,8.03055,KEMET,CAP TANT POLY HI-ENERGY 56UF 35V
T521Q336M016ATE0407652,1000,8.344,KEMET,33.0UF 16.0V
T521Q336M016ATE0407752,1000,8.0647,KEMET,33.0UF 16.0V
T520D477M004ATE0107622,500,8.08488,KEMET,470.UF  4.0V
T520D477M004ATE0152478,500,8.08488,KEMET,470.UF  4.0V
T520D337M004ATE0457706,200,8.08505,KEMET,330.UF  4.0V
T520V157M006ZTE025ZK11,1000,8.36659,KEMET,150.UF  6.0V
T520V337M004ATE0097652,1000,8.09274,KEMET,330.UF  4.0V
T520V477M006ATE0557280,3000,8.10299,KEMET,CAP TANT SMD POLYMER
T520V477M006ATE0558001,3000,8.10299,KEMET,470.UF  6.0V
T521T476M12RATE0907706,200,8.39455,KEMET,47.0UF 12.5V
T520M157M006ATE0707028,2500,8.39944,KEMET,150.UF  6.0V
T520M157M006ATE0708000,2500,8.39944,KEMET,150.UF  6.0V
T520M157M006ATE150Z184,2000,8.39944,KEMET,150.UF  6.0V
T520M157M006ATE0707652,2500,8.39944,KEMET,150.UF  6.0V
T520D156M025AHE0807280,2500,8.1251,KEMET,CAP TANT SMD POLYMER
T521W476M016ATE0457280,3000,8.12777,KEMET,CAP TANT SMD POLYMER
T520C107M010AHE0257706,220,8.41155,KEMET,100.UF 10.0V
T521D106M050ATE0907280,2500,8.13033,KEMET,CAP TANT SMD POLYMER
T520V227M004ATE006,1000,8.13127,KEMET,CAP TANT POLY 220UF 4V 2917
T520V227M004ATE012E009,1000,8.13127,KEMET,220.UF  4.0V
T520D337M006AHE0257706,200,8.13505,KEMET,330.UF  6.0V
T520D337M006AHE0407706,200,8.13505,KEMET,330.UF  6.0V
T520D107M010AHE0557706,200,8.13505,KEMET,100.UF 10.0V
T520V337M006ATE0457706,220,8.13714,KEMET,330.UF  6.0V
T520V337M006ATE04077NT,220,8.13714,KEMET,330.UF  6.0V
T520V337M006ATE0407706,220,8.41895,KEMET,330.UF  6.0V
T591V227M004ATE009,1000,8.42015,KEMET,220.UF  4.0V
T520D108M2R5ATE0307919,500,8.14144,KEMET,1000UF  2.5V
T520D108M2R5ATE0308000,500,8.14144,KEMET,1000UF  2.5V
T598V157M006ATE045,1000,8.14243,KEMET,CAP TANT POLY 150UF 6.3V 2917
T591D157M016ATE0657706,200,8.42835,KEMET,150.UF 16.0V
T520V227M004ATE0187706,220,8.4485,KEMET,220.UF  4.0V
T520V227M004ATE0257706,220,8.4485,KEMET,220.UF  4.0V
T520M157M006ATE150,2500,8.17736,KEMET,CAP TANT SMD POLYMER
T591D227M2R5ATE0127706,200,8.46215,KEMET,220.UF  2.5V
T520D477M004ATE0407706,220,8.18,KEMET,470.UF  4.0V
T591D157M010ATE0257706,220,8.46677,KEMET,150.UF 10.0V
T520D337M004AHE009,500,8.18362,KEMET,CAP TANT SMD POLYMER
T520D337M006AHE010,500,8.18362,KEMET,CAP TANT SMD POLYMER
T520D227M006AHE009,500,8.18362,KEMET,CAP TANT SMD POLYMER
T520D157M010AHE015,500,8.18362,KEMET,CAP TANT SMD POLYMER
T521T106M025ATE0607652,3000,8.46943,KEMET,10.0UF 25.0V
T521T106M025ATE1007652,3000,8.46943,KEMET,10.0UF 25.0V
T520V337M003ATE009,1000,8.20396,KEMET,CAP TANT SMD POLYMER
T520V336M016ATE060Z150,1000,8.20396,KEMET,33.0UF 16.0V
T520V336M016ATE0607622,1000,8.20396,KEMET,33.0UF 16.0V
T520V227M006ZTE045ZK13,1000,8.20594,KEMET,220.UF  6.0V
T520V227M006ZTE035,1000,8.20594,KEMET,220.UF  6.0V
T598D106M050ATE0907133,2500,8.49277,KEMET,10.0UF 50.0V
T598D106M050ATE0907280,2500,8.20869,KEMET,CAP TANT SMD AUTO
T520B227M006ANE035,2000,8.21409,KEMET,CAP TANT SMD POLYMER
T520D476M016ATE0707280,2500,8.21488,KEMET,CAP TANT SMD POLYMER
T520D156M025ATE0807280,2500,8.21488,KEMET,CAP TANT SMD POLYMER
T520V157M006ATE0097706,220,8.22245,KEMET,150.UF  6.0V
T520D686M016ATE0507280,2500,8.23998,KEMET,CAP TANT SMD POLYMER
T520U686M010ATE0557333,1000,8.24357,KEMET,68.0UF 10.0V
T520B107M006ANE015,2000,8.25424,KEMET,100.UF  6.0V
T520U157M006ATE0557333,1000,8.26069,KEMET,150.UF  6.0V
T520D687M2R5ATE0402478,500,8.5543,KEMET,680.UF  2.5V
T520D687M2R5ATE0158000,500,8.26796,KEMET,680.UF  2.5V
T520D687M2R5ATE0154539,500,8.5543,KEMET,680.UF  2.5V
T520D687M2R5ATE0157111,500,8.5543,KEMET,680.UF  2.5V
T520D687M2R5ATE0157622,500,8.26796,KEMET,680.UF  2.5V
T520V227M006ATE006,1000,8.2716,KEMET,220.UF  6.0V
T598D336M035ATE0657280,2500,8.28169,KEMET,CAP TANT SMD AUTO
T520V227M006ATE01577NT,180,8.30711,KEMET,220.UF  6.0V
T520V227M006ATE0127706,180,8.30711,KEMET,220.UF  6.0V
T521D336M025ATE0608000,500,8.31544,KEMET,33.0UF 25.0V
T520D157M006AHE0557706,220,8.61614,KEMET,150.UF  6.0V
T520D227M006AHE0507706,220,8.61614,KEMET,220.UF  6.0V
T520D157M010AHE0557706,220,8.32773,KEMET,150.UF 10.0V
T520V227M004ATE0097706,180,8.61622,KEMET,220.UF  4.0V
T591D337M2R5ATE0187706,180,8.61622,KEMET,330.UF  2.5V
T520D687M2R5ATE0157333,500,8.62344,KEMET,680.UF  2.5V
T520D337M006ATE0097706,180,8.34894,KEMET,330.UF  6.0V
T520T157M006ATE0357453,3000,8.35215,KEMET,150.UF  6.0V
T520Y477M006ATE0187280,2000,8.35819,KEMET,CAP TANT SMD POLYMER
T520Y477M006ATE0257280,2000,8.35819,KEMET,CAP TANT SMD POLYMER
T520Y477M006ATE0357280,2000,8.35819,KEMET,CAP TANT SMD POLYMER
T545W476M016ATE045,1000,8.36604,KEMET,CAP TANT POLY 47UF 16V 2917
T520V337M003ATE0158000,1000,8.65612,KEMET,330.UF  3.0V
T520V336M016ATE045Z160,1000,8.36637,KEMET,33.0UF 16.0V
T520V336M016ATE0458000,1000,8.36637,KEMET,33.0UF 16.0V
T520V337M003ATE0092478,1000,8.36637,KEMET,330.UF  3.0V
T520V336M016ATE0457111,1000,8.36637,KEMET,33.0UF 16.0V
T520V337M003ATE0128000,1000,8.37555,KEMET,330.UF  3.0V
T521V107M016ATE0407706,200,8.66705,KEMET,100.UF 16.0V
T520V337M2R5ATE0187706,220,8.38109,KEMET,330.UF  2.5V
T520V337M2R5ATE0157706,220,8.38109,KEMET,330.UF  2.5V
T521D107M016ATE0507280,2500,8.38281,KEMET,CAP TANT SMD POLYMER
T591D336M025AT4902,500,8.67442,KEMET,33.0UF 25.0V
T521D476M035ATE070,500,8.39994,KEMET,47.0UF 35.0V
T520D157M010ATE0157706,180,8.40683,KEMET,150.UF 10.0V
T520L157M006ATE018,1000,8.71053,KEMET,150.UF  6.0V
T520L157M006ATE0257650,1000,8.41897,KEMET,150.UF  6.0V
T520L157M006ATE0257652,1000,8.41897,KEMET,150.UF  6.0V
T520D157M008ATE0407706,220,8.42355,KEMET,150.UF  8.0V
T520D337M2R5ATE0097706,180,8.42383,KEMET,330.UF  2.5V
T520V337M006ATE0257706,200,8.4332,KEMET,330.UF  6.0V
T520V337M006ATE02577NT,200,8.72525,KEMET,330.UF  6.0V
T520D337M004ATE0097622,500,8.44112,KEMET,330.UF  4.0V
T520D337M004ATE0098000,500,8.44112,KEMET,330.UF  4.0V
T520D337M004ATE0097650,500,8.44112,KEMET,330.UF  4.0V
T520D227M006AHE0157706,180,8.73978,KEMET,220.UF  6.0V
T520D337M004AHE0157706,180,8.44722,KEMET,330.UF  4.0V
T591D227M010ATE0807706,220,8.74291,KEMET,220.UF 10.0V
T598D477M2R5ATE0067280,2500,8.45654,KEMET,470.UF  2.5V
T520V227M004ATE0157706,200,8.75305,KEMET,220.UF  4.0V
T520V227M004ATE0127706,200,8.75305,KEMET,220.UF  4.0V
T520V477M006ATE0557028,1000,8.46106,KEMET,470.UF  6.0V
T520V477M006ATE0558000,1000,8.46106,KEMET,470.UF  6.0V
T598V107M010ATE0257706,200,8.77015,KEMET,100.UF 10.0V
T591V337M004ATE045,1000,8.4776,KEMET,CAP TANT POLY 330UF 4V 2917
T598V227M2R5ATE012,1000,8.4776,KEMET,CAP TANT POLY AUTO 220UF 2.5V
T520D477M006ATE0307280,2500,8.48386,KEMET,CAP TANT SMD POLYMER
T521W476M016ATE0457652,1000,8.78308,KEMET,47.0UF 16.0V
T521W476M016ATE0457034,1000,8.78308,KEMET,47.0UF 16.0V
T520U107M006ATE0552478,1000,8.48909,KEMET,100.UF  6.0V
T521B226M016AHE0907280,2500,9.22519,KEMET,CAP TANT POLY 22UF 16V 1411
T521D476M016ATE0707280,2500,8.49217,KEMET,CAP TANT SMD POLYMER
T520V337M004ATE0098000,1000,8.501,KEMET,330.UF  4.0V
T520V477M2R5ATE0187706,200,8.51215,KEMET,470.UF  2.5V
T520V477M2R5ATE0157706,200,8.51215,KEMET,470.UF  2.5V
T520V157M006ATE0077706,200,8.513,KEMET,150.UF  6.0V
T521V226M025ATE0907706,180,8.81111,KEMET,22.0UF 25.0V
T521V336M025ATE0402478,1000,8.82304,KEMET,33.0UF 25.0V
T520V107M010ZTE055ZK21,750,8.53848,KEMET,100.UF 10.0V
T599D157M006ATE0257706,220,8.83509,KEMET,150.UF  6.0V
T520D477M004AHE0407706,200,8.54195,KEMET,470.UF  4.0V
T591V227M004ATE025,1000,8.54441,KEMET,CAP TANT SMD AUTO
T591V227M004ATE0097706,1000,8.84032,KEMET,220.UF  4.0V
T520D227M004ATE0407706,200,8.85445,KEMET,220.UF  4.0V
T520D227M004ATE0657706,200,8.85445,KEMET,220.UF  4.0V
T520D157M010ATE0187706,200,8.5597,KEMET,150.UF 10.0V
T520D157M010ATE0257706,200,8.5597,KEMET,150.UF 10.0V
T591D477M2R5ATE009,500,8.56154,KEMET,CAP TANT SMD AUTO
T591D477M004ATE025,500,8.56154,KEMET,CAP TANT SMD AUTO
T520V227M2R5ATE045,1000,9.33262,KEMET,CAP TANT POLY 220UF 2.5V 2917
T545V476M016ATE045,1000,8.58899,KEMET,CAP TANT SMD POLYMER
T545V476M016ATE070,1000,8.58899,KEMET,CAP TANT SMD POLYMER
T545V477M006ATE055,1000,8.58899,KEMET,CAP TANT SMD POLYMER
T520V227M2R5ATE006,1000,8.58899,KEMET,CAP TANT SMD POLYMER
T521D476M020ATE0407280,3000,8.59114,KEMET,CAP TANT POLY 47UF 20V 2917
T521V107M016ATE0657706,220,8.90859,KEMET,100.UF 16.0V
T521V107M016ATE0907706,220,8.90859,KEMET,100.UF 16.0V
T520D227M006AHE0407706,200,8.90965,KEMET,220.UF  6.0V
T520D157M010AHE0407706,200,8.6114,KEMET,150.UF 10.0V
T521D336M025ATE0607652,500,8.62074,KEMET,33.0UF 25.0V
T520B227M006ANE025,2000,8.63741,KEMET,CAP TANT SMD POLYMER
T598D476M016ATE0707706,200,8.94215,KEMET,47.0UF 16.0V
T520D156M025AHE0607280,2500,8.64618,KEMET,CAP TANT SMD POLYMER
T520D227M010AHE040,500,8.65844,KEMET,CAP TANT SMD POLYMER
T520V337M2R5ATE0097706,200,8.96095,KEMET,330.UF  2.5V
T520V337M2R5ATE0127706,200,8.661,KEMET,330.UF  2.5V
T520V477M2R5ATE0064539,1000,8.66664,KEMET,470.UF  2.5V
T520V227M006ATE012E009,1000,8.67143,KEMET,220.UF  6.0V
T520V337M004ATE0077652,1000,8.67739,KEMET,330.UF  4.0V
T520V337M004ATE0077622,1000,8.67739,KEMET,330.UF  4.0V
T520V337M004ATE0077627,1000,8.67739,KEMET,330.UF  4.0V
T520V477M2R5ATE0077758,1000,8.67739,KEMET,470.UF  2.5V
T520V477M2R5ATE0074539,1000,8.67739,KEMET,470.UF  2.5V
T520M157M006ATE0357652,2500,8.98274,KEMET,150.UF  6.0V
T520V476M016ZTE070ZK12,1000,8.6821,KEMET,47.0UF 16.0V
T520V476M016ZTE070ZK13,1000,8.6821,KEMET,47.0UF 16.0V
T520V476M016ZTE070ZK11,1000,8.6821,KEMET,47.0UF 16.0V
T520V476M016ZTE0707622,1000,8.6821,KEMET,47.0UF 16.0V
T591D477M004AT4927,500,8.98706,KEMET,470.UF  4.0V
T591D477M004AT4902,500,8.98706,KEMET,470.UF  4.0V
T591D477M004AT4926,500,8.98706,KEMET,470.UF  4.0V
T598V157M006ATE025,1000,8.70037,KEMET,CAP TANT POLY 150UF 6.3V 2917
T598V227M006ATE045,1000,8.70037,KEMET,CAP TANT POLY 220UF 6.3V 2917
T520D157M008ATE0257706,200,8.7011,KEMET,150.UF  8.0V
T521D476M016ATE0407280,3000,8.70407,KEMET,CAP TANT POLY 47UF 16V 2917
T520D157M006ATE0067706,180,9.02022,KEMET,150.UF  6.0V
T520D156M025ATE0607280,2500,8.73559,KEMET,CAP TANT POLY 15UF 25V 2917
T520D476M016ATE0357280,2500,8.73559,KEMET,CAP TANT SMD POLYMER
T520V227M006ATE0157706,180,8.75228,KEMET,220.UF  6.0V
T591D227M010ATE0407706,220,9.05595,KEMET,220.UF 10.0V
T520W107M006ATE0408000,1000,8.75305,KEMET,100.UF  6.0V
T520V227M2R5ATE0157111,1000,8.75305,KEMET,220.UF  2.5V
T520V227M2R5ATE0158000,1000,8.75305,KEMET,220.UF  2.5V
T520V337M004ATE02577NT,180,8.7615,KEMET,330.UF  4.0V
T520V477M2R5ATE0127706,180,8.7615,KEMET,470.UF  2.5V
T520V336M016ATE0457650,1000,8.76149,KEMET,33.0UF 16.0V
T520V336M016ATE045Z164,1000,8.76149,KEMET,33.0UF 16.0V
T520V336M016ATE045Z150,1000,8.76149,KEMET,33.0UF 16.0V
T520D337M006AHE009,500,8.77538,KEMET,CAP TANT SMD POLYMER
T520D157M006AHE007,500,8.77538,KEMET,CAP TANT SMD POLYMER
T520D227M006AHE007,500,8.77538,KEMET,CAP TANT SMD POLYMER
T520D108M2R5ATE0154539,500,8.7762,KEMET,1000UF  2.5V
T520D108M2R5ATE0157919,500,8.7762,KEMET,1000UF  2.5V
T520V227M006ZTE045,1000,8.78084,KEMET,220.UF  6.0V
T520D227M010AT45517706,220,8.78291,KEMET,220.UF 10.0V
T520D477M004ATE0127706,180,8.78994,KEMET,470.UF  4.0V
T520D477M004ATE0157706,180,8.78994,KEMET,470.UF  4.0V
T521V336M025ATE0607706,180,9.09722,KEMET,33.0UF 25.0V
T520D337M006ATE00977NT,180,8.80239,KEMET,330.UF  6.0V
T521D476M025ATE0657706,180,8.80883,KEMET,47.0UF 25.0V
T591V337M004ATE025,1000,8.81152,KEMET,CAP TANT POLY 330UF 4V 2917
T598V337M004ATE045,1000,8.81152,KEMET,CAP TANT POLY 330UF 4V 2917
T520V107M010ZTE055ZK11,750,8.8116,KEMET,100.UF 10.0V
T521D476M016ATE0707622,500,8.83476,KEMET,47.0UF 16.0V
T521D476M016ATE080,500,8.83476,KEMET,47.0UF 16.0V
T521D476M025AHE065,500,8.83542,KEMET,CAP TANT POLY 47UF 25V 2917
T520D108M2R5ATE0157333,500,8.83972,KEMET,1000UF  2.5V
T520A226M010ANE0807706,200,8.8504,KEMET,22.0UF 10.0V
T520V477M006ATE040,1000,8.85154,KEMET,470.UF  6.0V
T598D227M006ATE080,500,8.85676,KEMET,CAP TANT POLY 220UF 6.3V 2917
T520V227M006ZTE045ZK14,1000,8.86858,KEMET,220.UF  6.0V
T520D337M004ATE0407706,180,8.86989,KEMET,330.UF  4.0V
T521D475M063ATE200,1000,8.87817,KEMET,4.70UF 63.0V
T520D227M006ATE0157706,220,8.8825,KEMET,220.UF  6.0V
T520D227M006ATE0187706,220,9.19014,KEMET,220.UF  6.0V
T520L157M006ATE0128000,1000,9.19445,KEMET,150.UF  6.0V
T591B227M006ATK0457706,2000,9.20185,KEMET,220.UF  6.0V
T591B227M006ATK045,2000,9.20185,KEMET,220.UF  6.0V
T521W476M020ATE0457733,3000,9.22189,KEMET,47.0UF 20.0V
T520V227M010ATE0457706,180,8.91722,KEMET,220.UF 10.0V
T520D107M010AHE0187706,180,8.92044,KEMET,100.UF 10.0V
T520D337M006AHE0187706,180,8.92044,KEMET,330.UF  6.0V
T520D337M006AHE0157706,180,8.92044,KEMET,330.UF  6.0V
T520A336M004ATE070,1,9.7,KEMET,CAP TANT POLY 33UF 4V 1206
T520D687M2R5ATE0152478,500,8.93614,KEMET,680.UF  2.5V
T520V337M003ATE012E009,1000,8.95102,KEMET,330.UF  3.0V
T520V227M006ATE0097706,180,8.96089,KEMET,220.UF  6.0V
T523W107M016APE1007280,3000,8.96461,KEMET,CAP TANT POLY 100UF 16V 2917
T520T157M006ATE0354292,3000,8.99127,KEMET,150.UF  6.0V
T520D477M004ATE0107706,180,8.99211,KEMET,470.UF  4.0V
T520D477M006ATE0257280,2500,9.00338,KEMET,CAP TANT SMD POLYMER
T520V337M004ATE0407706,200,9.01,KEMET,330.UF  4.0V
T520V337M2R5ATE009E006,1000,9.01652,KEMET,330.UF  2.5V
T598D477M2R5AT4152,500,9.34624,KEMET,470.UF  2.5V
T520D227M010ATE0187706,200,9.03685,KEMET,220.UF 10.0V
T520D227M010ATE02577NT,200,9.3498,KEMET,220.UF 10.0V
T520D227M010ATE0257706,200,9.3498,KEMET,220.UF 10.0V
T520V157M010ATE0257706,200,9.03685,KEMET,150.UF 10.0V
T521V336M025ATE0257706,200,9.3635,KEMET,33.0UF 25.0V
T521D106M050ATE0907654,500,9.0835,KEMET,10.0UF 50.0V
T521D106M050ATE1202478,500,9.0835,KEMET,10.0UF 50.0V
T598D226M035AT4164,500,9.40184,KEMET,22.0UF 35.0V
T598D226M035AT4335,500,9.40184,KEMET,22.0UF 35.0V
T598D226M035ATE0657706,500,9.40184,KEMET,22.0UF 35.0V
T520D337M2R5ATE0077622,500,9.09358,KEMET,330.UF  2.5V
T521D475M075ATE0757280,3000,9.09367,KEMET,CAP TANT POLY 4.7UF 75V 2917
T520D476M016ATE0357622,500,9.1103,KEMET,47.0UF 16.0V
T520D476M016ATE0702478,500,9.1103,KEMET,47.0UF 16.0V
T520D476M016ATE0358000,500,9.1103,KEMET,47.0UF 16.0V
T520D227M006ATE0097706,200,9.1299,KEMET,220.UF  6.0V
T591D477M2R5ATE0067706,200,9.45805,KEMET,470.UF  2.5V
T520B107M006ANE0457706,200,9.14145,KEMET,100.UF  6.0V
T521T476M016ATE0907706,200,9.45805,KEMET,47.0UF 16.0V
T521T336M016ATE0707706,200,9.45805,KEMET,33.0UF 16.0V
T521T336M016ATE0507706,200,9.45805,KEMET,33.0UF 16.0V
T521T336M016ATE0457706,200,9.45805,KEMET,33.0UF 16.0V
T591V107M010AT4902,1000,9.46062,KEMET,100.UF 10.0V
T520V227M2R5ATE025,1000,9.93617,KEMET,CAP TANT POLY 220UF 2.5V 2917
T545W476M020ATE055,1000,9.93617,KEMET,CAP TANT POLY 47UF 20V 2917
T545W476M020ATE045,1000,9.14444,KEMET,CAP TANT SMD POLYMER
T520U157M2R5ATE055,1000,9.14659,KEMET,CAP TANT SMD POLYMER
T520W337M2R5ATE025E015,1000,9.16115,KEMET,330.UF  2.5V
T521V476M016ATE0557706,180,9.16989,KEMET,47.0UF 16.0V
T521V476M016ATE0407706,180,9.16989,KEMET,47.0UF 16.0V
T520D476M016ATE0704539,500,9.18638,KEMET,47.0UF 16.0V
T520D476M016ATE0708000,500,9.18638,KEMET,47.0UF 16.0V
T520D476M016ATE0707111,500,9.18638,KEMET,47.0UF 16.0V
T520D476M016ATE0707622,500,9.18638,KEMET,47.0UF 16.0V
T520D476M016ATE0707627,500,9.18638,KEMET,47.0UF 16.0V
T521W476M020ATE0457111,1000,9.51504,KEMET,47.0UF 20.0V
T521D157M025ATE050,500,9.5165,KEMET,CAP TANT POLY 150UF 25V  7343
T598D477M2R5AT4542,500,9.5401,KEMET,470.UF  2.5V
T598D477M2R5AT4145,500,9.5401,KEMET,470.UF  2.5V
T598D477M2R5AT4541,500,9.5401,KEMET,470.UF  2.5V
T598D477M2R5AT4146,500,9.5401,KEMET,470.UF  2.5V
T598D477M2R5AT4186,500,9.5401,KEMET,470.UF  2.5V
T520D227M010AHE025,500,9.24724,KEMET,CAP TANT SMD POLYMER
T520D476M016ATE0707333,500,9.24972,KEMET,47.0UF 16.0V
T520L157M006ATE012,1000,9.25517,KEMET,CAP TANT POLY 150UF 6.3V 2312
T520V337M004ATE0072478,1000,9.26204,KEMET,330.UF  4.0V
T520V337M006ATE0187706,180,9.26456,KEMET,330.UF  6.0V
T520V337M006ATE0157706,180,9.26456,KEMET,330.UF  6.0V
T523W686M016APE1007280,3000,9.27984,KEMET,CAP TANT POLY 68UF 16V 2917
T521D476M020ATE0557622,500,9.28114,KEMET,47.0UF 20.0V
T591D337M2R5ATE0127706,180,9.61294,KEMET,330.UF  2.5V
T520V227M2R5ATE0098000,1000,9.30016,KEMET,220.UF  2.5V
T520L227M004ATE012,1000,9.3105,KEMET,CAP TANT SMD POLYMER
T520D476M016AHE070,500,9.32696,KEMET,CAP TANT POLY 47UF 16V 2917
T520D156M025AHE080,500,9.32696,KEMET,CAP TANT POLY 15UF 25V 2917
T520D477M004AHE0187706,180,9.327,KEMET,470.UF  4.0V
T520V157M006ATE0067706,180,9.344,KEMET,150.UF  6.0V
T520D477M006ATE035,500,9.67016,KEMET,470.UF  6.0V
T520V157M004ATE0158000,1000,9.67837,KEMET,150.UF  4.0V
T520D337M004AHE006,500,9.36334,KEMET,CAP TANT SMD POLYMER
T521D107M016ATE0508000,500,9.39062,KEMET,100.UF 16.0V
T598D227M010ATE0807706,180,9.72989,KEMET,220.UF 10.0V
T520Y477M006ATE0157280,2000,9.41229,KEMET,CAP TANT SMD POLYMER
T520B107M010ANE0707706,180,9.42122,KEMET,100.UF 10.0V
T520Y477M006ATE0187622,500,9.42784,KEMET,470.UF  6.0V
T520Y477M006ATE0187111,500,9.42784,KEMET,470.UF  6.0V
T520D157M010AHE0187706,180,9.44233,KEMET,150.UF 10.0V
T520D157M010AHE0257706,180,9.44233,KEMET,150.UF 10.0V
T520D687M2R5ATE0407706,180,9.45244,KEMET,680.UF  2.5V
T520U476M010ATE0557706,180,9.49978,KEMET,47.0UF 10.0V
T598V227M2R5AT41457706,160,9.83706,KEMET,220.UF  2.5V
T598V227M2R5AT41867706,160,9.83706,KEMET,220.UF  2.5V
T520V227M2R5AHE0128000,1000,9.51897,KEMET,220.UF  2.5V
T523W107M016APE0707280,3000,9.52693,KEMET,CAP TANT POLY 100UF 16V 2917
T591V106M035ATE1207706,180,9.88772,KEMET,10.0UF 35.0V
T520C157M010ANE055,500,9.5613,KEMET,CAP TANT SMD POLYMER
T521V336M025ATE0407706,160,9.89806,KEMET,33.0UF 25.0V
T520D477M004ATE01077NT,180,9.57511,KEMET,470.UF  4.0V
T520B336M008ATE070,1,10.42,KEMET,CAP TANT POLY 33UF 8V 1411
T520D687M2R5ATE0108000,500,9.93692,KEMET,680.UF  2.5V
T520V337M004ATE012E009,1000,9.60985,KEMET,330.UF  4.0V
T591D226M025ATE0607706,180,9.95661,KEMET,22.0UF 25.0V
T520D108M2R5ATE009,500,9.63508,KEMET,CAP TANT SMD POLYMER
T520D108M2R5ATE010,500,9.63508,KEMET,CAP TANT SMD POLYMER
T520D108M2R5ATE0152478,500,9.63508,KEMET,1000UF  2.5V
T520D337M004ATE0157706,180,9.65506,KEMET,330.UF  4.0V
T520D337M004ATE0127706,180,9.65506,KEMET,330.UF  4.0V
T598D106M050ATS090,500,9.9963,KEMET,10.0UF 50.0V
T520L227M004AHE025,1000,9.66939,KEMET,CAP TANT SMD POLYMER
T520Y477M006ATE0258000,500,9.6698,KEMET,470.UF  6.0V
T520Y477M006ATE0357622,500,9.6698,KEMET,470.UF  6.0V
T520Y477M006ATE0358000,500,9.6698,KEMET,470.UF  6.0V
T520L337M2R5ATE009,1000,9.68328,KEMET,CAP TANT POLY 330UF 2.5V 2312
T520V157M004ATE012,1000,10.53649,KEMET,CAP TANT POLY 150UF 4V 2917
T520V157M004ATE015,1000,9.69693,KEMET,CAP TANT POLY 150UF 4V 2917
T520D686M016ATE0508000,500,9.70188,KEMET,68.0UF 16.0V
T520D686M016ATE0507111,500,9.70188,KEMET,68.0UF 16.0V
T520D686M016ATE0507650,500,9.70188,KEMET,68.0UF 16.0V
T520V227M010ATE0257706,180,9.70239,KEMET,220.UF 10.0V
T520D337M004AHE0097706,180,9.70556,KEMET,330.UF  4.0V
T520D337M006AHE0107706,180,9.70556,KEMET,330.UF  6.0V
T521V686M016ATE0407706,180,9.7065,KEMET,68.0UF 16.0V
T521V686M016ATE05077NT,180,9.7065,KEMET,68.0UF 16.0V
T521V686M016ATE0507706,180,10.04267,KEMET,68.0UF 16.0V
T521V107M016ATE05077NT,180,10.04267,KEMET,100.UF 16.0V
T521V107M016ATE0507706,180,10.04267,KEMET,100.UF 16.0V
T521V107M016ATE0507758,180,9.7065,KEMET,100.UF 16.0V
T598D157M016ATE0657706,180,10.05978,KEMET,150.UF 16.0V
T591D337M2R5ATE0157706,180,10.05978,KEMET,330.UF  2.5V
T520D477M006ATE0307028,500,9.72968,KEMET,470.UF  6.0V
T520U686M004ATE0557706,180,9.73544,KEMET,68.0UF  4.0V
T521D476M016ATE070,500,9.73894,KEMET,CAP TANT POLY 47UF 16V 2917
T521D476M016ATE090,500,9.73894,KEMET,CAP TANT SMD POLYMER
T521D476M016ATE0807622,500,9.73894,KEMET,47.0UF 16.0V
T598D336M035ATS065,500,10.09316,KEMET,33.0UF 35.0V
T520V227M004ATE0067706,160,9.75638,KEMET,220.UF  4.0V
T520B107M006AME0407706,180,9.77311,KEMET,100.UF  6.0V
T598D227M010ATE0407706,180,10.13533,KEMET,220.UF 10.0V
T520D477M2R5ATE0068000,500,9.80872,KEMET,470.UF  2.5V
T520V107M006ATE045Z164,1000,9.81435,KEMET,100.UF  6.0V
T520V107M006ATE0458000,1000,9.81435,KEMET,100.UF  6.0V
T520V107M006ATE045Z160,1000,9.81435,KEMET,100.UF  6.0V
T598D337M2R5ATE0097706,160,10.17506,KEMET,330.UF  2.5V
T529P476M010AAE200,1,,KEMET,CAP TANT POLY 47UF 10V 0805
T523W686M016APE0707280,3000,9.84087,KEMET,CAP TANT POLY 68UF 16V 2917
T523W157M016APE1007280,3000,9.84087,KEMET,CAP TANT POLY 150UF 16V 2917
T520V337M003ATE0257706,160,9.84119,KEMET,330.UF  3.0V
T520V337M004ATE0257706,180,9.84111,KEMET,330.UF  4.0V
T520V337M004ATE0187706,180,9.84111,KEMET,330.UF  4.0V
T521D106M050ATE1207706,160,9.84119,KEMET,10.0UF 50.0V
T520W227M004ATE0258000,1000,9.84718,KEMET,220.UF  4.0V
T520W157M006ATE040E025,1000,9.84718,KEMET,150.UF  6.0V
T520L107M010AHE025,1000,9.85123,KEMET,CAP TANT SMD POLYMER
T520V337M003ATE015E012,1000,9.86769,KEMET,330.UF  3.0V
T520V157M010ATE0187706,180,9.86778,KEMET,150.UF 10.0V
T520D477M2R5ATE0067333,500,9.87554,KEMET,470.UF  2.5V
T521V476M020ATE0807706,180,10.22328,KEMET,47.0UF 20.0V
T521V476M020ATE0907706,180,10.22328,KEMET,47.0UF 20.0V
T591D227M006ATE0407706,180,10.23183,KEMET,220.UF  6.0V
T591D227M006ATE0807706,180,10.23183,KEMET,220.UF  6.0V
T591D227M006ATE0257706,180,10.23183,KEMET,220.UF  6.0V
T520D227M004ATE006,500,9.9106,KEMET,CAP TANT SMD POLYMER
T520D476M016AHE035,500,9.91176,KEMET,CAP TANT SMD POLYMER
T591V157M010ATE045,1000,9.91731,KEMET,CAP TANT POLY 150UF 10V 2917
T521D565M050ATE070,500,9.91756,KEMET,CAP TANT SMD POLYMER
T520D337M2R5ATE006,500,9.92682,KEMET,CAP TANT SMD POLYMER
T520Y477M006ATE0107280,2000,9.93596,KEMET,CAP TANT SMD POLYMER
T591D106M035ATE1207706,180,10.28367,KEMET,10.0UF 35.0V
T598D107M016ATS050,500,10.28668,KEMET,100.UF 16.0V
T520D227M006ATE0077706,180,9.961,KEMET,220.UF  6.0V
T520V157M006AHE045,1000,9.9723,KEMET,CAP TANT POLY 150UF 6.3V 2917
T520V337M004AHE040,1000,9.9723,KEMET,CAP TANT SMD POLYMER
T520V227M004AHE045,1000,9.9723,KEMET,CAP TANT SMD POLYMER
T520V686M010AHE060,1000,9.9723,KEMET,CAP TANT SMD POLYMER
T520V157M006AHE040,1000,9.9723,KEMET,CAP TANT SMD POLYMER
T591B336M006ATE080,1,10.01,KEMET,CAP TANT POLY 33UF 6.3V 1411
T520D156M025ATE0607608,500,10.012,KEMET,15.0UF 25.0V
T520D477M006ATE0308000,500,10.01464,KEMET,470.UF  6.0V
T598D477M004ATE0257706,160,10.37769,KEMET,470.UF  4.0V
T521V156M035ATE1257706,180,10.40389,KEMET,15.0UF 35.0V
T591D227M2R5ATE0097706,180,10.40389,KEMET,220.UF  2.5V
T521V106M035ATE1207706,180,10.40389,KEMET,10.0UF 35.0V
T521V156M025ATE0907706,180,10.40389,KEMET,15.0UF 25.0V
T521V226M020ATE0907706,180,10.40389,KEMET,22.0UF 20.0V
T520D108M2R5ATE0307706,160,10.06963,KEMET,1000UF  2.5V
T520V477M2R5ATE00977NT,160,10.0825,KEMET,470.UF  2.5V
T520V477M2R5ATE0097706,160,10.0825,KEMET,470.UF  2.5V
T520L337M2R5ATE0127280,3000,10.086,KEMET,CAP TANT SMD POLYMER
T521V476M020ATE0557706,160,10.11975,KEMET,47.0UF 20.0V
T520V227M004ATE0077706,180,10.12228,KEMET,220.UF  4.0V
T591D337M2R5ATE0097706,180,10.47283,KEMET,330.UF  2.5V
T520D227M010AHE0182478,500,10.13224,KEMET,220.UF 10.0V
T598D227M2R5ATE0127706,180,10.48994,KEMET,220.UF  2.5V
T591D686M020ATE0407706,160,10.49588,KEMET,68.0UF 20.0V
T598D477M2R5AT45427706,160,10.51194,KEMET,470.UF  2.5V
T591V337M004ATE0457706,160,10.51194,KEMET,330.UF  4.0V
T520D107M010ANE080,500,10.183,KEMET,CAP TANT SMD POLYMER
T520U107M004ATE0557706,160,10.20656,KEMET,100.UF  4.0V
T520U227M2R5ATE0557706,160,10.20656,KEMET,220.UF  2.5V
T520U157M004ATE0557706,160,10.20656,KEMET,150.UF  4.0V
T520U336M008ATE0707706,160,10.20656,KEMET,33.0UF  8.0V
T520U686M006ATE0557706,160,10.20656,KEMET,68.0UF  6.0V
T520U686M006ATE0707706,160,10.20656,KEMET,68.0UF  6.0V
T520D108M2R5ATE007,500,10.2179,KEMET,CAP TANT SMD POLYMER
T520D227M004ATE0127706,180,10.57406,KEMET,220.UF  4.0V
T520V157M004ATE0098000,1000,10.6018,KEMET,150.UF  4.0V
T591B336M010ATE080,1,10.25,KEMET,CAP TANT POLY 33UF 10V 1411
T520D227M006AHE0097706,180,10.62922,KEMET,220.UF  6.0V
T520D157M010AHE0157706,180,10.27344,KEMET,150.UF 10.0V
T520D687M2R5ATE0157706,180,10.63917,KEMET,680.UF  2.5V
T520D687M2R5ATE01577NT,180,10.63917,KEMET,680.UF  2.5V
T521V156M035ATE1007706,160,10.28463,KEMET,15.0UF 35.0V
T521D336M025ATE0607706,160,10.28463,KEMET,33.0UF 25.0V
T521D336M025ATE06077NT,160,10.28463,KEMET,33.0UF 25.0V
T520Y477M006ATE0107622,500,10.28802,KEMET,470.UF  6.0V
T523W157M016APE0707280,3000,10.28814,KEMET,CAP TANT POLY 150UF 16V 2917
T520V227M2R5ATE0457706,160,10.29031,KEMET,220.UF  2.5V
T520V227M2R5ATE0067706,160,10.29031,KEMET,220.UF  2.5V
T523W476M035AP42917280,3000,10.67384,KEMET,47.0UF 35.0V
T591D475M063ATE200,500,10.31912,KEMET,CAP TANT POLY 4.7UF 63V 2917
T521D476M016ATE055,500,10.32144,KEMET,CAP TANT SMD POLYMER
T520V227M006ATE0077706,160,10.32238,KEMET,220.UF  6.0V
T520V337M2R5ATE0077706,180,10.32306,KEMET,330.UF  2.5V
T521V226M025ATE0607706,180,10.69289,KEMET,22.0UF 25.0V
T520D156M025ATE0608000,500,10.696,KEMET,15.0UF 25.0V
T521V156M025ATE0407706,160,10.7135,KEMET,15.0UF 25.0V
T591V157M010ATE025,1000,10.35658,KEMET,CAP TANT POLY 150UF 10V 2917
T520W336M016ATE0458000,1000,10.39421,KEMET,33.0UF 16.0V
T520V227M2R5ATE012E009,1000,10.39421,KEMET,220.UF  2.5V
T598V227M006ATE0457706,160,10.78088,KEMET,220.UF  6.0V
T591V157M006ATE0457706,160,10.79906,KEMET,150.UF  6.0V
T520D337M004ATE0097706,160,10.44019,KEMET,330.UF  4.0V
T520V337M003ATE0097706,160,10.4495,KEMET,330.UF  3.0V
T520V336M016ATE0607706,160,10.4495,KEMET,33.0UF 16.0V
T520V336M016ATE0707706,160,10.4495,KEMET,33.0UF 16.0V
T520V227M2R5AHE015,1000,10.46623,KEMET,CAP TANT SMD POLYMER
T520V227M2R5AHE012,1000,10.46623,KEMET,CAP TANT SMD POLYMER
T523W476M035APE1007106,3000,10.84926,KEMET,47.0UF 35.0V
T520D108M2R5ATE010E006,500,10.49642,KEMET,1000UF  2.5V
T521V686M020ATE0507706,160,10.875,KEMET,68.0UF 20.0V
T520V337M004AHE025,1000,10.52098,KEMET,CAP TANT SMD POLYMER
T520V686M010AHE045,1000,10.52098,KEMET,CAP TANT SMD POLYMER
T520V227M004AHE025,1000,10.52098,KEMET,CAP TANT SMD POLYMER
T523W686K020APE100,1000,10.52098,KEMET,CAP TANT SMD POLYMER
T520D477M2R5ATE0097706,160,10.53738,KEMET,470.UF  2.5V
T591D336M025ATE0607706,160,10.91994,KEMET,33.0UF 25.0V
T591D336M025AT49027706,160,10.91994,KEMET,33.0UF 25.0V
T598D337M2R5ATE0127706,160,10.91994,KEMET,330.UF  2.5V
T520T156M004ATE100,1,11.5,KEMET,CAP TANT POLY 15UF 4V 1411
T599B476M004ATE070,1,10.58,KEMET,CAP TANT POLY 47UF 4V 1411
T520V476M016ATE0707111,1000,10.59119,KEMET,47.0UF 16.0V
T520V476M016ATE0704539,1000,10.59119,KEMET,47.0UF 16.0V
T520V476M016ATE0707622,1000,10.59119,KEMET,47.0UF 16.0V
T520V476M016ATE0708000,1000,10.59119,KEMET,47.0UF 16.0V
T520V476M016ATE0707280,3000,10.60039,KEMET,CAP TANT POLY 47UF 16V 2917
T591D686M020ATE0507706,160,10.98519,KEMET,68.0UF 20.0V
T598D227M2R5ATE0097706,160,11.0055,KEMET,220.UF  2.5V
T598V227M2R5ATE0157706,160,11.0055,KEMET,220.UF  2.5V
T520D157M004ATE0077706,140,11.00829,KEMET,150.UF  4.0V
T520V337M004ATE0127706,160,10.67225,KEMET,330.UF  4.0V
T520V337M004ATE01277NT,160,10.67225,KEMET,330.UF  4.0V
T520U336M010ATE0707706,160,10.67744,KEMET,33.0UF 10.0V
T520D477M006ATE0258000,500,11.05278,KEMET,470.UF  6.0V
T521D157M016ATE0407652,500,10.68728,KEMET,150.UF 16.0V
T598D476M025ATE0607706,140,11.07736,KEMET,47.0UF 25.0V
T598D477M2R5ATE0097706,140,11.07736,KEMET,470.UF  2.5V
T520L157M006ATE0187706,140,11.07736,KEMET,150.UF  6.0V
T520L157M006ATE0257706,140,10.70657,KEMET,150.UF  6.0V
T520Y158M2R5ATE015NTSM,2000,11.0826,KEMET,1500UF  2.5V
T520U157M006ATE0557706,140,10.71193,KEMET,150.UF  6.0V
T520V227M2R5ATE0257706,140,10.71193,KEMET,220.UF  2.5V
T521V476M020ATE05577NT,160,10.71206,KEMET,47.0UF 20.0V
T521V476M020ATE0557758,160,11.083,KEMET,47.0UF 20.0V
T520U157M2R5ATE0557706,140,10.71429,KEMET,150.UF  2.5V
T521D476M016ATE0707706,140,10.71429,KEMET,47.0UF 16.0V
T523W686M016APE050,1000,10.72011,KEMET,CAP TANT SMD POLYMER
T520W477M006ATE0558000,1000,10.7225,KEMET,470.UF  6.0V
T520W477M006ATE040,1000,10.7225,KEMET,470.UF  6.0V
T520W477M006ATE0557097,1000,10.7225,KEMET,470.UF  6.0V
T520W477M006ATE070,1000,10.7225,KEMET,470.UF  6.0V
T520W477M006AT6259,1000,10.7225,KEMET,470.UF  6.0V
T520L337M2R5ATE0128000,1000,11.09744,KEMET,330.UF  2.5V
T520L337M2R5ATE0127111,1000,10.72598,KEMET,330.UF  2.5V
T520L337M2R5ATE0127622,1000,10.72598,KEMET,330.UF  2.5V
T520Y337M006ATE0407280,2000,10.73231,KEMET,CAP TANT SMD POLYMER
T520Y337M006ATE0257280,2000,10.73231,KEMET,CAP TANT SMD POLYMER
T520D227M2R5ATE0077706,160,10.73994,KEMET,220.UF  2.5V
T598D106M050ATE0907706,140,11.11829,KEMET,10.0UF 50.0V
T521V565M050ATE090,1000,10.7617,KEMET,CAP TANT SMD POLYMER
T520D337M006ANE025,500,10.76318,KEMET,CAP TANT SMD POLYMER
T523V157M016APE0507280,3000,10.77863,KEMET,CAP TANT POLY 150UF 16V 2917
T591D107M016ATE0507706,160,11.16056,KEMET,100.UF 16.0V
T520D227M006ATE0067706,160,10.79163,KEMET,220.UF  6.0V
T520W337M2R5ATE0407706,160,10.79213,KEMET,330.UF  2.5V
T520V477M002ATE040,1000,10.79445,KEMET,CAP TANT POLY 470UF 2V 2917
T520W227M004ATE025,1000,10.79445,KEMET,CAP TANT SMD POLYMER
T520W227M2R5ATE025,1000,10.79445,KEMET,CAP TANT SMD POLYMER
T520W157M006ATE025,1000,10.79445,KEMET,CAP TANT SMD POLYMER
T523W226M035APE100,1000,10.79445,KEMET,CAP TANT SMD POLYMER
T523W336M025APE100,1000,10.79445,KEMET,CAP TANT SMD POLYMER
T520V227M2R5ATE0077608,1000,10.79445,KEMET,220.UF  2.5V
T598D156M035ATE0657706,160,11.17769,KEMET,15.0UF 35.0V
T591D477M2R5ATE0097706,160,11.17769,KEMET,470.UF  2.5V
T591D477M004AT49027706,160,11.17769,KEMET,470.UF  4.0V
T591D477M004ATE0257706,160,11.17769,KEMET,470.UF  4.0V
T591D477M004AT49267706,160,11.17769,KEMET,470.UF  4.0V
T591D477M004AT49277706,160,11.17769,KEMET,470.UF  4.0V
T521T685M035APE0907706,160,11.17769,KEMET,6.80UF 35.0V
T520V156M025AHE0907627,1000,10.83191,KEMET,15.0UF 25.0V
T598D227M010ATE0257706,160,11.21031,KEMET,220.UF 10.0V
T598D336M035ATE0657706,140,11.21307,KEMET,33.0UF 35.0V
T520D108M2R5ATE0157706,160,10.85469,KEMET,1000UF  2.5V
T523W476M035AP6256,1000,11.2511,KEMET,47.0UF 35.0V
T523W476M035AP4262,1000,11.2511,KEMET,47.0UF 35.0V
T523W476M035AP7105,1000,11.2511,KEMET,47.0UF 35.0V
T523W476M035AP4643,1000,11.2511,KEMET,47.0UF 35.0V
T523W476M035AP4276,1000,11.2511,KEMET,47.0UF 35.0V
T523W476M035AP62567105,1000,11.2511,KEMET,47.0UF 35.0V
T523W476M035APE1004577,1000,11.2511,KEMET,47.0UF 35.0V
T523W476M035APE1002478,1000,11.2511,KEMET,47.0UF 35.0V
T523W476M035APE1007105,1000,11.2511,KEMET,47.0UF 35.0V
T520D477M006ATE0158000,500,10.89154,KEMET,470.UF  6.0V
T521D476M016ATE045,500,10.9008,KEMET,CAP TANT SMD POLYMER
T525B107M003ATE080,1,10.92,KEMET,CAP TANT POLY 100UF 3V 1411
T525B157M003ATE080,1,10.92,KEMET,CAP TANT POLY 150UF 3V 1411
B76006B1079M070,1,10.92,KEMET,CAP TANT POLY 100UF 6.3V 1411
T520B337M2R5ATE070,1,11.86,KEMET,CAP TANT POLY 330UF 2.5V 1411
T523W476M035APE1007723,1000,11.29953,KEMET,47.0UF 35.0V
T520D337M004ATE0067706,140,10.92457,KEMET,330.UF  4.0V
T520D476M016AHE0357706,140,10.92571,KEMET,47.0UF 16.0V
T520D156M025AHE0607706,140,10.92571,KEMET,15.0UF 25.0V
T521D685M050ATE0707706,140,10.93279,KEMET,6.80UF 50.0V
T521D565M050ATE0707706,140,10.93279,KEMET,5.60UF 50.0V
T591D226M035ATE0657706,160,11.31513,KEMET,22.0UF 35.0V
T520D227M010AHE0407706,160,10.94,KEMET,220.UF 10.0V
T520D337M2R5ATE0067706,140,10.94464,KEMET,330.UF  2.5V
T591D476M016ATE0707706,160,11.33219,KEMET,47.0UF 16.0V
T598D336M025ATE0607706,160,11.34988,KEMET,33.0UF 25.0V
T598V157M006ATE0457706,160,11.34988,KEMET,150.UF  6.0V
T521T106M025AHE0607706,160,11.34988,KEMET,10.0UF 25.0V
T520L337M2R5ATE0127650,1000,11.36378,KEMET,330.UF  2.5V
T523W476M035AP4291,1000,11.37208,KEMET,47.0UF 35.0V
T523W476M035APE1004292,1000,11.37208,KEMET,47.0UF 35.0V
T520U686M010ATE0557706,160,10.99163,KEMET,68.0UF 10.0V
T520V337M004ATE0077706,140,10.996,KEMET,330.UF  4.0V
T520Y477M006ATE0157111,500,11.00614,KEMET,470.UF  6.0V
T520V227M2R5AHE009,1000,11.01284,KEMET,CAP TANT SMD POLYMER
T520V107M006AHE009,1000,11.01284,KEMET,CAP TANT SMD POLYMER
T525D687M2R5ATE0257280,2500,11.01653,KEMET,CAP TANT POLY 680UF 2.5V 2917
T598D107M016ATS0507706,140,11.4025,KEMET,100.UF 16.0V
T520D687M004ATE0127280,2500,11.03694,KEMET,CAP TANT SMD POLYMER
T520V477M006ATE0357706,140,11.04857,KEMET,470.UF  6.0V
T520D156M025ATE0607706,140,11.04857,KEMET,15.0UF 25.0V
T520D476M016ATE0357706,140,11.04857,KEMET,47.0UF 16.0V
T523W107K020APE100,1000,11.04989,KEMET,100.UF 20.0V
T520V227M004AHE015,1000,11.06734,KEMET,CAP TANT SMD POLYMER
T520V337M004AHE012,1000,11.06734,KEMET,CAP TANT SMD POLYMER
T520V157M006AHE015,1000,11.06734,KEMET,CAP TANT SMD POLYMER
T521D336M025ATE0407706,160,11.06969,KEMET,33.0UF 25.0V
T520B686M004ATE070,1,12.04,KEMET,CAP TANT POLY 68UF 4V 1411
T520B227M2R5ATE030,1,11.08,KEMET,CAP TANT POLY 220UF 2.5V 1411
T521D475M063ATE0757706,140,11.08286,KEMET,4.70UF 63.0V
T520D477M006ATE0307706,140,11.09171,KEMET,470.UF  6.0V
T521D476M016ATE0907706,140,11.10171,KEMET,47.0UF 16.0V
T521D476M016ATE0807706,140,11.10171,KEMET,47.0UF 16.0V
T520D227M006AHE0077706,160,11.48888,KEMET,220.UF  6.0V
T520D157M006AHE0077706,160,11.48888,KEMET,150.UF  6.0V
T520V157M004ATE012E009,1000,11.10836,KEMET,150.UF  4.0V
T523W107M016APE050,1000,11.12184,KEMET,CAP TANT SMD POLYMER
T520V476M016ATE0702478,1000,11.13829,KEMET,47.0UF 16.0V
T520V476M016ATE0457622,1000,11.13829,KEMET,47.0UF 16.0V
T520V337M2R5ATE0067706,160,11.15444,KEMET,330.UF  2.5V
T521V226M025ATE0457706,160,11.5525,KEMET,22.0UF 25.0V
T520V107M010AHE050,1000,11.17633,KEMET,CAP TANT SMD POLYMER
T520L337M2R5ATE0097650,1000,11.1937,KEMET,330.UF  2.5V
T520V337M006ATE0258395,1000,11.58256,KEMET,330.UF  6.0V
T591D336M035ATE0657706,160,11.60763,KEMET,33.0UF 35.0V
T598D227M006ATE0807706,160,11.60763,KEMET,220.UF  6.0V
T598D227M006ATE0257706,160,11.60763,KEMET,220.UF  6.0V
T598D227M006ATE0407706,160,11.60763,KEMET,220.UF  6.0V
T520D337M004ATE0077706,140,11.22521,KEMET,330.UF  4.0V
T523V157M016AP42927280,3000,11.61455,KEMET,150.UF 16.0V
T520D156M025AHE0807706,140,11.227,KEMET,15.0UF 25.0V
T520D476M016AHE0707706,140,11.227,KEMET,47.0UF 16.0V
T520W477M006ATE0357280,3000,11.22722,KEMET,CAP TANT SMD POLYMER
T520L157M006ATE0127706,140,11.61886,KEMET,150.UF  6.0V
T521D106M050ATE0907706,140,11.23464,KEMET,10.0UF 50.0V
T521D565M050ATE0907706,140,11.23464,KEMET,5.60UF 50.0V
T520V336M016ATE0457706,140,11.23464,KEMET,33.0UF 16.0V
T521D685M050ATE0907706,140,11.23464,KEMET,6.80UF 50.0V
T520W337M2R5ATE0157706,140,11.24407,KEMET,330.UF  2.5V
T520D337M2R5ATE0077706,140,11.24764,KEMET,330.UF  2.5V
T520Y687M006ATE0187280,2000,11.25117,KEMET,CAP TANT POLY 680UF 6.3V 2917
T521D476M020ATE0557706,140,11.25593,KEMET,47.0UF 20.0V
T520W477M006ATE0358000,1000,11.26953,KEMET,470.UF  6.0V
T523W686M025APE070,1000,11.2754,KEMET,68.0UF 25.0V
T523W686M025APE100,1000,11.2754,KEMET,68.0UF 25.0V
T523V157M020APE100,1000,11.2754,KEMET,150.UF 20.0V
T523V157M020APE070,1000,11.2754,KEMET,150.UF 20.0V
T520W107M010AHE040,1000,11.29616,KEMET,CAP TANT SMD POLYMER
T520V337M003ATE0127706,140,11.30136,KEMET,330.UF  3.0V
T520D108M2R5ATE0067706,140,11.30136,KEMET,1000UF  2.5V
T520D108M2R5ATE0077706,140,11.30136,KEMET,1000UF  2.5V
T520M157M006ATE2007706,160,11.69369,KEMET,150.UF  6.0V
T520M157M006ATE1007706,160,11.69369,KEMET,150.UF  6.0V
T598D226M035AT43357706,160,11.69369,KEMET,22.0UF 35.0V
T598D226M035AT41647706,160,11.69369,KEMET,22.0UF 35.0V
T521V565M050ATE070,1000,11.30707,KEMET,CAP TANT SMD POLYMER
T520V477M2R5ATE0067706,140,11.31321,KEMET,470.UF  2.5V
T520W336M016ATE045,1000,11.33974,KEMET,CAP TANT POLY 33UF 16V 2917
T523W476M035APE090,1000,11.33974,KEMET,CAP TANT POLY 47UF 35V 2917
T523V476M025APE100,1000,11.33974,KEMET,CAP TANT SMD POLYMER
T523V336M035APE100,1000,11.33974,KEMET,CAP TANT SMD POLYMER
T522V157M006ATE0408000,1000,11.73245,KEMET,150.UF  6.0V
T520D477M006ATE0157111,500,11.35098,KEMET,470.UF  6.0V
T520D477M006ATE0157028,500,11.7441,KEMET,470.UF  6.0V
T523W476M025APE100,1,,KEMET,47.0UF 25.0V
T523W476M025APE070,1000,11.35404,KEMET,47.0UF 25.0V
T520V477M006ATE0557706,140,11.36221,KEMET,470.UF  6.0V
T520V477M006ATE0407706,140,11.36221,KEMET,470.UF  6.0V
T520D476M016ATE0707706,140,11.36221,KEMET,47.0UF 16.0V
T520D477M2R5ATE0077706,160,11.36844,KEMET,470.UF  2.5V
T520D227M010ANE040,500,11.38058,KEMET,CAP TANT SMD POLYMER
T523V686M035AP4292,1000,11.78259,KEMET,68.0UF 35.0V
T520U107M006ATE0557706,140,11.39943,KEMET,100.UF  6.0V
T521D475M063ATE3007706,140,11.39943,KEMET,4.70UF 63.0V
T521D475M063ATE2007706,140,11.39943,KEMET,4.70UF 63.0V
T521D107M020AT45467133,2500,11.40956,KEMET,100.UF 20.0V
T520W107M006ATE0407706,140,11.426,KEMET,100.UF  6.0V
T520U157M006ATE0457706,140,11.426,KEMET,150.UF  6.0V
T521D476M016ATE0557706,140,11.42836,KEMET,47.0UF 16.0V
T521X157M016ATE080,500,11.44046,KEMET,CAP TANT SMD POLYMER
T545V337M006ATE045,1000,11.44856,KEMET,CAP TANT SMD POLYMER
T520V107M006ATE0078000,1000,11.45559,KEMET,100.UF  6.0V
T521Q336M016ATE0407706,160,11.86056,KEMET,33.0UF 16.0V
T598D477M2R5AT41527706,160,11.86538,KEMET,470.UF  2.5V
T598D477M2R5AT45417706,160,11.86538,KEMET,470.UF  2.5V
T598D477M2R5AT41867706,160,11.86538,KEMET,470.UF  2.5V
T591V227M006ATE0457706,160,11.86538,KEMET,220.UF  6.0V
T598D477M2R5AT41457706,160,11.86538,KEMET,470.UF  2.5V
T520V476M016ATE0454539,1000,11.87585,KEMET,47.0UF 16.0V
T520V476M016ATE0454577,1000,11.87585,KEMET,47.0UF 16.0V
T527I107M004ATE200,1,11.49,KEMET,CAP TANT POLY 100UF 4V 1206
T598B107M004ATE045,1,11.49,KEMET,CAP TANT POLY 100UF 4V 1411
T520D687M004ATE0257333,500,11.49802,KEMET,680.UF  4.0V
T591D106M050ATE0907706,160,11.90013,KEMET,10.0UF 50.0V
T520V337M004ATE0097706,160,11.50331,KEMET,330.UF  4.0V
T523V157M016APE070,1000,11.52464,KEMET,150.UF 16.0V
T523V157M016APE100,1000,11.52464,KEMET,150.UF 16.0V
T520C157M010ANE0557706,140,11.54121,KEMET,150.UF 10.0V
T523W157M016APE050,1000,11.55722,KEMET,CAP TANT SMD POLYMER
T520V107M006AHE007,1000,11.55722,KEMET,CAP TANT SMD POLYMER
T521D157M016ATE055,500,11.5612,KEMET,150.UF 16.0V
T591V227M004ATE0257706,160,11.96856,KEMET,220.UF  4.0V
T591V157M006ATE0257706,160,11.96856,KEMET,150.UF  6.0V
T521W476M020ATE0457706,140,11.97571,KEMET,47.0UF 20.0V
T520W337M2R5ATE0257706,140,11.57721,KEMET,330.UF  2.5V
T520V157M008ATE0408000,1000,11.59675,KEMET,150.UF  8.0V
T520V337M004AHE009,1000,11.61155,KEMET,CAP TANT SMD POLYMER
T521D107M016ATE0507706,140,11.61507,KEMET,100.UF 16.0V
T521D107M016ATE05077NT,140,11.61507,KEMET,100.UF 16.0V
T591D476M020ATE0507706,160,12.02044,KEMET,47.0UF 20.0V
T520D477M006ATE0357706,160,12.02738,KEMET,470.UF  6.0V
T523W107K020APE050,1000,11.63454,KEMET,100.UF 20.0V
T520D108M2R5ATE0107706,140,11.63986,KEMET,1000UF  2.5V
T520D108M2R5ATE0097706,140,11.63986,KEMET,1000UF  2.5V
T523V157M016APE0504292,1000,12.04474,KEMET,150.UF 16.0V
T520V477M2R5ATE0077706,140,11.65229,KEMET,470.UF  2.5V
T520V477M2R5ATE00777NT,140,11.65229,KEMET,470.UF  2.5V
T520V476M016ZTE0707706,140,11.65871,KEMET,47.0UF 16.0V
T520W477M006ATE0554300,1000,11.6658,KEMET,470.UF  6.0V
T521V157M016AT4292,1000,12.1232,KEMET,150.UF 16.0V
T520L227M004AHE0257706,140,11.71779,KEMET,220.UF  4.0V
T520V107M010AHE025,1000,11.72013,KEMET,CAP TANT SMD POLYMER
T520D157M006ASE055,1,,KEMET,CAP TANT POLY 150UF 6.3V 2917
T520D227M006ASE050,1,,KEMET,CAP TANT POLY 220UF 6.3V 2917
T520D337M006ASE045,1,,KEMET,CAP TANT POLY 330UF 6.3V 2917
T520D107M010ASE080,1,,KEMET,CAP TANT POLY 100UF 10V 2917
T520D157M010ASE055,1,,KEMET,CAP TANT POLY 150UF 10V 2917
T520B157M004ATE070,1,11.74,KEMET,CAP TANT POLY 150UF 4V 1411
T520V227M2R5ATE0157706,140,11.75029,KEMET,220.UF  2.5V
T520V227M2R5ATE0127706,140,11.75029,KEMET,220.UF  2.5V
T520V157M010ATE0188395,1000,11.76809,KEMET,150.UF 10.0V
T520D227M010AHE0187706,160,11.77106,KEMET,220.UF 10.0V
T520D227M010AHE0257706,160,11.77106,KEMET,220.UF 10.0V
T520V476M016AHE070,1000,11.77438,KEMET,CAP TANT POLY 47UF 16V 2917
T520V336M016AHE060,1000,11.77438,KEMET,CAP TANT POLY 33UF 16V 2917
T520V477M002AHE040,1000,11.77438,KEMET,CAP TANT SMD POLYMER
T520V336M016AHE070,1000,11.77438,KEMET,CAP TANT SMD POLYMER
T520V156M025AHE090,1000,11.77438,KEMET,CAP TANT SMD POLYMER
T520V226M020AHE090,1000,11.77438,KEMET,CAP TANT SMD POLYMER
T598V157M006ATE0257706,160,12.20919,KEMET,150.UF  6.0V
T598B336M006ATE080,1,11.83,KEMET,CAP TANT POLY 33UF 6.3V 1411
T523W686M025APE050,1000,11.83921,KEMET,68.0UF 25.0V
T523V157M020APE050,1000,11.83921,KEMET,150.UF 20.0V
T523W107M016APE1007706,140,12.25621,KEMET,100.UF 16.0V
T520V107M006ATE0098000,1000,11.85029,KEMET,100.UF  6.0V
T520D227M004ATE0077706,140,11.882,KEMET,220.UF  4.0V
T523V686M020APE100,1000,11.88287,KEMET,CAP TANT SMD POLYMER
T523V686M035APE100,1000,11.88287,KEMET,CAP TANT SMD POLYMER
T520D686M016AHE0507706,140,11.88379,KEMET,68.0UF 16.0V
T520V337M003ATE0157706,140,11.89207,KEMET,330.UF  3.0V
T523W476M025APE050,1000,11.89875,KEMET,47.0UF 25.0V
T520V156M025ATE0907622,1000,11.91512,KEMET,15.0UF 25.0V
T520V156M025ATE0907111,1000,11.91512,KEMET,15.0UF 25.0V
T520V227M006AHE0152678,1000,11.92604,KEMET,220.UF  6.0V
T528B277M2R5APE0097652,2000,12.3572,KEMET,270.UF  2.5V
T520D687M2R5ATE0107706,140,11.94521,KEMET,680.UF  2.5V
T520D227M010ANE025,500,11.95498,KEMET,CAP TANT SMD POLYMER
T520V337M006ATE0158395,1000,11.96309,KEMET,330.UF  6.0V
T520M157M006ATE0707706,140,12.3815,KEMET,150.UF  6.0V
T520M157M006ATE1507706,140,12.3815,KEMET,150.UF  6.0V
T591V227M004ATE0187706,140,12.3815,KEMET,220.UF  4.0V
T591V337M004ATE0257706,140,12.3815,KEMET,330.UF  4.0V
T591V227M006ATE0257706,140,12.3815,KEMET,220.UF  6.0V
T598V337M004ATE0457706,140,12.3815,KEMET,330.UF  4.0V
T520D108M2R5ATE0157824,500,11.96854,KEMET,1000UF  2.5V
T521D476M020ATE0407706,120,11.97,KEMET,47.0UF 20.0V
T520W107M010ATE0408000,1000,11.97119,KEMET,100.UF 10.0V
T520D687M004ATE0254539,500,11.98706,KEMET,680.UF  4.0V
T520D687M004ATE0258000,500,11.98706,KEMET,680.UF  4.0V
T520V107M006ATE012E009,1000,12.00262,KEMET,100.UF  6.0V
T598D106M050ATS0907706,140,12.43286,KEMET,10.0UF 50.0V
T520D156M025ATE0807706,140,12.02671,KEMET,15.0UF 25.0V
T520Y477M006ATE0357706,140,12.02671,KEMET,470.UF  6.0V
T520Y477M006ATE0187706,140,12.02671,KEMET,470.UF  6.0V
T520Y477M006ATE0257706,140,12.02671,KEMET,470.UF  6.0V
T599D106M050ATE1507706,500,12.44362,KEMET,10.0UF 50.0V
T599D106M050ATE1207706,500,12.44362,KEMET,10.0UF 50.0V
T520V157M010AHE0187919,1000,12.04214,KEMET,150.UF 10.0V
T520Y158M2R5ATE015,500,12.04892,KEMET,CAP TANT SMD POLYMER
T520L227M004ATE0257706,140,12.04979,KEMET,220.UF  4.0V
T521W476M016ATE0457706,140,12.48479,KEMET,47.0UF 16.0V
T521W476M016ATE0407706,140,12.48479,KEMET,47.0UF 16.0V
T521T106M025ATE0607706,140,12.48479,KEMET,10.0UF 25.0V
T521T106M025ATE1007706,140,12.48479,KEMET,10.0UF 25.0V
T520D686M016ATE0507706,140,12.06693,KEMET,68.0UF 16.0V
T520V157M006AHE0407706,140,12.074,KEMET,150.UF  6.0V
T520V686M010AHE0607706,140,12.074,KEMET,68.0UF 10.0V
T520V157M010AHE025,1000,12.07787,KEMET,CAP TANT SMD POLYMER
T521D107M020ATE0557758,500,12.1121,KEMET,100.UF 20.0V
T523V107M025APE0707652,1000,12.55253,KEMET,100.UF 25.0V
T598D336M035ATS0657706,140,12.55329,KEMET,33.0UF 35.0V
T520W227M004ATE0407706,120,12.13958,KEMET,220.UF  4.0V
T520W157M006ATE0407706,120,12.13958,KEMET,150.UF  6.0V
T520D107M006ATE0077706,120,12.13958,KEMET,100.UF  6.0V
T520W686M010ATE0407706,120,12.13958,KEMET,68.0UF 10.0V
T521D476M016ATE0457706,120,12.143,KEMET,47.0UF 16.0V
T521D476M016ATE0407706,120,12.143,KEMET,47.0UF 16.0V
T520X337M010ATE0407280,2000,12.1458,KEMET,CAP TANT SMD POLYMER
T520V337M004AHE007,1000,12.1537,KEMET,CAP TANT SMD POLYMER
T520V157M006AHE007,1000,12.1537,KEMET,CAP TANT SMD POLYMER
T520T686M006ATE150,1,12.16,KEMET,CAP TANT POLY 68UF 6.3V 1411
T521D107M020ATE0557333,500,12.17098,KEMET,100.UF 20.0V
T521V157M016ATE100,1000,12.1991,KEMET,CAP TANT SMD POLYMER
T521V157M016ATE070,1000,12.1991,KEMET,CAP TANT SMD POLYMER
T520D477M2R5ATE0067706,140,12.19979,KEMET,470.UF  2.5V
T520Y108M2R5ATE025,500,12.22738,KEMET,CAP TANT SMD POLYMER
T520D108M2R5ATE0307824,500,12.23532,KEMET,1000UF  2.5V
T520V226M020ATE0908000,1000,12.70414,KEMET,22.0UF 20.0V
T520V226M020ATE0907622,1000,12.70414,KEMET,22.0UF 20.0V
T528B277M2R5APE009,2000,12.28378,KEMET,CAP TANT SMD POLYMER
T520V226M020AHE0402478,1000,12.71586,KEMET,22.0UF 20.0V
T591X687M006ATE0257706,140,12.72557,KEMET,680.UF  6.0V
T520V227M010AHE045,1000,12.31595,KEMET,CAP TANT SMD POLYMER
T520V227M006AHE025,1000,12.31595,KEMET,CAP TANT SMD POLYMER
T520V476M016AHE045,1000,12.31595,KEMET,CAP TANT SMD POLYMER
T520B107M004ATE040,1,13.39,KEMET,CAP TANT POLY 100UF 4V 1411
T520B157M003ATE040,1,13.39,KEMET,CAP TANT POLY 150UF 3V 1411
T598D107M016ATE0507706,140,12.79407,KEMET,100.UF 16.0V
T520W337M2R5AHE040,1000,12.37003,KEMET,CAP TANT SMD POLYMER
T543B106M025AHE1007280,8000,13.47814,KEMET,CAP TANT POLY 10UF 25V 1411
T543B106M025ATE1007280,8000,13.47814,KEMET,CAP TANT POLY 10UF 25V 1411
T521X107M025AHE0307280,8000,12.40418,KEMET,CAP TANT POLY 100UF 25V 2917
T520V227M2R5AHE0127706,120,12.42558,KEMET,220.UF  2.5V
T520V227M2R5AHE0157706,120,12.42558,KEMET,220.UF  2.5V
T520V157M004ATE0257706,140,12.89729,KEMET,150.UF  4.0V
T598V337M004ATE0257706,140,12.89729,KEMET,330.UF  4.0V
T598D477M2R5ATE0067706,140,12.89729,KEMET,470.UF  2.5V
T598V227M006ATE0257706,140,12.89729,KEMET,220.UF  6.0V
T528B277M2R5APE0067652,2000,12.9189,KEMET,270.UF  2.5V
T598B225M035AHE200,2000,12.48961,KEMET,CAP TANT POLY 2.2UF 35V 1411
T520V686M010AHE0457706,120,12.49725,KEMET,68.0UF 10.0V
T591V107M010ATE0257706,120,12.93783,KEMET,100.UF 10.0V
T520D108M2R5AHE030,500,12.50622,KEMET,CAP TANT SMD POLYMER
T520D227M010AHE0187824,500,12.51268,KEMET,220.UF 10.0V
T598V106M035ATE1207706,140,12.9835,KEMET,10.0UF 35.0V
T598D106M035ATE1207706,140,12.9835,KEMET,10.0UF 35.0V
T525D477M2R5ATE025,500,12.56328,KEMET,CAP TANT POLY 470UF 2.5V 2917
T525D337M003ATE025,500,12.56328,KEMET,CAP TANT POLY 330UF 3V 2917
T520C686M006ATE100,1,12.57,KEMET,CAP TANT POLY 68UF 6.3V 2312
T521B684M050ATE200,1,12.57,KEMET,CAP TANT POLY 0.68UF 50V 1411
T525B476M006ATE070,1,12.57,KEMET,CAP TANT POLY 47UF 6.3V 1411
T598B336M010ATE070,1,12.57,KEMET,CAP TANT POLY 33UF 10V 1411
T520W476M016ATE0457453,1000,12.57701,KEMET,47.0UF 16.0V
T520W476M016ATE0458009,1000,12.57701,KEMET,47.0UF 16.0V
T520W476M016ATE0458000,1000,12.57701,KEMET,47.0UF 16.0V
T521C475M063ATE2007706,120,12.6095,KEMET,CAP TANT POLY 4.7UF 63V 2312
T520V227M2R5ATE0097706,120,12.6095,KEMET,220.UF  2.5V
T520V157M010AHE018,1000,12.61828,KEMET,CAP TANT SMD POLYMER
T520D687M004ATE0154539,500,12.65524,KEMET,680.UF  4.0V
T520D687M004ATE0158000,500,12.65524,KEMET,680.UF  4.0V
T520X337M010ATE0257280,2000,12.66016,KEMET,CAP TANT SMD POLYMER
T520D687M004ATE0122478,500,12.67988,KEMET,680.UF  4.0V
T521X227M016ATE0507280,2000,12.68481,KEMET,CAP TANT POLY 220UF 16V 2917
T598B225M035AHE150,2000,12.6951,KEMET,CAP TANT POLY 2.2UF 35V 1411
T520Y337M006ATE0402478,500,12.69526,KEMET,330.UF  6.0V
T523V107M025APE100,1000,12.70461,KEMET,CAP TANT SMD POLYMER
T520Y687M2R5ATE015,500,12.70584,KEMET,CAP TANT SMD POLYMER
T520D227M004ATE0067706,140,12.71307,KEMET,220.UF  4.0V
T520L227M004ATE0127706,140,12.71486,KEMET,220.UF  4.0V
T520Y227M010ATE0407622,500,13.15648,KEMET,220.UF 10.0V
T520Y227M010ATE018,500,12.7161,KEMET,220.UF 10.0V
T521V157M016ATK040,1000,12.73215,KEMET,150.UF 16.0V
T521V157M016ATK070,1000,12.73909,KEMET,CAP TANT SMD POLYMER
T520Y158M2R5ATE0157333,500,12.76208,KEMET,1500UF  2.5V
T523W107M016APE0707706,120,13.2145,KEMET,100.UF 16.0V
T528M107M010ATE150,2000,13.88145,KEMET,CAP TANT POLY 100UF 10V 1411
T520L107M010ATE0257706,120,12.788,KEMET,100.UF 10.0V
T528B277M002APE009,2000,12.79272,KEMET,CAP TANT SMD POLYMER
T525Y337M010ATE0357280,2000,12.79781,KEMET,CAP TANT SMD POLYMER
T520M157M006ATE0357706,140,13.24136,KEMET,150.UF  6.0V
T521D475M075ATE0757706,120,12.81142,KEMET,4.70UF 75.0V
T520V107M006ATE0457706,120,12.81142,KEMET,100.UF  6.0V
T520V226M020ATE0902478,1000,13.28748,KEMET,22.0UF 20.0V
T520V226M020ATE0407622,1000,12.84271,KEMET,22.0UF 20.0V
T520V226M020ATE0458000,1000,12.84271,KEMET,22.0UF 20.0V
T520V226M020ATE090E040,1000,12.84271,KEMET,22.0UF 20.0V
T520W157M006ATE0257706,120,12.85417,KEMET,150.UF  6.0V
T520W227M004ATE0257706,120,12.85417,KEMET,220.UF  4.0V
T520W227M2R5ATE0257706,120,12.85417,KEMET,220.UF  2.5V
T520W686M010ATE0257706,120,12.85417,KEMET,68.0UF 10.0V
T520V337M2R5AHE009,1000,12.85553,KEMET,CAP TANT SMD POLYMER
T520V227M006AHE015,1000,12.85553,KEMET,CAP TANT SMD POLYMER
T520V227M010AHE025,1000,12.85553,KEMET,CAP TANT SMD POLYMER
T520V227M006AHE012,1000,12.85553,KEMET,CAP TANT SMD POLYMER
T598B335M035AHE200,2000,12.90047,KEMET,CAP TANT POLY 3.3UF 35V 1411
T520Y108M2R5ATE006,500,12.90366,KEMET,1000UF  2.5V
T520Y108M2R5AT4047,500,13.35054,KEMET,1000UF  2.5V
T520Y477M006ATE0107706,120,12.91825,KEMET,470.UF  6.0V
T521D107M020AT4546,500,12.945,KEMET,100.UF 20.0V
T521D157M016ATE0507706,120,12.961,KEMET,150.UF 16.0V
T521D157M016ATE0407706,120,12.961,KEMET,150.UF 16.0V
T599D157M004AT4902,500,13.41146,KEMET,150.UF  4.0V
T591V107M010AT49027706,140,13.44736,KEMET,100.UF 10.0V
T591V107M010ATE0457706,140,13.44736,KEMET,100.UF 10.0V
T520D477M006AHE025,500,13.01894,KEMET,CAP TANT SMD POLYMER
T528B277M002APE0067652,2000,13.47498,KEMET,270.UF  2.0V
T521D157M016ATE0557706,120,13.032,KEMET,150.UF 16.0V
T520T107M006ATE070,1,13.07,KEMET,CAP TANT POLY 100UF 6.3V 1411
T521W476M020ATE0407706,140,13.52493,KEMET,47.0UF 20.0V
T520D687M2R5AHE015,500,13.07582,KEMET,CAP TANT POLY 680UF 2.5V 2917
T520D687M003AHE015,500,13.07582,KEMET,CAP TANT SMD POLYMER
T520D687M004AHE025,500,13.07582,KEMET,CAP TANT SMD POLYMER
T520D108M2R5AHE015,500,13.07582,KEMET,CAP TANT SMD POLYMER
T520D108M2R5ATE006E4R5,500,13.09054,KEMET,1000UF  2.5V
T598B335M035AHE150,2000,13.10552,KEMET,CAP TANT POLY 3.3UF 35V 1411
T591V227M2R5ATE0157706,140,13.58486,KEMET,220.UF  2.5V
T591V227M2R5ATE0097706,120,13.58667,KEMET,220.UF  2.5V
T525D157M006ATE025,500,13.13256,KEMET,CAP TANT POLY 150UF 6.3V 2917
T520Y477M006AHE035,500,13.13256,KEMET,CAP TANT SMD POLYMER
T520Y477M006AHE018,500,13.13256,KEMET,CAP TANT SMD POLYMER
T520V227M2R5AHE0097706,120,13.1395,KEMET,220.UF  2.5V
T520V107M006AHE0097706,120,13.1395,KEMET,100.UF  6.0V
T520X337M010ATE0407622,500,13.61508,KEMET,330.UF 10.0V
T520X337M010ATE0407111,500,13.15934,KEMET,330.UF 10.0V
T520X337M010ATE0408000,500,13.61508,KEMET,330.UF 10.0V
T520Y337M006ATE015,500,13.18944,KEMET,CAP TANT SMD POLYMER
T520X337M010ATE015,500,13.18962,KEMET,330.UF 10.0V
T598B157M004AHE055,2000,13.20801,KEMET,CAP TANT POLY 150UF 4V 1411
T598B226M006AHE070,2000,13.20801,KEMET,CAP TANT POLY 22UF 6.3V 1411
T598B157M004AHE070,2000,13.20801,KEMET,CAP TANT POLY 150UF 4V 1411
T598B686M006AHE070,2000,13.20801,KEMET,CAP TANT POLY 68UF 6.3V 1411
T598B155M050AHE200,2000,13.20801,KEMET,CAP TANT POLY 1.5UF 50V 1411
T598B107M006AHE070,2000,13.20801,KEMET,CAP TANT POLY 100UF 6.3V 1411
T598B107M004AHE070,2000,13.20801,KEMET,CAP TANT POLY 100UF 4V 1411
T598B686M006AHE0707706,2000,13.66544,KEMET,68.0UF  6.0V
T520V477M002ATE0407706,120,13.26217,KEMET,470.UF  2.0V
T520V227M2R5ATE0077706,120,13.26217,KEMET,220.UF  2.5V
T521V157M016ATK050,1000,13.27743,KEMET,CAP TANT SMD POLYMER
T520D477M006ATE0257706,140,13.28664,KEMET,470.UF  6.0V
T520D477M006ATE02577NT,140,13.74679,KEMET,470.UF  6.0V
T525D687M003ATE0258000,500,13.7571,KEMET,680.UF  3.0V
T520V157M004ATE0127706,140,13.75721,KEMET,150.UF  4.0V
T520V157M004ATE0157706,140,13.75721,KEMET,150.UF  4.0V
T543B106M025AHE100,2000,14.46281,KEMET,CAP TANT POLY 10UF 25V 1411
T598B157M006AHE070,2000,13.31039,KEMET,CAP TANT POLY 150UF 6.3V 1411
T520D227M006ASE040,1,,KEMET,CAP TANT POLY 220UF 6.3V 2917
T520D337M006ASE040,1,,KEMET,CAP TANT POLY 330UF 6.3V 2917
T520D107M010ASE055,1,,KEMET,CAP TANT POLY 100UF 10V 2917
T520D157M010ASE040,1,,KEMET,CAP TANT POLY 150UF 10V 2917
T520D157M006ASE015,1,,KEMET,CAP TANT POLY 150UF 6.3V 2917
T520D337M004ASE040,1,,KEMET,CAP TANT POLY 330UF 4V 2917
T520D337M006ASE025,1,,KEMET,CAP TANT POLY 330UF 6.3V 2917
T520D157M006ASE025,1,,KEMET,CAP TANT POLY 150UF 6.3V 2917
T520B336M008ATE025,1,13.31,KEMET,CAP TANT POLY 33UF 8V 1411
T520D687M004ATE0124539,500,13.32342,KEMET,680.UF  4.0V
T520V107M010AHE0507706,120,13.35375,KEMET,100.UF 10.0V
T521D157M016ATE05077NT,120,13.36,KEMET,150.UF 16.0V
T521V685M050ATE090,1000,13.3827,KEMET,CAP TANT SMD POLYMER
T520V226M020ATE0407627,1000,13.3827,KEMET,22.0UF 20.0V
T520X337M010ATE0257111,500,13.38526,KEMET,330.UF 10.0V
T520X337M010ATE0258000,500,13.38526,KEMET,330.UF 10.0V
T520X337M010ATE0257622,500,13.38526,KEMET,330.UF 10.0V
T520V227M006AHE009,1000,13.39345,KEMET,CAP TANT SMD POLYMER
T520V227M006AHE0152478,1000,13.39345,KEMET,220.UF  6.0V
T520V226M020ATE0402478,1000,13.40644,KEMET,22.0UF 20.0V
T598B107M004AHE055,2000,13.41268,KEMET,CAP TANT POLY 100UF 4V 1411
T598B336M006AHE070,2000,13.41268,KEMET,CAP TANT POLY 33UF 6.3V 1411
T598B157M004AHE045,2000,13.41268,KEMET,CAP TANT POLY 150UF 4V 1411
T598B225M050AHE200,2000,13.41268,KEMET,CAP TANT POLY 2.2UF 50V 1411
T598B336M006AHE080,2000,13.41268,KEMET,CAP TANT POLY 33UF 6.3V 1411
T598B226M010AHE070,2000,13.41268,KEMET,CAP TANT POLY 22UF 10V 1411
T598B107M004AHE045,2000,13.41268,KEMET,CAP TANT POLY 100UF 4V 1411
T521D336M035ATE0657652,500,13.41338,KEMET,33.0UF 35.0V
T598X687M006ATE0257706,140,13.92893,KEMET,680.UF  6.0V
T598B475M035AHE200,2000,13.47408,KEMET,CAP TANT POLY 4.7UF 35V 1411
T523J337M010APE070,1000,13.50079,KEMET,CAP TANT SMD POLYMER
T520V337M006AHE0407706,1000,13.50683,KEMET,330.UF  6.0V
T520Y108M2R5ATE0107028,500,13.51064,KEMET,1000UF  2.5V
T520Y108M2R5ATE0107622,500,13.51064,KEMET,1000UF  2.5V
T520W107M010AHE0407706,120,13.51092,KEMET,100.UF 10.0V
T598B157M006AHE055,2000,13.51506,KEMET,CAP TANT POLY 150UF 6.3V 1411
T598B107M006AHE045,2000,13.51506,KEMET,CAP TANT POLY 100UF 6.3V 1411
T598B107M006AHE055,2000,13.51506,KEMET,CAP TANT POLY 100UF 6.3V 1411
T520V107M006ATE0127706,120,13.52542,KEMET,100.UF  6.0V
T520V107M006ATE0157706,120,13.52542,KEMET,100.UF  6.0V
T520L107M010AHE0257706,140,13.52943,KEMET,100.UF 10.0V
T520D477M006AHE015,500,13.58654,KEMET,CAP TANT SMD POLYMER
T520D477M2R5AHE009,500,13.58654,KEMET,CAP TANT SMD POLYMER
T520X337M010ATE035,500,13.60458,KEMET,CAP TANT SMD POLYMER
T598B225M050AHE150,2000,13.61731,KEMET,CAP TANT POLY 2.2UF 50V 1411
T591V157M010ATE0457706,140,14.10121,KEMET,150.UF 10.0V
T520D477M004ASE040,1,,KEMET,CAP TANT POLY 470UF 4V 2917
T520D227M010ASE040,1,,KEMET,CAP TANT POLY 220UF 10V 2917
B76006V1579M035,1,13.64,KEMET,CAP TANT POLY 150UF 6.3V 2917
B76006X1579M070,1,13.64,KEMET,CAP TANT POLY 150UF 6.3V 2917
T521V476M016AHE0557280,8000,13.6446,KEMET,CAP TANT POLY 47UF 16V 2917
T598B336M010AHE070,2000,13.66838,KEMET,CAP TANT POLY 33UF 10V 1411
T598B476M006AHE070,2000,13.66838,KEMET,CAP TANT POLY 47UF 6.3V 1411
T598B336M010AHE080,2000,13.66838,KEMET,CAP TANT POLY 33UF 10V 1411
T520Y477M006ATE0157706,140,13.68893,KEMET,470.UF  6.0V
T525D157M010AHE055,500,13.69404,KEMET,CAP TANT SMD POLYMER
T525D337M004AHE025,500,13.69404,KEMET,CAP TANT SMD POLYMER
T525D687M003AHE025,500,13.69404,KEMET,CAP TANT SMD POLYMER
T525D107M010AHE055,500,13.69404,KEMET,CAP TANT SMD POLYMER
T520V157M006AHE0457706,140,13.71193,KEMET,150.UF  6.0V
T520V337M004AHE0407706,140,13.71193,KEMET,330.UF  4.0V
T520V227M004AHE0457706,140,13.71193,KEMET,220.UF  4.0V
T520C157M004ATE025,1,14.92,KEMET,CAP TANT POLY 150UF 4V 2312
T591D476M025ATE0607706,140,14.22164,KEMET,47.0UF 25.0V
T520Y337M006ATE010,500,13.7564,KEMET,CAP TANT SMD POLYMER
T520X337M010ATE0402478,500,13.765,KEMET,330.UF 10.0V
T525D227M010ATE0257133,2500,14.26132,KEMET,220.UF 10.0V
T520V476M016ATE07077NT,120,13.82517,KEMET,47.0UF 16.0V
T598B476M010AHE070,2000,13.84613,KEMET,CAP TANT POLY 47UF 10V 1411
T520V107M006AHE0077706,120,13.85342,KEMET,100.UF  6.0V
T523W476M025APE1007706,120,14.37025,KEMET,47.0UF 25.0V
T523W476M025APE0707706,120,14.37025,KEMET,47.0UF 25.0V
T520D687M003ATE0157706,120,13.88925,KEMET,680.UF  3.0V
T528K157M006ATE035,2500,14.37929,KEMET,150.UF  6.0V
T598B107M2R5AHE070,2000,13.89913,KEMET,CAP TANT POLY 100UF 2.5V 1411
T523V476M025APE1007706,120,14.39233,KEMET,47.0UF 25.0V
T520W336M016ATE0457706,120,13.91058,KEMET,33.0UF 16.0V
T525Y337M010ATE0358000,500,14.40958,KEMET,330.UF 10.0V
T520V227M006AHE007,1000,13.92965,KEMET,CAP TANT SMD POLYMER
T523W686M016APE1007706,120,14.41375,KEMET,68.0UF 16.0V
T591V227M2R5ATE0127706,120,14.44508,KEMET,220.UF  2.5V
T598V157M010ATE0457706,120,14.44508,KEMET,150.UF 10.0V
T521X686M035ATE0507706,120,14.44508,KEMET,68.0UF 35.0V
T520X337M010ATE0252478,500,13.97406,KEMET,330.UF 10.0V
T598B107M2R5AHE055,2000,13.97468,KEMET,CAP TANT POLY 100UF 2.5V 1411
T521B106M016AHE100,2000,13.97468,KEMET,CAP TANT SMD POLYMER
T520B107M2R5ATE025,1,13.98,KEMET,CAP TANT POLY 100UF 2.5V 1411
T591D337M006ATE040,1,13.98,KEMET,CAP TANT POLY 330UF 6.3V 2917
T520W477M006ATE0407706,120,13.99675,KEMET,470.UF  6.0V
T520W477M006ATE0557706,120,13.99675,KEMET,470.UF  6.0V
T520V477M2R5AHE018,1000,14.01416,KEMET,CAP TANT SMD POLYMER
T520V337M006AHE040,1000,14.01416,KEMET,CAP TANT SMD POLYMER
T520V337M003AHE009,1000,14.01416,KEMET,CAP TANT SMD POLYMER
T520V337M006AHE045,1000,14.01416,KEMET,CAP TANT SMD POLYMER
T520V337M003AHE025,1000,14.01416,KEMET,CAP TANT SMD POLYMER
T591V337M2R5ATE0127706,120,14.5535,KEMET,330.UF  2.5V
T520V107M010AHE0257706,120,14.06775,KEMET,100.UF 10.0V
T520Y108M2R5ATE0067706,120,14.60125,KEMET,1000UF  2.5V
T520D477M006ATE01577NT,120,14.607,KEMET,470.UF  6.0V
T520D477M006ATE0157706,120,14.118,KEMET,470.UF  6.0V
T520V157M004ATE0097706,120,14.61692,KEMET,150.UF  4.0V
T520D108M2R5AHE0307706,120,14.13942,KEMET,1000UF  2.5V
T520V336M016AHE0607706,120,14.13942,KEMET,33.0UF 16.0V
T520V336M016AHE0707706,120,14.13942,KEMET,33.0UF 16.0V
T520V476M016ATE0707706,120,14.1435,KEMET,47.0UF 16.0V
T520D477M2R5AHE007,500,14.15202,KEMET,CAP TANT SMD POLYMER
T520D687M2R5AHE010,500,14.2084,KEMET,CAP TANT SMD POLYMER
T520D108M2R5ATE0158395,500,14.22312,KEMET,1000UF  2.5V
T520V107M006ATE0097706,120,14.23933,KEMET,100.UF  6.0V
T520Y477M006AHE015,500,14.26498,KEMET,CAP TANT SMD POLYMER
T520Y337M006AHE015,500,14.26498,KEMET,CAP TANT SMD POLYMER
T591V337M2R5ATE0257706,120,14.77167,KEMET,330.UF  2.5V
T591V157M010ATE0257706,120,14.78875,KEMET,150.UF 10.0V
T525D227M010AHE025,500,14.31558,KEMET,CAP TANT SMD POLYMER
T525D227M006AHE025,500,14.31558,KEMET,CAP TANT SMD POLYMER
T525Y337M010ATE025,500,14.32138,KEMET,CAP TANT SMD POLYMER
T523V157M016APE0707706,120,14.86867,KEMET,150.UF 16.0V
T520Y227M010AHE040,500,14.3776,KEMET,CAP TANT SMD POLYMER
T520V477M002AHE0407706,120,14.42742,KEMET,470.UF  2.0V
T520V156M025AHE0907706,120,14.42742,KEMET,15.0UF 25.0V
T520Y157M010AHE025,500,14.434,KEMET,CAP TANT SMD POLYMER
T520V337M2R5AHE006,1000,14.46418,KEMET,CAP TANT SMD POLYMER
T520D687M004ATE0127706,120,14.51775,KEMET,680.UF  4.0V
T520Y477M006ATE01077NT,120,14.51975,KEMET,470.UF  6.0V
T521B226M016AHE090,2000,14.5351,KEMET,CAP TANT POLY 22UF 16V 1411
T520V337M004AHE0257706,120,14.54325,KEMET,330.UF  4.0V
T520V227M004AHE0257706,120,14.54325,KEMET,220.UF  4.0V
T520V337M003AHE015,1000,14.54845,KEMET,CAP TANT SMD POLYMER
T520V337M006AHE025,1000,14.54845,KEMET,CAP TANT SMD POLYMER
T520V477M2R5AHE012,1000,14.54845,KEMET,CAP TANT SMD POLYMER
T598X476M035ATE0757280,2000,14.54944,KEMET,47.0UF 35.0V
T520L337M2R5ATE0257706,120,15.08608,KEMET,330.UF  2.5V
T525D476M016ATA065,500,15.08618,KEMET,47.0UF 16.0V
T520B107M003ATE025,1,14.64,KEMET,CAP TANT POLY 100UF 3V 1411
T520Y337M010ATE0357280,2000,14.64711,KEMET,CAP TANT SMD POLYMER
T521D107M020AT45467706,100,14.689,KEMET,100.UF 20.0V
T520W477M006ATE0357706,100,14.7105,KEMET,470.UF  6.0V
T520D477M2R5AHE006,500,14.7155,KEMET,CAP TANT SMD POLYMER
T520V107M010AHE0187706,100,14.7816,KEMET,100.UF 10.0V
T598V157M010ATE0257706,120,15.305,KEMET,150.UF 10.0V
T520Y477M006AHE010,500,14.82796,KEMET,CAP TANT SMD POLYMER
T523W686M016APE0707706,120,15.35983,KEMET,68.0UF 16.0V
T523W686M016APE0507706,120,15.35983,KEMET,68.0UF 16.0V
T523W157M016APE1007706,120,15.35983,KEMET,150.UF 16.0V
T520Y687M006ATE0257706,100,15.3663,KEMET,680.UF  6.0V
T599D157M006AT49027706,100,15.3663,KEMET,150.UF  6.0V
T523V476M035APE1007706,100,15.3663,KEMET,47.0UF 35.0V
T523V686M035APE1007706,100,15.3663,KEMET,68.0UF 35.0V
T520V227M010AHE0457706,100,14.8536,KEMET,220.UF 10.0V
T520V227M006AHE0257706,100,14.8536,KEMET,220.UF  6.0V
T520D108M2R5AHE0157706,100,14.8536,KEMET,1000UF  2.5V
T520W107M010ATE0407706,100,14.8619,KEMET,100.UF 10.0V
T520D337M004ASE015,1,,KEMET,CAP TANT POLY 330UF 4V 2917
T520D337M006ASE015,1,,KEMET,CAP TANT POLY 330UF 6.3V 2917
T520V227M006ATE040,1000,5.84419,KEMET,CAP TANT POLY 220UF 6.3V 2917
T521V565M050ATE0907706,120,15.4255,KEMET,5.60UF 50.0V
T521X157M016ATE0807706,120,15.4255,KEMET,150.UF 16.0V
T520D687M004ATE0257706,120,14.90917,KEMET,680.UF  4.0V
T543V685M050AHE0657280,3000,16.21674,KEMET,CAP TANT POLY 6.8UF 50V 2917
T543V685M050ATE0657280,3000,16.21674,KEMET,CAP TANT POLY 6.8UF 50V 2917
T520Y477M006AHE0357706,100,14.9247,KEMET,470.UF  6.0V
T520W337M2R5AHE0407706,100,14.9247,KEMET,330.UF  2.5V
T525D337M006ATE018,500,15.4462,KEMET,330.UF  6.0V
T520V107M006ATE0077706,100,14.9537,KEMET,100.UF  6.0V
T520V157M004ATE0077706,120,15.47683,KEMET,150.UF  4.0V
T523W226M035APE1007706,120,15.47683,KEMET,22.0UF 35.0V
T523W336M025APE1007706,120,15.47683,KEMET,33.0UF 25.0V
T520D687M003ATE0407706,120,14.95875,KEMET,680.UF  3.0V
T543B106K025AHE1007280,8000,16.28608,KEMET,CAP TANT POLY 10UF 25V 1411
T543B106K025ATE1007280,8000,16.28608,KEMET,CAP TANT POLY 10UF 25V 1411
T520Y108M2R5AHE025,500,14.99648,KEMET,CAP TANT SMD POLYMER
T520Y157M010AHE018,500,14.99648,KEMET,CAP TANT SMD POLYMER
T520Y687M004ATE025,500,14.99648,KEMET,CAP TANT SMD POLYMER
T520V477M2R5AHE009,1000,15.08125,KEMET,CAP TANT SMD POLYMER
T520V337M006AHE015,1000,15.08125,KEMET,CAP TANT SMD POLYMER
T520V337M006AHE018,1000,15.08125,KEMET,CAP TANT SMD POLYMER
T520Y687M2R5ATE0257706,120,15.60583,KEMET,680.UF  2.5V
T520V476M016ATE0457706,100,15.0876,KEMET,47.0UF 16.0V
T525D107M010ATE0258000,500,15.71264,KEMET,100.UF 10.0V
T521X107M025ATE0307280,3000,15.20474,KEMET,CAP TANT POLY 100UF 25V 2917
T521D157M020ATE0657280,2500,15.21027,KEMET,CAP TANT POLY 150UF 20V 2917
T520D477M004ASE018,1,,KEMET,CAP TANT POLY 470UF 4V 2917
T520D227M010ASE018,1,,KEMET,CAP TANT POLY 220UF 10V 2917
T520D477M004ASE025,1,,KEMET,CAP TANT POLY 470UF 4V 2917
T520D227M010ASE025,1,,KEMET,CAP TANT POLY 220UF 10V 2917
T523J477M010APE0707105,1000,17.06681,KEMET,470.UF 10.0V
T528Z227M2R5ATE005,1000,15.74891,KEMET,220.UF  2.5V
T521D107M020ATE0557706,100,15.2249,KEMET,100.UF 20.0V
T520L337M2R5ATE0127706,120,15.77408,KEMET,330.UF  2.5V
T525D227M010AT4546,500,15.84422,KEMET,220.UF 10.0V
T525D227M010ATE0258000,500,15.84422,KEMET,220.UF 10.0V
T525D227M010ATE0257028,500,15.84422,KEMET,220.UF 10.0V
T521V157M016AT42927706,100,15.8677,KEMET,150.UF 16.0V
T598D227M006AHE0807706,500,15.88802,KEMET,220.UF  6.0V
T520V157M006AHE0157706,120,15.90675,KEMET,150.UF  6.0V
T520V337M004AHE0127706,120,15.90675,KEMET,330.UF  4.0V
T520V227M004AHE0157706,120,15.37433,KEMET,220.UF  4.0V
T525D227M010ATE0257333,500,15.90684,KEMET,220.UF 10.0V
T521V107M016ATE065,1,15.38,KEMET,100.UF 16.0V
T525D157M010ATE0257706,100,15.9755,KEMET,150.UF 10.0V
T520W476M016AHE0457706,100,15.4407,KEMET,47.0UF 16.0V
T520Y687M004AHE010,500,15.44536,KEMET,CAP TANT SMD POLYMER
T520Y687M006ATE0187706,100,15.9866,KEMET,680.UF  6.0V
T523V686M020APE1007706,100,15.9866,KEMET,68.0UF 20.0V
T523W476M025APE0507706,100,15.9866,KEMET,47.0UF 25.0V
T522V157M006ATE0257706,100,15.9866,KEMET,150.UF  6.0V
T523V157M020APE1007706,100,15.9866,KEMET,150.UF 20.0V
T523W476M035AP46437706,120,15.99233,KEMET,47.0UF 35.0V
T523W476M035AP42627706,120,15.99233,KEMET,47.0UF 35.0V
T523W476M035AP42767706,120,15.99233,KEMET,47.0UF 35.0V
T523W476M035APE1007706,120,15.99233,KEMET,47.0UF 35.0V
T523W107M016APE0507706,120,15.99233,KEMET,100.UF 16.0V
T521D686M025ATE040,33500,16.0422,KEMET,68.0UF 25.0V
T520X337M010ATE0357706,100,15.5193,KEMET,330.UF 10.0V
T520X337M010ATE0157706,100,15.5193,KEMET,330.UF 10.0V
T520V156M025ATE0907706,100,15.5532,KEMET,15.0UF 25.0V
T520V227M006AHE0127706,100,15.5672,KEMET,220.UF  6.0V
T520V227M006AHE0157706,100,15.5672,KEMET,220.UF  6.0V
T523W157M016APE0707706,120,16.11633,KEMET,150.UF 16.0V
T525Y337M010AHE035,500,15.61322,KEMET,CAP TANT SMD POLYMER
T523W476M035AP42917706,120,16.16483,KEMET,47.0UF 35.0V
T599D157M004ATE045,1,15.63,KEMET,CAP TANT POLY 150UF 4V 2917
T521W226M025ATE070,1000,15.63497,KEMET,CAP TANT SMD POLYMER
T520V227M006ANE025,1000,15.63497,KEMET,CAP TANT SMD POLYMER
T598D227M006AHE080,500,15.6468,KEMET,CAP TANT POLY 220UF 6.3V 2917
T520Y157M010ATE025,500,15.67474,KEMET,CAP TANT SMD POLYMER
T528Z337M2R5ATE0127622,1000,16.23308,KEMET,330.UF  2.5V
T523W107K020APE1007706,120,16.25042,KEMET,100.UF 20.0V
T520Y108M2R5ATE0157706,100,15.7087,KEMET,1000UF  2.5V
T520D157M008ATE055,1,15.71,KEMET,CAP TANT POLY 150UF 8V 2917
T520V157M010AHE0257706,100,15.7293,KEMET,150.UF 10.0V
T521V565M050ATE0707706,120,15.74025,KEMET,5.60UF 50.0V
T520D687M004ATE0157706,120,15.74025,KEMET,680.UF  4.0V
T598D107M010AHE080,500,15.7419,KEMET,CAP TANT POLY 100UF 10V 2917
T543B106K025ATE100,1,,KEMET,CAP TANT POLY 10UF 25V 1411
T598D337M006AHE080,500,15.7811,KEMET,CAP TANT POLY 330UF 6.3V 2917
T543V685M050ATE065,1,,KEMET,CAP TANT POLY 6.8UF 50V 2917
T520Y337M006ATE0407706,120,16.33667,KEMET,330.UF  6.0V
T520Y337M006ATE0257706,120,16.33667,KEMET,330.UF  6.0V
T523W476M035APE0907706,120,16.33667,KEMET,47.0UF 35.0V
T523V336M035APE1007706,120,16.33667,KEMET,33.0UF 35.0V
T522V157M006ATE0407706,120,16.33667,KEMET,150.UF  6.0V
T520Y158M2R5ATE0157706,120,15.78983,KEMET,1500UF  2.5V
T591D157M006ATE025,1,15.79,KEMET,CAP TANT POLY 150UF 6.3V 2917
T520V157M006AHE0077706,100,16.3861,KEMET,150.UF  6.0V
T520V337M004AHE0077706,100,16.3861,KEMET,330.UF  4.0V
T521X226M050ATE0757280,2000,15.87429,KEMET,CAP TANT SMD POLYMER
T521V157M016ATE0507706,100,16.4358,KEMET,150.UF 16.0V
T521V157M016ATK0707706,100,16.4358,KEMET,150.UF 16.0V
T520V157M008ATE0407706,100,15.8922,KEMET,150.UF  8.0V
T521V157M016ATE1007706,100,16.4537,KEMET,150.UF 16.0V
T520L337M2R5ATE0097706,120,15.91108,KEMET,330.UF  2.5V
T598D227M006AHE0257706,500,16.49326,KEMET,220.UF  6.0V
T598D227M006AHE040,500,15.9913,KEMET,CAP TANT POLY 220UF 6.3V 2917
T520D477M006AHE0257706,100,16.5461,KEMET,470.UF  6.0V
T520V227M010AHE0257706,100,16.0262,KEMET,220.UF 10.0V
T520Y108M2R5ATE0257706,120,16.04892,KEMET,1000UF  2.5V
T520Y108M2R5AT40477706,120,16.04892,KEMET,1000UF  2.5V
T520V476M016AHE0457706,100,16.6257,KEMET,47.0UF 16.0V
T520V226M020AHE0407706,100,16.6257,KEMET,22.0UF 20.0V
T520D687M003AHE0157706,100,16.0692,KEMET,680.UF  3.0V
T520D687M004AHE0257706,100,16.0692,KEMET,680.UF  4.0V
T528Z337M2R5ATE012,1000,16.07483,KEMET,CAP TANT SMD POLYMER
T528Z337M2R5ATE0128000,1000,16.63153,KEMET,330.UF  2.5V
T525D157M010AHE0557706,100,16.6411,KEMET,150.UF 10.0V
T520Y108M2R5AHE015,500,16.11618,KEMET,CAP TANT SMD POLYMER
T520Y337M010ATE0357652,500,16.11914,KEMET,330.UF 10.0V
T520Y337M010AT4108,500,16.11914,KEMET,330.UF 10.0V
T520Y337M010ATE0358000,500,16.11914,KEMET,330.UF 10.0V
T599D157M004AT49027706,120,16.68033,KEMET,150.UF  4.0V
T523W157M016APE0507706,120,16.68033,KEMET,150.UF 16.0V
T520V477M2R5AHE007,1000,16.14263,KEMET,CAP TANT SMD POLYMER
T525D157M006ATE0257706,100,16.7061,KEMET,150.UF  6.0V
T525D477M004ATE0257706,100,16.7061,KEMET,470.UF  4.0V
T525D227M006ATE0257706,100,16.7061,KEMET,220.UF  6.0V
T520Y477M006AHE0187706,100,16.1469,KEMET,470.UF  6.0V
T520Y337M006ATE0107706,100,16.7155,KEMET,330.UF  6.0V
T599X336M035ATE0657706,100,16.7155,KEMET,33.0UF 35.0V
T528B277M2R5APE0097706,100,16.7155,KEMET,270.UF  2.5V
T598B225M035AHS200,2000,16.1574,KEMET,CAP TANT POLY 2.2UF 35V 1411
T543V685M050AHE065,1000,17.56435,KEMET,CAP TANT POLY 6.8UF 50V 2917
T521W226M025ATE040,1000,16.1648,KEMET,CAP TANT SMD POLYMER
T598D227M006AHE025,500,16.18662,KEMET,CAP TANT POLY 220UF 6.3V 2917
T520V337M004AHE0097706,120,16.76658,KEMET,330.UF  4.0V
T521D157M020ATE0507280,2500,16.20859,KEMET,CAP TANT POLY 150UF 20V 2917
T520Y337M006ATE0157706,100,16.7857,KEMET,330.UF  6.0V
T520Y227M010ATE0187706,100,16.7857,KEMET,220.UF 10.0V
T520Y227M010ATE0407706,100,16.7857,KEMET,220.UF 10.0V
T523V686M035APE0707706,100,16.7857,KEMET,68.0UF 35.0V
T522Y477M006AHE035,500,16.22798,KEMET,CAP TANT SMD POLYMER
T598X476M035AT4264,500,16.79032,KEMET,47.0UF 35.0V
T598X476M035AT4246,500,16.79032,KEMET,47.0UF 35.0V
T520X337M010ATE0257706,100,16.2329,KEMET,330.UF 10.0V
T520Y157M010ATE018,500,16.23344,KEMET,CAP TANT SMD POLYMER
T598B686M006AHS0707706,2000,16.81865,KEMET,68.0UF  6.0V
T598D107M010AHE040,500,16.25576,KEMET,CAP TANT POLY 100UF 10V 2917
T521B226M020AHE090,2000,16.25833,KEMET,CAP TANT SMD POLYMER
T521D336M035ATE0657706,100,16.2677,KEMET,33.0UF 35.0V
T520V227M006AHE0097706,100,16.2817,KEMET,220.UF  6.0V
T521V107M020AT4546,1000,16.85073,KEMET,100.UF 20.0V
T528W337M2R5ATE0098000,1000,16.85073,KEMET,330.UF  2.5V
T521V107M020ATE0557111,1000,16.85073,KEMET,100.UF 20.0V
T521V107M020ATE0557652,1000,16.85073,KEMET,100.UF 20.0V
T521V107M020ATE050,1000,16.85073,KEMET,100.UF 20.0V
T598X336M035ATE0657706,120,16.85217,KEMET,33.0UF 35.0V
T598D107M010AHE025,500,16.2948,KEMET,CAP TANT POLY 100UF 10V 2917
T528Z477M2R5ATE0098000,1000,16.87323,KEMET,470.UF  2.5V
T528Z227M004ATE0098000,1000,16.87323,KEMET,220.UF  4.0V
T521D107M025AHE0407280,2000,17.77578,KEMET,CAP TANT POLY 100UF 25V 2917
T598B225M035AHS150,2000,16.35938,KEMET,CAP TANT POLY 2.2UF 35V 1411
T598V107M010AHE045,1000,16.37649,KEMET,CAP TANT POLY 100UF 10V 2917
T523V157M016APE1007706,120,16.94842,KEMET,150.UF 16.0V
T523V157M016APE0507706,120,16.94842,KEMET,150.UF 16.0V
T520W476M016ATE0457706,100,16.4173,KEMET,47.0UF 16.0V
T528Z227M006ATE0128000,1000,16.99113,KEMET,220.UF  6.0V
T598D337M006AHE040,500,16.45092,KEMET,CAP TANT POLY 330UF 6.3V 2917
T520V476M016AHE0707706,120,17.02467,KEMET,47.0UF 16.0V
T520V226M020AHE0907706,120,17.02467,KEMET,22.0UF 20.0V
T520V337M2R5AHE0257706,120,16.45483,KEMET,330.UF  2.5V
T520B157M004ATE018,1,16.46,KEMET,CAP TANT POLY 150UF 4V 1411
T599D157M004ATE025,1,16.46,KEMET,CAP TANT POLY 150UF 4V 2917
T599D157M006ATE045,1,16.46,KEMET,CAP TANT POLY 150UF 6.3V 2917
T598B107M004ATS070,2000,17.03036,KEMET,CAP TAN POLY 100UF 4V AUTO
T520Y687M004ATE0108000,500,17.04084,KEMET,680.UF  4.0V
T520Y687M004ATE0107622,500,17.04084,KEMET,680.UF  4.0V
T598V107M010AHE025,1000,16.48226,KEMET,CAP TANT POLY 100UF 10V 2917
T520V157M010AHE0187706,100,16.5025,KEMET,150.UF 10.0V
T525D477M004ATE0407706,120,17.11025,KEMET,470.UF  4.0V
T525D337M003ATE0257706,120,17.11025,KEMET,330.UF  3.0V
T525D337M2R5ATE0257706,120,17.11025,KEMET,330.UF  2.5V
T525D477M2R5ATE0257706,120,17.11025,KEMET,470.UF  2.5V
T525D477M003ATE0257706,120,17.11025,KEMET,470.UF  3.0V
T525D157M010ATE0557706,120,17.11025,KEMET,150.UF 10.0V
T525D687M2R5ATE0257706,120,17.11025,KEMET,680.UF  2.5V
T525D687M003ATE0257706,120,17.11025,KEMET,680.UF  3.0V
T525D687M2R5ATE02577NT,120,17.11025,KEMET,680.UF  2.5V
T525D227M004ATE0257706,120,17.11025,KEMET,220.UF  4.0V
T525D337M004ATE0257706,120,17.11025,KEMET,330.UF  4.0V
T598B335M035AHS200,2000,16.56115,KEMET,CAP TANT POLY 3.3UF 35V 1411
T520D687M004ATE01277NT,120,16.57058,KEMET,680.UF  4.0V
T598D157M006AHE0457706,500,17.1661,KEMET,150.UF  6.0V
T528Z337M2R5ATE009,1000,16.60374,KEMET,CAP TANT SMD POLYMER
T521D157M020AHE0657280,2500,16.61674,KEMET,CAP TANT POLY 150UF 20V 2917
T523V107M025APE0707706,100,17.2015,KEMET,100.UF 25.0V
T523V107M025APE1007706,100,17.2015,KEMET,100.UF 25.0V
T598B157M006AHS070,2000,16.62669,KEMET,CAP TANT POLY 150UF 6.3V 1411
T598B686M006AHS070,2000,16.62669,KEMET,CAP TANT POLY 68UF 6.3V 1411
T598B107M006AHS070,2000,16.62669,KEMET,CAP TANT POLY 100UF 6.3V 1411
T520V226M020ATE0407706,100,16.6613,KEMET,CAP TANT POLY 22UF 20V 2917
T520Y108M2R5AHE010,500,16.67354,KEMET,CAP TANT SMD POLYMER
T520D687M2R5AHE0107706,100,16.6737,KEMET,680.UF  2.5V
T521V157M016ATE0407706,100,17.2529,KEMET,150.UF 16.0V
T528Z477M2R5ATE012,1000,16.71455,KEMET,CAP TANT SMD POLYMER
T525D107M010AHE0257706,100,17.3119,KEMET,100.UF 10.0V
T598B335M035AHS150,2000,16.76276,KEMET,CAP TANT POLY 3.3UF 35V 1411
T520D477M006AHE0157706,100,17.3453,KEMET,470.UF  6.0V
T520D477M2R5AHE0097706,100,16.7647,KEMET,470.UF  2.5V
T598D157M010AHE045,500,16.78484,KEMET,CAP TANT POLY 150UF 10V 2917
T598D157M006AHE045,500,16.78484,KEMET,CAP TANT POLY 150UF 6.3V 2917
B76002V2279M035,1,16.79,KEMET,CAP TANT POLY 220UF 2.5V 2917
T520X337M010ATE0407706,100,17.3709,KEMET,330.UF 10.0V
T522V227M006ATE0407706,100,17.3846,KEMET,220.UF  6.0V
T520V226M020ATE0907706,100,17.4094,KEMET,22.0UF 20.0V
T520V337M2R5AHE0097706,100,16.8424,KEMET,330.UF  2.5V
T528Z477M2R5ATE0088000,1000,17.43492,KEMET,470.UF  2.5V
T598B155M050AHS200,2000,16.86357,KEMET,CAP TANT POLY 1.5UF 50V 1411
T525D107M010AHE0557706,100,17.4976,KEMET,100.UF 10.0V
T525D337M004AHE0257706,100,17.4976,KEMET,330.UF  4.0V
T525D687M003AHE0257706,100,17.4976,KEMET,680.UF  3.0V
T598B335M035AHE2007706,100,17.5189,KEMET,3.30UF 35.0V
T528Z227M006ATE0098000,1000,17.55282,KEMET,220.UF  6.0V
T598D157M006AHE025,500,16.97934,KEMET,CAP TANT POLY 150UF 6.3V 2917
T520V227M006AHE0077706,100,16.9954,KEMET,220.UF  6.0V
T598B336M006AHS080,2000,17.01974,KEMET,CAP TANT POLY 33UF 6.3V 1411
T598B336M006AHS070,2000,17.01974,KEMET,CAP TANT POLY 33UF 6.3V 1411
T521X186M050ATE050,500,17.02382,KEMET,CAP TANT SMD POLYMER
B76006D2279M50K14,1,17.04,KEMET,CAP TANT POLY 220UF 6.3V 2917
T521V156M025AHE090,1000,17.06278,KEMET,CAP TANT SMD POLYMER
T598B226M006AHS070,2000,17.06505,KEMET,CAP TANT POLY 22UF 6.3V 1411
T598B157M004AHS070,2000,17.06505,KEMET,CAP TANT POLY 150UF 4V 1411
T598B107M004AHS070,2000,17.06505,KEMET,CAP TANT POLY 100UF 4V 1411
T598B226M010AHS070,2000,17.06505,KEMET,CAP TANT POLY 22UF 10V 1411
T598B225M050AHS200,2000,17.06505,KEMET,CAP TANT POLY 2.2UF 50V 1411
T598B475M035AHS200,2000,17.06505,KEMET,CAP TANT POLY 4.7UF 35V 1411
T520V477M2R5AHE0187706,100,17.1087,KEMET,470.UF  2.5V
T520V337M003AHE0257706,100,17.1087,KEMET,330.UF  3.0V
T520V337M003AHE0097706,100,17.1087,KEMET,330.UF  3.0V
T520D157M008ATE040,1,17.12,KEMET,CAP TANT POLY 150UF 8V 2917
T598B476M010ATS070,2000,17.7852,KEMET,CAP TAN POLY 47UF 10V AUTO
T520D337M006ZTE045,1,17.2,KEMET,CAP TANT POLY 330UF 6.3V 2917
T520D107M010ZTE055,1,17.2,KEMET,CAP TANT POLY 100UF 10V 2917
T528Z157M006ATE008,1000,17.22081,KEMET,CAP TANT SMD POLYMER
T520Y108M2R5ATE0107706,100,17.2377,KEMET,1000UF  2.5V
T528Z477M2R5AHE009,1000,17.86177,KEMET,470.UF  2.5V
T598B225M050AHS150,2000,17.26625,KEMET,CAP TANT POLY 2.2UF 50V 1411
T528Z337M2R5ATE0058000,1000,17.87863,KEMET,330.UF  2.5V
T521D476M020AHE0407280,3000,17.29115,KEMET,CAP TANT POLY 47UF 20V 2917
T598B225M035AHE2007706,100,17.9048,KEMET,2.20UF 35.0V
T521V685M050ATE0707706,100,17.9057,KEMET,6.80UF 50.0V
T521B106M035AHE150,2000,17.31661,KEMET,CAP TANT SMD POLYMER
T598B157M004AHE0707706,100,17.9185,KEMET,150.UF  4.0V
T598B157M004AHE0557706,100,17.9185,KEMET,150.UF  4.0V
T598B107M006AHE0707706,100,17.9185,KEMET,100.UF  6.0V
T521V107M020AT4927,1000,17.9262,KEMET,100.UF 20.0V
T520Y337M010ATE0157650,500,17.3303,KEMET,330.UF 10.0V
T520Y337M010ATE0158000,500,17.3303,KEMET,330.UF 10.0V
T528Z227M006ATE012,1000,17.35246,KEMET,CAP TANT POLY 220UF 6.3V 2917
T528Z477M002ATE0057622,1000,17.97411,KEMET,470.UF  2.0V
T528Z477M002ATE005,1000,17.97411,KEMET,470.UF  2.0V
T543V685K050AHE0657280,3000,18.89479,KEMET,CAP TANT POLY 6.8UF 50V 2917
T543V685K050ATE0657280,3000,18.89479,KEMET,CAP TANT POLY 6.8UF 50V 2917
T521X106M075ATE0507280,3000,17.38923,KEMET,CAP TANT POLY 10UF 75V 2917
T521V156M025AHE0407280,3000,17.38923,KEMET,CAP TANT POLY 15UF 25V 2917
T528Z477M2R5ATE009E008,1000,17.99661,KEMET,470.UF  2.5V
T528B277M002APE0067706,100,18.0451,KEMET,270.UF  2.0V
T598B157M006AHE0707706,100,18.052,KEMET,150.UF  6.0V
T522Y477M006ATE0357706,100,18.052,KEMET,470.UF  6.0V
T521V157M016ATK0507706,100,18.052,KEMET,150.UF 16.0V
T521V157M016ATK0407706,100,17.4477,KEMET,150.UF 16.0V
T598D157M010AHE025,500,17.4512,KEMET,CAP TANT POLY 150UF 10V 2917
T521X186M050ATE075,500,18.06206,KEMET,18.0UF 50.0V
T598B336M010AHS080,2000,17.51065,KEMET,CAP TANT POLY 33UF 10V 1411
T598B476M006AHS070,2000,17.51065,KEMET,CAP TANT POLY 47UF 6.3V 1411
T598B336M010AHS070,2000,17.51065,KEMET,CAP TANT POLY 33UF 10V 1411
T520D477M2R5AHE0077706,100,17.537,KEMET,470.UF  2.5V
T521D686M025AT4146,500,18.14694,KEMET,68.0UF 25.0V
T598B476M010AHS0707706,2000,18.15952,KEMET,47.0UF 10.0V
T598D476M016AHE070,500,17.562,KEMET,CAP TANT POLY 47UF 16V 2917
T521X226M050ATE0752478,500,18.17106,KEMET,22.0UF 50.0V
T543B106M025AHS1007280,8000,19.09403,KEMET,CAP TANT POLY 10UF 25V 1411
T543B106M025ATS1007280,8000,19.09403,KEMET,CAP TANT POLY 10UF 25V 1411
T598B226M010AHE0707706,100,18.1846,KEMET,22.0UF 10.0V
T521X227M016ATE0357706,100,18.2085,KEMET,220.UF 16.0V
T521X227M016ATE0507706,100,18.2085,KEMET,220.UF 16.0V
T521V685M050ATE0907706,100,17.5991,KEMET,6.80UF 50.0V
T520V226M020ATE0457706,100,17.5991,KEMET,22.0UF 20.0V
T521D157M020AHE0507280,2500,17.6096,KEMET,CAP TANT POLY 150UF 20V 2917
B76006D2279M45K14,1,17.61,KEMET,CAP TANT POLY 220UF 6.3V 2917
B76006D1579M055,1,17.61,KEMET,CAP TANT POLY 150UF 6.3V 2917
B76006D2279M040,1,17.61,KEMET,CAP TANT POLY 220UF 6.3V 2917
B76006D3379M025,1,17.61,KEMET,CAP TANT POLY 330UF 6.3V 2917
B76006V3379M045,1,17.61,KEMET,CAP TANT POLY 330UF 6.3V 2917
B76010D1579M055,1,17.61,KEMET,CAP TANT POLY 150UF 10V 2917
B76010D2279M055,1,17.61,KEMET,CAP TANT POLY 220UF 10V 2917
T591D475M075ATE2007706,100,18.2248,KEMET,4.70UF 75.0V
T598B225M035AHE1507706,100,18.2248,KEMET,2.20UF 35.0V
T598B107M2R5AHS070,2000,17.61811,KEMET,CAP TANT POLY 100UF 2.5V 1411
T528Z337M004ATE0098000,1000,18.2325,KEMET,330.UF  4.0V
T598D227M010AHE0407706,500,18.26074,KEMET,220.UF 10.0V
T598B475M035AHE2007706,100,18.2642,KEMET,4.70UF 35.0V
T528Z337M2R5ATE007,1000,17.65768,KEMET,CAP TANT SMD POLYMER
T521X107M025ATE0607652,500,18.28126,KEMET,100.UF 25.0V
T525D157M010AHE0257706,100,18.2967,KEMET,150.UF 10.0V
T525D337M006AHE0257706,100,18.2967,KEMET,330.UF  6.0V
T525D476M016AHE0357706,100,18.2967,KEMET,47.0UF 16.0V
T520Y337M006AHE0157706,100,18.3044,KEMET,330.UF  6.0V
T520Y477M006AHE0157706,100,17.6917,KEMET,470.UF  6.0V
T598B107M006AHE0557706,100,18.3181,KEMET,100.UF  6.0V
T528Z227M2R5ATE006,1000,17.74707,KEMET,CAP TANT SMD POLYMER
T545H187M016ATE055,1000,17.74707,KEMET,CAP TANT SMD POLYMER
T525D227M010AHE0257706,100,18.3762,KEMET,220.UF 10.0V
T525D227M006AHE0257706,100,18.3762,KEMET,220.UF  6.0V
T528B277M002APE0097706,100,18.3762,KEMET,270.UF  2.0V
T528Z227M004ATE008,1000,17.76808,KEMET,CAP TANT SMD POLYMER
T523J337M010APE0707706,100,18.3848,KEMET,330.UF 10.0V
T525Y337M010ATE0257706,100,18.3848,KEMET,330.UF 10.0V
T522V337M006ATE0407706,100,18.3848,KEMET,330.UF  6.0V
T525Y337M010ATE0357706,100,18.3848,KEMET,330.UF 10.0V
T525Y477M006ATE0357706,100,18.3848,KEMET,470.UF  6.0V
T528B277M2R5APE0067706,100,18.3848,KEMET,270.UF  2.5V
T528Z477M2R5AHE008,1000,18.42346,KEMET,470.UF  2.5V
T520V477M2R5AHE0127706,100,17.8223,KEMET,470.UF  2.5V
T528Z337M2R5ATE008E007,1000,18.44032,KEMET,330.UF  2.5V
T520Y227M010AHE0407706,100,18.4644,KEMET,220.UF 10.0V
B76006E4779M040,1,17.86,KEMET,CAP TANT POLY 470UF 6.3V 2917
T520X337M010ATE0107706,100,17.9174,KEMET,330.UF 10.0V
T520Y157M010AHE0257706,100,17.924,KEMET,150.UF 10.0V
T528Z477M2R5ATE0052478,1000,18.5583,KEMET,470.UF  2.5V
T528Z477M2R5ATE0057622,1000,18.5583,KEMET,470.UF  2.5V
T520V337M006AHE0257706,100,18.0621,KEMET,330.UF  6.0V
T520V337M003AHE0157706,100,18.0621,KEMET,330.UF  3.0V
T598V157M006AHE045,1000,18.06222,KEMET,CAP TANT POLY 150UF 6.3V 2917
T598D227M010AHE080,500,18.06892,KEMET,CAP TANT POLY 220UF 10V 2917
T521W476M016AHE0407280,2500,18.09486,KEMET,CAP TANT POLY 47UF 16V 2917
T543B106M025ATS100,1,,KEMET,CAP TANT POLY 10UF 25V 1411
T520V227M004ATE012,1,18.11,KEMET,CAP TANT POLY 220UF 4V 2917
T521V156M025AHE040,1000,18.11465,KEMET,CAP TANT POLY 15UF 25V 2917
T521V476M020AHE090,1000,18.16708,KEMET,CAP TANT SMD POLYMER
T521V156M035AHE125,1000,18.21959,KEMET,CAP TANT SMD POLYMER
T521D686M025ATE0707652,500,18.85708,KEMET,68.0UF 25.0V
T598B335M035AHE1507706,100,18.8639,KEMET,3.30UF 35.0V
T598B157M004AHS055,2000,18.24023,KEMET,CAP TANT POLY 150UF 4V 1411
T598B157M004AHS045,2000,18.24023,KEMET,CAP TANT POLY 150UF 4V 1411
T598B107M006AHS055,2000,18.24023,KEMET,CAP TANT POLY 100UF 6.3V 1411
T598B107M004AHS055,2000,18.24023,KEMET,CAP TANT POLY 100UF 4V 1411
T598B107M004AHS045,2000,18.24023,KEMET,CAP TANT POLY 100UF 4V 1411
T598B157M006AHS055,2000,18.24023,KEMET,CAP TANT POLY 150UF 6.3V 1411
T521D226M035AT4917,500,18.25366,KEMET,22.0UF 35.0V
T521X476M035ATE0702478,500,18.27036,KEMET,47.0UF 35.0V
T521X476M035ATE0308000,500,18.27036,KEMET,47.0UF 35.0V
B76010D2279M040,1,18.28,KEMET,CAP TANT POLY 220UF 10V 2917
T520D227M004ATE065,1,18.28,KEMET,CAP TANT POLY 220UF 4V 2917
T528Z227M004ATE007,1000,18.29302,KEMET,CAP TANT SMD POLYMER
T520D477M2R5AHE0067706,100,18.3102,KEMET,470.UF  2.5V
T598D227M010AHE040,500,18.32974,KEMET,CAP TANT POLY 220UF 10V 2917
T543B106M025AHS100,2000,19.96103,KEMET,CAP TANT POLY 10UF 25V 1411
T598B226M006AHE0707706,100,19.0239,KEMET,22.0UF  6.0V
T598D475M075ATE2007706,100,19.0239,KEMET,4.70UF 75.0V
T598B155M050AHE2007706,100,19.0239,KEMET,1.50UF 50.0V
T598B107M004AHE0707706,100,19.0239,KEMET,100.UF  4.0V
T520D476M016ASE070,1,,KEMET,CAP TANT POLY 47UF 16V 2917
T520D156M025ASE080,1,,KEMET,CAP TANT POLY 15UF 25V 2917
T520Y477M006AHE0107706,100,18.4649,KEMET,470.UF  6.0V
T521V336M025AHE0407280,3000,18.46671,KEMET,CAP TANT POLY 33UF 25V 2917
T598D336M025AHE0607706,500,19.11478,KEMET,33.0UF 25.0V
T522V227M006ATE0257706,100,19.1839,KEMET,220.UF  6.0V
T598V157M006AHE025,1000,18.58651,KEMET,CAP TANT POLY 150UF 6.3V 2917
T598V227M006AHE045,1000,18.58651,KEMET,CAP TANT POLY 220UF 6.3V 2917
T525D107M010ATE0557706,100,19.2481,KEMET,100.UF 10.0V
T525D476M016ATE0657706,100,19.2481,KEMET,47.0UF 16.0V
T525D337M006ATE0407706,100,19.2481,KEMET,330.UF  6.0V
T525D337M006ATE0187706,100,19.2481,KEMET,330.UF  6.0V
T521T336M016AHE0457280,2500,20.25235,KEMET,CAP TANT POLY 33UF 16V 1411
T520D477M004ZTE040,1,18.69,KEMET,CAP TANT POLY 470UF 4V 2917
T520D337M006ZTE040,1,18.69,KEMET,CAP TANT POLY 330UF 6.3V 2917
T521V686M016AHE040,1000,18.69111,KEMET,CAP TANT POLY 68UF 16V 2917
T598V337M004AHE045,1000,18.69111,KEMET,CAP TANT POLY 330UF 4V 2917
T521V686M016AHE050,1000,18.69111,KEMET,CAP TANT SMD POLYMER
T520Y687M004ATE0257706,100,19.3439,KEMET,680.UF  4.0V
T598B107M004AHE0557706,100,19.3439,KEMET,100.UF  4.0V
T598B336M006AHE0807706,100,19.3439,KEMET,33.0UF  6.0V
T598B336M006AHE0707706,100,19.3439,KEMET,33.0UF  6.0V
T598B107M004AHE0457706,100,19.3439,KEMET,100.UF  4.0V
T598B225M050AHE2007706,100,19.3439,KEMET,2.20UF 50.0V
T598B157M004AHE0457706,100,19.3439,KEMET,150.UF  4.0V
T520Y108M2R5AHE0257706,100,18.6964,KEMET,1000UF  2.5V
T520Y157M010AHE0187706,100,18.6964,KEMET,150.UF 10.0V
T521D336M035ATE0658395,500,18.71294,KEMET,33.0UF 35.0V
T525D227M010AT45467706,80,19.37688,KEMET,220.UF 10.0V
T525Y337M010AHE0357706,80,19.38325,KEMET,330.UF 10.0V
T521V226M025AHE060,1000,18.74354,KEMET,CAP TANT SMD POLYMER
T521V156M035AHE100,1000,18.74354,KEMET,CAP TANT SMD POLYMER
T598B107M2R5AHS055,2000,18.79097,KEMET,CAP TANT POLY 100UF 2.5V 1411
T521W476M016AHE040,1000,18.79581,KEMET,CAP TANT POLY 47UF 16V 2917
T521V107M020AHE055,1000,18.79581,KEMET,CAP TANT SMD POLYMER
T598B157M006AHE0457706,100,19.5039,KEMET,150.UF  6.0V
T598B157M006AHE0557706,100,19.5039,KEMET,150.UF  6.0V
T598B107M006AHE0457706,100,19.5039,KEMET,100.UF  6.0V
T523J227M016APE0707280,3000,18.85769,KEMET,CAP TANT POLY 220UF 16V 2924
T598D156M035AHE065,500,18.99774,KEMET,CAP TANT POLY 15UF 35V 2917
T598V227M006AHE025,1000,19.00519,KEMET,CAP TANT POLY 220UF 6.3V 2917
T598V337M004AHE025,1000,19.00519,KEMET,CAP TANT POLY 330UF 4V 2917
T598B225M050AHE1507706,100,19.6639,KEMET,2.20UF 50.0V
T598D227M010AHE025,500,19.01876,KEMET,CAP TANT POLY 220UF 10V 2917
T598V106M035AHE120,1000,19.05753,KEMET,CAP TANT POLY 10UF 35V 2917
T598B476M006AHE0707706,100,19.7435,KEMET,47.0UF  6.0V
T598B336M010AHE0807706,100,19.7435,KEMET,33.0UF 10.0V
T598B336M010AHE0707706,100,19.7435,KEMET,33.0UF 10.0V
T598D336M025AHE060,500,19.1079,KEMET,CAP TANT POLY 33UF 25V 2917
T598V157M010AHE0457706,1000,19.77152,KEMET,150.UF 10.0V
T520V337M2R5AHE0067706,100,19.1595,KEMET,330.UF  2.5V
T520V337M006AHE0187706,80,19.1645,KEMET,330.UF  6.0V
B76004D4779M25K2,1,19.19,KEMET,CAP TANT POLY 470UF 4V 2917
T598D106M050AHE0907706,500,19.87694,KEMET,10.0UF 50.0V
T528Z157M006AHE007,1000,19.87958,KEMET,150.UF  6.0V
T520V687M006ATE035,1000,19.256,KEMET,CAP TANT SMD POLYMER
T521V226M025AHE040,1000,19.26659,KEMET,CAP TANT POLY 22UF 25V 2917
T521V336M025AHE040,1000,19.26659,KEMET,CAP TANT POLY 33UF 25V 2917
T521V476M016AHE055,1000,19.26659,KEMET,CAP TANT POLY 47UF 16V 2917
T521V476M016AHE040,1000,19.26659,KEMET,CAP TANT POLY 47UF 16V 2917
T520Y687M004AHE0107706,80,19.31438,KEMET,680.UF  4.0V
T521V565M050AHE090,1000,19.31877,KEMET,CAP TANT SMD POLYMER
T598D226M035AHE065,500,19.32786,KEMET,CAP TANT POLY 22UF 35V 2917
T545X157M016ATE040,500,19.32786,KEMET,CAP TANT SMD POLYMER
T598B476M010AHE0707706,80,20.02175,KEMET,47.0UF 10.0V
T525D107M010ATE0257706,80,20.04738,KEMET,100.UF 10.0V
T525D476M016ATE0357706,80,20.04738,KEMET,47.0UF 16.0V
T525D476M016ATE03577NT,80,20.04738,KEMET,47.0UF 16.0V
T525D337M006ATE0257706,80,20.04738,KEMET,330.UF  6.0V
T598B107M2R5AHE0707706,80,20.10513,KEMET,100.UF  2.5V
T598D337M006ATS025,500,20.11102,KEMET,CAP TAN POLY 330UF 6.3V AUTO
T598D107M010AHE0407706,80,20.15975,KEMET,100.UF 10.0V
T525D227M010ATE02577NT,80,20.21538,KEMET,220.UF 10.0V
T525D227M010ATE0257706,80,20.21538,KEMET,220.UF 10.0V
T521B106M016AHE1007706,80,20.22275,KEMET,10.0UF 16.0V
T598B107M2R5AHE0557706,80,20.22275,KEMET,100.UF  2.5V
T521D685M063ATE0757280,2500,21.27015,KEMET,CAP TANT POLY 6.8UF 63V 2917
T520Y337M010ATE0257706,80,19.5955,KEMET,330.UF 10.0V
T520D337M004ATE040,1,19.6,KEMET,CAP TANT POLY 330UF 4V 2917
T520Y157M010ATE0257706,80,19.63063,KEMET,150.UF 10.0V
T598V157M010AHE0257706,1000,20.33321,KEMET,150.UF 10.0V
T598D227M010ATE080,1,19.68,KEMET,CAP TANT POLY 220UF 10V 2917
T598D107M010AHE0807706,80,20.40675,KEMET,100.UF 10.0V
T520D227M006ATE007,1,21.48,KEMET,CAP TANT POLY 220UF 6.3V 2917
T520D157M004ATE007,1,21.48,KEMET,CAP TANT POLY 150UF 4V 2917
T520D227M004ATE007,1,21.48,KEMET,CAP TANT POLY 220UF 4V 2917
T598D477M2R5AHE009,500,19.76714,KEMET,CAP TANT POLY 470UF 2.5V 2917
T521W476M020AHE0407280,2500,19.77226,KEMET,CAP TANT POLY 47UF 20V 2917
T598D337M006AHE0807706,80,20.46238,KEMET,330.UF  6.0V
T598D106M050AHE090,500,19.80004,KEMET,CAP TANT POLY 10UF 50V 2917
T520V337M006AHE0158395,1000,19.81857,KEMET,330.UF  6.0V
T521D565M050AHE090,500,19.82204,KEMET,CAP TANT SMD POLYMER
T521D107M016AHE050,500,19.82204,KEMET,CAP TANT SMD POLYMER
T543V685M050AHS0657280,3000,21.54986,KEMET,CAP TANT POLY 6.8UF 50V 2917
T543V685M050ATS0657280,3000,21.54986,KEMET,CAP TANT POLY 6.8UF 50V 2917
T521V565M050AHE070,1000,19.84049,KEMET,CAP TANT SMD POLYMER
T521W226M025ATE0707706,80,20.52863,KEMET,22.0UF 25.0V
T521V226M025ATE090,1,19.85,KEMET,CAP TANT POLY 22UF 25V 2917
T523H107M035AP4382,1000,22.27822,KEMET,100.UF 35.0V
T523H107M035APE0707723,1000,22.27822,KEMET,100.UF 35.0V
T523H107M035APE0707758,1000,22.27822,KEMET,100.UF 35.0V
T521D336M025AHE040,500,19.87696,KEMET,CAP TANT POLY 33UF 25V 2917
T598D336M035AHE065,500,19.87696,KEMET,CAP TANT POLY 33UF 35V 2917
T521V685M050AHE090,1000,19.89267,KEMET,CAP TANT SMD POLYMER
T521W476M020AHE040,1000,19.94468,KEMET,CAP TANT POLY 47UF 20V 2917
T598V157M010AHE045,1000,19.94468,KEMET,CAP TANT POLY 150UF 10V 2917
T598D227M006AHS080,500,19.96444,KEMET,CAP TANT POLY 220UF 6.3V 2917
T520Y337M010ANE015,500,19.9866,KEMET,CAP TANT SMD POLYMER
T598D107M016AHE050,500,20.03028,KEMET,CAP TANT POLY 100UF 16V 2917
T520V337M006AHE0157706,80,20.0545,KEMET,330.UF  6.0V
T598D227M006AHE0407706,80,20.76288,KEMET,220.UF  6.0V
T598D106M035AHE120,500,20.151,KEMET,CAP TANT POLY 10UF 35V 2917
T543B106K025AHS1007280,8000,21.90197,KEMET,CAP TANT POLY 10UF 25V 1411
T543B106K025ATS1007280,8000,21.90197,KEMET,CAP TANT POLY 10UF 25V 1411
T521V107M020AT45467706,80,20.86875,KEMET,100.UF 20.0V
T521D686M025AT41467706,80,20.86875,KEMET,68.0UF 25.0V
T598B225M035AHS1507706,80,20.86875,KEMET,2.20UF 35.0V
T528Z157M006ATE0087706,80,20.86875,KEMET,150.UF  6.0V
T528W337M2R5ATE0097706,80,20.86875,KEMET,330.UF  2.5V
T521V107M020ATE0507706,80,20.86875,KEMET,100.UF 20.0V
T528Z227M004ATE0097706,80,20.89663,KEMET,220.UF  4.0V
T521B106M025ANE100,2000,20.21815,KEMET,CAP TANT SMD POLYMER
T598D157M016AHE0657706,80,20.93825,KEMET,150.UF 16.0V
T520Y687M004ATE0157706,80,20.9425,KEMET,680.UF  4.0V
T520Y108M2R5AHE0157706,80,20.2415,KEMET,1000UF  2.5V
T521V107M020AT49277706,80,21.00775,KEMET,100.UF 20.0V
T521X107M025ATE0607706,80,21.02388,KEMET,100.UF 25.0V
T528Z227M006ATE0127706,80,21.04313,KEMET,220.UF  6.0V
T521X476M035ATE0707706,80,21.04313,KEMET,47.0UF 35.0V
T598V107M010AHS045,1000,20.36121,KEMET,CAP TANT POLY 100UF 10V 2917
T521D476M016AHE040,500,20.36998,KEMET,CAP TANT POLY 47UF 16V 2917
T591X106M063ATE090,500,20.36998,KEMET,CAP TANT POLY 10UF 63V 2917
T521D565M050AHE070,500,20.36998,KEMET,CAP TANT SMD POLYMER
T521D476M016AHE045,500,20.36998,KEMET,CAP TANT SMD POLYMER
T598D107M010AHS080,500,20.37212,KEMET,CAP TANT POLY 100UF 10V 2917
T521X186M050ATE0507706,80,21.08588,KEMET,18.0UF 50.0V
T521X186M050ATE0707706,80,20.38013,KEMET,18.0UF 50.0V
T520V477M2R5AHE0097706,80,20.38013,KEMET,470.UF  2.5V
T522Y477M006AHE0357706,80,21.10188,KEMET,470.UF  6.0V
T520Y157M010ATE0187706,80,20.40388,KEMET,150.UF 10.0V
T521V685M050AHE070,1000,20.41331,KEMET,CAP TANT SMD POLYMER
T521D685M050AHE090,500,20.42456,KEMET,CAP TANT SMD POLYMER
T521D336M025AHE060,500,20.42456,KEMET,CAP TANT SMD POLYMER
T598D337M006AHS080,500,20.44638,KEMET,CAP TANT POLY 330UF 6.3V 2917
T598V157M010AHE025,1000,20.46533,KEMET,CAP TANT POLY 150UF 10V 2917
T543D156K035AHE100,1,,KEMET,CAP TANT POLY 15UF 35V 2917
T598D107M010AHE0257706,80,21.19813,KEMET,100.UF 10.0V
T521W226M025ATE0407706,80,21.19925,KEMET,22.0UF 25.0V
T598B157M006AHS0707706,80,21.23775,KEMET,150.UF  6.0V
T598B107M006AHS0707706,80,21.23775,KEMET,100.UF  6.0V
T521D685M063ANE0757280,2500,22.33844,KEMET,CAP TANT POLY 6.8UF 63V 2917
T520Y337M010AT41087706,80,20.56613,KEMET,330.UF 10.0V
T520Y337M010ATE0357706,80,20.56613,KEMET,330.UF 10.0V
T520V227M004ZT0E025,1,20.59,KEMET,CAP TANT POLY 220UF 4V 2917
T523H107M035AP43827111,1000,23.17916,KEMET,100.UF 35.0V
T520V227M004ZTE045,1,20.67,KEMET,CAP TANT POLY 220UF 4V 2917
T520V157M006ZTE045,1,20.67,KEMET,CAP TANT POLY 150UF 6.3V 2917
T543B107M010AHE1507280,8000,22.46356,KEMET,CAP TANT POLY 100UF 10V 1411
T543B107M010ATE1507280,8000,22.46356,KEMET,CAP TANT POLY 100UF 10V 1411
T598X476M035ATE0757706,80,21.42175,KEMET,47.0UF 35.0V
T598D337M006AHE0407706,80,21.42175,KEMET,330.UF  6.0V
T598X476M035AT42647706,80,21.42175,KEMET,47.0UF 35.0V
T598B335M035AHS1507706,80,21.426,KEMET,3.30UF 35.0V
T521X336M050ATE0507280,2000,20.72565,KEMET,CAP TANT SMD POLYMER
T528Z337M2R5ATE0077706,80,21.44625,KEMET,330.UF  2.5V
T523H337M016APE0707111,1000,22.53391,KEMET,330.UF 16.0V
T521D685M063AME0757280,2500,22.60819,KEMET,CAP TANT POLY 6.8UF 63V 2917
T598B155M050AHS2007706,80,21.565,KEMET,1.50UF 50.0V
T528Z227M2R5ATE0067706,80,21.565,KEMET,220.UF  2.5V
T528Z157M006ATE0077706,80,21.565,KEMET,150.UF  6.0V
T523J477M010APE0707706,80,21.58213,KEMET,470.UF 10.0V
T543B106K025AHS100,2000,22.67117,KEMET,CAP TANT POLY 10UF 25V 1411
T543B106K025ATS100,2000,22.67117,KEMET,CAP TANT POLY 10UF 25V 1411
T528Z227M004ATE0087706,80,21.59275,KEMET,220.UF  4.0V
T545H108M006ATE055,1000,20.88103,KEMET,CAP TANT SMD POLYMER
T591X106M075ATE090,500,20.9166,KEMET,CAP TANT POLY 10UF 75V 2917
T520D227M004ATE012,1,20.92,KEMET,CAP TANT POLY 220UF 4V 2917
T521D476M020AHE040,500,20.97116,KEMET,CAP TANT POLY 47UF 20V 2917
T521D685M050AHE070,500,20.97116,KEMET,CAP TANT SMD POLYMER
T598D337M006AHE0257706,80,21.70188,KEMET,330.UF  6.0V
T520Y337M010ANE0257706,80,20.9775,KEMET,330.UF 10.0V
T521X107M025ATE0307706,80,20.992,KEMET,100.UF 25.0V
T528Z227M006ATE0097706,80,21.73825,KEMET,220.UF  6.0V
T520Y687M004ATE0107706,80,21.7415,KEMET,680.UF  4.0V
T520Y108M2R5AHE0107706,80,21.01375,KEMET,1000UF  2.5V
T521D475M075AHE075,500,22.84616,KEMET,CAP TANT POLY 4.7UF 75V 2917
T521D336M035AHE065,500,21.02574,KEMET,CAP TANT SMD POLYMER
T523H108M010APE0707280,2500,21.0489,KEMET,CAP TANT POLY 1000UF 10V 2924
T598B336M006AHS0707706,80,21.78,KEMET,33.0UF  6.0V
T598B336M006AHS0807706,80,21.78,KEMET,33.0UF  6.0V
T521D226M035AHE060,500,21.08032,KEMET,CAP TANT SMD POLYMER
T598B475M035AHS2007706,80,21.84313,KEMET,4.70UF 35.0V
T598B226M010AHS0707706,80,21.84313,KEMET,22.0UF 10.0V
T598B107M004AHS0707706,80,21.84313,KEMET,100.UF  4.0V
T598B225M050AHS2007706,80,21.84313,KEMET,2.20UF 50.0V
T528Z157M006ATE0097706,80,21.86763,KEMET,150.UF  6.0V
T598D227M010AHE0257706,80,21.86975,KEMET,220.UF 10.0V
T528Z337M004ATE0127706,80,21.88475,KEMET,330.UF  4.0V
T598D157M010AHE0457706,80,21.90188,KEMET,150.UF 10.0V
T523H227M025APE0707111,1000,21.1727,KEMET,220.UF 25.0V
T521V106M050ATE0907687,1000,21.1727,KEMET,10.0UF 50.0V
T520Y157M010ATE0157706,80,21.176,KEMET,150.UF 10.0V
T521B226M020ATE0907706,80,21.19775,KEMET,22.0UF 20.0V
T598D227M006AHS040,500,21.24406,KEMET,CAP TANT POLY 220UF 6.3V 2917
T598V157M006AHE0457706,80,21.98213,KEMET,150.UF  6.0V
T591V157M006ATE045,1,21.25,KEMET,CAP TANT POLY 150UF 6.3V 2917
T520V227M004ASE045,1,,KEMET,CAP TANT POLY 220UF 4V 2917
T520V157M006ASE045,1,,KEMET,CAP TANT POLY 150UF 6.3V 2917
T520V686M010ASE060,1,,KEMET,CAP TANT POLY 68UF 10V 2917
T520V337M004ASE040,1,,KEMET,CAP TANT POLY 330UF 4V 2917
T520V157M006ASE040,1,,KEMET,CAP TANT POLY 150UF 6.3V 2917
T520D157M008ASE040,1,,KEMET,CAP TANT POLY 150UF 8V 2917
T598D107M010AHS040,500,21.35206,KEMET,CAP TANT POLY 100UF 10V 2917
T543B107M010AHE150,2000,23.21061,KEMET,CAP TANT POLY 100UF 10V 1411
T528Z477M2R5AHE0097706,80,22.12113,KEMET,470.UF  2.5V
T521D685M063AHE0757280,2500,23.24396,KEMET,CAP TANT POLY 6.8UF 63V 2917
T543V685M050AHS065,1000,23.25284,KEMET,CAP TANT POLY 6.8UF 50V 2917
T543V685M050ATS065,1000,23.25284,KEMET,CAP TANT POLY 6.8UF 50V 2917
T528Z337M2R5ATE0067706,80,22.1425,KEMET,330.UF  2.5V
T598D107M010AHS025,500,21.42616,KEMET,CAP TANT POLY 100UF 10V 2917
T598D157M006AHE0257706,80,22.181,KEMET,150.UF  6.0V
T521V156M035AHE1257706,80,22.19063,KEMET,15.0UF 35.0V
T591X156M063ATE075,500,21.46204,KEMET,CAP TANT POLY 15UF 63V 2917
T520D108M2R5AHE0157790,500,21.46832,KEMET,1000UF  2.5V
T528Z337M2R5ATE0127706,80,22.24525,KEMET,330.UF  2.5V
T528Z477M002ATE0057706,80,22.26013,KEMET,470.UF  2.0V
T528Z227M004ATE0077706,80,22.288,KEMET,220.UF  4.0V
T598V107M010AHS025,1000,21.57624,KEMET,CAP TANT POLY 100UF 10V 2917
T521D107M025ATE0407280,2500,21.60729,KEMET,CAP TANT POLY 100UF 25V 2917
T528Z157M006ATE0127706,80,22.381,KEMET,150.UF  6.0V
T521D157M016AHE050,500,21.68002,KEMET,CAP TANT SMD POLYMER
T521D107M020AHE055,500,21.68002,KEMET,CAP TANT SMD POLYMER
T598B476M006AHS0707706,80,22.45913,KEMET,47.0UF  6.0V
T598B336M010AHS0707706,80,22.45913,KEMET,33.0UF 10.0V
T523H108M010APE0707105,1000,24.34778,KEMET,1000UF 10.0V
T598D337M006AHS040,500,21.72352,KEMET,CAP TANT POLY 330UF 6.3V 2917
T521D686M025ATE0707706,80,22.53288,KEMET,68.0UF 25.0V
T521D686M025ATE0407706,80,22.53288,KEMET,68.0UF 25.0V
T521V107M020ATE0557706,80,22.53288,KEMET,100.UF 20.0V
T528Z477M2R5ATE0097706,80,22.55963,KEMET,470.UF  2.5V
T528Z337M004ATE0097706,80,22.57988,KEMET,330.UF  4.0V
T598B107M2R5AHS0707706,80,22.60775,KEMET,100.UF  2.5V
T598D157M010AHS045,500,21.8694,KEMET,CAP TANT POLY 150UF 10V 2917
T598V157M006AHE0257706,80,22.67725,KEMET,150.UF  6.0V
T598V227M006AHE0457706,80,22.67725,KEMET,220.UF  6.0V
T598V107M010AHE0457706,80,22.70075,KEMET,100.UF 10.0V
T520V477M2R5AHE0077706,80,21.95025,KEMET,470.UF  2.5V
T598D157M006AHS0457706,500,22.71388,KEMET,150.UF  6.0V
T521B106M035ATE2007706,80,21.98325,KEMET,10.0UF 35.0V
T520V157M006ZTE025,1,22,KEMET,CAP TANT POLY 150UF 6.3V 2917
T591X156M075ATE075,500,22.0065,KEMET,CAP TANT POLY 15UF 75V 2917
T598V157M006AHS045,1000,22.02147,KEMET,CAP TANT POLY 150UF 6.3V 2917
T598B335M035AHS2007706,80,22.79813,KEMET,3.30UF 35.0V
T598D476M025AHE0607706,80,22.81625,KEMET,47.0UF 25.0V
T598D477M2R5AHE0097706,80,22.81625,KEMET,470.UF  2.5V
T521V107M016AHE0507706,80,22.81625,KEMET,100.UF 16.0V
T520X108M003ATE0158000,500,22.06092,KEMET,1000UF  3.0V
B76004E6879M040,1,22.08,KEMET,CAP TANT POLY 680UF 4V 2917
T598D157M010AHE0257706,80,22.86125,KEMET,150.UF 10.0V
T598V107M010AHE0257706,80,22.86125,KEMET,100.UF 10.0V
T520Y337M010ATE0157706,80,22.1115,KEMET,330.UF 10.0V
T521V226M025AHE0607706,80,22.88575,KEMET,22.0UF 25.0V
T521D157M020ATE0657706,80,22.13938,KEMET,150.UF 20.0V
T598X156M075ATE0757706,500,22.92554,KEMET,15.0UF 75.0V
T521V107M020AHE0557706,80,22.95638,KEMET,100.UF 20.0V
T598D336M035AHE0657706,80,22.95638,KEMET,33.0UF 35.0V
T528Z477M2R5ATE0067706,80,22.98425,KEMET,470.UF  2.5V
T528Z477M2R5ATE0057706,80,22.98425,KEMET,470.UF  2.5V
T598X336M035AHE0657706,500,22.98612,KEMET,33.0UF 35.0V
T598D476M016AHE0707706,80,23.0205,KEMET,47.0UF 16.0V
T543V685K050AHS0657280,3000,24.18541,KEMET,CAP TANT POLY 6.8UF 50V 2917
T543V685K050ATS0657280,3000,24.18541,KEMET,CAP TANT POLY 6.8UF 50V 2917
T528Z337M2R5ATE0097706,80,23.04513,KEMET,330.UF  2.5V
T521D107M025AHE040,500,22.27824,KEMET,CAP TANT POLY 100UF 25V 2917
T598D227M006AHS0807706,80,23.06763,KEMET,220.UF  6.0V
T598D157M006AHS045,500,22.35978,KEMET,CAP TANT POLY 150UF 6.3V 2917
T520Y337M010ATE0158395,500,22.36044,KEMET,330.UF 10.0V
T598D107M016AHE0507706,80,23.151,KEMET,100.UF 16.0V
T523H157M025APE070,1000,22.43503,KEMET,CAP TANT SMD POLYMER
T521X226M050ATE0507706,80,23.212,KEMET,22.0UF 50.0V
T528Z477M2R5ATE0127706,80,23.212,KEMET,470.UF  2.5V
T521X226M050ATE0757706,80,23.212,KEMET,22.0UF 50.0V
T528Z227M004ATE0127706,80,23.212,KEMET,220.UF  4.0V
T528Z477M2R5ATE0087706,80,23.22275,KEMET,470.UF  2.5V
T530D687M2R5ATE0067280,2500,22.51627,KEMET,CAP TANT SMD POLYMER
T598X156M075AT4179,500,25.28294,KEMET,15.0UF 75.0V
T598D157M010AHS025,500,22.55742,KEMET,CAP TANT POLY 150UF 10V 2917
T521X476M035ATE0307706,80,22.57975,KEMET,47.0UF 35.0V
T520Y337M010AHE0157706,80,22.60038,KEMET,330.UF 10.0V
T598X336M035AHE065,500,22.60406,KEMET,CAP TANT POLY 33UF 35V 2917
T521D186M050ATE090,500,22.60406,KEMET,CAP TANT SMD POLYMER
T520Y337M010AHE0357706,80,22.62213,KEMET,330.UF 10.0V
T598V337M004AHS045,1000,22.64168,KEMET,CAP TANT POLY 330UF 4V 2917
T598D156M035AHE0657706,80,23.46113,KEMET,15.0UF 35.0V
T598B157M004AHS0707706,80,23.46113,KEMET,150.UF  4.0V
T598B226M006AHS0707706,80,23.46113,KEMET,22.0UF  6.0V
T598D157M006AHS025,500,22.72992,KEMET,CAP TANT POLY 150UF 6.3V 2917
T520V227M004ASE025,1,,KEMET,CAP TANT POLY 220UF 4V 2917
T520V157M006ASE025,1,,KEMET,CAP TANT POLY 150UF 6.3V 2917
T520V337M004ASE025,1,,KEMET,CAP TANT POLY 330UF 4V 2917
T520V686M010ASE045,1,,KEMET,CAP TANT POLY 68UF 10V 2917
T520D227M2R5ATE007,1,22.74,KEMET,CAP TANT POLY 220UF 2.5V 2917
T543B106M025AHW1007280,8000,24.70992,KEMET,CAP TANT POLY 10UF 25V 1411
T543B106M025ATW1007280,8000,24.70992,KEMET,CAP TANT POLY 10UF 25V 1411
T521B106M035ATE1507706,80,22.76788,KEMET,10.0UF 35.0V
T520H108M006ATE0558000,1000,22.80136,KEMET,1000UF  6.0V
T520H108M006ATE040,1000,23.59102,KEMET,1000UF  6.0V
T598B225M035AHS2007706,80,23.66013,KEMET,2.20UF 35.0V
T598B225M050AHS1507706,80,23.72538,KEMET,2.20UF 50.0V
T521X107M025ATE0608395,500,23.72534,KEMET,100.UF 25.0V
T521V156M025AHE0907706,80,23.74038,KEMET,15.0UF 25.0V
T528Z337M2R5ATE0057706,80,23.74563,KEMET,330.UF  2.5V
T598V227M006AHS045,1000,22.95129,KEMET,CAP TANT POLY 220UF 6.3V 2917
T598D227M010AHE0807706,80,23.75313,KEMET,220.UF 10.0V
T598D477M2R5ATS009,500,23.83572,KEMET,CAP TAN POLY 470UF 2.5V AUTO
T521X186M050ATE0357706,80,23.04588,KEMET,18.0UF 50.0V
T528Z337M2R5ATE0087706,80,23.844,KEMET,330.UF  2.5V
T598D226M035AHE0657706,80,23.858,KEMET,22.0UF 35.0V
T591V157M006ATE025,1,23.07,KEMET,CAP TANT POLY 150UF 6.3V 2917
T520X687M004ATE0357280,2000,23.12288,KEMET,CAP TANT SMD POLYMER
T521D685M063ANE075,500,25.1502,KEMET,CAP TANT POLY 6.8UF 63V 2917
T520X108M2R5ATE0108000,500,23.1462,KEMET,1000UF  2.5V
B76010V1079M080,1,23.15,KEMET,CAP TANT POLY 100UF 10V 2917
T520V227M2R5ZTE045,1,23.15,KEMET,CAP TANT POLY 220UF 2.5V 2917
T520V107M010ZTE055,1,23.15,KEMET,CAP TANT POLY 100UF 10V 2917
T598V157M006AHS025,1000,23.22972,KEMET,CAP TANT POLY 150UF 6.3V 2917
T598V157M010AHS0457706,1000,24.04037,KEMET,150.UF 10.0V
T521V156M025ATE040,1,23.24,KEMET,CAP TANT POLY 15UF 25V 2917
T521D336M025ATE040,1,23.24,KEMET,CAP TANT POLY 33UF 25V 2917
T598B336M010AHS0807706,80,24.04625,KEMET,33.0UF 10.0V
T530Y687M2R5ATE0067280,2000,23.34008,KEMET,CAP TANT SMD POLYMER
T520X158M2R5ATE0157280,2000,23.34008,KEMET,CAP TANT SMD POLYMER
T598D476M025ATS060,500,24.1718,KEMET,CAP TAN POLY 47UF 25V AUTO
T543B107K010AHE1507280,8000,25.4411,KEMET,CAP TANT POLY 100UF 10V 1411
T543B107K010ATE1507280,8000,25.4411,KEMET,CAP TANT POLY 100UF 10V 1411
T521D685M063AME075,500,25.4478,KEMET,CAP TANT POLY 6.8UF 63V 2917
T520X687M004AHE035,500,23.47102,KEMET,CAP TANT SMD POLYMER
T520X108M003AHE030,500,23.47102,KEMET,CAP TANT SMD POLYMER
T598V337M004AHE0457706,80,24.38525,KEMET,330.UF  4.0V
T521V686M016AHE0507706,80,24.38525,KEMET,68.0UF 16.0V
T528Z477M2R5AHE0087706,80,24.38525,KEMET,470.UF  2.5V
T598D477M2R5AHE006,500,23.57918,KEMET,CAP TANT POLY 470UF 2.5V 2917
T520X687M004ATE0157280,2000,23.61616,KEMET,CAP TANT POLY 680UF 4V 2917
T521V156M035AHE1007706,80,24.4515,KEMET,15.0UF 35.0V
T521D157M020ATE0507706,80,23.71063,KEMET,150.UF 20.0V
T520L227M004ATE025,1,23.82,KEMET,CAP TANT POLY 220UF 4V 2312
T521W476M016ATE040,1,23.82,KEMET,CAP TANT POLY 47UF 16V 2917
T520Y337M010ANE0157706,80,23.82425,KEMET,330.UF 10.0V
T521X106M075AHE0507280,2000,25.89662,KEMET,CAP TANT POLY 10UF 75V 2917
T598V337M004AHS025,1000,23.84778,KEMET,CAP TANT POLY 330UF 4V 2917
T598V157M010AHS045,1000,23.87863,KEMET,CAP TANT POLY 150UF 10V 2917
T521D186M050AHE0907706,500,23.92286,KEMET,18.0UF 50.0V
T543V685K050AHS065,1000,26.05782,KEMET,CAP TANT POLY 6.8UF 50V 2917
T543V685K050ATS065,1000,26.05782,KEMET,CAP TANT POLY 6.8UF 50V 2917
T520X108M003AHE015,500,24.01152,KEMET,CAP TANT SMD POLYMER
T521D685M063AHE075,500,26.1492,KEMET,CAP TANT POLY 6.8UF 63V 2917
T521X337M016ATE0257280,2000,24.10881,KEMET,CAP TANT SMD POLYMER
T543B107K010ATE150,1,,KEMET,CAP TANT POLY 100UF 10V 1411
T520V107M010ASE050,1,,KEMET,CAP TANT POLY 100UF 10V 2917
T520V107M010ASE045,1,,KEMET,CAP TANT POLY 100UF 10V 2917
T598V227M006AHS025,1000,24.15623,KEMET,CAP TANT POLY 220UF 6.3V 2917
T530D477M003ATE010,500,24.22752,KEMET,CAP TANT SMD POLYMER
T530D687M003ATE0107622,500,25.06656,KEMET,680.UF  3.0V
T520V476M016ZTE070,1,24.23,KEMET,CAP TANT POLY 47UF 16V 2917
T530Y477M004ATE0057280,2000,24.32551,KEMET,CAP TANT SMD POLYMER
T521D157M020AHE0657706,80,24.3535,KEMET,150.UF 20.0V
T520V107M006ZTE045,1,24.39,KEMET,CAP TANT POLY 100UF 6.3V 2917
T520V227M006ZTE040,1,24.39,KEMET,CAP TANT POLY 220UF 6.3V 2917
B76002V2279M025,1,24.39,KEMET,CAP TANT POLY 220UF 2.5V 2917
T520V157M004ATE025,1,24.39,KEMET,CAP TANT POLY 150UF 4V 2917
T520U157M006ATE055,1,24.39,KEMET,CAP TANT POLY 150UF 6.3V 2312
T598V157M010AHS0257706,1000,25.35472,KEMET,150.UF 10.0V
T530Y227M010ATE010,500,24.55532,KEMET,220.UF 10.0V
T520X687M004ATE0107280,2000,24.60105,KEMET,CAP TANT SMD POLYMER
T521D186M050AHE090,500,24.60494,KEMET,CAP TANT SMD POLYMER
T598D477M2R5AHS009,500,24.65884,KEMET,CAP TANT POLY 470UF 2.5V 2917
T521D107M016AME050,500,24.74402,KEMET,CAP TANT SMD POLYMER
T530Y687M2R5ATE007,500,24.76668,KEMET,CAP TANT SMD POLYMER
T598D227M010AHS080,500,24.80208,KEMET,CAP TANT POLY 220UF 10V 2917
T543V685M050AHW0657280,3000,26.95627,KEMET,CAP TANT POLY 6.8UF 50V 2917
T543V685M050ATW0657280,3000,26.95627,KEMET,CAP TANT POLY 6.8UF 50V 2917
T520V337M003ATE012,1,24.81,KEMET,CAP TANT POLY 330UF 3V 2917
T530X108M003ATE0107280,2000,24.81738,KEMET,CAP TANT SMD POLYMER
T598B107M004AHS0457706,60,25.8015,KEMET,100.UF  4.0V
T598B157M004AHS0457706,60,25.8015,KEMET,150.UF  4.0V
T521V476M020AHE0907706,80,24.9665,KEMET,47.0UF 20.0V
T521D476M016AHE0457706,60,25.04267,KEMET,47.0UF 16.0V
T598V157M010AHS025,1000,25.08034,KEMET,CAP TANT POLY 150UF 10V 2917
T520X108M2R5AHE010,500,25.08968,KEMET,CAP TANT SMD POLYMER
T520X687M004AHE010,500,25.08968,KEMET,CAP TANT SMD POLYMER
T521D226M035ATE0407706,80,25.12363,KEMET,22.0UF 35.0V
T521D226M035ATE0607706,80,25.12363,KEMET,22.0UF 35.0V
T598D227M010AHS0407706,500,26.00222,KEMET,220.UF 10.0V
T530D687M2R5ATE0067028,500,26.01062,KEMET,680.UF  2.5V
T530D687M2R5ATE0068000,500,26.01062,KEMET,680.UF  2.5V
T598B336M010AHW080,2000,26.04933,KEMET,33.0UF 10.0V
T598D157M016AHS065,500,25.20596,KEMET,CAP TANT POLY 150UF 16V 2917
T591V107M010ATE045,1,25.22,KEMET,CAP TANT POLY 100UF 10V 2917
T598B476M010AHW070,2000,26.1668,KEMET,47.0UF 10.0V
T598D227M010AHS040,500,25.29742,KEMET,CAP TANT POLY 220UF 10V 2917
T530D687M2R5ATE0067111,500,26.18138,KEMET,680.UF  2.5V
T543B106K025AHW1007280,8000,27.51786,KEMET,CAP TANT POLY 10UF 25V 1411
T543B106K025ATW1007280,8000,27.51786,KEMET,CAP TANT POLY 10UF 25V 1411
T591V227M2R5ATE015,1,25.39,KEMET,CAP TANT POLY 220UF 2.5V 2917
T520X687M004ATE0357622,500,25.46744,KEMET,680.UF  4.0V
T520X687M004ATE0358000,500,25.46744,KEMET,680.UF  4.0V
T523H477M016APE0707280,2500,25.47703,KEMET,CAP TANT POLY 470UF 16V 2924
T520V477M2R5ASE015,1,,KEMET,CAP TANT POLY 470UF 2.5V 2917
T520V337M003ASE025,1,,KEMET,CAP TANT POLY 330UF 3V 2917
T520D687M003ASE040,1,,KEMET,CAP TANT POLY 680UF 3V 2917
T520V227M006ASE040,1,,KEMET,CAP TANT POLY 220UF 6.3V 2917
T520V107M010ASE025,1,,KEMET,CAP TANT POLY 100UF 10V 2917
T520V336M016ASE060,1,,KEMET,CAP TANT POLY 33UF 16V 2917
T520V337M2R5ASE025,1,,KEMET,CAP TANT POLY 330UF 2.5V 2917
T520D687M2R5ASE040,1,,KEMET,CAP TANT POLY 680UF 2.5V 2917
T520V476M016ASE070,1,,KEMET,CAP TANT POLY 47UF 16V 2917
T520V337M006AHE0157790,1000,25.61405,KEMET,330.UF  6.0V
T520V227M006ZTE025,1,25.64,KEMET,CAP TANT POLY 220UF 6.3V 2917
T520V227M2R5ATE015,1,25.64,KEMET,CAP TANT POLY 220UF 2.5V 2917
T530D157M010AH4669,500,26.61552,KEMET,150.UF 10.0V
T530Y687M2R5ATE0067622,500,26.61552,KEMET,680.UF  2.5V
T520X157M016ATE055,500,25.78316,KEMET,150.UF 16.0V
T520X157M016ATE025,500,25.78316,KEMET,150.UF 16.0V
T520X157M016ATE0407652,500,25.78316,KEMET,150.UF 16.0V
T520X157M016ATE0407111,500,25.78316,KEMET,150.UF 16.0V
T543B106K025AHW100,2000,28.03277,KEMET,CAP TANT POLY 10UF 25V 1411
T543B106K025ATW100,2000,28.03277,KEMET,CAP TANT POLY 10UF 25V 1411
T520X157M016ATE0407280,2000,25.79908,KEMET,CAP TANT SMD POLYMER
B76006E4779M035,1,25.8,KEMET,CAP TANT POLY 470UF 6.3V 2917
T521D107M016AHE0507706,80,25.82963,KEMET,100.UF 16.0V
T521D565M050AHE0907706,80,25.82963,KEMET,5.60UF 50.0V
T543C107K010AHE025,1,,KEMET,CAP TANT POLY 100UF 10V 2312
T543B107M010AHS1507280,8000,28.07945,KEMET,CAP TANT POLY 100UF 10V 1411
T543B107M010ATS1507280,8000,28.07945,KEMET,CAP TANT POLY 100UF 10V 1411
T530Y477M004ATE006,500,25.84238,KEMET,CAP TANT SMD POLYMER
T530D157M010AHE010,500,25.84238,KEMET,CAP TANT SMD POLYMER
T521D226M035AHE0607706,60,25.88883,KEMET,22.0UF 35.0V
T521D336M035AHE0658395,500,28.13804,KEMET,33.0UF 35.0V
T521D157M020AHE0507706,80,25.92375,KEMET,150.UF 20.0V
T520X687M004ATE0158000,500,26.05208,KEMET,680.UF  4.0V
T543V685M050AHW065,1,,KEMET,CAP TANT POLY 6.8UF 50V 2917
T598D476M016AHS0707706,500,26.9882,KEMET,47.0UF 16.0V
T530D227M006ATE0067280,2500,26.11236,KEMET,CAP TANT SMD POLYMER
T530D337M006ATE0067280,2500,26.11236,KEMET,CAP TANT SMD POLYMER
T598D476M016AHS070,500,26.17282,KEMET,CAP TANT POLY 47UF 16V 2917
T543B107M010AHS150,2000,28.56534,KEMET,CAP TANT POLY 100UF 10V 1411
T543B107M010ATS150,2000,28.56534,KEMET,CAP TANT POLY 100UF 10V 1411
T530D687M003AHE0102678,500,27.28082,KEMET,680.UF  3.0V
T598V107M010AHS0457706,60,27.32167,KEMET,100.UF 10.0V
T520X108M003ATE0307706,60,26.40717,KEMET,1000UF  3.0V
T530D687M003AHE010,500,26.43232,KEMET,CAP TANT SMD POLYMER
T530D477M004AHE010,500,26.43232,KEMET,CAP TANT SMD POLYMER
T521X336M050ATE0757824,500,27.41428,KEMET,33.0UF 50.0V
T543V685M050ATW065,1000,28.84168,KEMET,CAP TANT POLY 6.8UF 50V 2917
T521X106M075ATE0507706,60,27.52267,KEMET,10.0UF 75.0V
T598D227M010AHS0257706,500,27.5274,KEMET,220.UF 10.0V
T521D565M050AHE0707706,60,26.61517,KEMET,5.60UF 50.0V
T523W686M016APE100,1,26.63,KEMET,CAP TANT POLY 68UF 16V 2917
T591V227M2R5ATE012,1,26.63,KEMET,CAP TANT POLY 220UF 2.5V 2917
T521X337M016ATE0257111,500,26.63674,KEMET,330.UF 16.0V
T523H477M016APE0707105,1000,29.87962,KEMET,470.UF 16.0V
T521X337M016ATK050,500,26.67892,KEMET,CAP TANT SMD POLYMER
T530Y337M006ATE0107280,2000,26.69074,KEMET,CAP TANT SMD POLYMER
T521D336M025AHE0607706,60,26.69383,KEMET,33.0UF 25.0V
T521D685M050AHE0907706,60,26.69383,KEMET,6.80UF 50.0V
T530D477M004ATE0067280,2500,26.6974,KEMET,CAP TANT SMD POLYMER
T591V107M010ATE025,1,26.71,KEMET,CAP TANT POLY 100UF 10V 2917
T598D336M025AHS0607706,500,27.66806,KEMET,33.0UF 25.0V
T598D336M025AHS060,500,26.77516,KEMET,CAP TANT POLY 33UF 25V 2917
T598D156M035AHS065,500,26.80726,KEMET,CAP TANT POLY 15UF 35V 2917
T520V157M004ATE009,1,26.88,KEMET,CAP TANT POLY 150UF 4V 2917
T520D107M006ATE007,1,29.2,KEMET,CAP TANT POLY 100UF 6.3V 2917
T520W227M004ATE040,1,26.88,KEMET,CAP TANT POLY 220UF 4V 2917
T530Y477M004ATE0058000,500,27.8253,KEMET,470.UF  4.0V
T530D337M006AHE0062678,500,26.89392,KEMET,330.UF  6.0V
T530Y477M004ATE005,500,26.91442,KEMET,CAP TANT SMD POLYMER
T530D337M004AHE006,500,26.91442,KEMET,CAP TANT SMD POLYMER
T530D227M006AHE006,500,26.91442,KEMET,CAP TANT SMD POLYMER
T530D477M2R5AHE006,500,26.91442,KEMET,CAP TANT SMD POLYMER
T530D157M010AHE006,500,26.91442,KEMET,CAP TANT SMD POLYMER
T520V477M2R5ASE012,1,,KEMET,CAP TANT POLY 470UF 2.5V 2917
T520V337M003ASE015,1,,KEMET,CAP TANT POLY 330UF 3V 2917
T520D687M003ASE015,1,,KEMET,CAP TANT POLY 680UF 3V 2917
T520V227M006ASE025,1,,KEMET,CAP TANT POLY 220UF 6.3V 2917
T520V337M2R5ASE015,1,,KEMET,CAP TANT POLY 330UF 2.5V 2917
T520D687M2R5ASE015,1,,KEMET,CAP TANT POLY 680UF 2.5V 2917
T521D226M050AHE090,500,26.96784,KEMET,CAP TANT SMD POLYMER
T530Y337M006AHE010,500,27.02144,KEMET,CAP TANT SMD POLYMER
T598D227M006AHS0257706,500,28.02244,KEMET,220.UF  6.0V
T598D227M006AHS025,500,27.08874,KEMET,CAP TANT POLY 220UF 6.3V 2917
T591V337M2R5ATE025,1,27.12,KEMET,CAP TANT POLY 330UF 2.5V 2917
T598D226M035AHS065,500,27.1926,KEMET,CAP TANT POLY 22UF 35V 2917
T598V337M004AHE0257706,60,28.14017,KEMET,330.UF  4.0V
T598V227M006AHE0257706,60,28.14017,KEMET,220.UF  6.0V
T598V106M035AHE1207706,60,28.22433,KEMET,10.0UF 35.0V
T598D106M035AHE1207706,60,28.22433,KEMET,10.0UF 35.0V
T598V106M035AHS120,1000,27.28126,KEMET,CAP TANT POLY 10UF 35V 2917
T520V687M006ATE0257706,60,27.38433,KEMET,680.UF  6.0V
T543V685K050AHW0657280,3000,29.76422,KEMET,CAP TANT POLY 6.8UF 50V 2917
T543V685K050ATW0657280,3000,29.76422,KEMET,CAP TANT POLY 6.8UF 50V 2917
T530X108M003AT4801,500,28.39992,KEMET,1000UF  3.0V
T598B157M006AHS0457706,60,28.42683,KEMET,150.UF  6.0V
T598B157M006AHS0557706,60,28.42683,KEMET,150.UF  6.0V
T598B157M004AHS0557706,60,28.42683,KEMET,150.UF  4.0V
T598B107M004AHS0557706,60,28.42683,KEMET,100.UF  4.0V
T598B107M006AHS0457706,60,28.42683,KEMET,100.UF  6.0V
T598B107M006AHS0557706,60,28.42683,KEMET,100.UF  6.0V
T521D227M016ATE0507706,60,27.478,KEMET,220.UF 16.0V
T521D685M050AHE0707706,60,27.478,KEMET,6.80UF 50.0V
T530X108M003ATE0108000,500,28.4302,KEMET,1000UF  3.0V
T530D227M006AHE0062478,500,27.47856,KEMET,220.UF  6.0V
T530X108M003ATE0107622,500,27.47856,KEMET,1000UF  3.0V
T530D567M2R5ATE0057280,2500,27.51661,KEMET,CAP TANT SMD POLYMER
T528Z157M006AHE0077706,60,28.47817,KEMET,150.UF  6.0V
T530D477M004AHE0062678,500,27.53694,KEMET,470.UF  4.0V
T521D336M035AHE0657706,60,27.5565,KEMET,33.0UF 35.0V
T521V336M025AHE0407706,60,28.56233,KEMET,33.0UF 25.0V
T598D107M010AHS0807706,60,28.56517,KEMET,100.UF 10.0V
T521D106M050AHE0907706,60,27.6365,KEMET,10.0UF 50.0V
T530Y108M2R5ATE0067280,2000,27.66819,KEMET,CAP TANT SMD POLYMER
T521V565M050AHE0907706,60,28.64633,KEMET,5.60UF 50.0V
T598D337M006AHS0807706,60,28.68067,KEMET,330.UF  6.0V
T520X687M006ATE0257280,2000,27.75613,KEMET,CAP TANT SMD POLYMER
T598D157M006AHS0257706,60,28.81467,KEMET,150.UF  6.0V
T523H227M016APE0707706,60,28.81467,KEMET,220.UF 16.0V
T523W686M016APE070,1,27.95,KEMET,CAP TANT POLY 68UF 16V 2917
T530D227M006AHE005,500,27.98316,KEMET,CAP TANT POLY 220UF 6.3V 2917
T530D157M010AHE005,500,27.98316,KEMET,CAP TANT POLY 150UF 10V 2917
T530D337M004AHE005,500,27.98316,KEMET,CAP TANT SMD POLYMER
T521D107M025ATE0507706,60,28.0045,KEMET,100.UF 25.0V
T521D107M025ATE0607706,60,28.0045,KEMET,100.UF 25.0V
T521D107M025ATE0407706,60,28.0045,KEMET,100.UF 25.0V
T530D477M2R5AHE005,500,28.06322,KEMET,470.UF  2.5V
T530Y337M006AHE006,500,28.08984,KEMET,CAP TANT SMD POLYMER
T530Y227M010AHE006,500,28.08984,KEMET,CAP TANT SMD POLYMER
T530Y687M2R5AHE006,500,28.08984,KEMET,CAP TANT SMD POLYMER
T598D476M025AHS0607706,500,29.08352,KEMET,47.0UF 25.0V
T520V337M2R5ZTE045,1,28.12,KEMET,CAP TANT POLY 330UF 2.5V 2917
T520V157M004ATE007,1,30.55,KEMET,CAP TANT POLY 150UF 4V 2917
T530D567M2R5AHE005,500,28.19668,KEMET,CAP TANT SMD POLYMER
T598D336M035AHS0657706,500,29.21152,KEMET,33.0UF 35.0V
T521D227M016ATE0357706,60,28.26367,KEMET,220.UF 16.0V
T525D337M004ATE025,500,12.56328,KEMET,CAP TANT POLY 330UF 4V 2917
T520Y687M2R5ATE025,1,28.28,KEMET,CAP TANT POLY 680UF 2.5V 2917
T530D337M006ATE0107622,500,29.27706,KEMET,330.UF  6.0V
T530D227M010AH4740,500,29.27706,KEMET,220.UF 10.0V
T530D337M006ATE0108000,500,28.29708,KEMET,330.UF  6.0V
T530D227M010AHE0102678,500,28.29708,KEMET,220.UF 10.0V
T530D477M2R5ATE0107622,500,29.27706,KEMET,470.UF  2.5V
T521X156M075ATE0357280,2000,28.36109,KEMET,CAP TANT POLY 15UF 75V 2917
T520X337M010AHE0408000,500,28.36142,KEMET,330.UF 10.0V
T598B107M2R5AHS0557706,60,29.35367,KEMET,100.UF  2.5V
T598D106M050AHS090,500,28.41302,KEMET,CAP TANT POLY 10UF 50V 2917
T598V157M006AHS0457706,60,29.45783,KEMET,150.UF  6.0V
T521D157M016AHE0507706,60,28.49933,KEMET,150.UF 16.0V
T521V565M050AHE0707706,60,29.48917,KEMET,5.60UF 50.0V
T598D107M016AHS050,500,28.52482,KEMET,CAP TANT POLY 100UF 16V 2917
T598D106M050AHS0907706,500,29.52262,KEMET,10.0UF 50.0V
T543B107K010AHS1507280,8000,31.05699,KEMET,CAP TANT POLY 100UF 10V 1411
T543B107K010ATS1507280,8000,31.05699,KEMET,CAP TANT POLY 100UF 10V 1411
T521V685M050AHE0907706,60,29.57333,KEMET,6.80UF 50.0V
T530D227M006AHE0052478,500,29.64,KEMET,220.UF  6.0V
T521W476M020AHE0407706,60,29.65733,KEMET,47.0UF 20.0V
T530X477M006ATE0107280,2000,28.69947,KEMET,CAP TANT SMD POLYMER
T598D106M035AHS120,500,28.75388,KEMET,CAP TANT POLY 10UF 35V 2917
T530Y687M004AHE0058000,500,29.82362,KEMET,680.UF  4.0V
T598D477M2R5AHS006,500,28.83608,KEMET,CAP TANT POLY 470UF 2.5V 2917
T543B107K010AHS150,2000,31.37899,KEMET,CAP TANT POLY 100UF 10V 1411
T543B107K010ATS150,2000,31.37899,KEMET,CAP TANT POLY 100UF 10V 1411
T530D337M006ATE0102478,500,28.88172,KEMET,330.UF  6.0V
T598D227M006AHS0407706,60,29.90983,KEMET,220.UF  6.0V
T530D227M010AHE0068000,500,29.94236,KEMET,220.UF 10.0V
T530D227M010ATE0067622,500,29.94236,KEMET,220.UF 10.0V
T530D477M2R5ATE0067650,500,29.94236,KEMET,470.UF  2.5V
T530D227M010ATE0068000,500,29.94236,KEMET,220.UF 10.0V
T530D477M2R5ATE0067622,500,28.94012,KEMET,470.UF  2.5V
T520X108M2R5AHE0107706,60,28.99817,KEMET,1000UF  2.5V
T530D477M004ATE0107622,500,30.00892,KEMET,470.UF  4.0V
T521D227M016ATE0257706,60,29.04917,KEMET,220.UF 16.0V
T520X108M003ATE0157706,60,29.04917,KEMET,1000UF  3.0V
T598D107M010AHS0407706,60,30.07667,KEMET,100.UF 10.0V
T543V685K050AHW065,1000,31.60722,KEMET,CAP TANT POLY 6.8UF 50V 2917
T543V685K050ATW065,1000,31.60722,KEMET,CAP TANT POLY 6.8UF 50V 2917
T521V106M050ANE090,1000,29.08871,KEMET,CAP TANT POLY 10UF 50V 2917
T530Y337M006AHE005,500,29.15512,KEMET,CAP TANT SMD POLYMER
T530Y108M2R5AHE005,500,29.15512,KEMET,CAP TANT SMD POLYMER
T530Y477M004AHE005,500,29.15512,KEMET,CAP TANT SMD POLYMER
T530Y477M006AHE005,500,29.15512,KEMET,CAP TANT SMD POLYMER
T530Y687M004AHE005,500,29.15512,KEMET,CAP TANT SMD POLYMER
T598D107M010AHS0257706,60,30.19217,KEMET,100.UF 10.0V
T521D106M050ANE090,500,29.26146,KEMET,CAP TANT SMD POLYMER
T522V157M006ATE040,1,29.27,KEMET,CAP TANT POLY 150UF 6.3V 2917
T523J227M016APE0707706,60,30.33183,KEMET,220.UF 16.0V
T521D107M025AHE0407706,60,29.3635,KEMET,100.UF 25.0V
T520X108M003AHE0157706,60,29.37033,KEMET,1000UF  3.0V
T521V685M050AHE0707706,60,30.416,KEMET,6.80UF 50.0V
T530Y337M006ATE010,500,29.48474,KEMET,CAP TANT SMD POLYMER
T598D337M006AHS0407706,60,30.65133,KEMET,330.UF  6.0V
T598V227M006AHS0457706,60,30.65267,KEMET,220.UF  6.0V
T530D687M003AHE0107824,500,30.6554,KEMET,680.UF  3.0V
T530X477M006AHE0108000,500,30.71478,KEMET,470.UF  6.0V
T530X477M006AHE0102678,500,30.71478,KEMET,470.UF  6.0V
T530X687M004AHE0102678,500,30.71478,KEMET,680.UF  4.0V
T528I476M006ATE200,1,32.35,KEMET,CAP TANT POLY 47UF 6.3V 1206
T528I686M004ATE200,1,32.35,KEMET,CAP TANT POLY 68UF 4V 1206
T521D475M075AHE0757280,2000,32.38244,KEMET,CAP TANT POLY 4.7UF 75V 2917
T523H107M035AP43827706,60,33.41717,KEMET,100.UF 35.0V
T523H107M035APE0707706,60,33.41717,KEMET,100.UF 35.0V
T521D186M050ATE0907706,60,29.8335,KEMET,18.0UF 50.0V
T598D157M010AHS0457706,60,30.87667,KEMET,150.UF 10.0V
T530X687M2R5AHE006,500,29.84612,KEMET,CAP TANT SMD POLYMER
T598D337M006AHW025,500,30.92988,KEMET,330.UF  6.0V
T530X687M006AHE018,500,29.95212,KEMET,CAP TANT SMD POLYMER
T530X108M003AHE0108000,500,30.98942,KEMET,1000UF  3.0V
T528I336M010ATE200,1,,KEMET,CAP TANT POLY 33UF 10V 1206
T530D157M010ATE0058000,500,31.1306,KEMET,150.UF 10.0V
T530D227M006ATE0058000,500,30.08858,KEMET,220.UF  6.0V
T530D337M004ATE0058000,500,31.1306,KEMET,330.UF  4.0V
T520H158M006AHE055,1000,30.10246,KEMET,CAP TANT SMD POLYMER
T521D685M063ATE0757706,60,33.78183,KEMET,6.80UF 63.0V
T530D337M006AHE0067824,500,31.18998,KEMET,330.UF  6.0V
T520X687M004ATE0358395,500,30.18052,KEMET,680.UF  4.0V
T598D337M006AHS0257706,60,31.226,KEMET,330.UF  6.0V
T523V157M016APE050,1,30.18,KEMET,CAP TANT POLY 150UF 16V 2917
T530X477M006AHE0102478,500,30.2609,KEMET,470.UF  6.0V
T520H108M006ATE0557706,60,30.26617,KEMET,1000UF  6.0V
T521D226M050ATE0907706,60,30.26617,KEMET,22.0UF 50.0V
T525D477M003ATE025,1,30.35,KEMET,CAP TANT POLY 470UF 3V 2917
T525D227M004ATE025,1,30.35,KEMET,CAP TANT POLY 220UF 4V 2917
T530X687M004AHE0102478,500,31.53838,KEMET,680.UF  4.0V
T522V157M006ATE025,1,30.51,KEMET,CAP TANT POLY 150UF 6.3V 2917
T530D567M2R5ATE0058000,500,31.62974,KEMET,560.UF  2.5V
T530X108M004ATE0067280,2000,30.61335,KEMET,CAP TANT SMD POLYMER
T520X108M2R5ATE0107706,60,30.619,KEMET,1000UF  2.5V
T520X687M004AHE0107706,60,30.648,KEMET,680.UF  4.0V
T520X158M2R5ATE0157706,60,30.73483,KEMET,1500UF  2.5V
T530D477M004AHE0067824,500,31.84348,KEMET,470.UF  4.0V
T520X477M006ATE0407280,2000,30.81707,KEMET,CAP TANT SMD POLYMER
T530X477M006AHE0062678,500,30.83514,KEMET,470.UF  6.0V
T598D157M010AHS0257706,60,31.94317,KEMET,150.UF 10.0V
T521D107M020ANE0557706,60,30.97183,KEMET,100.UF 20.0V
T528I476M006ATE150,1,33.7,KEMET,CAP TANT POLY 47UF 6.3V 1206
T528I686M004ATE150,1,33.7,KEMET,CAP TANT POLY 68UF 4V 1206
T543B107M010AHW1507280,8000,33.69534,KEMET,CAP TANT POLY 100UF 10V 1411
T543B107M010ATW1507280,8000,33.69534,KEMET,CAP TANT POLY 100UF 10V 1411
T530X108M2R5AHE006,500,31.01244,KEMET,CAP TANT SMD POLYMER
T530X108M004AHE006,500,31.01244,KEMET,CAP TANT SMD POLYMER
T530X687M004AHE006,500,31.01244,KEMET,CAP TANT SMD POLYMER
T530X687M004AHE0062678,500,32.08646,KEMET,680.UF  4.0V
T520X108M003AHE0307706,60,31.09033,KEMET,1000UF  3.0V
T523H337M016APE0707706,60,32.18417,KEMET,330.UF 16.0V
T520X157M016AHE040,500,31.11844,KEMET,CAP TANT POLY 150UF 16V 2917
T520X337M010AHE040,500,31.11844,KEMET,CAP TANT POLY 330UF 10V 2917
T521X476M035AHE070,500,31.11844,KEMET,CAP TANT POLY 47UF 35V 2917
T521X156M063AHE150,500,31.11844,KEMET,CAP TANT SMD POLYMER
T521X476M035AHE0708000,500,32.19614,KEMET,47.0UF 35.0V
T543B107M010ATW150,2000,33.8595,KEMET,CAP TANT POLY 100UF 10V 1411
T521X106M063AHE050,500,31.1712,KEMET,CAP TANT SMD POLYMER
T598V107M010AHS0257706,60,32.3025,KEMET,100.UF 10.0V
T528I336M010ATE150,1,,KEMET,CAP TANT POLY 33UF 10V 1206
T521D226M050AHE0907706,60,31.37983,KEMET,22.0UF 50.0V
T530X687M006AHE0102478,500,32.49714,KEMET,680.UF  6.0V
T530X687M004AHE0062478,500,32.49714,KEMET,680.UF  4.0V
T530X477M006AHE0062478,500,32.49714,KEMET,470.UF  6.0V
T520X158M2R5AHE0257706,60,31.47083,KEMET,1500UF  2.5V
T521D226M035ANE0407706,60,31.475,KEMET,22.0UF 35.0V
T530Y687M004ATE0058000,500,32.56832,KEMET,680.UF  4.0V
T530Y108M2R5ATE0057622,500,32.56832,KEMET,1000UF  2.5V
T530Y108M2R5ATE0058000,500,32.56832,KEMET,1000UF  2.5V
T530Y687M004ATE0057111,500,32.56832,KEMET,680.UF  4.0V
T530D227M010AHE0107824,500,32.6159,KEMET,220.UF 10.0V
T521X476M035AHE0308000,500,32.6159,KEMET,47.0UF 35.0V
T521X336M050ATE0507706,60,32.6235,KEMET,33.0UF 50.0V
T521X336M050ATE0757706,60,32.6235,KEMET,33.0UF 50.0V
T530Y477M004ATE0067706,60,32.632,KEMET,470.UF  4.0V
T530D337M006AHE0107706,60,32.632,KEMET,330.UF  6.0V
T530X477M006ATE0107622,500,31.54366,KEMET,470.UF  6.0V
T521X156M063AHE035,500,31.64736,KEMET,CAP TANT SMD POLYMER
T520X337M010AHE025,500,31.64736,KEMET,CAP TANT SMD POLYMER
T520X477M006AHE035,500,31.64736,KEMET,CAP TANT SMD POLYMER
T528M227M004ATE200,1,34.41,KEMET,CAP TANT POLY 220UF 4V 1411
T523H227M025APE0707706,60,35.60833,KEMET,220.UF 25.0V
T521V106M050ATE0907706,60,32.85867,KEMET,10.0UF 50.0V
T521X156M075AHE0357280,2000,34.64905,KEMET,CAP TANT POLY 15UF 75V 2917
T530X687M004AHE005,500,32.06994,KEMET,CAP TANT SMD POLYMER
T530X477M006AHE005,500,32.06994,KEMET,CAP TANT SMD POLYMER
T530X108M2R5AHE005,500,32.06994,KEMET,CAP TANT SMD POLYMER
T520Y108M2R5ATE015,1,32.09,KEMET,CAP TANT POLY 1000UF 2.5V 2917
T530X477M006ATE0102478,500,33.2302,KEMET,470.UF  6.0V
T520H158M006ATE060,1000,33.32877,KEMET,1500UF  6.0V
T530D157M010AH4753,46,33.35848,KEMET,150.UF 10.0V
T523V107M025APE070,1,32.33,KEMET,CAP TANT POLY 100UF 25V 2917
T598D477M2R5AHE0067706,60,33.53317,KEMET,470.UF  2.5V
T523H108M010APE0707706,60,33.7015,KEMET,1000UF 10.0V
T523H157M025APE0707706,60,33.7015,KEMET,150.UF 25.0V
T530X158M003ATE0087280,2000,32.57528,KEMET,CAP TANT SMD POLYMER
T520V156M025ATE090,1,32.58,KEMET,CAP TANT POLY 15UF 25V 2917
T520V226M020ATE090,1,32.58,KEMET,CAP TANT POLY 22UF 20V 2917
T521X226M063ATE0757280,2000,35.43784,KEMET,CAP TANT POLY 22UF 63V 2917
T530X108M004ATE010,500,33.78634,KEMET,1000UF  4.0V
T530X687M004ATE0107622,500,33.78634,KEMET,680.UF  4.0V
T530X687M006ATE0187652,500,33.78634,KEMET,680.UF  6.0V
T530X337M010ATE0108000,500,33.78634,KEMET,330.UF 10.0V
T530X337M010ATE0102678,500,32.65542,KEMET,330.UF 10.0V
T530X337M010ATE0107622,500,33.78634,KEMET,330.UF 10.0V
T530X337M010AH4753,500,33.78634,KEMET,330.UF 10.0V
T530X337M010AH4092,500,33.78634,KEMET,330.UF 10.0V
T530X337M010AHE0107919,500,33.78634,KEMET,330.UF 10.0V
T530X337M010AHE0102678,500,33.78634,KEMET,330.UF 10.0V
T530X337M010AH4177,500,33.81936,KEMET,330.UF 10.0V
T530X477M006ATE0062678,500,32.69212,KEMET,470.UF  6.0V
T520X477M006AHE010,500,32.7032,KEMET,CAP TANT SMD POLYMER
T520X337M010AHE010,500,32.7032,KEMET,CAP TANT SMD POLYMER
T530Y687M2R5ATE0057706,60,33.94383,KEMET,680.UF  2.5V
T528M157M006ATE200,1,35.67,KEMET,CAP TANT POLY 150UF 6.3V 1411
T528M227M004ATE150,1,35.67,KEMET,CAP TANT POLY 220UF 4V 1411
T521X106M075AHE050,500,35.70646,KEMET,CAP TANT POLY 10UF 75V 2917
T530X157M016AHE040,500,32.86132,KEMET,CAP TANT SMD POLYMER
T520H158M006ATE035,1000,32.87885,KEMET,CAP TANT SMD POLYMER
T520H158M006ATE0558000,1000,32.87885,KEMET,1500UF  6.0V
T598V337M004AHS0457706,60,34.038,KEMET,330.UF  4.0V
T530X687M004AHE004,500,33.12478,KEMET,CAP TANT POLY 680UF 4V 2917
T530X108M2R5AHE004,500,33.12478,KEMET,CAP TANT SMD POLYMER
T530X687M006ATE0182478,500,34.38028,KEMET,680.UF  6.0V
T530X337M010ATE0102478,500,34.38028,KEMET,330.UF 10.0V
T530X337M010AHE0102478,500,33.22948,KEMET,330.UF 10.0V
T530X477M006ATE0062478,500,34.39962,KEMET,470.UF  6.0V
T598D227M010AHW040,500,34.44924,KEMET,220.UF 10.0V
T521O157M035ATE065,250,34.45744,KEMET,150.UF 35.0V
T520X157M016ATE0407706,60,33.35483,KEMET,150.UF 16.0V
T520X157M016ATE0557706,60,33.35483,KEMET,150.UF 16.0V
T530D477M003ATE0107706,60,34.54417,KEMET,470.UF  3.0V
T530D687M003ATE0107706,60,34.54417,KEMET,680.UF  3.0V
T530D687M2R5ATE0107706,60,34.54417,KEMET,680.UF  2.5V
T530D687M2R5ATE0077706,60,34.54417,KEMET,680.UF  2.5V
T598X336M035AHS065,500,33.39866,KEMET,CAP TANT POLY 33UF 35V 2917
T598X336M035AHS0657706,500,34.55534,KEMET,33.0UF 35.0V
T530X477M006AHE0107824,500,34.57638,KEMET,470.UF  6.0V
T530X687M004AHE0107824,500,34.57638,KEMET,680.UF  4.0V
T530X687M2R5ATE0067706,60,34.597,KEMET,680.UF  2.5V
T521X226M063ANE0757280,2000,36.50329,KEMET,CAP TANT POLY 22UF 63V 2917
T530X477M006AHE0067505,500,34.87344,KEMET,470.UF  6.0V
T530X477M006AHE0042478,500,34.87344,KEMET,470.UF  6.0V
T543B107K010AHW150,2000,36.67289,KEMET,CAP TANT POLY 100UF 10V 1411
T543B107K010ATW150,2000,36.67289,KEMET,CAP TANT POLY 100UF 10V 1411
T543B107K010AHW1507280,8000,36.67288,KEMET,CAP TANT POLY 100UF 10V 1411
T543B107K010ATW1507280,8000,36.67288,KEMET,CAP TANT POLY 100UF 10V 1411
T521X337M016ATE0157706,60,34.9635,KEMET,330.UF 16.0V
T530X108M004ATE0068000,500,34.9744,KEMET,1000UF  4.0V
T530X108M004ATE0067622,500,34.9744,KEMET,1000UF  4.0V
T530X687M006ATE0107622,500,34.9744,KEMET,680.UF  6.0V
T598V157M006AHS0257706,60,34.99917,KEMET,150.UF  6.0V
T530X477M006ATE0058000,500,35.01238,KEMET,470.UF  6.0V
T521X226M063AME0757280,2000,36.78745,KEMET,CAP TANT POLY 22UF 63V 2917
T521X156M063ATE0358395,500,35.05174,KEMET,15.0UF 63.0V
T528M157M006ATE150,1,36.93,KEMET,CAP TANT POLY 150UF 6.3V 1411
T522V227M006ATE040,1,33.99,KEMET,CAP TANT POLY 220UF 6.3V 2917
T598D477M2R5AHS0097706,60,35.21867,KEMET,470.UF  2.5V
T520X477M006ATE025,500,34.04484,KEMET,470.UF  6.0V
T520X477M006ATE0407622,500,34.04484,KEMET,470.UF  6.0V
T530Y227M010AHE0067706,60,35.37983,KEMET,220.UF 10.0V
T530Y227M010ATE0107706,60,35.387,KEMET,220.UF 10.0V
T530Y687M2R5ATE0077706,60,35.387,KEMET,680.UF  2.5V
T520H827M010ATE0707706,60,34.2025,KEMET,820.UF 10.0V
T598D227M010AHS0807706,60,35.4425,KEMET,220.UF 10.0V
T530D227M010ATE0107706,60,35.511,KEMET,220.UF 10.0V
T530X687M004ATE0062478,500,35.56852,KEMET,680.UF  4.0V
T530X337M010ATE0062478,500,35.56852,KEMET,330.UF 10.0V
T521X107M025AHE030,500,34.49256,KEMET,CAP TANT POLY 100UF 25V 2917
T530X687M004AHE0067824,500,35.76462,KEMET,680.UF  4.0V
T530X477M006AHE0067824,500,35.76462,KEMET,470.UF  6.0V
T530X157M016ATE0157280,2000,34.58699,KEMET,CAP TANT POLY 150UF 16V 2917
T520X477M006ATE0357111,500,34.61908,KEMET,470.UF  6.0V
T520X477M006ATE0358000,500,34.61908,KEMET,470.UF  6.0V
T523H477M016APE0707706,60,35.95883,KEMET,470.UF 16.0V
T530X337M010AHE005,500,34.79158,KEMET,CAP TANT SMD POLYMER
T598V337M004AHS0257706,60,36.01017,KEMET,330.UF  4.0V
T530X477M006ATE0048000,500,36.03156,KEMET,470.UF  6.0V
T598D157M016AHS0657706,60,36.07433,KEMET,150.UF 16.0V
T530X337M010AHE0052678,500,36.16264,KEMET,330.UF 10.0V
T520X477M006ATE0187622,500,36.22474,KEMET,470.UF  6.0V
T530D687M2R5ATE0067706,60,36.22967,KEMET,680.UF  2.5V
T598D477M2R5AHS0067706,60,36.291,KEMET,470.UF  2.5V
T598D226M035AHW065,500,36.3495,KEMET,22.0UF 35.0V
T522V227M006ATE025,1,35.15,KEMET,CAP TANT POLY 220UF 6.3V 2917
T525D337M006ATE040,1,35.23,KEMET,CAP TANT POLY 330UF 6.3V 2917
T598V227M006AHS0257706,60,36.51483,KEMET,220.UF  6.0V
T520X687M004ATE0357706,60,35.47183,KEMET,680.UF  4.0V
T530X108M2R5ATE0052478,500,36.75676,KEMET,1000UF  2.5V
T530X337M010AHE0107505,500,35.5264,KEMET,330.UF 10.0V
T530X477M006ATE0042478,500,36.79474,KEMET,470.UF  6.0V
T520X477M006ATE0108000,500,35.76754,KEMET,470.UF  6.0V
T520X477M006ATE0182478,500,35.76754,KEMET,470.UF  6.0V
T521X226M063AHE0757280,2000,38.91812,KEMET,CAP TANT POLY 22UF 63V 2917
T530D157M010AHE0107706,60,37.071,KEMET,150.UF 10.0V
T530Y687M2R5ATE0067706,60,37.071,KEMET,680.UF  2.5V
T530Y227M010ATE0067706,60,37.071,KEMET,220.UF 10.0V
T530X337M010AHE0048000,500,37.08154,KEMET,330.UF 10.0V
T530X337M010AHE0042678,500,37.08154,KEMET,330.UF 10.0V
T530X108M2R5ATE0048000,500,37.35086,KEMET,1000UF  2.5V
T530X337M010ATE0048000,500,37.35086,KEMET,330.UF 10.0V
T530X158M2R5ATE015,500,37.38048,KEMET,1500UF  2.5V
T530X158M003ATE0088000,500,37.38048,KEMET,1500UF  3.0V
T530X157M016ATE0408000,500,37.38048,KEMET,150.UF 16.0V
T530X157M016AT4047,500,37.38048,KEMET,150.UF 16.0V
T530X157M016ATE0407111,500,37.38048,KEMET,150.UF 16.0V
T530X157M016AT40478000,500,37.38048,KEMET,150.UF 16.0V
T530X158M2R5ATE006,500,36.12924,KEMET,1500UF  2.5V
T598D476M025AHW060,500,37.47562,KEMET,47.0UF 25.0V
T521X337M016ATE0507706,60,37.543,KEMET,330.UF 16.0V
T520X687M004ATE0157706,60,36.28633,KEMET,680.UF  4.0V
T521X226M050AHE075,500,36.32704,KEMET,CAP TANT SMD POLYMER
T521X226M050AHE050,500,36.32704,KEMET,CAP TANT SMD POLYMER
T520X477M006ATE0102478,500,36.34176,KEMET,470.UF  6.0V
T530X337M010ATE0107824,500,37.64792,KEMET,330.UF 10.0V
T530X337M010AHE0107824,500,37.64792,KEMET,330.UF 10.0V
T530X477M006ATE0067824,500,37.68592,KEMET,470.UF  6.0V
T598D336M035AHW065,500,37.7073,KEMET,33.0UF 35.0V
T520X337M010ANE010,500,36.46466,KEMET,330.UF 10.0V
T530X337M010ATE0042478,500,37.94498,KEMET,330.UF 10.0V
T530Y477M004AHE0057706,40,37.958,KEMET,470.UF  4.0V
T530Y687M004AHE0057706,40,37.958,KEMET,680.UF  4.0V
T530Y108M2R5AHE0057706,40,37.958,KEMET,1000UF  2.5V
T530X157M016ATE0402478,500,36.70348,KEMET,150.UF 16.0V
T530X158M003ATE0082478,500,37.97458,KEMET,1500UF  3.0V
T530D477M004AHE0107706,60,37.998,KEMET,470.UF  4.0V
T530D687M003AHE0107706,60,37.998,KEMET,680.UF  3.0V
T530D157M010ATE0067706,40,38.10775,KEMET,150.UF 10.0V
T530D477M2R5ATE0067706,40,38.10775,KEMET,470.UF  2.5V
T530D227M006ATE0067706,40,36.83225,KEMET,220.UF  6.0V
T530D337M004ATE0067706,40,38.10775,KEMET,330.UF  4.0V
T530D227M010ATE0067706,40,38.10775,KEMET,220.UF 10.0V
T521X227M016AHE050,500,36.85,KEMET,CAP TANT SMD POLYMER
T521X227M016AHE035,500,36.85,KEMET,CAP TANT SMD POLYMER
T521X336M050AHE050,500,36.90244,KEMET,CAP TANT SMD POLYMER
T521X156M063ATE0357706,40,41.387,KEMET,15.0UF 63.0V
T521X226M063ANE075,500,40.15424,KEMET,CAP TANT POLY 22UF 63V 2917
T528K157M006ATE200,1,40.16,KEMET,CAP TANT POLY 150UF 6.3V 1411
T530Y477M006AHE0057706,40,38.326,KEMET,470.UF  6.0V
T521X337M016ATE0257706,60,38.38583,KEMET,330.UF 16.0V
T530Y337M006ATE0107706,40,38.4265,KEMET,330.UF  6.0V
T530D227M010AHE0067706,40,38.46075,KEMET,220.UF 10.0V
T530D337M006ATE0067706,40,37.17325,KEMET,330.UF  6.0V
T521D106M050ANE0907706,40,37.17325,KEMET,10.0UF 50.0V
T521X226M063AME075,500,40.44142,KEMET,CAP TANT POLY 22UF 63V 2917
T530X158M2R5ATE0058000,500,38.5687,KEMET,1500UF  2.5V
T530X157M016ATE0257111,500,38.5687,KEMET,150.UF 16.0V
T530X157M016ATE0258000,500,38.5687,KEMET,150.UF 16.0V
T530X158M2R5ATE0057622,500,38.5687,KEMET,1500UF  2.5V
T598D156M035AHS0657706,60,38.58833,KEMET,15.0UF 35.0V
T530D157M010AHE0067706,60,38.7565,KEMET,150.UF 10.0V
T530Y477M004ATE0057706,60,38.7565,KEMET,470.UF  4.0V
T530D337M006AHE0067706,60,38.7565,KEMET,330.UF  6.0V
T530D227M006AHE0067706,60,38.7565,KEMET,220.UF  6.0V
T530D477M2R5AHE0067706,60,38.7565,KEMET,470.UF  2.5V
T530D337M004AHE0067706,60,38.7565,KEMET,330.UF  4.0V
T520X687M004ASE035,1,,KEMET,CAP TANT POLY 680UF 4V 2917
T530Y337M006AHE0107706,60,38.92483,KEMET,330.UF  6.0V
T521X106M063ANE050,500,37.63346,KEMET,CAP TANT SMD POLYMER
T530D477M004ATE0067706,40,39.02325,KEMET,470.UF  4.0V
T530X477M006AHE0107706,40,39.09175,KEMET,470.UF  6.0V
T530X687M004AHE0107706,40,39.09175,KEMET,680.UF  4.0V
T530X108M003AHE0107706,40,39.09175,KEMET,1000UF  3.0V
T530X337M010ATE0108395,500,39.13306,KEMET,330.UF 10.0V
T530X337M010AHE0108395,500,39.13306,KEMET,330.UF 10.0V
T530X337M010ATE0057505,500,37.82316,KEMET,330.UF 10.0V
T530X158M2R5ATE0052478,500,39.16282,KEMET,1500UF  2.5V
T530X157M016ATE0252478,500,39.16282,KEMET,150.UF 16.0V
T598D226M035AHS0657706,60,39.19433,KEMET,22.0UF 35.0V
T520X687M004ATE0107706,60,37.9155,KEMET,680.UF  4.0V
T521X156M063AME150,500,37.9768,KEMET,CAP TANT SMD POLYMER
T521X337M016AHE050,500,37.99864,KEMET,CAP TANT SMD POLYMER
T530X157M016AHE0157505,500,38.0127,KEMET,150.UF 16.0V
T530X687M006AHE0187706,40,39.3355,KEMET,680.UF  6.0V
T528K157M006ATE150,1,41.42,KEMET,CAP TANT POLY 150UF 6.3V 1411
T521X476M035ANE030,500,38.1551,KEMET,CAP TANT SMD POLYMER
T530X108M003ATE0107706,60,39.59933,KEMET,1000UF  3.0V
T530D477M2R5ATE0057706,40,39.62,KEMET,470.UF  2.5V
T530D337M004ATE0057758,40,39.62,KEMET,330.UF  4.0V
T530D227M006ATE0057706,40,38.29375,KEMET,220.UF  6.0V
T530D477M004AHE0067706,60,39.6835,KEMET,470.UF  4.0V
T530D687M2R5AHE0067706,60,39.6835,KEMET,680.UF  2.5V
T530X157M016ATE0157652,500,39.75694,KEMET,150.UF 16.0V
T530X157M016ATE0157622,500,39.75694,KEMET,150.UF 16.0V
T530X157M016ATE0158000,500,39.75694,KEMET,150.UF 16.0V
T530D157M010ATE0057706,40,39.806,KEMET,150.UF 10.0V
T530D337M004ATE0057706,40,39.806,KEMET,330.UF  4.0V
T521X337M016AHE025,500,38.51994,KEMET,CAP TANT SMD POLYMER
T530Y337M006ATE0067706,40,39.93875,KEMET,330.UF  6.0V
T520X687M004ASE015,1,,KEMET,CAP TANT POLY 680UF 4V 2917
T520X687M006ATE0257706,40,38.734,KEMET,680.UF  6.0V
T520X687M006ATE0187706,40,38.734,KEMET,680.UF  6.0V
T530Y108M2R5ATE0067706,40,40.08625,KEMET,1000UF  2.5V
T530X157M016AHE0157824,500,40.22032,KEMET,150.UF 16.0V
T530D567M2R5ATE0057706,40,40.25525,KEMET,560.UF  2.5V
T530X157M016ATE0152478,500,40.35106,KEMET,150.UF 16.0V
T521X337M016AHE0257545,500,40.39864,KEMET,330.UF 16.0V
T521X337M016AHE0258000,500,40.39864,KEMET,330.UF 16.0V
T530D157M010AHE0057706,60,40.442,KEMET,150.UF 10.0V
T530D227M006AHE0057706,60,40.442,KEMET,220.UF  6.0V
T530D337M004AHE0057706,60,40.442,KEMET,330.UF  4.0V
T521X226M063AHE075,500,42.59036,KEMET,CAP TANT POLY 22UF 63V 2917
T530X108M004AHE0067706,40,40.604,KEMET,1000UF  4.0V
T530X108M2R5AHE0067706,40,40.604,KEMET,1000UF  2.5V
T530X687M006AHE0107706,40,40.604,KEMET,680.UF  6.0V
T530X477M010ATE0207706,40,40.604,KEMET,470.UF 10.0V
T530X477M006AHE0067706,40,40.604,KEMET,470.UF  6.0V
T530X687M004AHE0067706,40,40.604,KEMET,680.UF  4.0V
T530Y687M2R5AHE0067706,60,40.61033,KEMET,680.UF  2.5V
T530Y337M006AHE0067706,60,40.61033,KEMET,330.UF  6.0V
T520X477M006AHE0407706,40,40.75575,KEMET,470.UF  6.0V
T530D157M010ATE0107706,60,40.7785,KEMET,150.UF 10.0V
T530D567M2R5AHE0057706,60,40.7785,KEMET,560.UF  2.5V
T530D227M010AHE0107706,60,40.7785,KEMET,220.UF 10.0V
T530D477M2R5ATE0107706,60,40.7785,KEMET,470.UF  2.5V
T530D337M006ATE0107706,60,40.7785,KEMET,330.UF  6.0V
T530D227M010AH4753,42,40.77881,KEMET,220.UF 10.0V
T521X476M035AHE0707706,40,40.81125,KEMET,47.0UF 35.0V
T520X337M010AHE0407706,40,39.44525,KEMET,330.UF 10.0V
T521X156M075ATE0357706,40,41.038,KEMET,15.0UF 75.0V
T528Z157M006ATE012,1,43.13,KEMET,CAP TANT POLY 150UF 6.3V 2917
T530X337M010AHE0047824,500,41.21246,KEMET,330.UF 10.0V
T521X156M063ATE1507706,60,41.28483,KEMET,15.0UF 63.0V
T598D107M016AHS0507706,60,41.29767,KEMET,100.UF 16.0V
T530Y337M006ATE0057706,40,41.42525,KEMET,330.UF  6.0V
T530Y477M006ATE0057706,40,41.451,KEMET,470.UF  6.0V
T530Y687M004ATE0057706,40,41.451,KEMET,680.UF  4.0V
T530Y108M2R5ATE0057706,40,41.451,KEMET,1000UF  2.5V
T520X337M010AHE0257706,40,40.09025,KEMET,330.UF 10.0V
T520X477M006AHE0357706,40,41.51075,KEMET,470.UF  6.0V
T521X476M035AHE0307706,40,41.51075,KEMET,47.0UF 35.0V
T530X477M006ATE0107706,40,41.5365,KEMET,470.UF  6.0V
T598D106M035AHS1207706,60,41.65983,KEMET,10.0UF 35.0V
T598V106M035AHS1207706,60,41.65983,KEMET,10.0UF 35.0V
T521X106M063ATE0507706,60,40.35083,KEMET,10.0UF 63.0V
T530D477M004ATE0107706,60,41.79817,KEMET,470.UF  4.0V
T530X108M2R5AHE0057706,40,42.0135,KEMET,1000UF  2.5V
T530X687M004AHE0057706,40,42.11625,KEMET,680.UF  4.0V
T530X477M006AHE0057706,40,42.11625,KEMET,470.UF  6.0V
T528Z157M006ATE009,1,40.77,KEMET,CAP TANT POLY 150UF 6.3V 2917
T520X477M006AHE0187706,40,42.268,KEMET,470.UF  6.0V
T530X108M004ATE0107706,40,42.792,KEMET,1000UF  4.0V
T530X687M006ATE0187706,40,42.792,KEMET,680.UF  6.0V
T520X477M006AHE0107706,40,42.8135,KEMET,470.UF  6.0V
T530X477M006ATE0067706,40,42.83475,KEMET,470.UF  6.0V
T530X687M004ATE0107706,40,43.00175,KEMET,680.UF  4.0V
T530X337M010ATE0107706,40,43.00175,KEMET,330.UF 10.0V
T530X337M010AHE0107706,40,43.00175,KEMET,330.UF 10.0V
T521V226M025BH4196,1000,43.13462,KEMET,22.0UF 25.0V
T530D337M006ASE010,1,,KEMET,CAP TANT POLY 330UF 6.3V 2917
T530X158M003AHE0087706,40,43.24975,KEMET,1500UF  3.0V
T530X157M016AHE0407706,40,43.24975,KEMET,150.UF 16.0V
T530X477M006AHE0047706,40,43.344,KEMET,470.UF  6.0V
T530X108M2R5AHE0047706,40,43.62825,KEMET,1000UF  2.5V
T530X687M004AHE0047706,40,43.62825,KEMET,680.UF  4.0V
T520E188M006ATE055,500,43.96316,KEMET,1800UF  6.0V
T530D477M004ASE010,1,,KEMET,CAP TANT POLY 470UF 4V 2917
T530D687M2R5ASE010,1,,KEMET,CAP TANT POLY 680UF 2.5V 2917
T530D687M003ASE010,1,,KEMET,CAP TANT POLY 680UF 3V 2917
T530X158M2R5AHE0057706,40,44.34075,KEMET,1500UF  2.5V
T530X108M004ATE0067706,40,44.514,KEMET,1000UF  4.0V
T530X687M006ATE0107706,40,44.514,KEMET,680.UF  6.0V
T530X337M010ATE0067706,40,44.514,KEMET,330.UF 10.0V
T530X687M004ATE0067706,40,44.514,KEMET,680.UF  4.0V
T530X108M2R5ATE0067706,40,44.514,KEMET,1000UF  2.5V
T530X337M010AHE0067706,40,44.514,KEMET,330.UF 10.0V
T530X477M006ATE0057706,40,44.561,KEMET,470.UF  6.0V
T530X157M016AHE0257706,40,44.762,KEMET,150.UF 16.0V
T520X477M006ATE0407706,40,43.32975,KEMET,470.UF  6.0V
T520X477M006ATE0257706,40,44.8305,KEMET,470.UF  6.0V
T521X107M025AHE0607706,40,44.839,KEMET,100.UF 25.0V
T521X107M025AHE0307706,40,45.07,KEMET,100.UF 25.0V
T520X477M006ATE0357706,40,44.06175,KEMET,470.UF  6.0V
T520H158M006ATE0557706,40,44.21475,KEMET,1500UF  6.0V
T543D685M063ATE0757280,2500,48.07877,KEMET,CAP TANT POLY 6.8UF 63V 2917
T543D685M063AHE0757280,2500,48.07877,KEMET,CAP TANT POLY 6.8UF 63V 2917
T530X687M004ATE0057706,40,46.02625,KEMET,680.UF  4.0V
T530X337M010ATE0057706,40,46.02625,KEMET,330.UF 10.0V
T530X108M2R5ATE0057706,40,46.02625,KEMET,1000UF  2.5V
T530X337M010AHE0057706,40,46.02625,KEMET,330.UF 10.0V
T530X477M006ATE0047706,40,46.07325,KEMET,470.UF  6.0V
T530X157M016AHE0157706,40,46.27425,KEMET,150.UF 16.0V
T530X108M2R5ATE0047706,40,46.31275,KEMET,1000UF  2.5V
T520X477M006ATE0187706,40,46.34275,KEMET,470.UF  6.0V
T543B127M006ATE035,1,,KEMET,CAP TANT POLY 120UF 6.3V 1411
T530X157M016ATE0407706,40,46.79825,KEMET,150.UF 16.0V
T530X157M016AH4667,35,46.95686,KEMET,150.UF 16.0V
T520X477M006ATE0107706,40,45.52325,KEMET,470.UF  6.0V
T521X337M016AME025,500,45.89976,KEMET,CAP TANT SMD POLYMER
T520X157M016AHE0407706,40,45.91825,KEMET,150.UF 16.0V
T530X687M004ATE0047706,40,47.5385,KEMET,680.UF  4.0V
T530X337M010ATE0047706,40,47.5385,KEMET,330.UF 10.0V
T530X337M010AHE0047706,40,47.5385,KEMET,330.UF 10.0V
T530X158M2R5ATE0067706,40,47.57475,KEMET,1500UF  2.5V
T530X158M003ATE0087706,40,47.57475,KEMET,1500UF  3.0V
T530X157M016AT40477706,40,47.57475,KEMET,150.UF 16.0V
T521X226M063ATE0757706,40,51.62075,KEMET,22.0UF 63.0V
T521X336M050AHE0757706,40,48.103,KEMET,33.0UF 50.0V
T543D685K063ATE0757280,2500,50.62837,KEMET,CAP TANT POLY 6.8UF 63V 2917
T543D685K063AHE0757280,2500,50.62837,KEMET,CAP TANT POLY 6.8UF 63V 2917
T521X226M050AHE0507706,40,48.24,KEMET,22.0UF 50.0V
T521X226M050AHE0757706,40,48.24,KEMET,22.0UF 50.0V
T520X477M006ASE035,1,,KEMET,CAP TANT POLY 470UF 6.3V 2917
T520X337M010ASE025,1,,KEMET,CAP TANT POLY 330UF 10V 2917
T521X227M016AHE0357706,40,48.99725,KEMET,220.UF 16.0V
T521X227M016AHE0507706,40,48.99725,KEMET,220.UF 16.0V
T520X337M010ANE0157706,40,47.37975,KEMET,330.UF 10.0V
T521X336M050AHE0507706,40,49.072,KEMET,33.0UF 50.0V
T530X158M2R5ATE0057706,40,49.087,KEMET,1500UF  2.5V
T530X157M016ATE0257706,40,49.087,KEMET,150.UF 16.0V
T543D685M063ATE075,500,51.74616,KEMET,CAP TANT POLY 6.8UF 63V 2917
T543D685M063AHE075,500,51.74616,KEMET,CAP TANT POLY 6.8UF 63V 2917
T521X476M035ANE0307706,40,49.67725,KEMET,47.0UF 35.0V
T520X108M003ATE030,1,52.56,KEMET,CAP TANT POLY 1000UF 3V 2917
T521X337M016AHE0257706,40,50.135,KEMET,330.UF 16.0V
T520X337M010AHE0107706,40,48.4735,KEMET,330.UF 10.0V
T530X158M003ASE008,1,,KEMET,CAP TANT POLY 1500UF 3V 2917
T530X157M016ATE0157706,40,50.59925,KEMET,150.UF 16.0V
T543X107K025ATE060,1,,KEMET,CAP TANT POLY 100UF 25V 2917
T521X337M016AHE0507706,40,50.65925,KEMET,330.UF 16.0V
T543D685M063ATS0757280,2500,53.22178,KEMET,CAP TANT POLY 6.8UF 63V 2917
T543D685M063AHS0757280,2500,53.22178,KEMET,CAP TANT POLY 6.8UF 63V 2917
T530X108M003ASE010,1,,KEMET,CAP TANT POLY 1000UF 3V 2917
T530X687M004ASE010,1,,KEMET,CAP TANT POLY 680UF 4V 2917
T530X477M006ASE010,1,,KEMET,CAP TANT POLY 470UF 6.3V 2917
T530X337M010ASE010,1,,KEMET,CAP TANT POLY 330UF 10V 2917
B76304E6879M018,1,49.2,KEMET,CAP TANT POLY 680UF 4V 2917
T520X108M003ATE015,1,49.45,KEMET,CAP TANT POLY 1000UF 3V 2917
T521X477M016ATK0207706,40,51.43975,KEMET,470.UF 16.0V
T520H158M006AME0557706,40,49.8835,KEMET,1500UF  6.0V
T543D685K063ATE075,500,54.27358,KEMET,CAP TANT POLY 6.8UF 63V 2917
T543D685K063AHE075,500,54.27358,KEMET,CAP TANT POLY 6.8UF 63V 2917
T521X477M016ATE0207706,40,52.1735,KEMET,470.UF 16.0V
T540B107M003AH85107280,8000,55.03572,KEMET,CAP TANT POLY 100UF 3V 1411
T540B157M003AH85107280,8000,55.03572,KEMET,CAP TANT POLY 150UF 3V 1411
T540B686M004AH85107280,8000,55.03572,KEMET,CAP TANT POLY 68UF 4V 1411
T540B107M004AH85107280,8000,55.03572,KEMET,CAP TANT POLY 100UF 4V 1411
T540B336M006AH85107280,8000,55.03572,KEMET,CAP TANT POLY 33UF 6.3V 1411
T540B476M006AH85107280,8000,55.03572,KEMET,CAP TANT POLY 47UF 6.3V 1411
T540B686M006AH85107280,8000,55.03572,KEMET,CAP TANT POLY 68UF 6.3V 1411
T540B226M010AH85107280,8000,55.03572,KEMET,CAP TANT POLY 22UF 10V 1411
T540B336M010AH85107280,8000,55.03572,KEMET,CAP TANT POLY 33UF 10V 1411
T540B107M003AH85107610,3600,55.03572,KEMET,CAP TANT POLY 100UF 3V 1411
T540B157M003AH85107610,3600,55.03572,KEMET,CAP TANT POLY 150UF 3V 1411
T540B686M004AH85107610,3600,55.03572,KEMET,CAP TANT POLY 68UF 4V 1411
T540B107M004AH85107610,3600,55.03572,KEMET,CAP TANT POLY 100UF 4V 1411
T540B336M006AH85107610,3600,55.03572,KEMET,CAP TANT POLY 33UF 6.3V 1411
T540B476M006AH85107610,3600,55.03572,KEMET,CAP TANT POLY 47UF 6.3V 1411
T540B686M006AH85107610,3600,55.03572,KEMET,CAP TANT POLY 68UF 6.3V 1411
T540B226M010AH85107610,3600,55.03572,KEMET,CAP TANT POLY 22UF 10V 1411
T540B336M010AH85107610,3600,55.03572,KEMET,CAP TANT POLY 33UF 10V 1411
T520X477M006ASE040,1,,KEMET,CAP TANT POLY 470UF 6.3V 2917
T520X337M010ASE040,1,,KEMET,CAP TANT POLY 330UF 10V 2917
B76306E4779M020,1,51.19,KEMET,CAP TANT POLY 470UF 6.3V 2917
T543D685K063ATS0757280,2500,55.84778,KEMET,CAP TANT POLY 6.8UF 63V 2917
T543D685K063AHS0757280,2500,55.84778,KEMET,CAP TANT POLY 6.8UF 63V 2917
T543V337M2R5ATE025,1,,KEMET,CAP TANT POLY 330UF 2.5V 2917
T521X477M016ATI0207706,40,53.68375,KEMET,470.UF 16.0V
T543D685M063ATS075,500,56.83568,KEMET,CAP TANT POLY 6.8UF 63V 2917
T543D685M063AHS075,500,56.83568,KEMET,CAP TANT POLY 6.8UF 63V 2917
T543X226M063ATE0757280,2000,57.12371,KEMET,CAP TANT POLY 22UF 63V 2917
T543X226M063AHE0757280,2000,57.12371,KEMET,CAP TANT POLY 22UF 63V 2917
B76306E4779M018,1,52.59,KEMET,CAP TANT POLY 470UF 6.3V 2917
T540B336M010AH6510,2000,53.10846,KEMET,33.0UF 10.0V
T540B107M003AH6510,2000,53.10846,KEMET,CAP TANT SMD POLYMER HI-REL
T540B226M010AH6510,2000,53.10846,KEMET,CAP TANT SMD POLYMER HI-REL
T540B476M006AH6510,2000,53.10846,KEMET,CAP TANT SMD POLYMER HI-REL
T540B336M006AH6510,2000,53.10846,KEMET,CAP TANT SMD POLYMER HI-REL
T540B686M006AH6510,2000,53.10846,KEMET,CAP TANT SMD POLYMER HI-REL
T540B107M004AH6510,2000,53.10846,KEMET,CAP TANT SMD POLYMER HI-REL
T543D685M063ATW0757280,2500,58.50071,KEMET,CAP TANT POLY 6.8UF 63V 2917
T543D685M063AHW0757280,2500,58.50071,KEMET,CAP TANT POLY 6.8UF 63V 2917
T540B107M003BH85107280,8000,59.41611,KEMET,CAP TANT POLY 100UF 3V 1411
T540B157M003BH85107280,8000,59.41611,KEMET,CAP TANT POLY 150UF 3V 1411
T540B686M004BH85107280,8000,59.41611,KEMET,CAP TANT POLY 68UF 4V 1411
T540B107M004BH85107280,8000,59.41611,KEMET,CAP TANT POLY 100UF 4V 1411
T540B336M006BH85107280,8000,59.41611,KEMET,CAP TANT POLY 33UF 6.3V 1411
T540B476M006BH85107280,8000,59.41611,KEMET,CAP TANT POLY 47UF 6.3V 1411
T540B686M006BH85107280,8000,59.41611,KEMET,CAP TANT POLY 68UF 6.3V 1411
T540B226M010BH85107280,8000,59.41611,KEMET,CAP TANT POLY 22UF 10V 1411
T540B336M010BH85107280,8000,59.41611,KEMET,CAP TANT POLY 33UF 10V 1411
T540B107M003BH85107610,3600,59.41611,KEMET,CAP TANT POLY 100UF 3V 1411
T540B157M003BH85107610,3600,59.41611,KEMET,CAP TANT POLY 150UF 3V 1411
T540B686M004BH85107610,3600,59.41611,KEMET,CAP TANT POLY 68UF 4V 1411
T540B107M004BH85107610,3600,59.41611,KEMET,CAP TANT POLY 100UF 4V 1411
T540B336M006BH85107610,3600,59.41611,KEMET,CAP TANT POLY 33UF 6.3V 1411
T540B476M006BH85107610,3600,59.41611,KEMET,CAP TANT POLY 47UF 6.3V 1411
T540B686M006BH85107610,3600,59.41611,KEMET,CAP TANT POLY 68UF 6.3V 1411
T540B226M010BH85107610,3600,59.41611,KEMET,CAP TANT POLY 22UF 10V 1411
T540B336M010BH85107610,3600,59.41611,KEMET,CAP TANT POLY 33UF 10V 1411
T543D685K063ATS075,500,59.4224,KEMET,CAP TANT POLY 6.8UF 63V 2917
T543D685K063AHS075,500,59.4224,KEMET,CAP TANT POLY 6.8UF 63V 2917
T543X226K063AHE0757280,2000,59.9193,KEMET,CAP TANT POLY 22UF 63V 2917
T530X477M006AT4166,500,57.9446,KEMET,470.UF  6.0V
T543D685K063ATW0757280,2500,61.17388,KEMET,CAP TANT POLY 6.8UF 63V 2917
T543D685K063AHW0757280,2500,61.17388,KEMET,CAP TANT POLY 6.8UF 63V 2917
T540B107K003AH85107280,8000,61.55015,KEMET,CAP TANT POLY 100UF 3V 1411
T540B157K003AH85107280,8000,61.55015,KEMET,CAP TANT POLY 150UF 3V 1411
T540B686K004AH85107280,8000,61.55015,KEMET,CAP TANT POLY 68UF 4V 1411
T540B107K004AH85107280,8000,61.55015,KEMET,CAP TANT POLY 100UF 4V 1411
T540B336K006AH85107280,8000,61.55015,KEMET,CAP TANT POLY 33UF 6.3V 1411
T540B476K006AH85107280,8000,61.55015,KEMET,CAP TANT POLY 47UF 6.3V 1411
T540B686K006AH85107280,8000,61.55015,KEMET,CAP TANT POLY 68UF 6.3V 1411
T540B226K010AH85107280,8000,61.55015,KEMET,CAP TANT POLY 22UF 10V 1411
T540B336K010AH85107280,8000,61.55015,KEMET,CAP TANT POLY 33UF 10V 1411
T540B107K003AH85107610,3600,61.55015,KEMET,CAP TANT POLY 100UF 3V 1411
T540B157K003AH85107610,3600,61.55015,KEMET,CAP TANT POLY 150UF 3V 1411
T540B686K004AH85107610,3600,61.55015,KEMET,CAP TANT POLY 68UF 4V 1411
T540B107K004AH85107610,3600,61.55015,KEMET,CAP TANT POLY 100UF 4V 1411
T540B336K006AH85107610,3600,61.55015,KEMET,CAP TANT POLY 33UF 6.3V 1411
T540B476K006AH85107610,3600,61.55015,KEMET,CAP TANT POLY 47UF 6.3V 1411
T540B686K006AH85107610,3600,61.55015,KEMET,CAP TANT POLY 68UF 6.3V 1411
T540B226K010AH85107610,3600,61.55015,KEMET,CAP TANT POLY 22UF 10V 1411
T540B336K010AH85107610,3600,61.55015,KEMET,CAP TANT POLY 33UF 10V 1411
T543D685M063ATW075,500,62.02764,KEMET,CAP TANT POLY 6.8UF 63V 2917
T543D685M063AHW075,500,62.02764,KEMET,CAP TANT POLY 6.8UF 63V 2917
T530X337M010AT4166,500,64.03984,KEMET,330.UF 10.0V
T543X226M063ATS0757280,2000,62.71714,KEMET,CAP TANT POLY 22UF 63V 2917
T543X226M063AHS0757280,2000,62.71714,KEMET,CAP TANT POLY 22UF 63V 2917
T521X227M016ANE0357706,40,59.7325,KEMET,220.UF 16.0V
T520X337M010ANE0107706,40,59.03775,KEMET,330.UF 10.0V
T540B107M003CH85107280,8000,64.24578,KEMET,CAP TANT POLY 100UF 3V 1411
T540B157M003CH85107280,8000,64.24578,KEMET,CAP TANT POLY 150UF 3V 1411
T540B686M004CH85107280,8000,64.24578,KEMET,CAP TANT POLY 68UF 4V 1411
T540B107M004CH85107280,8000,64.24578,KEMET,CAP TANT POLY 100UF 4V 1411
T540B336M006CH85107280,8000,64.24578,KEMET,CAP TANT POLY 33UF 6.3V 1411
T540B476M006CH85107280,8000,64.24578,KEMET,CAP TANT POLY 47UF 6.3V 1411
T540B686M006CH85107280,8000,64.24578,KEMET,CAP TANT POLY 68UF 6.3V 1411
T540B226M010CH85107280,8000,64.24578,KEMET,CAP TANT POLY 22UF 10V 1411
T540B336M010CH85107280,8000,64.24578,KEMET,CAP TANT POLY 33UF 10V 1411
T540B107M003CH85107610,3600,64.24578,KEMET,CAP TANT POLY 100UF 3V 1411
T540B157M003CH85107610,3600,64.24578,KEMET,CAP TANT POLY 150UF 3V 1411
T540B686M004CH85107610,3600,64.24578,KEMET,CAP TANT POLY 68UF 4V 1411
T540B107M004CH85107610,3600,64.24578,KEMET,CAP TANT POLY 100UF 4V 1411
T540B336M006CH85107610,3600,64.24578,KEMET,CAP TANT POLY 33UF 6.3V 1411
T540B476M006CH85107610,3600,64.24578,KEMET,CAP TANT POLY 47UF 6.3V 1411
T540B686M006CH85107610,3600,64.24578,KEMET,CAP TANT POLY 68UF 6.3V 1411
T540B226M010CH85107610,3600,64.24578,KEMET,CAP TANT POLY 22UF 10V 1411
T540B336M010CH85107610,3600,64.24578,KEMET,CAP TANT POLY 33UF 10V 1411
T540D227K010AH85057280,2500,64.3581,KEMET,CAP TANT POLY 220UF 10V 2917
T543D685K063ATW075,500,64.6451,KEMET,CAP TANT POLY 6.8UF 63V 2917
T543D685K063AHW075,500,64.6451,KEMET,CAP TANT POLY 6.8UF 63V 2917
T543X226K063AHS0757280,1,,KEMET,CAP TANT POLY 22UF 63V 2917
T543X226K063ATS0757280,2000,65.51497,KEMET,CAP TANT POLY 22UF 63V 2917
T540B686K006AH6510,2000,60.6022,KEMET,CAP TANT SMD POLYMER HI-REL
T540B336K010AH6510,2000,60.6022,KEMET,CAP TANT SMD POLYMER HI-REL
T540B107K004AH6510,2000,60.6022,KEMET,CAP TANT SMD POLYMER HI-REL
T543X226M063AHS075,500,66.15302,KEMET,CAP TANT POLY 22UF 63V 2917
T540B107M003AH86107280,8000,66.2675,KEMET,CAP TANT POLY 100UF 3V 1411
T540B157M003AH86107280,8000,66.2675,KEMET,CAP TANT POLY 150UF 3V 1411
T540B686M004AH86107280,8000,66.2675,KEMET,CAP TANT POLY 68UF 4V 1411
T540B107M004AH86107280,8000,66.2675,KEMET,CAP TANT POLY 100UF 4V 1411
T540B336M006AH86107280,8000,66.2675,KEMET,CAP TANT POLY 33UF 6.3V 1411
T540B476M006AH86107280,8000,66.2675,KEMET,CAP TANT POLY 47UF 6.3V 1411
T540B686M006AH86107280,8000,66.2675,KEMET,CAP TANT POLY 68UF 6.3V 1411
T540B226M010AH86107280,8000,66.2675,KEMET,CAP TANT POLY 22UF 10V 1411
T540B336M010AH86107280,8000,66.2675,KEMET,CAP TANT POLY 33UF 10V 1411
T540B107M003AH86107610,3600,66.2675,KEMET,CAP TANT POLY 100UF 3V 1411
T540B157M003AH86107610,3600,66.2675,KEMET,CAP TANT POLY 150UF 3V 1411
T540B686M004AH86107610,3600,66.2675,KEMET,CAP TANT POLY 68UF 4V 1411
T540B107M004AH86107610,3600,66.2675,KEMET,CAP TANT POLY 100UF 4V 1411
T540B336M006AH86107610,3600,66.2675,KEMET,CAP TANT POLY 33UF 6.3V 1411
T540B476M006AH86107610,3600,66.2675,KEMET,CAP TANT POLY 47UF 6.3V 1411
T540B686M006AH86107610,3600,66.2675,KEMET,CAP TANT POLY 68UF 6.3V 1411
T540B226M010AH86107610,3600,66.2675,KEMET,CAP TANT POLY 22UF 10V 1411
T540B336M010AH86107610,3600,66.2675,KEMET,CAP TANT POLY 33UF 10V 1411
T540B107K003BH85107280,8000,66.60445,KEMET,CAP TANT POLY 100UF 3V 1411
T540B157K003BH85107280,8000,66.60445,KEMET,CAP TANT POLY 150UF 3V 1411
T540B686K004BH85107280,8000,66.60445,KEMET,CAP TANT POLY 68UF 4V 1411
T540B107K004BH85107280,8000,66.60445,KEMET,CAP TANT POLY 100UF 4V 1411
T540B336K006BH85107280,8000,66.60445,KEMET,CAP TANT POLY 33UF 6.3V 1411
T540B476K006BH85107280,8000,66.60445,KEMET,CAP TANT POLY 47UF 6.3V 1411
T540B686K006BH85107280,8000,66.60445,KEMET,CAP TANT POLY 68UF 6.3V 1411
T540B226K010BH85107280,8000,66.60445,KEMET,CAP TANT POLY 22UF 10V 1411
T540B336K010BH85107280,8000,66.60445,KEMET,CAP TANT POLY 33UF 10V 1411
T540B107K003BH85107610,3600,66.60445,KEMET,CAP TANT POLY 100UF 3V 1411
T540B157K003BH85107610,3600,66.60445,KEMET,CAP TANT POLY 150UF 3V 1411
T540B686K004BH85107610,3600,66.60445,KEMET,CAP TANT POLY 68UF 4V 1411
T540B107K004BH85107610,3600,66.60445,KEMET,CAP TANT POLY 100UF 4V 1411
T540B336K006BH85107610,3600,66.60445,KEMET,CAP TANT POLY 33UF 6.3V 1411
T540B476K006BH85107610,3600,66.60445,KEMET,CAP TANT POLY 47UF 6.3V 1411
T540B686K006BH85107610,3600,66.60445,KEMET,CAP TANT POLY 68UF 6.3V 1411
T540B226K010BH85107610,3600,66.60445,KEMET,CAP TANT POLY 22UF 10V 1411
T540B336K010BH85107610,3600,66.60445,KEMET,CAP TANT POLY 33UF 10V 1411
T540B107M003AH8510WAFL,120,66.89875,KEMET,CAP TANT POLY 100UF 3V 1411
T540B157M003AH8510WAFL,120,66.89875,KEMET,CAP TANT POLY 150UF 3V 1411
T540B686M004AH8510WAFL,120,66.89875,KEMET,CAP TANT POLY 68UF 4V 1411
T540B107M004AH8510WAFL,120,66.89875,KEMET,CAP TANT POLY 100UF 4V 1411
T540B336M006AH8510WAFL,120,66.89875,KEMET,CAP TANT POLY 33UF 6.3V 1411
T540B476M006AH8510WAFL,120,66.89875,KEMET,CAP TANT POLY 47UF 6.3V 1411
T540B686M006AH8510WAFL,120,66.89875,KEMET,CAP TANT POLY 68UF 6.3V 1411
T540B226M010AH8510WAFL,120,66.89875,KEMET,CAP TANT POLY 22UF 10V 1411
T540B336M010AH8510WAFL,120,66.89875,KEMET,CAP TANT POLY 33UF 10V 1411
T540D337M2R5AH85057280,2500,67.16604,KEMET,CAP TANT POLY 330UF 2.5V 2917
T540D477M2R5AH85057280,2500,67.16604,KEMET,CAP TANT POLY 470UF 2.5V 2917
T540D687M2R5AH85057280,2500,67.16604,KEMET,CAP TANT POLY 680UF 2.5V 2917
T540D337M003AH85057280,2500,67.16604,KEMET,CAP TANT POLY 330UF 3V 2917
T540D477M003AH85057280,2500,67.16604,KEMET,CAP TANT POLY 470UF 3V 2917
T540D687M003AH85057280,2500,67.16604,KEMET,CAP TANT POLY 680UF 3V 2917
T540D227M004AH85057280,2500,67.16604,KEMET,CAP TANT POLY 220UF 4V 2917
T540D337M004AH85057280,2500,67.16604,KEMET,CAP TANT POLY 330UF 4V 2917
T540D477M004AH85107280,2500,67.16604,KEMET,CAP TANT POLY 470UF 4V 2917
T540D157M006AH85057280,2500,67.16604,KEMET,CAP TANT POLY 150UF 6.3V 2917
T540D227M006AH85057280,2500,67.16604,KEMET,CAP TANT POLY 220UF 6.3V 2917
T540D337M006AH85107280,2500,67.16604,KEMET,CAP TANT POLY 330UF 6.3V 2917
T540D107M010AH85107280,2500,67.16604,KEMET,CAP TANT POLY 100UF 10V 2917
T540D157M010AH85107280,2500,67.16604,KEMET,CAP TANT POLY 150UF 10V 2917
T540D227M010AH85057280,2500,67.16604,KEMET,CAP TANT POLY 220UF 10V 2917
T540D476M016AH85107280,2500,67.16604,KEMET,CAP TANT POLY 47UF 16V 2917
T540D686M016AH85107280,2500,67.16604,KEMET,CAP TANT POLY 68UF 16V 2917
T540D107M016AH85057280,2500,67.16604,KEMET,CAP TANT POLY 100UF 16V 2917
B76306E6879M018,1,62.77,KEMET,CAP TANT POLY 680UF 6.3V 2917
T543X226M063ATW0757280,2000,68.31393,KEMET,CAP TANT POLY 22UF 63V 2917
T543X226M063AHW0757280,2000,68.31393,KEMET,CAP TANT POLY 22UF 63V 2917
T540D337M2R5AH85057610,750,68.58777,KEMET,CAP TANT POLY 330UF 2.5V 2917
T540D477M2R5AH85057610,750,68.58777,KEMET,CAP TANT POLY 470UF 2.5V 2917
T540D687M2R5AH85057610,750,68.58777,KEMET,CAP TANT POLY 680UF 2.5V 2917
T540D337M003AH85057610,750,68.58777,KEMET,CAP TANT POLY 330UF 3V 2917
T540D477M003AH85057610,750,68.58777,KEMET,CAP TANT POLY 470UF 3V 2917
T540D687M003AH85057610,750,68.58777,KEMET,CAP TANT POLY 680UF 3V 2917
T540D227M004AH85057610,750,68.58777,KEMET,CAP TANT POLY 220UF 4V 2917
T540D337M004AH85057610,750,68.58777,KEMET,CAP TANT POLY 330UF 4V 2917
T540D477M004AH85107610,750,68.58777,KEMET,CAP TANT POLY 470UF 4V 2917
T540D157M006AH85057610,750,68.58777,KEMET,CAP TANT POLY 150UF 6.3V 2917
T540D227M006AH85057610,750,68.58777,KEMET,CAP TANT POLY 220UF 6.3V 2917
T540D337M006AH85107610,750,68.58777,KEMET,CAP TANT POLY 330UF 6.3V 2917
T543X226K063ATS075,500,68.88136,KEMET,CAP TANT POLY 22UF 63V 2917
T540B686M006CH6510,2000,63.65677,KEMET,CAP TANT SMD POLYMER HI-REL
T540B107M004CH6510,2000,63.65677,KEMET,CAP TANT SMD POLYMER HI-REL
T540B336M010CH6510,2000,63.65677,KEMET,CAP TANT SMD POLYMER HI-REL
T540B107M003DH8510,2000,69.52472,KEMET,CAP TANT POLY 100UF 3V 1411
T540B157M003DH8510,2000,69.52472,KEMET,CAP TANT POLY 150UF 3V 1411
T540B686M004DH8510,2000,69.52472,KEMET,CAP TANT POLY 68UF 4V 1411
T540B107M004DH8510,2000,69.52472,KEMET,CAP TANT POLY 100UF 4V 1411
T540B336M006DH8510,2000,69.52472,KEMET,CAP TANT POLY 33UF 6.3V 1411
T540B476M006DH8510,2000,69.52472,KEMET,CAP TANT POLY 47UF 6.3V 1411
T540B686M006DH8510,2000,69.52472,KEMET,CAP TANT POLY 68UF 6.3V 1411
T540B226M010DH8510,2000,69.52472,KEMET,CAP TANT POLY 22UF 10V 1411
T540B336M010DH8510,2000,69.52472,KEMET,CAP TANT POLY 33UF 10V 1411
T540B107M003DH85107280,8000,69.52471,KEMET,CAP TANT POLY 100UF 3V 1411
T540B157M003DH85107280,8000,69.52471,KEMET,CAP TANT POLY 150UF 3V 1411
T540B686M004DH85107280,8000,69.52471,KEMET,CAP TANT POLY 68UF 4V 1411
T540B107M004DH85107280,8000,69.52471,KEMET,CAP TANT POLY 100UF 4V 1411
T540B336M006DH85107280,8000,69.52471,KEMET,CAP TANT POLY 33UF 6.3V 1411
T540B476M006DH85107280,8000,69.52471,KEMET,CAP TANT POLY 47UF 6.3V 1411
T540B686M006DH85107280,8000,69.52471,KEMET,CAP TANT POLY 68UF 6.3V 1411
T540B226M010DH85107280,8000,69.52471,KEMET,CAP TANT POLY 22UF 10V 1411
T540B336M010DH85107280,8000,69.52471,KEMET,CAP TANT POLY 33UF 10V 1411
T540B107M003DH85107610,3600,69.52471,KEMET,CAP TANT POLY 100UF 3V 1411
T540B157M003DH85107610,3600,69.52471,KEMET,CAP TANT POLY 150UF 3V 1411
T540B686M004DH85107610,3600,69.52471,KEMET,CAP TANT POLY 68UF 4V 1411
T540B107M004DH85107610,3600,69.52471,KEMET,CAP TANT POLY 100UF 4V 1411
T540B336M006DH85107610,3600,69.52471,KEMET,CAP TANT POLY 33UF 6.3V 1411
T540B476M006DH85107610,3600,69.52471,KEMET,CAP TANT POLY 47UF 6.3V 1411
T540B686M006DH85107610,3600,69.52471,KEMET,CAP TANT POLY 68UF 6.3V 1411
T540B226M010DH85107610,3600,69.52471,KEMET,CAP TANT POLY 22UF 10V 1411
T540B336M010DH85107610,3600,69.52471,KEMET,CAP TANT POLY 33UF 10V 1411
T521O477M016APE0707280,2000,69.80551,KEMET,CAP TANT POLY 470UF 16V 2924
T543X226K063AHS075,1,,KEMET,CAP TANT POLY 22UF 63V 2917
T540B107M003BH86107280,8000,70.64789,KEMET,CAP TANT POLY 100UF 3V 1411
T540B157M003BH86107280,8000,70.64789,KEMET,CAP TANT POLY 150UF 3V 1411
T540B686M004BH86107280,8000,70.64789,KEMET,CAP TANT POLY 68UF 4V 1411
T540B107M004BH86107280,8000,70.64789,KEMET,CAP TANT POLY 100UF 4V 1411
T540B336M006BH86107280,8000,70.64789,KEMET,CAP TANT POLY 33UF 6.3V 1411
T540B476M006BH86107280,8000,70.64789,KEMET,CAP TANT POLY 47UF 6.3V 1411
T540B686M006BH86107280,8000,70.64789,KEMET,CAP TANT POLY 68UF 6.3V 1411
T540B226M010BH86107280,8000,70.64789,KEMET,CAP TANT POLY 22UF 10V 1411
T540B336M010BH86107280,8000,70.64789,KEMET,CAP TANT POLY 33UF 10V 1411
T540B107M003BH86107610,3600,70.64789,KEMET,CAP TANT POLY 100UF 3V 1411
T540B157M003BH86107610,3600,70.64789,KEMET,CAP TANT POLY 150UF 3V 1411
T540B686M004BH86107610,3600,70.64789,KEMET,CAP TANT POLY 68UF 4V 1411
T540B107M004BH86107610,3600,70.64789,KEMET,CAP TANT POLY 100UF 4V 1411
T540B336M006BH86107610,3600,70.64789,KEMET,CAP TANT POLY 33UF 6.3V 1411
T540B476M006BH86107610,3600,70.64789,KEMET,CAP TANT POLY 47UF 6.3V 1411
T540B686M006BH86107610,3600,70.64789,KEMET,CAP TANT POLY 68UF 6.3V 1411
T540B226M010BH86107610,3600,70.64789,KEMET,CAP TANT POLY 22UF 10V 1411
T540B336M010BH86107610,3600,70.64789,KEMET,CAP TANT POLY 33UF 10V 1411
T540B107M003AH8510,2000,71.11199,KEMET,CAP TANT POLY 100UF 3V 1411
T540B157M003AH8510,2000,71.11199,KEMET,CAP TANT POLY 150UF 3V 1411
T540B686M004AH8510,2000,71.11199,KEMET,CAP TANT POLY 68UF 4V 1411
T540B107M004AH8510,2000,71.11199,KEMET,CAP TANT POLY 100UF 4V 1411
T540B336M006AH8510,2000,71.11199,KEMET,CAP TANT POLY 33UF 6.3V 1411
T540B476M006AH8510,2000,71.11199,KEMET,CAP TANT POLY 47UF 6.3V 1411
T540B686M006AH8510,2000,71.11199,KEMET,CAP TANT POLY 68UF 6.3V 1411
T540B226M010AH8510,2000,71.11199,KEMET,CAP TANT POLY 22UF 10V 1411
T540B336M010AH8510,2000,71.11199,KEMET,CAP TANT POLY 33UF 10V 1411
T540B336M010AH6610,2000,65.4457,KEMET,CAP TANT SMD POLYMER HI-REL
T540B107M004AH6610,2000,65.4457,KEMET,CAP TANT SMD POLYMER HI-REL
T540B686M006AH6610,2000,65.4457,KEMET,CAP TANT SMD POLYMER HI-REL
T540B476M006AH6610,2000,65.4457,KEMET,CAP TANT SMD POLYMER HI-REL
T540B226M010AH6610,2000,65.4457,KEMET,CAP TANT SMD POLYMER HI-REL
T543X226K063AHW0757280,2000,71.11289,KEMET,CAP TANT POLY 22UF 63V 2917
T520X687M006ATE018,1,65.74,KEMET,CAP TANT POLY 680UF 6.3V 2917
T543X226M063ATW075,500,71.6034,KEMET,CAP TANT POLY 22UF 63V 2917
T540B107M003BH8510WAFL,120,71.61908,KEMET,CAP TANT POLY 100UF 3V 1411
T540B157M003BH8510WAFL,120,71.61908,KEMET,CAP TANT POLY 150UF 3V 1411
T540B686M004BH8510WAFL,120,71.61908,KEMET,CAP TANT POLY 68UF 4V 1411
T540B107M004BH8510WAFL,120,71.61908,KEMET,CAP TANT POLY 100UF 4V 1411
T540B336M006BH8510WAFL,120,71.61908,KEMET,CAP TANT POLY 33UF 6.3V 1411
T540B476M006BH8510WAFL,120,71.61908,KEMET,CAP TANT POLY 47UF 6.3V 1411
T540B686M006BH8510WAFL,120,71.61908,KEMET,CAP TANT POLY 68UF 6.3V 1411
T540B226M010BH8510WAFL,120,71.61908,KEMET,CAP TANT POLY 22UF 10V 1411
T540B336M010BH8510WAFL,120,71.61908,KEMET,CAP TANT POLY 33UF 10V 1411
T530D477M2R5AH4097,500,66.09476,KEMET,470.UF  2.5V
T540B107K003CH85107280,8000,72.22034,KEMET,CAP TANT POLY 100UF 3V 1411
T540B157K003CH85107280,8000,72.22034,KEMET,CAP TANT POLY 150UF 3V 1411
T540B686K004CH85107280,8000,72.22034,KEMET,CAP TANT POLY 68UF 4V 1411
T540B107K004CH85107280,8000,72.22034,KEMET,CAP TANT POLY 100UF 4V 1411
T540B336K006CH85107280,8000,72.22034,KEMET,CAP TANT POLY 33UF 6.3V 1411
T540B476K006CH85107280,8000,72.22034,KEMET,CAP TANT POLY 47UF 6.3V 1411
T540B686K006CH85107280,8000,72.22034,KEMET,CAP TANT POLY 68UF 6.3V 1411
T540B226K010CH85107280,8000,72.22034,KEMET,CAP TANT POLY 22UF 10V 1411
T540B336K010CH85107280,8000,72.22034,KEMET,CAP TANT POLY 33UF 10V 1411
T540B107K003CH85107610,3600,72.22034,KEMET,CAP TANT POLY 100UF 3V 1411
T540B157K003CH85107610,3600,72.22034,KEMET,CAP TANT POLY 150UF 3V 1411
T540B686K004CH85107610,3600,72.22034,KEMET,CAP TANT POLY 68UF 4V 1411
T540B107K004CH85107610,3600,72.22034,KEMET,CAP TANT POLY 100UF 4V 1411
T540B336K006CH85107610,3600,72.22034,KEMET,CAP TANT POLY 33UF 6.3V 1411
T540B476K006CH85107610,3600,72.22034,KEMET,CAP TANT POLY 47UF 6.3V 1411
T540B686K006CH85107610,3600,72.22034,KEMET,CAP TANT POLY 68UF 6.3V 1411
T540B226K010CH85107610,3600,72.22034,KEMET,CAP TANT POLY 22UF 10V 1411
T540B336K010CH85107610,3600,72.22034,KEMET,CAP TANT POLY 33UF 10V 1411
T540D337M2R5BH85057280,2500,72.78193,KEMET,CAP TANT POLY 330UF 2.5V 2917
T540D477M2R5BH85057280,2500,72.78193,KEMET,CAP TANT POLY 470UF 2.5V 2917
T540D687M2R5BH85057280,2500,72.78193,KEMET,CAP TANT POLY 680UF 2.5V 2917
T540B107K003AH86107280,8000,72.78193,KEMET,CAP TANT POLY 100UF 3V 1411
T540B157K003AH86107280,8000,72.78193,KEMET,CAP TANT POLY 150UF 3V 1411
T540D337M003BH85057280,2500,72.78193,KEMET,CAP TANT POLY 330UF 3V 2917
T540D477M003BH85057280,2500,72.78193,KEMET,CAP TANT POLY 470UF 3V 2917
T540D687M003BH85057280,2500,72.78193,KEMET,CAP TANT POLY 680UF 3V 2917
T540B686K004AH86107280,8000,72.78193,KEMET,CAP TANT POLY 68UF 4V 1411
T540B107K004AH86107280,8000,72.78193,KEMET,CAP TANT POLY 100UF 4V 1411
T540D227M004BH85057280,2500,72.78193,KEMET,CAP TANT POLY 220UF 4V 2917
T540D337M004BH85057280,2500,72.78193,KEMET,CAP TANT POLY 330UF 4V 2917
T540D477M004BH85107280,2500,72.78193,KEMET,CAP TANT POLY 470UF 4V 2917
T540B336K006AH86107280,8000,72.78193,KEMET,CAP TANT POLY 33UF 6.3V 1411
T540B476K006AH86107280,8000,72.78193,KEMET,CAP TANT POLY 47UF 6.3V 1411
T540B686K006AH86107280,8000,72.78193,KEMET,CAP TANT POLY 68UF 6.3V 1411
T540D157M006BH85057280,2500,72.78193,KEMET,CAP TANT POLY 150UF 6.3V 2917
T540D227M006BH85057280,2500,72.78193,KEMET,CAP TANT POLY 220UF 6.3V 2917
T540D337M006BH85107280,2500,72.78193,KEMET,CAP TANT POLY 330UF 6.3V 2917
T540B226K010AH86107280,8000,72.78193,KEMET,CAP TANT POLY 22UF 10V 1411
T540B336K010AH86107280,8000,72.78193,KEMET,CAP TANT POLY 33UF 10V 1411
T540B107K003AH86107610,3600,72.78193,KEMET,CAP TANT POLY 100UF 3V 1411
T540B157K003AH86107610,3600,72.78193,KEMET,CAP TANT POLY 150UF 3V 1411
T540B686K004AH86107610,3600,72.78193,KEMET,CAP TANT POLY 68UF 4V 1411
T540B107K004AH86107610,3600,72.78193,KEMET,CAP TANT POLY 100UF 4V 1411
T540B336K006AH86107610,3600,72.78193,KEMET,CAP TANT POLY 33UF 6.3V 1411
T540B476K006AH86107610,3600,72.78193,KEMET,CAP TANT POLY 47UF 6.3V 1411
T540B686K006AH86107610,3600,72.78193,KEMET,CAP TANT POLY 68UF 6.3V 1411
T540B226K010AH86107610,3600,72.78193,KEMET,CAP TANT POLY 22UF 10V 1411
T540B336K010AH86107610,3600,72.78193,KEMET,CAP TANT POLY 33UF 10V 1411
T521O477M016APE070,500,73.05114,KEMET,CAP TANT POLY 470UF 16V 2924
T540D156M0AT8510,500,73.20406,KEMET,CAP TANT POLY 15UF 2917
T540D226M0AT8505,500,73.20406,KEMET,CAP TANT POLY 22UF 2917
T540D336M0AT8505,500,73.20406,KEMET,CAP TANT POLY 33UF 2917
T543B227K2R5AHW025D100,1,73.23,KEMET,CAP TANT POLY 220UF 2.5V 1411
T540B107K003AH8510WAFL,120,73.90883,KEMET,CAP TANT POLY 100UF 3V 1411
T540B157K003AH8510WAFL,120,73.90883,KEMET,CAP TANT POLY 150UF 3V 1411
T540B686K004AH8510WAFL,120,73.90883,KEMET,CAP TANT POLY 68UF 4V 1411
T540B107K004AH8510WAFL,120,73.90883,KEMET,CAP TANT POLY 100UF 4V 1411
T540B336K006AH8510WAFL,120,73.90883,KEMET,CAP TANT POLY 33UF 6.3V 1411
T540B476K006AH8510WAFL,120,73.90883,KEMET,CAP TANT POLY 47UF 6.3V 1411
T540B686K006AH8510WAFL,120,73.90883,KEMET,CAP TANT POLY 68UF 6.3V 1411
T540B226K010AH8510WAFL,120,73.90883,KEMET,CAP TANT POLY 22UF 10V 1411
T540B336K010AH8510WAFL,120,73.90883,KEMET,CAP TANT POLY 33UF 10V 1411
T540D337M2R5BH85057610,750,73.91445,KEMET,CAP TANT POLY 330UF 2.5V 2917
T540D477M2R5BH85057610,750,73.91445,KEMET,CAP TANT POLY 470UF 2.5V 2917
T540D687M2R5BH85057610,750,73.91445,KEMET,CAP TANT POLY 680UF 2.5V 2917
T540D337M003BH85057610,750,73.91445,KEMET,CAP TANT POLY 330UF 3V 2917
T540D477M003BH85057610,750,73.91445,KEMET,CAP TANT POLY 470UF 3V 2917
T540D687M003BH85057610,750,73.91445,KEMET,CAP TANT POLY 680UF 3V 2917
T540D227M004BH85057610,750,73.91445,KEMET,CAP TANT POLY 220UF 4V 2917
T540D337M004BH85057610,750,73.91445,KEMET,CAP TANT POLY 330UF 4V 2917
T540D477M004BH85107610,750,73.91445,KEMET,CAP TANT POLY 470UF 4V 2917
T540D157M006BH85057610,750,73.91445,KEMET,CAP TANT POLY 150UF 6.3V 2917
T540D227M006BH85057610,750,73.91445,KEMET,CAP TANT POLY 220UF 6.3V 2917
T540D337M006BH85107610,750,73.91445,KEMET,CAP TANT POLY 330UF 6.3V 2917
T543D156K025AHW0757505,1,74.76,KEMET,CAP TANT POLY 15UF 25V 2917
T543D337M2R5ATW025,1,,KEMET,CAP TANT POLY 330UF 2.5V 2917
T543D226K025AHW075D100,1,75.21,KEMET,CAP TANT POLY 22UF 25V 2917
T540B107M003CH86107280,8000,75.47756,KEMET,CAP TANT POLY 100UF 3V 1411
T540B157M003CH86107280,8000,75.47756,KEMET,CAP TANT POLY 150UF 3V 1411
T540B686M004CH86107280,8000,75.47756,KEMET,CAP TANT POLY 68UF 4V 1411
T540B107M004CH86107280,8000,75.47756,KEMET,CAP TANT POLY 100UF 4V 1411
T540B336M006CH86107280,8000,75.47756,KEMET,CAP TANT POLY 33UF 6.3V 1411
T540B476M006CH86107280,8000,75.47756,KEMET,CAP TANT POLY 47UF 6.3V 1411
T540B686M006CH86107280,8000,75.47756,KEMET,CAP TANT POLY 68UF 6.3V 1411
T540B226M010CH86107280,8000,75.47756,KEMET,CAP TANT POLY 22UF 10V 1411
T540B336M010CH86107280,8000,75.47756,KEMET,CAP TANT POLY 33UF 10V 1411
T540B107M003CH86107610,3600,75.47756,KEMET,CAP TANT POLY 100UF 3V 1411
T540B157M003CH86107610,3600,75.47756,KEMET,CAP TANT POLY 150UF 3V 1411
T540B686M004CH86107610,3600,75.47756,KEMET,CAP TANT POLY 68UF 4V 1411
T540B107M004CH86107610,3600,75.47756,KEMET,CAP TANT POLY 100UF 4V 1411
T540B336M006CH86107610,3600,75.47756,KEMET,CAP TANT POLY 33UF 6.3V 1411
T540B476M006CH86107610,3600,75.47756,KEMET,CAP TANT POLY 47UF 6.3V 1411
T540B686M006CH86107610,3600,75.47756,KEMET,CAP TANT POLY 68UF 6.3V 1411
T540B226M010CH86107610,3600,75.47756,KEMET,CAP TANT POLY 22UF 10V 1411
T540B336M010CH86107610,3600,75.47756,KEMET,CAP TANT POLY 33UF 10V 1411
T540D337K2R5AH85057280,2500,75.58988,KEMET,CAP TANT POLY 330UF 2.5V 2917
T540D477K2R5AH85057280,2500,75.58988,KEMET,CAP TANT POLY 470UF 2.5V 2917
T540D687K2R5AH85057280,2500,75.58988,KEMET,CAP TANT POLY 680UF 2.5V 2917
T540D337K003AH85057280,2500,75.58988,KEMET,CAP TANT POLY 330UF 3V 2917
T540D477K003AH85057280,2500,75.58988,KEMET,CAP TANT POLY 470UF 3V 2917
T540D687K003AH85057280,2500,75.58988,KEMET,CAP TANT POLY 680UF 3V 2917
T540D227K004AH85057280,2500,75.58988,KEMET,CAP TANT POLY 220UF 4V 2917
T540D337K004AH85057280,2500,75.58988,KEMET,CAP TANT POLY 330UF 4V 2917
T540D477K004AH85107280,2500,75.58988,KEMET,CAP TANT POLY 470UF 4V 2917
T540D157K006AH85057280,2500,75.58988,KEMET,CAP TANT POLY 150UF 6.3V 2917
T540D227K006AH85057280,2500,75.58988,KEMET,CAP TANT POLY 220UF 6.3V 2917
T540D337K006AH85107280,2500,75.58988,KEMET,CAP TANT POLY 330UF 6.3V 2917
T540D107K010AH85107280,2500,75.58988,KEMET,CAP TANT POLY 100UF 10V 2917
T540D157K010AH85107280,2500,75.58988,KEMET,CAP TANT POLY 150UF 10V 2917
T540D476K016AH85107280,2500,75.58988,KEMET,CAP TANT POLY 47UF 16V 2917
T540D686K016AH85107280,2500,75.58988,KEMET,CAP TANT POLY 68UF 16V 2917
T540D107K016AH85057280,2500,75.58988,KEMET,CAP TANT POLY 100UF 16V 2917
T540D226M020AH6510,500,70.15954,KEMET,CAP TANT SMD POLYMER HI-REL
T540D476M016AH6510,500,70.15954,KEMET,CAP TANT SMD POLYMER HI-REL
T540D107M010AH6510,500,70.15954,KEMET,CAP TANT SMD POLYMER HI-REL
T540D686M016AH6510,500,70.15954,KEMET,CAP TANT SMD POLYMER HI-REL
T540D227M010AH6510,500,70.15954,KEMET,CAP TANT SMD POLYMER HI-REL
T540D226M025AH6510,500,70.15954,KEMET,CAP TANT SMD POLYMER HI-REL
T540D477M2R5AH6510,500,70.15954,KEMET,CAP TANT SMD POLYMER HI-REL
T540D337M003AH6510,500,70.15954,KEMET,CAP TANT SMD POLYMER HI-REL
T540D337M2R5AH6510,500,70.15954,KEMET,CAP TANT SMD POLYMER HI-REL
T540D157M010AH6510,500,70.15954,KEMET,CAP TANT SMD POLYMER HI-REL
T540D227M006AH6510,500,70.15954,KEMET,CAP TANT SMD POLYMER HI-REL
T540D336M025AT6510,500,70.15954,KEMET,CAP TANT SMD POLYMER HI-REL
T540D157M006AH6510,500,70.15954,KEMET,CAP TANT SMD POLYMER HI-REL
T540D337M004AH6510,500,70.15954,KEMET,CAP TANT SMD POLYMER HI-REL
T530X477M006AH4097,500,70.3714,KEMET,470.UF  6.0V
T530X687M004AH4097,500,70.3714,KEMET,680.UF  4.0V
T540B107M003BH8510,2000,76.47925,KEMET,CAP TANT POLY 100UF 3V 1411
T540B157M003BH8510,2000,76.47925,KEMET,CAP TANT POLY 150UF 3V 1411
T540B686M004BH8510,2000,76.47925,KEMET,CAP TANT POLY 68UF 4V 1411
T540B107M004BH8510,2000,76.47925,KEMET,CAP TANT POLY 100UF 4V 1411
T540B336M006BH8510,2000,76.47925,KEMET,CAP TANT POLY 33UF 6.3V 1411
T540B476M006BH8510,2000,76.47925,KEMET,CAP TANT POLY 47UF 6.3V 1411
T540B686M006BH8510,2000,76.47925,KEMET,CAP TANT POLY 68UF 6.3V 1411
T540B226M010BH8510,2000,76.47925,KEMET,CAP TANT POLY 22UF 10V 1411
T540B336M010BH8510,2000,76.47925,KEMET,CAP TANT POLY 33UF 10V 1411
T540B226M010BH6610,2000,70.38529,KEMET,CAP TANT POLY 22UF 10V 1411
T540B107M004BH6610,2000,70.38529,KEMET,CAP TANT SMD POLYMER HI-REL
T540B336M010BH6610,2000,70.38529,KEMET,CAP TANT SMD POLYMER HI-REL
T540D337K2R5AH85057610,750,76.56887,KEMET,CAP TANT POLY 330UF 2.5V 2917
T540D477K2R5AH85057610,750,76.56887,KEMET,CAP TANT POLY 470UF 2.5V 2917
T540D687K2R5AH85057610,750,76.56887,KEMET,CAP TANT POLY 680UF 2.5V 2917
T540D337K003AH85057610,750,76.56887,KEMET,CAP TANT POLY 330UF 3V 2917
T540D477K003AH85057610,750,76.56887,KEMET,CAP TANT POLY 470UF 3V 2917
T540D687K003AH85057610,750,76.56887,KEMET,CAP TANT POLY 680UF 3V 2917
T540D227K004AH85057610,750,76.56887,KEMET,CAP TANT POLY 220UF 4V 2917
T540D337K004AH85057610,750,76.56887,KEMET,CAP TANT POLY 330UF 4V 2917
T540D477K004AH85107610,750,76.56887,KEMET,CAP TANT POLY 470UF 4V 2917
T540D157K006AH85057610,750,76.56887,KEMET,CAP TANT POLY 150UF 6.3V 2917
T540D227K006AH85057610,750,76.56887,KEMET,CAP TANT POLY 220UF 6.3V 2917
T540D337K006AH85107610,750,76.56887,KEMET,CAP TANT POLY 330UF 6.3V 2917
T540B107M003CH8510WAFL,120,76.79317,KEMET,CAP TANT POLY 100UF 3V 1411
T540B157M003CH8510WAFL,120,76.79317,KEMET,CAP TANT POLY 150UF 3V 1411
T540B686M004CH8510WAFL,120,76.79317,KEMET,CAP TANT POLY 68UF 4V 1411
T540B107M004CH8510WAFL,120,76.79317,KEMET,CAP TANT POLY 100UF 4V 1411
T540B336M006CH8510WAFL,120,76.79317,KEMET,CAP TANT POLY 33UF 6.3V 1411
T540B476M006CH8510WAFL,120,76.79317,KEMET,CAP TANT POLY 47UF 6.3V 1411
T540B686M006CH8510WAFL,120,76.79317,KEMET,CAP TANT POLY 68UF 6.3V 1411
T540B226M010CH8510WAFL,120,76.79317,KEMET,CAP TANT POLY 22UF 10V 1411
T540B336M010CH8510WAFL,120,76.79317,KEMET,CAP TANT POLY 33UF 10V 1411
B76304E6879M010,1,70.7,KEMET,CAP TANT POLY 680UF 4V 2917
B76306E6879M010,400,33.5287,KEMET,CAP TANT POLY 680UF 6.3V 2917
T543X226M063ATS075,500,76.96248,KEMET,CAP TANT POLY 22UF 63V 2917
T540B107M003AH87107280,8000,77.49928,KEMET,CAP TANT POLY 100UF 3V 1411
T540B157M003AH87107280,8000,77.49928,KEMET,CAP TANT POLY 150UF 3V 1411
T540B686M004AH87107280,8000,77.49928,KEMET,CAP TANT POLY 68UF 4V 1411
T540B107M004AH87107280,8000,77.49928,KEMET,CAP TANT POLY 100UF 4V 1411
T540B336M006AH87107280,8000,77.49928,KEMET,CAP TANT POLY 33UF 6.3V 1411
T540B476M006AH87107280,8000,77.49928,KEMET,CAP TANT POLY 47UF 6.3V 1411
T540B686M006AH87107280,8000,77.49928,KEMET,CAP TANT POLY 68UF 6.3V 1411
T540B226M010AH87107280,8000,77.49928,KEMET,CAP TANT POLY 22UF 10V 1411
T540B336M010AH87107280,8000,77.49928,KEMET,CAP TANT POLY 33UF 10V 1411
T540B107M003AH87107610,3600,77.49928,KEMET,CAP TANT POLY 100UF 3V 1411
T540B157M003AH87107610,3600,77.49928,KEMET,CAP TANT POLY 150UF 3V 1411
T540B686M004AH87107610,3600,77.49928,KEMET,CAP TANT POLY 68UF 4V 1411
T540B107M004AH87107610,3600,77.49928,KEMET,CAP TANT POLY 100UF 4V 1411
T540B336M006AH87107610,3600,77.49928,KEMET,CAP TANT POLY 33UF 6.3V 1411
T540B476M006AH87107610,3600,77.49928,KEMET,CAP TANT POLY 47UF 6.3V 1411
T540B686M006AH87107610,3600,77.49928,KEMET,CAP TANT POLY 68UF 6.3V 1411
T540B226M010AH87107610,3600,77.49928,KEMET,CAP TANT POLY 22UF 10V 1411
T540B336M010AH87107610,3600,77.49928,KEMET,CAP TANT POLY 33UF 10V 1411
T540B107K003BH86107280,8000,77.83623,KEMET,CAP TANT POLY 100UF 3V 1411
T540B157K003BH86107280,8000,77.83623,KEMET,CAP TANT POLY 150UF 3V 1411
T540B686K004BH86107280,8000,77.83623,KEMET,CAP TANT POLY 68UF 4V 1411
T540B107K004BH86107280,8000,77.83623,KEMET,CAP TANT POLY 100UF 4V 1411
T540B336K006BH86107280,8000,77.83623,KEMET,CAP TANT POLY 33UF 6.3V 1411
T540B476K006BH86107280,8000,77.83623,KEMET,CAP TANT POLY 47UF 6.3V 1411
T540B686K006BH86107280,8000,77.83623,KEMET,CAP TANT POLY 68UF 6.3V 1411
T540B226K010BH86107280,8000,77.83623,KEMET,CAP TANT POLY 22UF 10V 1411
T540B336K010BH86107280,8000,77.83623,KEMET,CAP TANT POLY 33UF 10V 1411
T540B107K003BH86107610,3600,77.83623,KEMET,CAP TANT POLY 100UF 3V 1411
T540B157K003BH86107610,3600,77.83623,KEMET,CAP TANT POLY 150UF 3V 1411
T540B686K004BH86107610,3600,77.83623,KEMET,CAP TANT POLY 68UF 4V 1411
T540B107K004BH86107610,3600,77.83623,KEMET,CAP TANT POLY 100UF 4V 1411
T540B336K006BH86107610,3600,77.83623,KEMET,CAP TANT POLY 33UF 6.3V 1411
T540B476K006BH86107610,3600,77.83623,KEMET,CAP TANT POLY 47UF 6.3V 1411
T540B686K006BH86107610,3600,77.83623,KEMET,CAP TANT POLY 68UF 6.3V 1411
T540B226K010BH86107610,3600,77.83623,KEMET,CAP TANT POLY 22UF 10V 1411
T540B336K010BH86107610,3600,77.83623,KEMET,CAP TANT POLY 33UF 10V 1411
T543D156K035AHW1007505,1,77.9,KEMET,CAP TANT POLY 15UF 35V 2917
T540B107K003DH8510,2000,78.2855,KEMET,CAP TANT POLY 100UF 3V 1411
T540B157K003DH8510,2000,78.2855,KEMET,CAP TANT POLY 150UF 3V 1411
T540B686K004DH8510,2000,78.2855,KEMET,CAP TANT POLY 68UF 4V 1411
T540B107K004DH8510,2000,78.2855,KEMET,CAP TANT POLY 100UF 4V 1411
T540B336K006DH8510,2000,78.2855,KEMET,CAP TANT POLY 33UF 6.3V 1411
T540B476K006DH8510,2000,78.2855,KEMET,CAP TANT POLY 47UF 6.3V 1411
T540B686K006DH8510,2000,78.2855,KEMET,CAP TANT POLY 68UF 6.3V 1411
T540B226K010DH8510,2000,78.2855,KEMET,CAP TANT POLY 22UF 10V 1411
T540B336K010DH8510,2000,78.2855,KEMET,CAP TANT POLY 33UF 10V 1411
T540B107K003DH85107280,8000,78.2855,KEMET,CAP TANT POLY 100UF 3V 1411
T540B157K003DH85107280,8000,78.2855,KEMET,CAP TANT POLY 150UF 3V 1411
T540B686K004DH85107280,8000,78.2855,KEMET,CAP TANT POLY 68UF 4V 1411
T540B107K004DH85107280,8000,78.2855,KEMET,CAP TANT POLY 100UF 4V 1411
T540B336K006DH85107280,8000,78.2855,KEMET,CAP TANT POLY 33UF 6.3V 1411
T540B476K006DH85107280,8000,78.2855,KEMET,CAP TANT POLY 47UF 6.3V 1411
T540B686K006DH85107280,8000,78.2855,KEMET,CAP TANT POLY 68UF 6.3V 1411
T540B226K010DH85107280,8000,78.2855,KEMET,CAP TANT POLY 22UF 10V 1411
T540B336K010DH85107280,8000,78.2855,KEMET,CAP TANT POLY 33UF 10V 1411
T540B107K003DH85107610,3600,78.2855,KEMET,CAP TANT POLY 100UF 3V 1411
T540B157K003DH85107610,3600,78.2855,KEMET,CAP TANT POLY 150UF 3V 1411
T540B686K004DH85107610,3600,78.2855,KEMET,CAP TANT POLY 68UF 4V 1411
T540B107K004DH85107610,3600,78.2855,KEMET,CAP TANT POLY 100UF 4V 1411
T540B336K006DH85107610,3600,78.2855,KEMET,CAP TANT POLY 33UF 6.3V 1411
T540B476K006DH85107610,3600,78.2855,KEMET,CAP TANT POLY 47UF 6.3V 1411
T540B686K006DH85107610,3600,78.2855,KEMET,CAP TANT POLY 68UF 6.3V 1411
T540B226K010DH85107610,3600,78.2855,KEMET,CAP TANT POLY 22UF 10V 1411
T540B336K010DH85107610,3600,78.2855,KEMET,CAP TANT POLY 33UF 10V 1411
T540D337M2R5AH86057280,2500,78.39782,KEMET,CAP TANT POLY 330UF 2.5V 2917
T540D477M2R5AH86057280,2500,78.39782,KEMET,CAP TANT POLY 470UF 2.5V 2917
T540D687M2R5AH86057280,2500,78.39782,KEMET,CAP TANT POLY 680UF 2.5V 2917
T540D337M003AH86057280,2500,78.39782,KEMET,CAP TANT POLY 330UF 3V 2917
T540D477M003AH86057280,2500,78.39782,KEMET,CAP TANT POLY 470UF 3V 2917
T540D687M003AH86057280,2500,78.39782,KEMET,CAP TANT POLY 680UF 3V 2917
T540D227M004AH86057280,2500,78.39782,KEMET,CAP TANT POLY 220UF 4V 2917
T540D337M004AH86057280,2500,78.39782,KEMET,CAP TANT POLY 330UF 4V 2917
T540D477M004AH86107280,2500,78.39782,KEMET,CAP TANT POLY 470UF 4V 2917
T540D157M006AH86057280,2500,78.39782,KEMET,CAP TANT POLY 150UF 6.3V 2917
T540D227M006AH86057280,2500,78.39782,KEMET,CAP TANT POLY 220UF 6.3V 2917
T540D337M006AH86107280,2500,78.39782,KEMET,CAP TANT POLY 330UF 6.3V 2917
T540D156M0BT8510,500,78.90892,KEMET,CAP TANT POLY 15UF 2917
T540D226M0BT8505,500,78.90892,KEMET,CAP TANT POLY 22UF 2917
T540D336M0BT8505,500,78.90892,KEMET,CAP TANT POLY 33UF 2917
T540B107M003AH8610WAFL,120,78.94967,KEMET,CAP TANT POLY 100UF 3V 1411
T540B157M003AH8610WAFL,120,78.94967,KEMET,CAP TANT POLY 150UF 3V 1411
T540B686M004AH8610WAFL,120,78.94967,KEMET,CAP TANT POLY 68UF 4V 1411
T540B107M004AH8610WAFL,120,78.94967,KEMET,CAP TANT POLY 100UF 4V 1411
T540B336M006AH8610WAFL,120,78.94967,KEMET,CAP TANT POLY 33UF 6.3V 1411
T540B476M006AH8610WAFL,120,78.94967,KEMET,CAP TANT POLY 47UF 6.3V 1411
T540B686M006AH8610WAFL,120,78.94967,KEMET,CAP TANT POLY 68UF 6.3V 1411
T540B226M010AH8610WAFL,120,78.94967,KEMET,CAP TANT POLY 22UF 10V 1411
T540B336M010AH8610WAFL,120,78.94967,KEMET,CAP TANT POLY 33UF 10V 1411
T540D337M2R5CH85057280,2500,78.95941,KEMET,CAP TANT POLY 330UF 2.5V 2917
T540D477M2R5CH85057280,2500,78.95941,KEMET,CAP TANT POLY 470UF 2.5V 2917
T540D687M2R5CH85057280,2500,78.95941,KEMET,CAP TANT POLY 680UF 2.5V 2917
T540D337M003CH85057280,2500,78.95941,KEMET,CAP TANT POLY 330UF 3V 2917
T540D477M003CH85057280,2500,78.95941,KEMET,CAP TANT POLY 470UF 3V 2917
T540D687M003CH85057280,2500,78.95941,KEMET,CAP TANT POLY 680UF 3V 2917
T540D227M004CH85057280,2500,78.95941,KEMET,CAP TANT POLY 220UF 4V 2917
T540D337M004CH85057280,2500,78.95941,KEMET,CAP TANT POLY 330UF 4V 2917
T540D477M004CH85107280,2500,78.95941,KEMET,CAP TANT POLY 470UF 4V 2917
T540D157M006CH85057280,2500,78.95941,KEMET,CAP TANT POLY 150UF 6.3V 2917
T540D227M006CH85057280,2500,78.95941,KEMET,CAP TANT POLY 220UF 6.3V 2917
T540D337M006CH85107280,2500,78.95941,KEMET,CAP TANT POLY 330UF 6.3V 2917
T540B336K010CH6510,2000,72.90433,KEMET,CAP TANT SMD POLYMER HI-REL
T540B686K006CH6510,2000,72.90433,KEMET,CAP TANT SMD POLYMER HI-REL
T540B107K004CH6510,2000,72.90433,KEMET,CAP TANT SMD POLYMER HI-REL
T540D337M2R5AH86057610,750,79.21753,KEMET,CAP TANT POLY 330UF 2.5V 2917
T540D477M2R5AH86057610,750,79.21753,KEMET,CAP TANT POLY 470UF 2.5V 2917
T540D687M2R5AH86057610,750,79.21753,KEMET,CAP TANT POLY 680UF 2.5V 2917
T540D337M003AH86057610,750,79.21753,KEMET,CAP TANT POLY 330UF 3V 2917
T540D477M003AH86057610,750,79.21753,KEMET,CAP TANT POLY 470UF 3V 2917
T540D687M003AH86057610,750,79.21753,KEMET,CAP TANT POLY 680UF 3V 2917
T540D227M004AH86057610,750,79.21753,KEMET,CAP TANT POLY 220UF 4V 2917
T540D337M004AH86057610,750,79.21753,KEMET,CAP TANT POLY 330UF 4V 2917
T540D477M004AH86107610,750,79.21753,KEMET,CAP TANT POLY 470UF 4V 2917
T540D157M006AH86057610,750,79.21753,KEMET,CAP TANT POLY 150UF 6.3V 2917
T540D227M006AH86057610,750,79.21753,KEMET,CAP TANT POLY 220UF 6.3V 2917
T540D337M006AH86107610,750,79.21753,KEMET,CAP TANT POLY 330UF 6.3V 2917
T540B107K003BH8510WAFL,120,79.30908,KEMET,CAP TANT POLY 100UF 3V 1411
T540B157K003BH8510WAFL,120,79.30908,KEMET,CAP TANT POLY 150UF 3V 1411
T540B686K004BH8510WAFL,120,79.30908,KEMET,CAP TANT POLY 68UF 4V 1411
T540B107K004BH8510WAFL,120,79.30908,KEMET,CAP TANT POLY 100UF 4V 1411
T540B336K006BH8510WAFL,120,79.30908,KEMET,CAP TANT POLY 33UF 6.3V 1411
T540B476K006BH8510WAFL,120,79.30908,KEMET,CAP TANT POLY 47UF 6.3V 1411
T540B686K006BH8510WAFL,120,79.30908,KEMET,CAP TANT POLY 68UF 6.3V 1411
T540B226K010BH8510WAFL,120,79.30908,KEMET,CAP TANT POLY 22UF 10V 1411
T540B336K010BH8510WAFL,120,79.30908,KEMET,CAP TANT POLY 33UF 10V 1411
T540B107K003AH8510,2000,79.33069,KEMET,CAP TANT POLY 100UF 3V 1411
T540B157K003AH8510,2000,79.33069,KEMET,CAP TANT POLY 150UF 3V 1411
T540B686K004AH8510,2000,79.33069,KEMET,CAP TANT POLY 68UF 4V 1411
T540B107K004AH8510,2000,79.33069,KEMET,CAP TANT POLY 100UF 4V 1411
T540B336K006AH8510,2000,79.33069,KEMET,CAP TANT POLY 33UF 6.3V 1411
T540B476K006AH8510,2000,79.33069,KEMET,CAP TANT POLY 47UF 6.3V 1411
T540B686K006AH8510,2000,79.33069,KEMET,CAP TANT POLY 68UF 6.3V 1411
T540B226K010AH8510,2000,79.33069,KEMET,CAP TANT POLY 22UF 10V 1411
T540B336K010AH8510,2000,79.33069,KEMET,CAP TANT POLY 33UF 10V 1411
T540B336K010AH6610,2000,73.00952,KEMET,CAP TANT SMD POLYMER HI-REL
T540B686K006AH6610,2000,73.00952,KEMET,CAP TANT SMD POLYMER HI-REL
T543D226K025AHW0757505,1,79.43,KEMET,CAP TANT POLY 22UF 25V 2917
T540D337M2R5AH8505WAFL,128,79.47047,KEMET,CAP TANT POLY 330UF 2.5V 2917
T540D477M2R5AH8505WAFL,128,79.47047,KEMET,CAP TANT POLY 470UF 2.5V 2917
T540D687M2R5AH8505WAFL,128,79.47047,KEMET,CAP TANT POLY 680UF 2.5V 2917
T540D337M003AH8505WAFL,128,79.47047,KEMET,CAP TANT POLY 330UF 3V 2917
T540D477M003AH8505WAFL,128,79.47047,KEMET,CAP TANT POLY 470UF 3V 2917
T540D687M003AH8505WAFL,128,79.47047,KEMET,CAP TANT POLY 680UF 3V 2917
T540D227M004AH8505WAFL,128,79.47047,KEMET,CAP TANT POLY 220UF 4V 2917
T540D337M004AH8505WAFL,128,79.47047,KEMET,CAP TANT POLY 330UF 4V 2917
T540D477M004AH8510WAFL,128,79.47047,KEMET,CAP TANT POLY 470UF 4V 2917
T540D157M006AH8505WAFL,128,79.47047,KEMET,CAP TANT POLY 150UF 6.3V 2917
T540D227M006AH8505WAFL,128,79.47047,KEMET,CAP TANT POLY 220UF 6.3V 2917
T540D337M006AH8510WAFL,128,79.47047,KEMET,CAP TANT POLY 330UF 6.3V 2917
T530X337M010AH4097,500,79.58426,KEMET,330.UF 10.0V
T540D337M2R5CH85057610,750,79.74647,KEMET,CAP TANT POLY 330UF 2.5V 2917
T540D477M2R5CH85057610,750,79.74647,KEMET,CAP TANT POLY 470UF 2.5V 2917
T540D687M2R5CH85057610,750,79.74647,KEMET,CAP TANT POLY 680UF 2.5V 2917
T540D337M003CH85057610,750,79.74647,KEMET,CAP TANT POLY 330UF 3V 2917
T540D477M003CH85057610,750,79.74647,KEMET,CAP TANT POLY 470UF 3V 2917
T540D687M003CH85057610,750,79.74647,KEMET,CAP TANT POLY 680UF 3V 2917
T540D227M004CH85057610,750,79.74647,KEMET,CAP TANT POLY 220UF 4V 2917
T540D337M004CH85057610,750,79.74647,KEMET,CAP TANT POLY 330UF 4V 2917
T540D477M004CH85107610,750,79.74647,KEMET,CAP TANT POLY 470UF 4V 2917
T540D157M006CH85057610,750,79.74647,KEMET,CAP TANT POLY 150UF 6.3V 2917
T540D227M006CH85057610,750,79.74647,KEMET,CAP TANT POLY 220UF 6.3V 2917
T540D337M006CH85107610,750,79.74647,KEMET,CAP TANT POLY 330UF 6.3V 2917
T543D336K025AHW060D100,1,79.88,KEMET,CAP TANT POLY 33UF 25V 2917
T543B157K006AHW025D100,1,80.24,KEMET,CAP TANT POLY 150UF 6.3V 1411
T543D336K020AHW0607505,1,80.69,KEMET,CAP TANT POLY 33UF 20V 2917
T540B107M003DH8610,2000,80.7565,KEMET,CAP TANT POLY 100UF 3V 1411
T540B157M003DH8610,2000,80.7565,KEMET,CAP TANT POLY 150UF 3V 1411
T540B686M004DH8610,2000,80.7565,KEMET,CAP TANT POLY 68UF 4V 1411
T540B107M004DH8610,2000,80.7565,KEMET,CAP TANT POLY 100UF 4V 1411
T540B336M006DH8610,2000,80.7565,KEMET,CAP TANT POLY 33UF 6.3V 1411
T540B476M006DH8610,2000,80.7565,KEMET,CAP TANT POLY 47UF 6.3V 1411
T540B686M006DH8610,2000,80.7565,KEMET,CAP TANT POLY 68UF 6.3V 1411
T540B226M010DH8610,2000,80.7565,KEMET,CAP TANT POLY 22UF 10V 1411
T540B336M010DH8610,2000,80.7565,KEMET,CAP TANT POLY 33UF 10V 1411
T540B107M003DH86107280,8000,80.75649,KEMET,CAP TANT POLY 100UF 3V 1411
T540B157M003DH86107280,8000,80.75649,KEMET,CAP TANT POLY 150UF 3V 1411
T540B686M004DH86107280,8000,80.75649,KEMET,CAP TANT POLY 68UF 4V 1411
T540B107M004DH86107280,8000,80.75649,KEMET,CAP TANT POLY 100UF 4V 1411
T540B336M006DH86107280,8000,80.75649,KEMET,CAP TANT POLY 33UF 6.3V 1411
T540B476M006DH86107280,8000,80.75649,KEMET,CAP TANT POLY 47UF 6.3V 1411
T540B686M006DH86107280,8000,80.75649,KEMET,CAP TANT POLY 68UF 6.3V 1411
T540B226M010DH86107280,8000,80.75649,KEMET,CAP TANT POLY 22UF 10V 1411
T540B336M010DH86107280,8000,80.75649,KEMET,CAP TANT POLY 33UF 10V 1411
T540B107M003DH86107610,3600,80.75649,KEMET,CAP TANT POLY 100UF 3V 1411
T540B157M003DH86107610,3600,80.75649,KEMET,CAP TANT POLY 150UF 3V 1411
T540B686M004DH86107610,3600,80.75649,KEMET,CAP TANT POLY 68UF 4V 1411
T540B107M004DH86107610,3600,80.75649,KEMET,CAP TANT POLY 100UF 4V 1411
T540B336M006DH86107610,3600,80.75649,KEMET,CAP TANT POLY 33UF 6.3V 1411
T540B476M006DH86107610,3600,80.75649,KEMET,CAP TANT POLY 47UF 6.3V 1411
T540B686M006DH86107610,3600,80.75649,KEMET,CAP TANT POLY 68UF 6.3V 1411
T540B226M010DH86107610,3600,80.75649,KEMET,CAP TANT POLY 22UF 10V 1411
T540B336M010DH86107610,3600,80.75649,KEMET,CAP TANT POLY 33UF 10V 1411
T540D156K0AT8510,500,81.75136,KEMET,CAP TANT POLY 15UF 2917
T540D226K0AT8505,500,81.75136,KEMET,CAP TANT POLY 22UF 2917
T540D336K0AT8505,500,81.75136,KEMET,CAP TANT POLY 33UF 2917
T540B107M003BH87107280,8000,81.87967,KEMET,CAP TANT POLY 100UF 3V 1411
T540B157M003BH87107280,8000,81.87967,KEMET,CAP TANT POLY 150UF 3V 1411
T540B686M004BH87107280,8000,81.87967,KEMET,CAP TANT POLY 68UF 4V 1411
T540B107M004BH87107280,8000,81.87967,KEMET,CAP TANT POLY 100UF 4V 1411
T540B336M006BH87107280,8000,81.87967,KEMET,CAP TANT POLY 33UF 6.3V 1411
T540B476M006BH87107280,8000,81.87967,KEMET,CAP TANT POLY 47UF 6.3V 1411
T540B686M006BH87107280,8000,81.87967,KEMET,CAP TANT POLY 68UF 6.3V 1411
T540B226M010BH87107280,8000,81.87967,KEMET,CAP TANT POLY 22UF 10V 1411
T540B336M010BH87107280,8000,81.87967,KEMET,CAP TANT POLY 33UF 10V 1411
T540B107M003BH87107610,3600,81.87967,KEMET,CAP TANT POLY 100UF 3V 1411
T540B157M003BH87107610,3600,81.87967,KEMET,CAP TANT POLY 150UF 3V 1411
T540B686M004BH87107610,3600,81.87967,KEMET,CAP TANT POLY 68UF 4V 1411
T540B107M004BH87107610,3600,81.87967,KEMET,CAP TANT POLY 100UF 4V 1411
T540B336M006BH87107610,3600,81.87967,KEMET,CAP TANT POLY 33UF 6.3V 1411
T540B476M006BH87107610,3600,81.87967,KEMET,CAP TANT POLY 47UF 6.3V 1411
T540B686M006BH87107610,3600,81.87967,KEMET,CAP TANT POLY 68UF 6.3V 1411
T540B226M010BH87107610,3600,81.87967,KEMET,CAP TANT POLY 22UF 10V 1411
T540B336M010BH87107610,3600,81.87967,KEMET,CAP TANT POLY 33UF 10V 1411
T540D337K2R5BH85057280,2500,81.99199,KEMET,CAP TANT POLY 330UF 2.5V 2917
T540D477K2R5BH85057280,2500,81.99199,KEMET,CAP TANT POLY 470UF 2.5V 2917
T540D687K2R5BH85057280,2500,81.99199,KEMET,CAP TANT POLY 680UF 2.5V 2917
T540D337K003BH85057280,2500,81.99199,KEMET,CAP TANT POLY 330UF 3V 2917
T540D477K003BH85057280,2500,81.99199,KEMET,CAP TANT POLY 470UF 3V 2917
T540D687K003BH85057280,2500,81.99199,KEMET,CAP TANT POLY 680UF 3V 2917
T540D227K004BH85057280,2500,81.99199,KEMET,CAP TANT POLY 220UF 4V 2917
T540D337K004BH85057280,2500,81.99199,KEMET,CAP TANT POLY 330UF 4V 2917
T540D477K004BH85107280,2500,81.99199,KEMET,CAP TANT POLY 470UF 4V 2917
T540D157K006BH85057280,2500,81.99199,KEMET,CAP TANT POLY 150UF 6.3V 2917
T540D227K006BH85057280,2500,81.99199,KEMET,CAP TANT POLY 220UF 6.3V 2917
T540D337K006BH85107280,2500,81.99199,KEMET,CAP TANT POLY 330UF 6.3V 2917
T540B107M003DH8510WAFL,120,82.41508,KEMET,CAP TANT POLY 100UF 3V 1411
T540B157M003DH8510WAFL,120,82.41508,KEMET,CAP TANT POLY 150UF 3V 1411
T540B686M004DH8510WAFL,120,82.41508,KEMET,CAP TANT POLY 68UF 4V 1411
T540B107M004DH8510WAFL,120,82.41508,KEMET,CAP TANT POLY 100UF 4V 1411
T540B336M006DH8510WAFL,120,82.41508,KEMET,CAP TANT POLY 33UF 6.3V 1411
T540B476M006DH8510WAFL,120,82.41508,KEMET,CAP TANT POLY 47UF 6.3V 1411
T540B686M006DH8510WAFL,120,82.41508,KEMET,CAP TANT POLY 68UF 6.3V 1411
T540B226M010DH8510WAFL,120,82.41508,KEMET,CAP TANT POLY 22UF 10V 1411
T540B336M010DH8510WAFL,120,82.41508,KEMET,CAP TANT POLY 33UF 10V 1411
T543D476K016AHW0657505,1,82.58,KEMET,CAP TANT POLY 47UF 16V 2917
T540D337K2R5BH85057610,750,82.60072,KEMET,CAP TANT POLY 330UF 2.5V 2917
T540D477K2R5BH85057610,750,82.60072,KEMET,CAP TANT POLY 470UF 2.5V 2917
T540D687K2R5BH85057610,750,82.60072,KEMET,CAP TANT POLY 680UF 2.5V 2917
T540D337K003BH85057610,750,82.60072,KEMET,CAP TANT POLY 330UF 3V 2917
T540D477K003BH85057610,750,82.60072,KEMET,CAP TANT POLY 470UF 3V 2917
T540D687K003BH85057610,750,82.60072,KEMET,CAP TANT POLY 680UF 3V 2917
T540D227K004BH85057610,750,82.60072,KEMET,CAP TANT POLY 220UF 4V 2917
T540D337K004BH85057610,750,82.60072,KEMET,CAP TANT POLY 330UF 4V 2917
T540D477K004BH85107610,750,82.60072,KEMET,CAP TANT POLY 470UF 4V 2917
T540D157K006BH85057610,750,82.60072,KEMET,CAP TANT POLY 150UF 6.3V 2917
T540D227K006BH85057610,750,82.60072,KEMET,CAP TANT POLY 220UF 6.3V 2917
T540D337K006BH85107610,750,82.60072,KEMET,CAP TANT POLY 330UF 6.3V 2917
T540B107M003CH8510,2000,82.74946,KEMET,CAP TANT POLY 100UF 3V 1411
T540B157M003CH8510,2000,82.74946,KEMET,CAP TANT POLY 150UF 3V 1411
T540B686M004CH8510,2000,82.74946,KEMET,CAP TANT POLY 68UF 4V 1411
T540B107M004CH8510,2000,82.74946,KEMET,CAP TANT POLY 100UF 4V 1411
T540B336M006CH8510,2000,82.74946,KEMET,CAP TANT POLY 33UF 6.3V 1411
T540B476M006CH8510,2000,82.74946,KEMET,CAP TANT POLY 47UF 6.3V 1411
T540B686M006CH8510,2000,82.74946,KEMET,CAP TANT POLY 68UF 6.3V 1411
T540B226M010CH8510,2000,82.74946,KEMET,CAP TANT POLY 22UF 10V 1411
T540B336M010CH8510,2000,82.74946,KEMET,CAP TANT POLY 33UF 10V 1411
T540B107M004CH6610,2000,76.15588,KEMET,CAP TANT SMD POLYMER HI-REL
T540B336M010CH6610,2000,76.15588,KEMET,CAP TANT SMD POLYMER HI-REL
T540B686M006CH6610,2000,76.15588,KEMET,CAP TANT SMD POLYMER HI-REL
T540D337M006AH6520,500,76.53974,KEMET,CAP TANT SMD POLYMER HI-REL
T540D107M010AH6520,500,76.53974,KEMET,CAP TANT SMD POLYMER HI-REL
T540D157M010AH6520,500,76.53974,KEMET,CAP TANT SMD POLYMER HI-REL
T540D476M016AH6520,500,76.53974,KEMET,CAP TANT SMD POLYMER HI-REL
T540D336M020BH6510,500,76.75608,KEMET,CAP TANT SMD POLYMER HI-REL
T540B107K003CH86107280,8000,83.45212,KEMET,CAP TANT POLY 100UF 3V 1411
T540B157K003CH86107280,8000,83.45212,KEMET,CAP TANT POLY 150UF 3V 1411
T540B686K004CH86107280,8000,83.45212,KEMET,CAP TANT POLY 68UF 4V 1411
T540B107K004CH86107280,8000,83.45212,KEMET,CAP TANT POLY 100UF 4V 1411
T540B336K006CH86107280,8000,83.45212,KEMET,CAP TANT POLY 33UF 6.3V 1411
T540B476K006CH86107280,8000,83.45212,KEMET,CAP TANT POLY 47UF 6.3V 1411
T540B686K006CH86107280,8000,83.45212,KEMET,CAP TANT POLY 68UF 6.3V 1411
T540B226K010CH86107280,8000,83.45212,KEMET,CAP TANT POLY 22UF 10V 1411
T540B336K010CH86107280,8000,83.45212,KEMET,CAP TANT POLY 33UF 10V 1411
T540B107K003CH86107610,3600,83.45212,KEMET,CAP TANT POLY 100UF 3V 1411
T540B157K003CH86107610,3600,83.45212,KEMET,CAP TANT POLY 150UF 3V 1411
T540B686K004CH86107610,3600,83.45212,KEMET,CAP TANT POLY 68UF 4V 1411
T540B107K004CH86107610,3600,83.45212,KEMET,CAP TANT POLY 100UF 4V 1411
T540B336K006CH86107610,3600,83.45212,KEMET,CAP TANT POLY 33UF 6.3V 1411
T540B476K006CH86107610,3600,83.45212,KEMET,CAP TANT POLY 47UF 6.3V 1411
T540B686K006CH86107610,3600,83.45212,KEMET,CAP TANT POLY 68UF 6.3V 1411
T540B226K010CH86107610,3600,83.45212,KEMET,CAP TANT POLY 22UF 10V 1411
T540B336K010CH86107610,3600,83.45212,KEMET,CAP TANT POLY 33UF 10V 1411
T540B107M003BH8610WAFL,120,83.60708,KEMET,CAP TANT POLY 100UF 3V 1411
T540B157M003BH8610WAFL,120,83.60708,KEMET,CAP TANT POLY 150UF 3V 1411
T540B686M004BH8610WAFL,120,83.60708,KEMET,CAP TANT POLY 68UF 4V 1411
T540B107M004BH8610WAFL,120,83.60708,KEMET,CAP TANT POLY 100UF 4V 1411
T540B336M006BH8610WAFL,120,83.60708,KEMET,CAP TANT POLY 33UF 6.3V 1411
T540B476M006BH8610WAFL,120,83.60708,KEMET,CAP TANT POLY 47UF 6.3V 1411
T540B686M006BH8610WAFL,120,83.60708,KEMET,CAP TANT POLY 68UF 6.3V 1411
T540B226M010BH8610WAFL,120,83.60708,KEMET,CAP TANT POLY 22UF 10V 1411
T540B336M010BH8610WAFL,120,83.60708,KEMET,CAP TANT POLY 33UF 10V 1411
T540D337M2R5BH86057280,2500,84.01371,KEMET,CAP TANT POLY 330UF 2.5V 2917
T540D477M2R5BH86057280,2500,84.01371,KEMET,CAP TANT POLY 470UF 2.5V 2917
T540D687M2R5BH86057280,2500,84.01371,KEMET,CAP TANT POLY 680UF 2.5V 2917
T540B107K003AH87107280,8000,84.01371,KEMET,CAP TANT POLY 100UF 3V 1411
T540B157K003AH87107280,8000,84.01371,KEMET,CAP TANT POLY 150UF 3V 1411
T540D337M003BH86057280,2500,84.01371,KEMET,CAP TANT POLY 330UF 3V 2917
T540D477M003BH86057280,2500,84.01371,KEMET,CAP TANT POLY 470UF 3V 2917
T540D687M003BH86057280,2500,84.01371,KEMET,CAP TANT POLY 680UF 3V 2917
T540B686K004AH87107280,8000,84.01371,KEMET,CAP TANT POLY 68UF 4V 1411
T540B107K004AH87107280,8000,84.01371,KEMET,CAP TANT POLY 100UF 4V 1411
T540D227M004BH86057280,2500,84.01371,KEMET,CAP TANT POLY 220UF 4V 2917
T540D337M004BH86057280,2500,84.01371,KEMET,CAP TANT POLY 330UF 4V 2917
T540D477M004BH86107280,2500,84.01371,KEMET,CAP TANT POLY 470UF 4V 2917
T540B336K006AH87107280,8000,84.01371,KEMET,CAP TANT POLY 33UF 6.3V 1411
T540B476K006AH87107280,8000,84.01371,KEMET,CAP TANT POLY 47UF 6.3V 1411
T540B686K006AH87107280,8000,84.01371,KEMET,CAP TANT POLY 68UF 6.3V 1411
T540D157M006BH86057280,2500,84.01371,KEMET,CAP TANT POLY 150UF 6.3V 2917
T540D227M006BH86057280,2500,84.01371,KEMET,CAP TANT POLY 220UF 6.3V 2917
T540D337M006BH86107280,2500,84.01371,KEMET,CAP TANT POLY 330UF 6.3V 2917
T540B226K010AH87107280,8000,84.01371,KEMET,CAP TANT POLY 22UF 10V 1411
T540B336K010AH87107280,8000,84.01371,KEMET,CAP TANT POLY 33UF 10V 1411
T540B107K003AH87107610,3600,84.01371,KEMET,CAP TANT POLY 100UF 3V 1411
T540B157K003AH87107610,3600,84.01371,KEMET,CAP TANT POLY 150UF 3V 1411
T540B686K004AH87107610,3600,84.01371,KEMET,CAP TANT POLY 68UF 4V 1411
T540B107K004AH87107610,3600,84.01371,KEMET,CAP TANT POLY 100UF 4V 1411
T540B336K006AH87107610,3600,84.01371,KEMET,CAP TANT POLY 33UF 6.3V 1411
T540B476K006AH87107610,3600,84.01371,KEMET,CAP TANT POLY 47UF 6.3V 1411
T540B686K006AH87107610,3600,84.01371,KEMET,CAP TANT POLY 68UF 6.3V 1411
T540B226K010AH87107610,3600,84.01371,KEMET,CAP TANT POLY 22UF 10V 1411
T540B336K010AH87107610,3600,84.01371,KEMET,CAP TANT POLY 33UF 10V 1411
T540D156M0AT8610,500,84.04804,KEMET,CAP TANT POLY 15UF 2917
T540D226M0AT8605,500,84.04804,KEMET,CAP TANT POLY 22UF 2917
T540D336M0AT8605,500,84.04804,KEMET,CAP TANT POLY 33UF 2917
T543D336K025AHW0607505,1,84.1,KEMET,CAP TANT POLY 33UF 25V 2917
T543D475M063ATE075,1,,KEMET,CAP TANT POLY 4.7UF 63V 2917
T540D337M2R5BH86057610,750,84.49964,KEMET,CAP TANT POLY 330UF 2.5V 2917
T540D477M2R5BH86057610,750,84.49964,KEMET,CAP TANT POLY 470UF 2.5V 2917
T540D687M2R5BH86057610,750,84.49964,KEMET,CAP TANT POLY 680UF 2.5V 2917
T540D337M003BH86057610,750,84.49964,KEMET,CAP TANT POLY 330UF 3V 2917
T540D477M003BH86057610,750,84.49964,KEMET,CAP TANT POLY 470UF 3V 2917
T540D687M003BH86057610,750,84.49964,KEMET,CAP TANT POLY 680UF 3V 2917
T540D227M004BH86057610,750,84.49964,KEMET,CAP TANT POLY 220UF 4V 2917
T540D337M004BH86057610,750,84.49964,KEMET,CAP TANT POLY 330UF 4V 2917
T540D477M004BH86107610,750,84.49964,KEMET,CAP TANT POLY 470UF 4V 2917
T540D157M006BH86057610,750,84.49964,KEMET,CAP TANT POLY 150UF 6.3V 2917
T540D227M006BH86057610,750,84.49964,KEMET,CAP TANT POLY 220UF 6.3V 2917
T540D337M006BH86107610,750,84.49964,KEMET,CAP TANT POLY 330UF 6.3V 2917
T540B107M003AH8610,2000,84.57144,KEMET,CAP TANT POLY 100UF 3V 1411
T540B157M003AH8610,2000,84.57144,KEMET,CAP TANT POLY 150UF 3V 1411
T540B686M004AH8610,2000,84.57144,KEMET,CAP TANT POLY 68UF 4V 1411
T540B107M004AH8610,2000,84.57144,KEMET,CAP TANT POLY 100UF 4V 1411
T540B336M006AH8610,2000,84.57144,KEMET,CAP TANT POLY 33UF 6.3V 1411
T540B476M006AH8610,2000,84.57144,KEMET,CAP TANT POLY 47UF 6.3V 1411
T540B686M006AH8610,2000,84.57144,KEMET,CAP TANT POLY 68UF 6.3V 1411
T540B226M010AH8610,2000,84.57144,KEMET,CAP TANT POLY 22UF 10V 1411
T540B336M010AH8610,2000,84.57144,KEMET,CAP TANT POLY 33UF 10V 1411
T540B476M006AH6710,2000,77.83268,KEMET,CAP TANT POLY 47UF 6.3V 1411
T540B107M003AH6710,2000,77.83268,KEMET,CAP TANT SMD POLYMER HI-REL
T540B157M003AH6710,2000,77.83268,KEMET,CAP TANT SMD POLYMER HI-REL
T540B336M006AH6710,2000,77.83268,KEMET,CAP TANT SMD POLYMER HI-REL
T540B226M010AH6710,2000,77.83268,KEMET,CAP TANT SMD POLYMER HI-REL
T541D227M010AT6510,500,78.15924,KEMET,CAP TANT SMD POLYMER HI-REL
T540D156M0CT8510,500,85.15414,KEMET,CAP TANT POLY 15UF 2917
T540D226M0CT8505,500,85.15414,KEMET,CAP TANT POLY 22UF 2917
T540D336M0CT8505,500,85.15414,KEMET,CAP TANT POLY 33UF 2917
T540B107K003CH8510WAFL,120,85.27317,KEMET,CAP TANT POLY 100UF 3V 1411
T540B157K003CH8510WAFL,120,85.27317,KEMET,CAP TANT POLY 150UF 3V 1411
T540B686K004CH8510WAFL,120,85.27317,KEMET,CAP TANT POLY 68UF 4V 1411
T540B107K004CH8510WAFL,120,85.27317,KEMET,CAP TANT POLY 100UF 4V 1411
T540B336K006CH8510WAFL,120,85.27317,KEMET,CAP TANT POLY 33UF 6.3V 1411
T540B476K006CH8510WAFL,120,85.27317,KEMET,CAP TANT POLY 47UF 6.3V 1411
T540B686K006CH8510WAFL,120,85.27317,KEMET,CAP TANT POLY 68UF 6.3V 1411
T540B226K010CH8510WAFL,120,85.27317,KEMET,CAP TANT POLY 22UF 10V 1411
T540B336K010CH8510WAFL,120,85.27317,KEMET,CAP TANT POLY 33UF 10V 1411
T541D157M010AH6510,1000,78.49473,KEMET,CAP TANT POLY 150UF 10V 2917
T540D337M2R5BH8505WAFL,128,85.40438,KEMET,CAP TANT POLY 330UF 2.5V 2917
T540D477M2R5BH8505WAFL,128,85.40438,KEMET,CAP TANT POLY 470UF 2.5V 2917
T540D687M2R5BH8505WAFL,128,85.40438,KEMET,CAP TANT POLY 680UF 2.5V 2917
T540D337M003BH8505WAFL,128,85.40438,KEMET,CAP TANT POLY 330UF 3V 2917
T540D477M003BH8505WAFL,128,85.40438,KEMET,CAP TANT POLY 470UF 3V 2917
T540D687M003BH8505WAFL,128,85.40438,KEMET,CAP TANT POLY 680UF 3V 2917
T540D227M004BH8505WAFL,128,85.40438,KEMET,CAP TANT POLY 220UF 4V 2917
T540D337M004BH8505WAFL,128,85.40438,KEMET,CAP TANT POLY 330UF 4V 2917
T540D477M004BH8510WAFL,128,85.40438,KEMET,CAP TANT POLY 470UF 4V 2917
T540D157M006BH8505WAFL,128,85.40438,KEMET,CAP TANT POLY 150UF 6.3V 2917
T540D227M006BH8505WAFL,128,85.40438,KEMET,CAP TANT POLY 220UF 6.3V 2917
T540D337M006BH8510WAFL,128,85.40438,KEMET,CAP TANT POLY 330UF 6.3V 2917
T540B107K003BH8510,2000,85.59537,KEMET,CAP TANT POLY 100UF 3V 1411
T540B157K003BH8510,2000,85.59537,KEMET,CAP TANT POLY 150UF 3V 1411
T540B686K004BH8510,2000,85.59537,KEMET,CAP TANT POLY 68UF 4V 1411
T540B107K004BH8510,2000,85.59537,KEMET,CAP TANT POLY 100UF 4V 1411
T540B336K006BH8510,2000,85.59537,KEMET,CAP TANT POLY 33UF 6.3V 1411
T540B476K006BH8510,2000,85.59537,KEMET,CAP TANT POLY 47UF 6.3V 1411
T540B686K006BH8510,2000,85.59537,KEMET,CAP TANT POLY 68UF 6.3V 1411
T540B226K010BH8510,2000,85.59537,KEMET,CAP TANT POLY 22UF 10V 1411
T540B336K010BH8510,2000,85.59537,KEMET,CAP TANT POLY 33UF 10V 1411
T540B686K006BH6610,2000,78.77502,KEMET,CAP TANT SMD POLYMER HI-REL
T540B336K010BH6610,2000,78.77502,KEMET,CAP TANT SMD POLYMER HI-REL
T540B107K004BH6610,2000,78.77502,KEMET,CAP TANT SMD POLYMER HI-REL
T540D337M2R5DH85057280,2500,85.69848,KEMET,CAP TANT POLY 330UF 2.5V 2917
T540D477M2R5DH85057280,2500,85.69848,KEMET,CAP TANT POLY 470UF 2.5V 2917
T540D687M2R5DH85057280,2500,85.69848,KEMET,CAP TANT POLY 680UF 2.5V 2917
T540D337M003DH85057280,2500,85.69848,KEMET,CAP TANT POLY 330UF 3V 2917
T540D477M003DH85057280,2500,85.69848,KEMET,CAP TANT POLY 470UF 3V 2917
T540D687M003DH85057280,2500,85.69848,KEMET,CAP TANT POLY 680UF 3V 2917
T540D227M004DH85057280,2500,85.69848,KEMET,CAP TANT POLY 220UF 4V 2917
T540D337M004DH85057280,2500,85.69848,KEMET,CAP TANT POLY 330UF 4V 2917
T540D477M004DH85107280,2500,85.69848,KEMET,CAP TANT POLY 470UF 4V 2917
T540D157M006DH85057280,2500,85.69848,KEMET,CAP TANT POLY 150UF 6.3V 2917
T540D227M006DH85057280,2500,85.69848,KEMET,CAP TANT POLY 220UF 6.3V 2917
T540D337M006DH85107280,2500,85.69848,KEMET,CAP TANT POLY 330UF 6.3V 2917
T540B107K003AH8610WAFL,120,85.86767,KEMET,CAP TANT POLY 100UF 3V 1411
T540B157K003AH8610WAFL,120,85.86767,KEMET,CAP TANT POLY 150UF 3V 1411
T540B686K004AH8610WAFL,120,85.86767,KEMET,CAP TANT POLY 68UF 4V 1411
T540B107K004AH8610WAFL,120,85.86767,KEMET,CAP TANT POLY 100UF 4V 1411
T540B336K006AH8610WAFL,120,85.86767,KEMET,CAP TANT POLY 33UF 6.3V 1411
T540B476K006AH8610WAFL,120,85.86767,KEMET,CAP TANT POLY 47UF 6.3V 1411
T540B686K006AH8610WAFL,120,85.86767,KEMET,CAP TANT POLY 68UF 6.3V 1411
T540B226K010AH8610WAFL,120,85.86767,KEMET,CAP TANT POLY 22UF 10V 1411
T540B336K010AH8610WAFL,120,85.86767,KEMET,CAP TANT POLY 33UF 10V 1411
T540D337M2R5DH85057610,750,86.08036,KEMET,CAP TANT POLY 330UF 2.5V 2917
T540D477M2R5DH85057610,750,86.08036,KEMET,CAP TANT POLY 470UF 2.5V 2917
T540D687M2R5DH85057610,750,86.08036,KEMET,CAP TANT POLY 680UF 2.5V 2917
T540D337M003DH85057610,750,86.08036,KEMET,CAP TANT POLY 330UF 3V 2917
T540D477M003DH85057610,750,86.08036,KEMET,CAP TANT POLY 470UF 3V 2917
T540D687M003DH85057610,750,86.08036,KEMET,CAP TANT POLY 680UF 3V 2917
T540D227M004DH85057610,750,86.08036,KEMET,CAP TANT POLY 220UF 4V 2917
T540D337M004DH85057610,750,86.08036,KEMET,CAP TANT POLY 330UF 4V 2917
T540D477M004DH85107610,750,86.08036,KEMET,CAP TANT POLY 470UF 4V 2917
T540D157M006DH85057610,750,86.08036,KEMET,CAP TANT POLY 150UF 6.3V 2917
T540D227M006DH85057610,750,86.08036,KEMET,CAP TANT POLY 220UF 6.3V 2917
T540D337M006DH85107610,750,86.08036,KEMET,CAP TANT POLY 330UF 6.3V 2917
T540B107M003CH87107280,8000,86.70934,KEMET,CAP TANT POLY 100UF 3V 1411
T540B157M003CH87107280,8000,86.70934,KEMET,CAP TANT POLY 150UF 3V 1411
T540B686M004CH87107280,8000,86.70934,KEMET,CAP TANT POLY 68UF 4V 1411
T540B107M004CH87107280,8000,86.70934,KEMET,CAP TANT POLY 100UF 4V 1411
T540B336M006CH87107280,8000,86.70934,KEMET,CAP TANT POLY 33UF 6.3V 1411
T540B476M006CH87107280,8000,86.70934,KEMET,CAP TANT POLY 47UF 6.3V 1411
T540B686M006CH87107280,8000,86.70934,KEMET,CAP TANT POLY 68UF 6.3V 1411
T540B226M010CH87107280,8000,86.70934,KEMET,CAP TANT POLY 22UF 10V 1411
T540B336M010CH87107280,8000,86.70934,KEMET,CAP TANT POLY 33UF 10V 1411
T540B107M003CH87107610,3600,86.70934,KEMET,CAP TANT POLY 100UF 3V 1411
T540B157M003CH87107610,3600,86.70934,KEMET,CAP TANT POLY 150UF 3V 1411
T540B686M004CH87107610,3600,86.70934,KEMET,CAP TANT POLY 68UF 4V 1411
T540B107M004CH87107610,3600,86.70934,KEMET,CAP TANT POLY 100UF 4V 1411
T540B336M006CH87107610,3600,86.70934,KEMET,CAP TANT POLY 33UF 6.3V 1411
T540B476M006CH87107610,3600,86.70934,KEMET,CAP TANT POLY 47UF 6.3V 1411
T540B686M006CH87107610,3600,86.70934,KEMET,CAP TANT POLY 68UF 6.3V 1411
T540B226M010CH87107610,3600,86.70934,KEMET,CAP TANT POLY 22UF 10V 1411
T540B336M010CH87107610,3600,86.70934,KEMET,CAP TANT POLY 33UF 10V 1411
T540D337K2R5AH86057280,2500,86.82166,KEMET,CAP TANT POLY 330UF 2.5V 2917
T540D477K2R5AH86057280,2500,86.82166,KEMET,CAP TANT POLY 470UF 2.5V 2917
T540D687K2R5AH86057280,2500,86.82166,KEMET,CAP TANT POLY 680UF 2.5V 2917
T540D337K2R5AH6510,500,80.1009,KEMET,CAP TANT SMD POLYMER HI-REL
T540D157K010AT6510,500,80.1009,KEMET,CAP TANT SMD POLYMER HI-REL
T540D337K2R5AH86057610,750,87.13357,KEMET,CAP TANT POLY 330UF 2.5V 2917
T540D477K2R5AH86057610,750,87.13357,KEMET,CAP TANT POLY 470UF 2.5V 2917
T540D687K2R5AH86057610,750,87.13357,KEMET,CAP TANT POLY 680UF 2.5V 2917
T541D477M2R5AH6510,500,80.3169,KEMET,CAP TANT SMD POLYMER HI-REL
T541D687M2R5AH6510,500,80.3169,KEMET,CAP TANT SMD POLYMER HI-REL
T541D227M010AH6510,500,80.3169,KEMET,CAP TANT SMD POLYMER HI-REL
T541D227M006AH6510,500,80.3169,KEMET,CAP TANT SMD POLYMER HI-REL
T541D687M003AH6510,500,80.3169,KEMET,CAP TANT SMD POLYMER HI-REL
T540D337K003AH86057280,2500,87.60788,KEMET,CAP TANT POLY 330UF 3V 2917
T540D477K003AH86057280,2500,87.60788,KEMET,CAP TANT POLY 470UF 3V 2917
T540D687K003AH86057280,2500,87.60788,KEMET,CAP TANT POLY 680UF 3V 2917
T540D227K004AH86057280,2500,87.60788,KEMET,CAP TANT POLY 220UF 4V 2917
T540D337K004AH86057280,2500,87.60788,KEMET,CAP TANT POLY 330UF 4V 2917
T540D477K004AH86107280,2500,87.60788,KEMET,CAP TANT POLY 470UF 4V 2917
T540D157K006AH86057280,2500,87.60788,KEMET,CAP TANT POLY 150UF 6.3V 2917
T540D227K006AH86057280,2500,87.60788,KEMET,CAP TANT POLY 220UF 6.3V 2917
T540D337K006AH86107280,2500,87.60788,KEMET,CAP TANT POLY 330UF 6.3V 2917
T540D337K003AH86057610,750,87.87001,KEMET,CAP TANT POLY 330UF 3V 2917
T540D477K003AH86057610,750,87.87001,KEMET,CAP TANT POLY 470UF 3V 2917
T540D687K003AH86057610,750,87.87001,KEMET,CAP TANT POLY 680UF 3V 2917
T540D227K004AH86057610,750,87.87001,KEMET,CAP TANT POLY 220UF 4V 2917
T540D337K004AH86057610,750,87.87001,KEMET,CAP TANT POLY 330UF 4V 2917
T540D477K004AH86107610,750,87.87001,KEMET,CAP TANT POLY 470UF 4V 2917
T540D157K006AH86057610,750,87.87001,KEMET,CAP TANT POLY 150UF 6.3V 2917
T540D227K006AH86057610,750,87.87001,KEMET,CAP TANT POLY 220UF 6.3V 2917
T540D337K006AH86107610,750,87.87001,KEMET,CAP TANT POLY 330UF 6.3V 2917
T540D156K0BT8510,500,88.20954,KEMET,CAP TANT POLY 15UF 2917
T540D226K0BT8505,500,88.20954,KEMET,CAP TANT POLY 22UF 2917
T540D336K0BT8505,500,88.20954,KEMET,CAP TANT POLY 33UF 2917
T540D337K2R5AH8505WAFL,128,88.35828,KEMET,CAP TANT POLY 330UF 2.5V 2917
T540D477K2R5AH8505WAFL,128,88.35828,KEMET,CAP TANT POLY 470UF 2.5V 2917
T540D687K2R5AH8505WAFL,128,88.35828,KEMET,CAP TANT POLY 680UF 2.5V 2917
T540D337K003AH8505WAFL,128,88.35828,KEMET,CAP TANT POLY 330UF 3V 2917
T540D477K003AH8505WAFL,128,88.35828,KEMET,CAP TANT POLY 470UF 3V 2917
T540D687K003AH8505WAFL,128,88.35828,KEMET,CAP TANT POLY 680UF 3V 2917
T540D227K004AH8505WAFL,128,88.35828,KEMET,CAP TANT POLY 220UF 4V 2917
T540D337K004AH8505WAFL,128,88.35828,KEMET,CAP TANT POLY 330UF 4V 2917
T540D477K004AH8510WAFL,128,88.35828,KEMET,CAP TANT POLY 470UF 4V 2917
T540D157K006AH8505WAFL,128,88.35828,KEMET,CAP TANT POLY 150UF 6.3V 2917
T540D227K006AH8505WAFL,128,88.35828,KEMET,CAP TANT POLY 220UF 6.3V 2917
T540D337K006AH8510WAFL,128,88.35828,KEMET,CAP TANT POLY 330UF 6.3V 2917
T540D337M2R5DH8505,500,88.37092,KEMET,CAP TANT POLY 330UF 2.5V 2917
T540D477M2R5DH8505,500,88.37092,KEMET,CAP TANT POLY 470UF 2.5V 2917
T540D687M2R5DH8505,500,88.37092,KEMET,CAP TANT POLY 680UF 2.5V 2917
T540D337M003DH8505,500,88.37092,KEMET,CAP TANT POLY 330UF 3V 2917
T540D477M003DH8505,500,88.37092,KEMET,CAP TANT POLY 470UF 3V 2917
T540D687M003DH8505,500,88.37092,KEMET,CAP TANT POLY 680UF 3V 2917
T540D227M004DH8505,500,88.37092,KEMET,CAP TANT POLY 220UF 4V 2917
T540D337M004DH8505,500,88.37092,KEMET,CAP TANT POLY 330UF 4V 2917
T540D477M004DH8510,500,88.37092,KEMET,CAP TANT POLY 470UF 4V 2917
T540D157M006DH8505,500,88.37092,KEMET,CAP TANT POLY 150UF 6.3V 2917
T540D227M006DH8505,500,88.37092,KEMET,CAP TANT POLY 220UF 6.3V 2917
T540D337M006DH8510,500,88.37092,KEMET,CAP TANT POLY 330UF 6.3V 2917
T540D226M020DH8505,500,88.37092,KEMET,CAP TANT POLY 22UF 20V 2917
T540D336M020DH8505,500,88.37092,KEMET,CAP TANT POLY 33UF 20V 2917
T540D476M020DH8505,500,88.37092,KEMET,CAP TANT POLY 47UF 20V 2917
T540D156M025DH8510,500,88.37092,KEMET,CAP TANT POLY 15UF 25V 2917
T540D226M025DH8505,500,88.37092,KEMET,CAP TANT POLY 22UF 25V 2917
T540D336M025DH8505,500,88.37092,KEMET,CAP TANT POLY 33UF 25V 2917
T543D157M010ATW025,1,,KEMET,CAP TANT POLY 150UF 10V 2917
T540A226M010AH6510,2000,88.66749,KEMET,CAP TANT POLY 22UF 10V 1206
T540A226M010AT6510,2000,88.66749,KEMET,CAP TANT POLY 22UF 10V 1206
T540B107M003CH8610WAFL,120,88.71683,KEMET,CAP TANT POLY 100UF 3V 1411
T540B157M003CH8610WAFL,120,88.71683,KEMET,CAP TANT POLY 150UF 3V 1411
T540B686M004CH8610WAFL,120,88.71683,KEMET,CAP TANT POLY 68UF 4V 1411
T540B107M004CH8610WAFL,120,88.71683,KEMET,CAP TANT POLY 100UF 4V 1411
T540B336M006CH8610WAFL,120,88.71683,KEMET,CAP TANT POLY 33UF 6.3V 1411
T540B476M006CH8610WAFL,120,88.71683,KEMET,CAP TANT POLY 47UF 6.3V 1411
T540B686M006CH8610WAFL,120,88.71683,KEMET,CAP TANT POLY 68UF 6.3V 1411
T540B226M010CH8610WAFL,120,88.71683,KEMET,CAP TANT POLY 22UF 10V 1411
T540B336M010CH8610WAFL,120,88.71683,KEMET,CAP TANT POLY 33UF 10V 1411
T543D227M006AHW0257505,1,89.05,KEMET,CAP TANT POLY 220UF 6.3V 2917
T540D337K2R5CH85057280,2500,89.06801,KEMET,CAP TANT POLY 330UF 2.5V 2917
T540D477K2R5CH85057280,2500,89.06801,KEMET,CAP TANT POLY 470UF 2.5V 2917
T540D687K2R5CH85057280,2500,89.06801,KEMET,CAP TANT POLY 680UF 2.5V 2917
T540B107K003BH87107280,8000,89.06801,KEMET,CAP TANT POLY 100UF 3V 1411
T540B157K003BH87107280,8000,89.06801,KEMET,CAP TANT POLY 150UF 3V 1411
T540D337K003CH85057280,2500,89.06801,KEMET,CAP TANT POLY 330UF 3V 2917
T540D477K003CH85057280,2500,89.06801,KEMET,CAP TANT POLY 470UF 3V 2917
T540D687K003CH85057280,2500,89.06801,KEMET,CAP TANT POLY 680UF 3V 2917
T540B686K004BH87107280,8000,89.06801,KEMET,CAP TANT POLY 68UF 4V 1411
T540B107K004BH87107280,8000,89.06801,KEMET,CAP TANT POLY 100UF 4V 1411
T540D227K004CH85057280,2500,89.06801,KEMET,CAP TANT POLY 220UF 4V 2917
T540D337K004CH85057280,2500,89.06801,KEMET,CAP TANT POLY 330UF 4V 2917
T540D477K004CH85107280,2500,89.06801,KEMET,CAP TANT POLY 470UF 4V 2917
T540B336K006BH87107280,8000,89.06801,KEMET,CAP TANT POLY 33UF 6.3V 1411
T540B476K006BH87107280,8000,89.06801,KEMET,CAP TANT POLY 47UF 6.3V 1411
T540B686K006BH87107280,8000,89.06801,KEMET,CAP TANT POLY 68UF 6.3V 1411
T540D157K006CH85057280,2500,89.06801,KEMET,CAP TANT POLY 150UF 6.3V 2917
T540D227K006CH85057280,2500,89.06801,KEMET,CAP TANT POLY 220UF 6.3V 2917
T540D337K006CH85107280,2500,89.06801,KEMET,CAP TANT POLY 330UF 6.3V 2917
T540B226K010BH87107280,8000,89.06801,KEMET,CAP TANT POLY 22UF 10V 1411
T540B336K010BH87107280,8000,89.06801,KEMET,CAP TANT POLY 33UF 10V 1411
T540B107K003BH87107610,3600,89.06801,KEMET,CAP TANT POLY 100UF 3V 1411
T540B157K003BH87107610,3600,89.06801,KEMET,CAP TANT POLY 150UF 3V 1411
T540B686K004BH87107610,3600,89.06801,KEMET,CAP TANT POLY 68UF 4V 1411
T540B107K004BH87107610,3600,89.06801,KEMET,CAP TANT POLY 100UF 4V 1411
T540B336K006BH87107610,3600,89.06801,KEMET,CAP TANT POLY 33UF 6.3V 1411
T540B476K006BH87107610,3600,89.06801,KEMET,CAP TANT POLY 47UF 6.3V 1411
T540B686K006BH87107610,3600,89.06801,KEMET,CAP TANT POLY 68UF 6.3V 1411
T540B226K010BH87107610,3600,89.06801,KEMET,CAP TANT POLY 22UF 10V 1411
T540B336K010BH87107610,3600,89.06801,KEMET,CAP TANT POLY 33UF 10V 1411
T540D337K2R5CH85057610,750,89.23688,KEMET,CAP TANT POLY 330UF 2.5V 2917
T540D477K2R5CH85057610,750,89.23688,KEMET,CAP TANT POLY 470UF 2.5V 2917
T540D687K2R5CH85057610,750,89.23688,KEMET,CAP TANT POLY 680UF 2.5V 2917
T540D337K003CH85057610,750,89.23688,KEMET,CAP TANT POLY 330UF 3V 2917
T540D477K003CH85057610,750,89.23688,KEMET,CAP TANT POLY 470UF 3V 2917
T540D687K003CH85057610,750,89.23688,KEMET,CAP TANT POLY 680UF 3V 2917
T540D227K004CH85057610,750,89.23688,KEMET,CAP TANT POLY 220UF 4V 2917
T540D337K004CH85057610,750,89.23688,KEMET,CAP TANT POLY 330UF 4V 2917
T540D477K004CH85107610,750,89.23688,KEMET,CAP TANT POLY 470UF 4V 2917
T540D157K006CH85057610,750,89.23688,KEMET,CAP TANT POLY 150UF 6.3V 2917
T540D227K006CH85057610,750,89.23688,KEMET,CAP TANT POLY 220UF 6.3V 2917
T540D337K006CH85107610,750,89.23688,KEMET,CAP TANT POLY 330UF 6.3V 2917
T540B107K003DH8610,2000,89.51728,KEMET,CAP TANT POLY 100UF 3V 1411
T540B157K003DH8610,2000,89.51728,KEMET,CAP TANT POLY 150UF 3V 1411
T540B686K004DH8610,2000,89.51728,KEMET,CAP TANT POLY 68UF 4V 1411
T540B107K004DH8610,2000,89.51728,KEMET,CAP TANT POLY 100UF 4V 1411
T540B336K006DH8610,2000,89.51728,KEMET,CAP TANT POLY 33UF 6.3V 1411
T540B476K006DH8610,2000,89.51728,KEMET,CAP TANT POLY 47UF 6.3V 1411
T540B686K006DH8610,2000,89.51728,KEMET,CAP TANT POLY 68UF 6.3V 1411
T540B226K010DH8610,2000,89.51728,KEMET,CAP TANT POLY 22UF 10V 1411
T540B336K010DH8610,2000,89.51728,KEMET,CAP TANT POLY 33UF 10V 1411
T540B107K003DH86107280,8000,89.51728,KEMET,CAP TANT POLY 100UF 3V 1411
T540B157K003DH86107280,8000,89.51728,KEMET,CAP TANT POLY 150UF 3V 1411
T540B686K004DH86107280,8000,89.51728,KEMET,CAP TANT POLY 68UF 4V 1411
T540B107K004DH86107280,8000,89.51728,KEMET,CAP TANT POLY 100UF 4V 1411
T540B336K006DH86107280,8000,89.51728,KEMET,CAP TANT POLY 33UF 6.3V 1411
T540B476K006DH86107280,8000,89.51728,KEMET,CAP TANT POLY 47UF 6.3V 1411
T540B686K006DH86107280,8000,89.51728,KEMET,CAP TANT POLY 68UF 6.3V 1411
T540B226K010DH86107280,8000,89.51728,KEMET,CAP TANT POLY 22UF 10V 1411
T540B336K010DH86107280,8000,89.51728,KEMET,CAP TANT POLY 33UF 10V 1411
T540B107K003DH86107610,3600,89.51728,KEMET,CAP TANT POLY 100UF 3V 1411
T540B157K003DH86107610,3600,89.51728,KEMET,CAP TANT POLY 150UF 3V 1411
T540B686K004DH86107610,3600,89.51728,KEMET,CAP TANT POLY 68UF 4V 1411
T540B107K004DH86107610,3600,89.51728,KEMET,CAP TANT POLY 100UF 4V 1411
T540B336K006DH86107610,3600,89.51728,KEMET,CAP TANT POLY 33UF 6.3V 1411
T540B476K006DH86107610,3600,89.51728,KEMET,CAP TANT POLY 47UF 6.3V 1411
T540B686K006DH86107610,3600,89.51728,KEMET,CAP TANT POLY 68UF 6.3V 1411
T540B226K010DH86107610,3600,89.51728,KEMET,CAP TANT POLY 22UF 10V 1411
T540B336K010DH86107610,3600,89.51728,KEMET,CAP TANT POLY 33UF 10V 1411
T540D337M2R5AH87057280,2500,89.6296,KEMET,CAP TANT POLY 330UF 2.5V 2917
T540D477M2R5AH87057280,2500,89.6296,KEMET,CAP TANT POLY 470UF 2.5V 2917
T540D687M2R5AH87057280,2500,89.6296,KEMET,CAP TANT POLY 680UF 2.5V 2917
T540D337M003AH87057280,2500,89.6296,KEMET,CAP TANT POLY 330UF 3V 2917
T540D477M003AH87057280,2500,89.6296,KEMET,CAP TANT POLY 470UF 3V 2917
T540D687M003AH87057280,2500,89.6296,KEMET,CAP TANT POLY 680UF 3V 2917
T540D227M004AH87057280,2500,89.6296,KEMET,CAP TANT POLY 220UF 4V 2917
T540D337M004AH87057280,2500,89.6296,KEMET,CAP TANT POLY 330UF 4V 2917
T540D477M004AH87107280,2500,89.6296,KEMET,CAP TANT POLY 470UF 4V 2917
T540D157M006AH87057280,2500,89.6296,KEMET,CAP TANT POLY 150UF 6.3V 2917
T540D227M006AH87057280,2500,89.6296,KEMET,CAP TANT POLY 220UF 6.3V 2917
T540D337M006AH87107280,2500,89.6296,KEMET,CAP TANT POLY 330UF 6.3V 2917
T541X687M006AH8510,500,89.66194,KEMET,CAP TANT POLY 680UF 6.3V 2917
T540D156M0BT8610,500,89.70544,KEMET,CAP TANT POLY 15UF 2917
T540D226M0BT8605,500,89.70544,KEMET,CAP TANT POLY 22UF 2917
T540D336M0BT8605,500,89.70544,KEMET,CAP TANT POLY 33UF 2917
T540D337M2R5AH87057610,750,89.76223,KEMET,CAP TANT POLY 330UF 2.5V 2917
T540D477M2R5AH87057610,750,89.76223,KEMET,CAP TANT POLY 470UF 2.5V 2917
T540D687M2R5AH87057610,750,89.76223,KEMET,CAP TANT POLY 680UF 2.5V 2917
T540D337M003AH87057610,750,89.76223,KEMET,CAP TANT POLY 330UF 3V 2917
T540D477M003AH87057610,750,89.76223,KEMET,CAP TANT POLY 470UF 3V 2917
T540D687M003AH87057610,750,89.76223,KEMET,CAP TANT POLY 680UF 3V 2917
T540D227M004AH87057610,750,89.76223,KEMET,CAP TANT POLY 220UF 4V 2917
T540D337M004AH87057610,750,89.76223,KEMET,CAP TANT POLY 330UF 4V 2917
T540D477M004AH87107610,750,89.76223,KEMET,CAP TANT POLY 470UF 4V 2917
T540D157M006AH87057610,750,89.76223,KEMET,CAP TANT POLY 150UF 6.3V 2917
T540D227M006AH87057610,750,89.76223,KEMET,CAP TANT POLY 220UF 6.3V 2917
T540D337M006AH87107610,750,89.76223,KEMET,CAP TANT POLY 330UF 6.3V 2917
T540B107M003BH8610,2000,89.80477,KEMET,CAP TANT POLY 100UF 3V 1411
T540B157M003BH8610,2000,89.80477,KEMET,CAP TANT POLY 150UF 3V 1411
T540B686M004BH8610,2000,89.80477,KEMET,CAP TANT POLY 68UF 4V 1411
T540B107M004BH8610,2000,89.80477,KEMET,CAP TANT POLY 100UF 4V 1411
T540B336M006BH8610,2000,89.80477,KEMET,CAP TANT POLY 33UF 6.3V 1411
T540B476M006BH8610,2000,89.80477,KEMET,CAP TANT POLY 47UF 6.3V 1411
T540B686M006BH8610,2000,89.80477,KEMET,CAP TANT POLY 68UF 6.3V 1411
T540B226M010BH8610,2000,89.80477,KEMET,CAP TANT POLY 22UF 10V 1411
T540B336M010BH8610,2000,89.80477,KEMET,CAP TANT POLY 33UF 10V 1411
T540B107M003BH6710,2000,82.64901,KEMET,CAP TANT SMD POLYMER HI-REL
T540B226M010BH6710,2000,82.64901,KEMET,CAP TANT SMD POLYMER HI-REL
T540B476M006BH6710,2000,82.64901,KEMET,CAP TANT SMD POLYMER HI-REL
T540B107M004BH6710,2000,82.64901,KEMET,CAP TANT SMD POLYMER HI-REL
T540B336M010BH6710,2000,89.80477,KEMET,33.0UF 10.0V
T540D226M020AH8505,500,89.96386,KEMET,CAP TANT POLY 22UF 20V 2917
T540D336M020AH8505,500,89.96386,KEMET,CAP TANT POLY 33UF 20V 2917
T540D476M020AH8505,500,89.96386,KEMET,CAP TANT POLY 47UF 20V 2917
T540D156M025AH8510,500,89.96386,KEMET,CAP TANT POLY 15UF 25V 2917
T540D226M025AH8505,500,89.96386,KEMET,CAP TANT POLY 22UF 25V 2917
T540D336M025AH8505,500,89.96386,KEMET,CAP TANT POLY 33UF 25V 2917
T540D226M020AT8505,500,89.96386,KEMET,CAP TANT POLY 22UF 20V 2917
T540D336M020AT8505,500,89.96386,KEMET,CAP TANT POLY 33UF 20V 2917
T540D476M020AT8505,500,89.96386,KEMET,CAP TANT POLY 47UF 20V 2917
T540D337M2R5AH8505,500,90.08048,KEMET,CAP TANT POLY 330UF 2.5V 2917
T540D477M2R5AH8505,500,90.08048,KEMET,CAP TANT POLY 470UF 2.5V 2917
T540D687M2R5AH8505,500,90.08048,KEMET,CAP TANT POLY 680UF 2.5V 2917
T540D337M003AH8505,500,90.08048,KEMET,CAP TANT POLY 330UF 3V 2917
T540D477M003AH8505,500,90.08048,KEMET,CAP TANT POLY 470UF 3V 2917
T540D687M003AH8505,500,90.08048,KEMET,CAP TANT POLY 680UF 3V 2917
T540D227M004AH8505,500,90.08048,KEMET,CAP TANT POLY 220UF 4V 2917
T540D337M004AH8505,500,90.08048,KEMET,CAP TANT POLY 330UF 4V 2917
T540D477M004AH8510,500,90.08048,KEMET,CAP TANT POLY 470UF 4V 2917
T540D157M006AH8505,500,90.08048,KEMET,CAP TANT POLY 150UF 6.3V 2917
T540D227M006AH8505,500,90.08048,KEMET,CAP TANT POLY 220UF 6.3V 2917
T540D337M006AH8510,500,90.08048,KEMET,CAP TANT POLY 330UF 6.3V 2917
T540D107M010AH8510,500,90.08048,KEMET,CAP TANT POLY 100UF 10V 2917
T540D157M010AH8510,500,90.08048,KEMET,CAP TANT POLY 150UF 10V 2917
T540D227M010AH8505,500,90.08048,KEMET,CAP TANT POLY 220UF 10V 2917
T540D476M016AH8510,500,90.08048,KEMET,CAP TANT POLY 47UF 16V 2917
T540D686M016AH8510,500,90.08048,KEMET,CAP TANT POLY 68UF 16V 2917
T540D107M016AH8505,500,90.08048,KEMET,CAP TANT POLY 100UF 16V 2917
T540D336M025AH6610,500,82.90276,KEMET,CAP TANT SMD POLYMER HI-REL
T540D227M010AH6610,500,82.90276,KEMET,CAP TANT SMD POLYMER HI-REL
T540D107M016AH6610,500,82.90276,KEMET,CAP TANT SMD POLYMER HI-REL
T540D337M006AH6610,500,82.90276,KEMET,CAP TANT SMD POLYMER HI-REL
T540D686M016AH6610,500,82.90276,KEMET,CAP TANT SMD POLYMER HI-REL
T540D337M2R5CH86057280,2500,90.19119,KEMET,CAP TANT POLY 330UF 2.5V 2917
T540D477M2R5CH86057280,2500,90.19119,KEMET,CAP TANT POLY 470UF 2.5V 2917
T540D687M2R5CH86057280,2500,90.19119,KEMET,CAP TANT POLY 680UF 2.5V 2917
T540D337M003CH86057280,2500,90.19119,KEMET,CAP TANT POLY 330UF 3V 2917
T540D477M003CH86057280,2500,90.19119,KEMET,CAP TANT POLY 470UF 3V 2917
T540D687M003CH86057280,2500,90.19119,KEMET,CAP TANT POLY 680UF 3V 2917
T540D227M004CH86057280,2500,90.19119,KEMET,CAP TANT POLY 220UF 4V 2917
T540D337M004CH86057280,2500,90.19119,KEMET,CAP TANT POLY 330UF 4V 2917
T540D477M004CH86107280,2500,90.19119,KEMET,CAP TANT POLY 470UF 4V 2917
T540D157M006CH86057280,2500,90.19119,KEMET,CAP TANT POLY 150UF 6.3V 2917
T540D227M006CH86057280,2500,90.19119,KEMET,CAP TANT POLY 220UF 6.3V 2917
T540D337M006CH86107280,2500,90.19119,KEMET,CAP TANT POLY 330UF 6.3V 2917
T540D337M2R5CH86057610,750,90.28793,KEMET,CAP TANT POLY 330UF 2.5V 2917
T540D477M2R5CH86057610,750,90.28793,KEMET,CAP TANT POLY 470UF 2.5V 2917
T540D687M2R5CH86057610,750,90.28793,KEMET,CAP TANT POLY 680UF 2.5V 2917
T540D337M003CH86057610,750,90.28793,KEMET,CAP TANT POLY 330UF 3V 2917
T540D477M003CH86057610,750,90.28793,KEMET,CAP TANT POLY 470UF 3V 2917
T540D687M003CH86057610,750,90.28793,KEMET,CAP TANT POLY 680UF 3V 2917
T540D227M004CH86057610,750,90.28793,KEMET,CAP TANT POLY 220UF 4V 2917
T540D337M004CH86057610,750,90.28793,KEMET,CAP TANT POLY 330UF 4V 2917
T540D477M004CH86107610,750,90.28793,KEMET,CAP TANT POLY 470UF 4V 2917
T540D157M006CH86057610,750,90.28793,KEMET,CAP TANT POLY 150UF 6.3V 2917
T540D227M006CH86057610,750,90.28793,KEMET,CAP TANT POLY 220UF 6.3V 2917
T540D337M006CH86107610,750,90.28793,KEMET,CAP TANT POLY 330UF 6.3V 2917
T540B107M003AH8710WAFL,120,90.84858,KEMET,CAP TANT POLY 100UF 3V 1411
T540B157M003AH8710WAFL,120,90.84858,KEMET,CAP TANT POLY 150UF 3V 1411
T540B686M004AH8710WAFL,120,90.84858,KEMET,CAP TANT POLY 68UF 4V 1411
T540B107M004AH8710WAFL,120,90.84858,KEMET,CAP TANT POLY 100UF 4V 1411
T540B336M006AH8710WAFL,120,90.84858,KEMET,CAP TANT POLY 33UF 6.3V 1411
T540B476M006AH8710WAFL,120,90.84858,KEMET,CAP TANT POLY 47UF 6.3V 1411
T540B686M006AH8710WAFL,120,90.84858,KEMET,CAP TANT POLY 68UF 6.3V 1411
T540B226M010AH8710WAFL,120,90.84858,KEMET,CAP TANT POLY 22UF 10V 1411
T540B336M010AH8710WAFL,120,90.84858,KEMET,CAP TANT POLY 33UF 10V 1411
T540B107K003BH8610WAFL,120,91.20283,KEMET,CAP TANT POLY 100UF 3V 1411
T540B157K003BH8610WAFL,120,91.20283,KEMET,CAP TANT POLY 150UF 3V 1411
T540B686K004BH8610WAFL,120,91.20283,KEMET,CAP TANT POLY 68UF 4V 1411
T540B107K004BH8610WAFL,120,91.20283,KEMET,CAP TANT POLY 100UF 4V 1411
T540B336K006BH8610WAFL,120,91.20283,KEMET,CAP TANT POLY 33UF 6.3V 1411
T540B476K006BH8610WAFL,120,91.20283,KEMET,CAP TANT POLY 47UF 6.3V 1411
T540B686K006BH8610WAFL,120,91.20283,KEMET,CAP TANT POLY 68UF 6.3V 1411
T540B226K010BH8610WAFL,120,91.20283,KEMET,CAP TANT POLY 22UF 10V 1411
T540B336K010BH8610WAFL,120,91.20283,KEMET,CAP TANT POLY 33UF 10V 1411
T540D337M2R5AH8605WAFL,128,91.30453,KEMET,CAP TANT POLY 330UF 2.5V 2917
T540D477M2R5AH8605WAFL,128,91.30453,KEMET,CAP TANT POLY 470UF 2.5V 2917
T540D687M2R5AH8605WAFL,128,91.30453,KEMET,CAP TANT POLY 680UF 2.5V 2917
T540D337M003AH8605WAFL,128,91.30453,KEMET,CAP TANT POLY 330UF 3V 2917
T540D477M003AH8605WAFL,128,91.30453,KEMET,CAP TANT POLY 470UF 3V 2917
T540D687M003AH8605WAFL,128,91.30453,KEMET,CAP TANT POLY 680UF 3V 2917
T540D227M004AH8605WAFL,128,91.30453,KEMET,CAP TANT POLY 220UF 4V 2917
T540D337M004AH8605WAFL,128,91.30453,KEMET,CAP TANT POLY 330UF 4V 2917
T540D477M004AH8610WAFL,128,91.30453,KEMET,CAP TANT POLY 470UF 4V 2917
T540D157M006AH8605WAFL,128,91.30453,KEMET,CAP TANT POLY 150UF 6.3V 2917
T540D227M006AH8605WAFL,128,91.30453,KEMET,CAP TANT POLY 220UF 6.3V 2917
T540D337M006AH8610WAFL,128,91.30453,KEMET,CAP TANT POLY 330UF 6.3V 2917
T541D157M010AT6520,500,84.30294,KEMET,CAP TANT SMD POLYMER HI-REL
T541D227M006AT6520,500,84.30294,KEMET,CAP TANT SMD POLYMER HI-REL
T540B107K003DH8510WAFL,120,91.676,KEMET,CAP TANT POLY 100UF 3V 1411
T540B157K003DH8510WAFL,120,91.676,KEMET,CAP TANT POLY 150UF 3V 1411
T540B686K004DH8510WAFL,120,91.676,KEMET,CAP TANT POLY 68UF 4V 1411
T540B107K004DH8510WAFL,120,91.676,KEMET,CAP TANT POLY 100UF 4V 1411
T540B336K006DH8510WAFL,120,91.676,KEMET,CAP TANT POLY 33UF 6.3V 1411
T540B476K006DH8510WAFL,120,91.676,KEMET,CAP TANT POLY 47UF 6.3V 1411
T540B686K006DH8510WAFL,120,91.676,KEMET,CAP TANT POLY 68UF 6.3V 1411
T540B226K010DH8510WAFL,120,91.676,KEMET,CAP TANT POLY 22UF 10V 1411
T540B336K010DH8510WAFL,120,91.676,KEMET,CAP TANT POLY 33UF 10V 1411
T540D337M2R5CH8505WAFL,128,91.89281,KEMET,CAP TANT POLY 330UF 2.5V 2917
T540D477M2R5CH8505WAFL,128,91.89281,KEMET,CAP TANT POLY 470UF 2.5V 2917
T540D687M2R5CH8505WAFL,128,91.89281,KEMET,CAP TANT POLY 680UF 2.5V 2917
T540D337M003CH8505WAFL,128,91.89281,KEMET,CAP TANT POLY 330UF 3V 2917
T540D477M003CH8505WAFL,128,91.89281,KEMET,CAP TANT POLY 470UF 3V 2917
T540D687M003CH8505WAFL,128,91.89281,KEMET,CAP TANT POLY 680UF 3V 2917
T540D227M004CH8505WAFL,128,91.89281,KEMET,CAP TANT POLY 220UF 4V 2917
T540D337M004CH8505WAFL,128,91.89281,KEMET,CAP TANT POLY 330UF 4V 2917
T540D477M004CH8510WAFL,128,91.89281,KEMET,CAP TANT POLY 470UF 4V 2917
T540D157M006CH8505WAFL,128,91.89281,KEMET,CAP TANT POLY 150UF 6.3V 2917
T540D227M006CH8505WAFL,128,91.89281,KEMET,CAP TANT POLY 220UF 6.3V 2917
T540D337M006CH8510WAFL,128,91.89281,KEMET,CAP TANT POLY 330UF 6.3V 2917
T540D226M020DT8505,500,91.9349,KEMET,CAP TANT POLY 22UF 20V 2917
T540D336M020DT8505,500,91.9349,KEMET,CAP TANT POLY 33UF 20V 2917
T540D476M020DT8505,500,91.9349,KEMET,CAP TANT POLY 47UF 20V 2917
T540D156M0DT8510,500,91.9349,KEMET,CAP TANT POLY 15UF 2917
T540D226M0DT8505,500,91.9349,KEMET,CAP TANT POLY 22UF 2917
T540D336M0DT8505,500,91.9349,KEMET,CAP TANT POLY 33UF 2917
T540B336M010DH87107280,750,91.98821,KEMET,CAP TANT POLY 33UF 10V 1411
T540B157M003DH87107610,750,91.98821,KEMET,CAP TANT POLY 150UF 3V 1411
T540B107M004DH87107610,750,91.98821,KEMET,CAP TANT POLY 100UF 4V 1411
T540B686M006DH87107610,750,91.98821,KEMET,CAP TANT POLY 68UF 6.3V 1411
T540B107M003DH8710,2000,91.98828,KEMET,CAP TANT POLY 100UF 3V 1411
T540B686M004DH8710,2000,91.98828,KEMET,CAP TANT POLY 68UF 4V 1411
T540B336M006DH8710,2000,91.98828,KEMET,CAP TANT POLY 33UF 6.3V 1411
T540B476M006DH8710,2000,91.98828,KEMET,CAP TANT POLY 47UF 6.3V 1411
T540B226M010DH8710,2000,91.98828,KEMET,CAP TANT POLY 22UF 10V 1411
T540B107M003DH87107280,8000,91.98827,KEMET,CAP TANT POLY 100UF 3V 1411
T540B157M003DH87107280,2500,91.98827,KEMET,CAP TANT POLY 150UF 3V 1411
T540B686M004DH87107280,8000,91.98827,KEMET,CAP TANT POLY 68UF 4V 1411
T540B107M004DH87107280,2500,91.98827,KEMET,CAP TANT POLY 100UF 4V 1411
T540B336M006DH87107280,8000,91.98827,KEMET,CAP TANT POLY 33UF 6.3V 1411
T540B476M006DH87107280,8000,91.98827,KEMET,CAP TANT POLY 47UF 6.3V 1411
T540B686M006DH87107280,2500,91.98827,KEMET,CAP TANT POLY 68UF 6.3V 1411
T540B226M010DH87107280,8000,91.98827,KEMET,CAP TANT POLY 22UF 10V 1411
T540B107M003DH87107610,3600,91.98827,KEMET,CAP TANT POLY 100UF 3V 1411
T540B686M004DH87107610,3600,91.98827,KEMET,CAP TANT POLY 68UF 4V 1411
T540B336M006DH87107610,3600,91.98827,KEMET,CAP TANT POLY 33UF 6.3V 1411
T540B476M006DH87107610,3600,91.98827,KEMET,CAP TANT POLY 47UF 6.3V 1411
T540B226M010DH87107610,3600,91.98827,KEMET,CAP TANT POLY 22UF 10V 1411
T540A226M010DH6510,2000,92.32523,KEMET,CAP TANT POLY 22UF 10V 1206
T541X107M0AT8510,500,92.34786,KEMET,CAP TANT POLY 100UF 2917
T540D107M016AH6510,17,85.02471,KEMET,CAP TANT SMD POLYMER HI-REL
T540D156K0AT8610,500,92.52542,KEMET,CAP TANT POLY 15UF 2917
T540D226K0AT8605,500,92.52542,KEMET,CAP TANT POLY 22UF 2917
T540D336K0AT8605,500,92.52542,KEMET,CAP TANT POLY 33UF 2917
T540B107K003CH8510,2000,92.53216,KEMET,CAP TANT POLY 100UF 3V 1411
T540B157K003CH8510,2000,92.53216,KEMET,CAP TANT POLY 150UF 3V 1411
T540B686K004CH8510,2000,92.53216,KEMET,CAP TANT POLY 68UF 4V 1411
T540B107K004CH8510,2000,92.53216,KEMET,CAP TANT POLY 100UF 4V 1411
T540B336K006CH8510,2000,92.53216,KEMET,CAP TANT POLY 33UF 6.3V 1411
T540B476K006CH8510,2000,92.53216,KEMET,CAP TANT POLY 47UF 6.3V 1411
T540B686K006CH8510,2000,92.53216,KEMET,CAP TANT POLY 68UF 6.3V 1411
T540B226K010CH8510,2000,92.53216,KEMET,CAP TANT POLY 22UF 10V 1411
T540B336K010CH8510,2000,92.53216,KEMET,CAP TANT POLY 33UF 10V 1411
T540B336K010CH6610,2000,85.15908,KEMET,CAP TANT SMD POLYMER HI-REL
T540B107K004CH6610,2000,85.15908,KEMET,CAP TANT SMD POLYMER HI-REL
T540B107K003AH8610,2000,92.64587,KEMET,CAP TANT POLY 100UF 3V 1411
T540B157K003AH8610,2000,92.64587,KEMET,CAP TANT POLY 150UF 3V 1411
T540B686K004AH8610,2000,92.64587,KEMET,CAP TANT POLY 68UF 4V 1411
T540B107K004AH8610,2000,92.64587,KEMET,CAP TANT POLY 100UF 4V 1411
T540B336K006AH8610,2000,92.64587,KEMET,CAP TANT POLY 33UF 6.3V 1411
T540B476K006AH8610,2000,92.64587,KEMET,CAP TANT POLY 47UF 6.3V 1411
T540B686K006AH8610,2000,92.64587,KEMET,CAP TANT POLY 68UF 6.3V 1411
T540B226K010AH8610,2000,92.64587,KEMET,CAP TANT POLY 22UF 10V 1411
T540B336K010AH8610,2000,92.64587,KEMET,CAP TANT POLY 33UF 10V 1411
T540D226M030BH6510,500,85.70196,KEMET,CAP TANT SMD POLYMER HI-REL
T540D337K2R5BH86057280,2500,93.22377,KEMET,CAP TANT POLY 330UF 2.5V 2917
T540D477K2R5BH86057280,2500,93.22377,KEMET,CAP TANT POLY 470UF 2.5V 2917
T540D687K2R5BH86057280,2500,93.22377,KEMET,CAP TANT POLY 680UF 2.5V 2917
T540D337K003BH86057280,2500,93.22377,KEMET,CAP TANT POLY 330UF 3V 2917
T540D477K003BH86057280,2500,93.22377,KEMET,CAP TANT POLY 470UF 3V 2917
T540D687K003BH86057280,2500,93.22377,KEMET,CAP TANT POLY 680UF 3V 2917
T540D227K004BH86057280,2500,93.22377,KEMET,CAP TANT POLY 220UF 4V 2917
T540D337K004BH86057280,2500,93.22377,KEMET,CAP TANT POLY 330UF 4V 2917
T540D477K004BH86107280,2500,93.22377,KEMET,CAP TANT POLY 470UF 4V 2917
T540D157K006BH86057280,2500,93.22377,KEMET,CAP TANT POLY 150UF 6.3V 2917
T540D227K006BH86057280,2500,93.22377,KEMET,CAP TANT POLY 220UF 6.3V 2917
T540D337K006BH86107280,2500,93.22377,KEMET,CAP TANT POLY 330UF 6.3V 2917
T540D337K2R5BH86057610,750,93.22377,KEMET,CAP TANT POLY 330UF 2.5V 2917
T540D477K2R5BH86057610,750,93.22377,KEMET,CAP TANT POLY 470UF 2.5V 2917
T540D687K2R5BH86057610,750,93.22377,KEMET,CAP TANT POLY 680UF 2.5V 2917
T540D337K003BH86057610,750,93.22377,KEMET,CAP TANT POLY 330UF 3V 2917
T540D477K003BH86057610,750,93.22377,KEMET,CAP TANT POLY 470UF 3V 2917
T540D687K003BH86057610,750,93.22377,KEMET,CAP TANT POLY 680UF 3V 2917
T540D227K004BH86057610,750,93.22377,KEMET,CAP TANT POLY 220UF 4V 2917
T540D337K004BH86057610,750,93.22377,KEMET,CAP TANT POLY 330UF 4V 2917
T540D477K004BH86107610,750,93.22377,KEMET,CAP TANT POLY 470UF 4V 2917
T540D157K006BH86057610,750,93.22377,KEMET,CAP TANT POLY 150UF 6.3V 2917
T540D227K006BH86057610,750,93.22377,KEMET,CAP TANT POLY 220UF 6.3V 2917
T540D337K006BH86107610,750,93.22377,KEMET,CAP TANT POLY 330UF 6.3V 2917
T543D106K050AHW100D100,1,93.63,KEMET,CAP TANT POLY 10UF 50V 2917
T543C337K004AHW025D100,1,93.81,KEMET,CAP TANT POLY 330UF 4V 2312
T540B107M003DH8610WAFL,120,94.27508,KEMET,CAP TANT POLY 100UF 3V 1411
T540B157M003DH8610WAFL,120,94.27508,KEMET,CAP TANT POLY 150UF 3V 1411
T540B686M004DH8610WAFL,120,94.27508,KEMET,CAP TANT POLY 68UF 4V 1411
T540B107M004DH8610WAFL,120,94.27508,KEMET,CAP TANT POLY 100UF 4V 1411
T540B336M006DH8610WAFL,120,94.27508,KEMET,CAP TANT POLY 33UF 6.3V 1411
T540B476M006DH8610WAFL,120,94.27508,KEMET,CAP TANT POLY 47UF 6.3V 1411
T540B686M006DH8610WAFL,120,94.27508,KEMET,CAP TANT POLY 68UF 6.3V 1411
T540B226M010DH8610WAFL,120,94.27508,KEMET,CAP TANT POLY 22UF 10V 1411
T540B336M010DH8610WAFL,120,94.27508,KEMET,CAP TANT POLY 33UF 10V 1411
T541D157M010AH6520,500,86.77782,KEMET,CAP TANT SMD POLYMER HI-REL
T541D227M010AH6520,500,86.77782,KEMET,CAP TANT SMD POLYMER HI-REL
T541D227M006AH6520,500,86.77782,KEMET,CAP TANT SMD POLYMER HI-REL
T540B157M003DH8710,500,94.38594,KEMET,CAP TANT POLY 150UF 3V 1411
T540B107M004DH8710,500,94.38594,KEMET,CAP TANT POLY 100UF 4V 1411
T540B686M006DH8710,500,94.38594,KEMET,CAP TANT POLY 68UF 6.3V 1411
T540B107K003CH87107280,8000,94.6839,KEMET,CAP TANT POLY 100UF 3V 1411
T540B157K003CH87107280,8000,94.6839,KEMET,CAP TANT POLY 150UF 3V 1411
T540B686K004CH87107280,8000,94.6839,KEMET,CAP TANT POLY 68UF 4V 1411
T540B107K004CH87107280,8000,94.6839,KEMET,CAP TANT POLY 100UF 4V 1411
T540B336K006CH87107280,8000,94.6839,KEMET,CAP TANT POLY 33UF 6.3V 1411
T540B476K006CH87107280,8000,94.6839,KEMET,CAP TANT POLY 47UF 6.3V 1411
T540B686K006CH87107280,8000,94.6839,KEMET,CAP TANT POLY 68UF 6.3V 1411
T540B226K010CH87107280,8000,94.6839,KEMET,CAP TANT POLY 22UF 10V 1411
T540B336K010CH87107280,8000,94.6839,KEMET,CAP TANT POLY 33UF 10V 1411
T540B107K003CH87107610,3600,94.6839,KEMET,CAP TANT POLY 100UF 3V 1411
T540B157K003CH87107610,3600,94.6839,KEMET,CAP TANT POLY 150UF 3V 1411
T540B686K004CH87107610,3600,94.6839,KEMET,CAP TANT POLY 68UF 4V 1411
T540B107K004CH87107610,3600,94.6839,KEMET,CAP TANT POLY 100UF 4V 1411
T540B336K006CH87107610,3600,94.6839,KEMET,CAP TANT POLY 33UF 6.3V 1411
T540B476K006CH87107610,3600,94.6839,KEMET,CAP TANT POLY 47UF 6.3V 1411
T540B686K006CH87107610,3600,94.6839,KEMET,CAP TANT POLY 68UF 6.3V 1411
T540B226K010CH87107610,3600,94.6839,KEMET,CAP TANT POLY 22UF 10V 1411
T540B336K010CH87107610,3600,94.6839,KEMET,CAP TANT POLY 33UF 10V 1411
T540D156M0AT8710,500,94.8043,KEMET,CAP TANT POLY 15UF 2917
T540D226M0AT8705,500,94.8043,KEMET,CAP TANT POLY 22UF 2917
T540D336M0AT8705,500,94.8043,KEMET,CAP TANT POLY 33UF 2917
T540D337K2R5BH8505WAFL,128,95.06438,KEMET,CAP TANT POLY 330UF 2.5V 2917
T540D477K2R5BH8505WAFL,128,95.06438,KEMET,CAP TANT POLY 470UF 2.5V 2917
T540D687K2R5BH8505WAFL,128,95.06438,KEMET,CAP TANT POLY 680UF 2.5V 2917
T540D337K003BH8505WAFL,128,95.06438,KEMET,CAP TANT POLY 330UF 3V 2917
T540D477K003BH8505WAFL,128,95.06438,KEMET,CAP TANT POLY 470UF 3V 2917
T540D687K003BH8505WAFL,128,95.06438,KEMET,CAP TANT POLY 680UF 3V 2917
T540D227K004BH8505WAFL,128,95.06438,KEMET,CAP TANT POLY 220UF 4V 2917
T540D337K004BH8505WAFL,128,95.06438,KEMET,CAP TANT POLY 330UF 4V 2917
T540D477K004BH8510WAFL,128,95.06438,KEMET,CAP TANT POLY 470UF 4V 2917
T540D157K006BH8505WAFL,128,95.06438,KEMET,CAP TANT POLY 150UF 6.3V 2917
T540D227K006BH8505WAFL,128,95.06438,KEMET,CAP TANT POLY 220UF 6.3V 2917
T540D337K006BH8510WAFL,128,95.06438,KEMET,CAP TANT POLY 330UF 6.3V 2917
T540D337M2R5BH87057280,2500,95.24549,KEMET,CAP TANT POLY 330UF 2.5V 2917
T540D477M2R5BH87057280,2500,95.24549,KEMET,CAP TANT POLY 470UF 2.5V 2917
T540D687M2R5BH87057280,2500,95.24549,KEMET,CAP TANT POLY 680UF 2.5V 2917
T540D337M003BH87057280,2500,95.24549,KEMET,CAP TANT POLY 330UF 3V 2917
T540D477M003BH87057280,2500,95.24549,KEMET,CAP TANT POLY 470UF 3V 2917
T540D687M003BH87057280,2500,95.24549,KEMET,CAP TANT POLY 680UF 3V 2917
T540D227M004BH87057280,2500,95.24549,KEMET,CAP TANT POLY 220UF 4V 2917
T540D337M004BH87057280,2500,95.24549,KEMET,CAP TANT POLY 330UF 4V 2917
T540D477M004BH87107280,2500,95.24549,KEMET,CAP TANT POLY 470UF 4V 2917
T540D157M006BH87057280,2500,95.24549,KEMET,CAP TANT POLY 150UF 6.3V 2917
T540D227M006BH87057280,2500,95.24549,KEMET,CAP TANT POLY 220UF 6.3V 2917
T540D337M006BH87107280,2500,95.24549,KEMET,CAP TANT POLY 330UF 6.3V 2917
T540D337M2R5BH87057610,750,95.24549,KEMET,CAP TANT POLY 330UF 2.5V 2917
T540D477M2R5BH87057610,750,95.24549,KEMET,CAP TANT POLY 470UF 2.5V 2917
T540D687M2R5BH87057610,750,95.24549,KEMET,CAP TANT POLY 680UF 2.5V 2917
T540D337M003BH87057610,750,95.24549,KEMET,CAP TANT POLY 330UF 3V 2917
T540D477M003BH87057610,750,95.24549,KEMET,CAP TANT POLY 470UF 3V 2917
T540D687M003BH87057610,750,95.24549,KEMET,CAP TANT POLY 680UF 3V 2917
T540D227M004BH87057610,750,95.24549,KEMET,CAP TANT POLY 220UF 4V 2917
T540D337M004BH87057610,750,95.24549,KEMET,CAP TANT POLY 330UF 4V 2917
T540D477M004BH87107610,750,95.24549,KEMET,CAP TANT POLY 470UF 4V 2917
T540D157M006BH87057610,750,95.24549,KEMET,CAP TANT POLY 150UF 6.3V 2917
T540D227M006BH87057610,750,95.24549,KEMET,CAP TANT POLY 220UF 6.3V 2917
T540D337M006BH87107610,750,95.24549,KEMET,CAP TANT POLY 330UF 6.3V 2917
T540D156K0CT8510,500,95.31288,KEMET,CAP TANT POLY 15UF 2917
T540D226K0CT8505,500,95.31288,KEMET,CAP TANT POLY 22UF 2917
T540D336K0CT8505,500,95.31288,KEMET,CAP TANT POLY 33UF 2917
T540D107K016BH6510,500,87.74552,KEMET,CAP TANT SMD POLYMER HI-REL
T540B107M003BH8710WAFL,120,95.45367,KEMET,CAP TANT POLY 100UF 3V 1411
T540B157M003BH8710WAFL,120,95.45367,KEMET,CAP TANT POLY 150UF 3V 1411
T540B686M004BH8710WAFL,120,95.45367,KEMET,CAP TANT POLY 68UF 4V 1411
T540B107M004BH8710WAFL,120,95.45367,KEMET,CAP TANT POLY 100UF 4V 1411
T540B336M006BH8710WAFL,120,95.45367,KEMET,CAP TANT POLY 33UF 6.3V 1411
T540B476M006BH8710WAFL,120,95.45367,KEMET,CAP TANT POLY 47UF 6.3V 1411
T540B686M006BH8710WAFL,120,95.45367,KEMET,CAP TANT POLY 68UF 6.3V 1411
T540B226M010BH8710WAFL,120,95.45367,KEMET,CAP TANT POLY 22UF 10V 1411
T540B336M010BH8710WAFL,120,95.45367,KEMET,CAP TANT POLY 33UF 10V 1411
T543D107K016AHW050D100,1,95.69,KEMET,CAP TANT POLY 100UF 16V 2917
T540B476M010AH6520,2000,88.08593,KEMET,CAP TANT SMD POLYMER HI-REL
T540D156M0CT8610,500,95.90196,KEMET,CAP TANT POLY 15UF 2917
T540D226M0CT8605,500,95.90196,KEMET,CAP TANT POLY 22UF 2917
T540D336M0CT8605,500,95.90196,KEMET,CAP TANT POLY 33UF 2917
T541X686M0AT8510,500,96.1,KEMET,CAP TANT POLY 68UF 2917
T540B107M003CH8610,2000,96.16699,KEMET,CAP TANT POLY 100UF 3V 1411
T540B157M003CH8610,2000,96.16699,KEMET,CAP TANT POLY 150UF 3V 1411
T540B686M004CH8610,2000,96.16699,KEMET,CAP TANT POLY 68UF 4V 1411
T540B107M004CH8610,2000,96.16699,KEMET,CAP TANT POLY 100UF 4V 1411
T540B336M006CH8610,2000,96.16699,KEMET,CAP TANT POLY 33UF 6.3V 1411
T540B476M006CH8610,2000,96.16699,KEMET,CAP TANT POLY 47UF 6.3V 1411
T540B686M006CH8610,2000,96.16699,KEMET,CAP TANT POLY 68UF 6.3V 1411
T540B226M010CH8610,2000,96.16699,KEMET,CAP TANT POLY 22UF 10V 1411
T540B336M010CH8610,2000,96.16699,KEMET,CAP TANT POLY 33UF 10V 1411
T540B336M010CH6710,2000,88.50428,KEMET,CAP TANT SMD POLYMER HI-REL
T540B476M006CH6710,2000,88.50428,KEMET,CAP TANT SMD POLYMER HI-REL
T540B686M006CH6710,2000,88.50428,KEMET,CAP TANT SMD POLYMER HI-REL
T540B107M004CH6710,2000,88.50428,KEMET,CAP TANT SMD POLYMER HI-REL
T540D226M030DH8505,500,96.3144,KEMET,CAP TANT POLY 22UF 30V 2917
T540D336M030DH8510,500,96.3144,KEMET,CAP TANT POLY 33UF 30V 2917
T543X686K025AHW035D100,1,96.41,KEMET,CAP TANT POLY 68UF 25V 2917
T540D337K2R5DH85057280,2500,96.81794,KEMET,CAP TANT POLY 330UF 2.5V 2917
T540D477K2R5DH85057280,2500,96.81794,KEMET,CAP TANT POLY 470UF 2.5V 2917
T540D687K2R5DH85057280,2500,96.81794,KEMET,CAP TANT POLY 680UF 2.5V 2917
T540D337K003DH85057280,2500,96.81794,KEMET,CAP TANT POLY 330UF 3V 2917
T540D477K003DH85057280,2500,96.81794,KEMET,CAP TANT POLY 470UF 3V 2917
T540D687K003DH85057280,2500,96.81794,KEMET,CAP TANT POLY 680UF 3V 2917
T540D227K004DH85057280,2500,96.81794,KEMET,CAP TANT POLY 220UF 4V 2917
T540D337K004DH85057280,2500,96.81794,KEMET,CAP TANT POLY 330UF 4V 2917
T540D477K004DH85107280,2500,96.81794,KEMET,CAP TANT POLY 470UF 4V 2917
T540D157K006DH85057280,2500,96.81794,KEMET,CAP TANT POLY 150UF 6.3V 2917
T540D227K006DH85057280,2500,96.81794,KEMET,CAP TANT POLY 220UF 6.3V 2917
T540D337K006DH85107280,2500,96.81794,KEMET,CAP TANT POLY 330UF 6.3V 2917
T540D337K2R5DH85057610,750,96.81793,KEMET,CAP TANT POLY 330UF 2.5V 2917
T540D477K2R5DH85057610,750,96.81793,KEMET,CAP TANT POLY 470UF 2.5V 2917
T540D687K2R5DH85057610,750,96.81793,KEMET,CAP TANT POLY 680UF 2.5V 2917
T540D337K003DH85057610,750,96.81793,KEMET,CAP TANT POLY 330UF 3V 2917
T540D477K003DH85057610,750,96.81793,KEMET,CAP TANT POLY 470UF 3V 2917
T540D687K003DH85057610,750,96.81793,KEMET,CAP TANT POLY 680UF 3V 2917
T540D227K004DH85057610,750,96.81793,KEMET,CAP TANT POLY 220UF 4V 2917
T540D337K004DH85057610,750,96.81793,KEMET,CAP TANT POLY 330UF 4V 2917
T540D477K004DH85107610,750,96.81793,KEMET,CAP TANT POLY 470UF 4V 2917
T540D157K006DH85057610,750,96.81793,KEMET,CAP TANT POLY 150UF 6.3V 2917
T540D227K006DH85057610,750,96.81793,KEMET,CAP TANT POLY 220UF 6.3V 2917
T540D337K006DH85107610,750,96.81793,KEMET,CAP TANT POLY 330UF 6.3V 2917
T540D337M2R5DH86057610,750,96.9302,KEMET,CAP TANT POLY 330UF 2.5V 2917
T540D477M2R5DH86057610,750,96.9302,KEMET,CAP TANT POLY 470UF 2.5V 2917
T540D687M2R5DH86057610,750,96.9302,KEMET,CAP TANT POLY 680UF 2.5V 2917
T540D337M003DH86057610,750,96.9302,KEMET,CAP TANT POLY 330UF 3V 2917
T540D477M003DH86057610,750,96.9302,KEMET,CAP TANT POLY 470UF 3V 2917
T540D687M003DH86057610,750,96.9302,KEMET,CAP TANT POLY 680UF 3V 2917
T540D227M004DH86057610,750,96.9302,KEMET,CAP TANT POLY 220UF 4V 2917
T540D337M004DH86057610,750,96.9302,KEMET,CAP TANT POLY 330UF 4V 2917
T540D477M004DH86107610,750,96.9302,KEMET,CAP TANT POLY 470UF 4V 2917
T540D157M006DH86057610,750,96.9302,KEMET,CAP TANT POLY 150UF 6.3V 2917
T540D227M006DH86057610,750,96.9302,KEMET,CAP TANT POLY 220UF 6.3V 2917
T540D337M006DH86107610,750,96.9302,KEMET,CAP TANT POLY 330UF 6.3V 2917
T540D337M2R5DH86057280,2500,96.93026,KEMET,CAP TANT POLY 330UF 2.5V 2917
T540D477M2R5DH86057280,2500,96.93026,KEMET,CAP TANT POLY 470UF 2.5V 2917
T540D687M2R5DH86057280,2500,96.93026,KEMET,CAP TANT POLY 680UF 2.5V 2917
T540D337M003DH86057280,2500,96.93026,KEMET,CAP TANT POLY 330UF 3V 2917
T540D477M003DH86057280,2500,96.93026,KEMET,CAP TANT POLY 470UF 3V 2917
T540D687M003DH86057280,2500,96.93026,KEMET,CAP TANT POLY 680UF 3V 2917
T540D227M004DH86057280,2500,96.93026,KEMET,CAP TANT POLY 220UF 4V 2917
T540D337M004DH86057280,2500,96.93026,KEMET,CAP TANT POLY 330UF 4V 2917
T540D477M004DH86107280,2500,96.93026,KEMET,CAP TANT POLY 470UF 4V 2917
T540D157M006DH86057280,2500,96.93026,KEMET,CAP TANT POLY 150UF 6.3V 2917
T540D227M006DH86057280,2500,96.93026,KEMET,CAP TANT POLY 220UF 6.3V 2917
T540D337M006DH86107280,2500,96.93026,KEMET,CAP TANT POLY 330UF 6.3V 2917
T540A226M010DT6510,2000,96.93026,KEMET,CAP TANT POLY 22UF 10V 1206
T540D476M016AH6620,500,89.25022,KEMET,CAP TANT SMD POLYMER HI-REL
T540D337M006AH6620,500,89.25022,KEMET,330.UF 6.0V
T540B107K003CH8610WAFL,120,97.1025,KEMET,CAP TANT POLY 100UF 3V 1411
T540B157K003CH8610WAFL,120,97.1025,KEMET,CAP TANT POLY 150UF 3V 1411
T540B686K004CH8610WAFL,120,97.1025,KEMET,CAP TANT POLY 68UF 4V 1411
T540B107K004CH8610WAFL,120,97.1025,KEMET,CAP TANT POLY 100UF 4V 1411
T540B336K006CH8610WAFL,120,97.1025,KEMET,CAP TANT POLY 33UF 6.3V 1411
T540B476K006CH8610WAFL,120,97.1025,KEMET,CAP TANT POLY 47UF 6.3V 1411
T540B686K006CH8610WAFL,120,97.1025,KEMET,CAP TANT POLY 68UF 6.3V 1411
T540B226K010CH8610WAFL,120,97.1025,KEMET,CAP TANT POLY 22UF 10V 1411
T540B336K010CH8610WAFL,120,97.1025,KEMET,CAP TANT POLY 33UF 10V 1411
T540D337M2R5BH8605WAFL,128,97.17453,KEMET,CAP TANT POLY 330UF 2.5V 2917
T540D477M2R5BH8605WAFL,128,97.17453,KEMET,CAP TANT POLY 470UF 2.5V 2917
T540D687M2R5BH8605WAFL,128,97.17453,KEMET,CAP TANT POLY 680UF 2.5V 2917
T540D337M003BH8605WAFL,128,97.17453,KEMET,CAP TANT POLY 330UF 3V 2917
T540D477M003BH8605WAFL,128,97.17453,KEMET,CAP TANT POLY 470UF 3V 2917
T540D687M003BH8605WAFL,128,97.17453,KEMET,CAP TANT POLY 680UF 3V 2917
T540D227M004BH8605WAFL,128,97.17453,KEMET,CAP TANT POLY 220UF 4V 2917
T540D337M004BH8605WAFL,128,97.17453,KEMET,CAP TANT POLY 330UF 4V 2917
T540D477M004BH8610WAFL,128,97.17453,KEMET,CAP TANT POLY 470UF 4V 2917
T540D157M006BH8605WAFL,128,97.17453,KEMET,CAP TANT POLY 150UF 6.3V 2917
T540D227M006BH8605WAFL,128,97.17453,KEMET,CAP TANT POLY 220UF 6.3V 2917
T540D337M006BH8610WAFL,128,97.17453,KEMET,CAP TANT POLY 330UF 6.3V 2917
T540D337M2R5BH8505,500,97.21114,KEMET,CAP TANT POLY 330UF 2.5V 2917
T540D477M2R5BH8505,500,97.21114,KEMET,CAP TANT POLY 470UF 2.5V 2917
T540D687M2R5BH8505,500,97.21114,KEMET,CAP TANT POLY 680UF 2.5V 2917
T540D337M003BH8505,500,97.21114,KEMET,CAP TANT POLY 330UF 3V 2917
T540D477M003BH8505,500,97.21114,KEMET,CAP TANT POLY 470UF 3V 2917
T540D687M003BH8505,500,97.21114,KEMET,CAP TANT POLY 680UF 3V 2917
T540D227M004BH8505,500,97.21114,KEMET,CAP TANT POLY 220UF 4V 2917
T540D337M004BH8505,500,97.21114,KEMET,CAP TANT POLY 330UF 4V 2917
T540D477M004BH8510,500,97.21114,KEMET,CAP TANT POLY 470UF 4V 2917
T540D157M006BH8505,500,97.21114,KEMET,CAP TANT POLY 150UF 6.3V 2917
T540D227M006BH8505,500,97.21114,KEMET,CAP TANT POLY 220UF 6.3V 2917
T540D226M020BH8505,500,97.21114,KEMET,CAP TANT POLY 22UF 20V 2917
T540D336M020BH8505,500,97.21114,KEMET,CAP TANT POLY 33UF 20V 2917
T540D476M020BH8505,500,97.21114,KEMET,CAP TANT POLY 47UF 20V 2917
T540D156M025BH8510,500,97.21114,KEMET,CAP TANT POLY 15UF 25V 2917
T540D226M025BH8505,500,97.21114,KEMET,CAP TANT POLY 22UF 25V 2917
T540D336M025BH8505,500,97.21114,KEMET,CAP TANT POLY 33UF 25V 2917
T540D226M020BT8505,500,97.21114,KEMET,CAP TANT POLY 22UF 20V 2917
T540D336M020BT8505,500,97.21114,KEMET,CAP TANT POLY 33UF 20V 2917
T540D476M020BT8505,500,97.21114,KEMET,CAP TANT POLY 47UF 20V 2917
T540D476M016BH6610,500,89.46524,KEMET,CAP TANT SMD POLYMER HI-REL
T540D336M025BH6610,500,89.46524,KEMET,CAP TANT SMD POLYMER HI-REL
T540D686M016BH6610,500,89.46524,KEMET,CAP TANT SMD POLYMER HI-REL
T543D157K010AHW0257505,1,97.67,KEMET,CAP TANT POLY 150UF 10V 2917
T540B107K003AH8710WAFL,120,97.691,KEMET,CAP TANT POLY 100UF 3V 1411
T540B157K003AH8710WAFL,120,97.691,KEMET,CAP TANT POLY 150UF 3V 1411
T540B686K004AH8710WAFL,120,97.691,KEMET,CAP TANT POLY 68UF 4V 1411
T540B107K004AH8710WAFL,120,97.691,KEMET,CAP TANT POLY 100UF 4V 1411
T540B336K006AH8710WAFL,120,97.691,KEMET,CAP TANT POLY 33UF 6.3V 1411
T540B476K006AH8710WAFL,120,97.691,KEMET,CAP TANT POLY 47UF 6.3V 1411
T540B686K006AH8710WAFL,120,97.691,KEMET,CAP TANT POLY 68UF 6.3V 1411
T540B226K010AH8710WAFL,120,97.691,KEMET,CAP TANT POLY 22UF 10V 1411
T540B336K010AH8710WAFL,120,97.691,KEMET,CAP TANT POLY 33UF 10V 1411
T540B107M003AH8710,2000,97.86919,KEMET,CAP TANT POLY 100UF 3V 1411
T540B157M003AH8710,2000,97.86919,KEMET,CAP TANT POLY 150UF 3V 1411
T540B686M004AH8710,2000,97.86919,KEMET,CAP TANT POLY 68UF 4V 1411
T540B107M004AH8710,2000,97.86919,KEMET,CAP TANT POLY 100UF 4V 1411
T540B336M006AH8710,2000,97.86919,KEMET,CAP TANT POLY 33UF 6.3V 1411
T540B476M006AH8710,2000,97.86919,KEMET,CAP TANT POLY 47UF 6.3V 1411
T540B686M006AH8710,2000,97.86919,KEMET,CAP TANT POLY 68UF 6.3V 1411
T540B226M010AH8710,2000,97.86919,KEMET,CAP TANT POLY 22UF 10V 1411
T540B336M010AH8710,2000,97.86919,KEMET,CAP TANT POLY 33UF 10V 1411
T540D337K2R5AH87057280,2500,98.05343,KEMET,CAP TANT POLY 330UF 2.5V 2917
T540D477K2R5AH87057280,2500,98.05343,KEMET,CAP TANT POLY 470UF 2.5V 2917
T540D687K2R5AH87057280,2500,98.05343,KEMET,CAP TANT POLY 680UF 2.5V 2917
T540D337K2R5AH87057610,750,98.05349,KEMET,CAP TANT POLY 330UF 2.5V 2917
T540D477K2R5AH87057610,750,98.05349,KEMET,CAP TANT POLY 470UF 2.5V 2917
T540D687K2R5AH87057610,750,98.05349,KEMET,CAP TANT POLY 680UF 2.5V 2917
T540D106M050AH6510,500,90.4321,KEMET,CAP TANT SMD POLYMER HI-REL
T540A226M010BH6510,2000,98.32309,KEMET,CAP TANT POLY 22UF 10V 1206
T540A226M010BT6510,2000,98.32309,KEMET,CAP TANT POLY 22UF 10V 1206
T540D337K003AH87057280,2500,98.83966,KEMET,CAP TANT POLY 330UF 3V 2917
T540D477K003AH87057280,2500,98.83966,KEMET,CAP TANT POLY 470UF 3V 2917
T540D687K003AH87057280,2500,98.83966,KEMET,CAP TANT POLY 680UF 3V 2917
T540D227K004AH87057280,2500,98.83966,KEMET,CAP TANT POLY 220UF 4V 2917
T540D337K004AH87057280,2500,98.83966,KEMET,CAP TANT POLY 330UF 4V 2917
T540D477K004AH87107280,2500,98.83966,KEMET,CAP TANT POLY 470UF 4V 2917
T540D157K006AH87057280,2500,98.83966,KEMET,CAP TANT POLY 150UF 6.3V 2917
T540D227K006AH87057280,2500,98.83966,KEMET,CAP TANT POLY 220UF 6.3V 2917
T540D337K006AH87107280,2500,98.83966,KEMET,CAP TANT POLY 330UF 6.3V 2917
T540D337K003AH87057610,750,98.83965,KEMET,CAP TANT POLY 330UF 3V 2917
T540D477K003AH87057610,750,98.83965,KEMET,CAP TANT POLY 470UF 3V 2917
T540D687K003AH87057610,750,98.83965,KEMET,CAP TANT POLY 680UF 3V 2917
T540D227K004AH87057610,750,98.83965,KEMET,CAP TANT POLY 220UF 4V 2917
T540D337K004AH87057610,750,98.83965,KEMET,CAP TANT POLY 330UF 4V 2917
T540D477K004AH87107610,750,98.83965,KEMET,CAP TANT POLY 470UF 4V 2917
T540D157K006AH87057610,750,98.83965,KEMET,CAP TANT POLY 150UF 6.3V 2917
T540D227K006AH87057610,750,98.83965,KEMET,CAP TANT POLY 220UF 6.3V 2917
T540D337K006AH87107610,750,98.83965,KEMET,CAP TANT POLY 330UF 6.3V 2917
T540D337M2R5DH8505WAFL,128,98.92953,KEMET,CAP TANT POLY 330UF 2.5V 2917
T540D477M2R5DH8505WAFL,128,98.92953,KEMET,CAP TANT POLY 470UF 2.5V 2917
T540D687M2R5DH8505WAFL,128,98.92953,KEMET,CAP TANT POLY 680UF 2.5V 2917
T540D337M003DH8505WAFL,128,98.92953,KEMET,CAP TANT POLY 330UF 3V 2917
T540D477M003DH8505WAFL,128,98.92953,KEMET,CAP TANT POLY 470UF 3V 2917
T540D687M003DH8505WAFL,128,98.92953,KEMET,CAP TANT POLY 680UF 3V 2917
T540D227M004DH8505WAFL,128,98.92953,KEMET,CAP TANT POLY 220UF 4V 2917
T540D337M004DH8505WAFL,128,98.92953,KEMET,CAP TANT POLY 330UF 4V 2917
T540D477M004DH8510WAFL,128,98.92953,KEMET,CAP TANT POLY 470UF 4V 2917
T540D157M006DH8505WAFL,128,98.92953,KEMET,CAP TANT POLY 150UF 6.3V 2917
T540D227M006DH8505WAFL,128,98.92953,KEMET,CAP TANT POLY 220UF 6.3V 2917
T540D337M006DH8510WAFL,128,98.92953,KEMET,CAP TANT POLY 330UF 6.3V 2917
T540D156K0BT8610,500,98.93544,KEMET,CAP TANT POLY 15UF 2917
T540D226K0BT8605,500,98.93544,KEMET,CAP TANT POLY 22UF 2917
T540D336K0BT8605,500,98.93544,KEMET,CAP TANT POLY 33UF 2917
T541X477M006AT6510,500,91.07662,KEMET,CAP TANT SMD POLYMER HI-REL
T540D337K2R5DH8505,500,98.98828,KEMET,CAP TANT POLY 330UF 2.5V 2917
T540D477K2R5DH8505,500,98.98828,KEMET,CAP TANT POLY 470UF 2.5V 2917
T540D687K2R5DH8505,500,98.98828,KEMET,CAP TANT POLY 680UF 2.5V 2917
T540D337K003DH8505,500,98.98828,KEMET,CAP TANT POLY 330UF 3V 2917
T540D477K003DH8505,500,98.98828,KEMET,CAP TANT POLY 470UF 3V 2917
T540D687K003DH8505,500,98.98828,KEMET,CAP TANT POLY 680UF 3V 2917
T540D227K004DH8505,500,98.98828,KEMET,CAP TANT POLY 220UF 4V 2917
T540D337K004DH8505,500,98.98828,KEMET,CAP TANT POLY 330UF 4V 2917
T540D477K004DH8510,500,98.98828,KEMET,CAP TANT POLY 470UF 4V 2917
T540D157K006DH8505,500,98.98828,KEMET,CAP TANT POLY 150UF 6.3V 2917
T540D227K006DH8505,500,98.98828,KEMET,CAP TANT POLY 220UF 6.3V 2917
T540D337K006DH8510,500,98.98828,KEMET,CAP TANT POLY 330UF 6.3V 2917
T540D226K020DH8505,500,98.98828,KEMET,CAP TANT POLY 22UF 20V 2917
T540D336K020DH8505,500,98.98828,KEMET,CAP TANT POLY 33UF 20V 2917
T540D476K020DH8505,500,98.98828,KEMET,CAP TANT POLY 47UF 20V 2917
T540D156K025DH8510,500,98.98828,KEMET,CAP TANT POLY 15UF 25V 2917
T540D226K025DH8505,500,98.98828,KEMET,CAP TANT POLY 22UF 25V 2917
T540D336K025DH8505,500,98.98828,KEMET,CAP TANT POLY 33UF 25V 2917
T540D337M2R5DH8605,500,99.0952,KEMET,CAP TANT POLY 330UF 2.5V 2917
T540D477M2R5DH8605,500,99.0952,KEMET,CAP TANT POLY 470UF 2.5V 2917
T540D687M2R5DH8605,500,99.0952,KEMET,CAP TANT POLY 680UF 2.5V 2917
T540D337M003DH8605,500,99.0952,KEMET,CAP TANT POLY 330UF 3V 2917
T540D477M003DH8605,500,99.0952,KEMET,CAP TANT POLY 470UF 3V 2917
T540D687M003DH8605,500,99.0952,KEMET,CAP TANT POLY 680UF 3V 2917
T540D227M004DH8605,500,99.0952,KEMET,CAP TANT POLY 220UF 4V 2917
T540D337M004DH8605,500,99.0952,KEMET,CAP TANT POLY 330UF 4V 2917
T540D477M004DH8610,500,99.0952,KEMET,CAP TANT POLY 470UF 4V 2917
T540D157M006DH8605,500,99.0952,KEMET,CAP TANT POLY 150UF 6.3V 2917
T540D227M006DH8605,500,99.0952,KEMET,CAP TANT POLY 220UF 6.3V 2917
T540D337M006DH8610,500,99.0952,KEMET,CAP TANT POLY 330UF 6.3V 2917
T540D226M020DH8605,500,99.0952,KEMET,CAP TANT POLY 22UF 20V 2917
T540D336M020DH8605,500,99.0952,KEMET,CAP TANT POLY 33UF 20V 2917
T540D476M020DH8605,500,99.0952,KEMET,CAP TANT POLY 47UF 20V 2917
T540D156M025DH8610,500,99.0952,KEMET,CAP TANT POLY 15UF 25V 2917
T540D226M025DH8605,500,99.0952,KEMET,CAP TANT POLY 22UF 25V 2917
T540D336M025DH8605,500,99.0952,KEMET,CAP TANT POLY 33UF 25V 2917
T540B107K003BH8610,2000,99.11736,KEMET,CAP TANT POLY 100UF 3V 1411
T540B157K003BH8610,2000,99.11736,KEMET,CAP TANT POLY 150UF 3V 1411
T540B686K004BH8610,2000,99.11736,KEMET,CAP TANT POLY 68UF 4V 1411
T540B107K004BH8610,2000,99.11736,KEMET,CAP TANT POLY 100UF 4V 1411
T540B336K006BH8610,2000,99.11736,KEMET,CAP TANT POLY 33UF 6.3V 1411
T540B476K006BH8610,2000,99.11736,KEMET,CAP TANT POLY 47UF 6.3V 1411
T540B686K006BH8610,2000,99.11736,KEMET,CAP TANT POLY 68UF 6.3V 1411
T540B226K010BH8610,2000,99.11736,KEMET,CAP TANT POLY 22UF 10V 1411
T540B336K010BH8610,2000,99.11736,KEMET,CAP TANT POLY 33UF 10V 1411
T540D226M030AH8505,500,99.54502,KEMET,CAP TANT POLY 22UF 30V 2917
T540D336M030AH8510,500,99.54502,KEMET,CAP TANT POLY 33UF 30V 2917
T540D226M030AT8505,500,99.54502,KEMET,CAP TANT POLY 22UF 30V 2917
T540D336M030AT8510,500,99.54502,KEMET,CAP TANT POLY 33UF 30V 2917
T543D107K016AHW0507505,1,99.65,KEMET,CAP TANT POLY 100UF 16V 2917
T541D477K004AH6510,500,91.7208,KEMET,CAP TANT SMD POLYMER HI-REL
T541X107M0BT8510,500,99.84352,KEMET,CAP TANT POLY 100UF 2917
T540D226M030DT8505,500,100.25486,KEMET,CAP TANT POLY 22UF 30V 2917
T540D336M030DT8510,500,100.25486,KEMET,CAP TANT POLY 33UF 30V 2917
T540D337K2R5CH86057280,2500,100.29979,KEMET,CAP TANT POLY 330UF 2.5V 2917
T540D477K2R5CH86057280,2500,100.29979,KEMET,CAP TANT POLY 470UF 2.5V 2917
T540D687K2R5CH86057280,2500,100.29979,KEMET,CAP TANT POLY 680UF 2.5V 2917
T540D337K003CH86057280,2500,100.29979,KEMET,CAP TANT POLY 330UF 3V 2917
T540D477K003CH86057280,2500,100.29979,KEMET,CAP TANT POLY 470UF 3V 2917
T540D687K003CH86057280,2500,100.29979,KEMET,CAP TANT POLY 680UF 3V 2917
T540D227K004CH86057280,2500,100.29979,KEMET,CAP TANT POLY 220UF 4V 2917
T540D337K004CH86057280,2500,100.29979,KEMET,CAP TANT POLY 330UF 4V 2917
T540D477K004CH86107280,2500,100.29979,KEMET,CAP TANT POLY 470UF 4V 2917
T540D157K006CH86057280,2500,100.29979,KEMET,CAP TANT POLY 150UF 6.3V 2917
T540D227K006CH86057280,2500,100.29979,KEMET,CAP TANT POLY 220UF 6.3V 2917
T540D337K006CH86107280,2500,100.29979,KEMET,CAP TANT POLY 330UF 6.3V 2917
T540D337K2R5CH86057610,750,100.29985,KEMET,CAP TANT POLY 330UF 2.5V 2917
T540D477K2R5CH86057610,750,100.29985,KEMET,CAP TANT POLY 470UF 2.5V 2917
T540D687K2R5CH86057610,750,100.29985,KEMET,CAP TANT POLY 680UF 2.5V 2917
T540D337K003CH86057610,750,100.29985,KEMET,CAP TANT POLY 330UF 3V 2917
T540D477K003CH86057610,750,100.29985,KEMET,CAP TANT POLY 470UF 3V 2917
T540D687K003CH86057610,750,100.29985,KEMET,CAP TANT POLY 680UF 3V 2917
T540D227K004CH86057610,750,100.29985,KEMET,CAP TANT POLY 220UF 4V 2917
T540D337K004CH86057610,750,100.29985,KEMET,CAP TANT POLY 330UF 4V 2917
T540D477K004CH86107610,750,100.29985,KEMET,CAP TANT POLY 470UF 4V 2917
T540D157K006CH86057610,750,100.29985,KEMET,CAP TANT POLY 150UF 6.3V 2917
T540D227K006CH86057610,750,100.29985,KEMET,CAP TANT POLY 220UF 6.3V 2917
T540D337K006CH86107610,750,100.29985,KEMET,CAP TANT POLY 330UF 6.3V 2917
T541X687M006AH8610,500,100.37724,KEMET,CAP TANT POLY 680UF 6.3V 2917
T540D156M0BT8710,500,100.42002,KEMET,CAP TANT POLY 15UF 2917
T540D226M0BT8705,500,100.42002,KEMET,CAP TANT POLY 22UF 2917
T540D336M0BT8705,500,100.42002,KEMET,CAP TANT POLY 33UF 2917
T543X686K025AHW0757505,1,,KEMET,CAP TANT POLY 68UF 25V 2917
T541X687K006AH8510,500,100.48418,KEMET,CAP TANT POLY 680UF 6.3V 2917
T540B107M003CH8710WAFL,120,100.51092,KEMET,CAP TANT POLY 100UF 3V 1411
T540B157M003CH8710WAFL,120,100.51092,KEMET,CAP TANT POLY 150UF 3V 1411
T540B686M004CH8710WAFL,120,100.51092,KEMET,CAP TANT POLY 68UF 4V 1411
T540B107M004CH8710WAFL,120,100.51092,KEMET,CAP TANT POLY 100UF 4V 1411
T540B336M006CH8710WAFL,120,100.51092,KEMET,CAP TANT POLY 33UF 6.3V 1411
T540B476M006CH8710WAFL,120,100.51092,KEMET,CAP TANT POLY 47UF 6.3V 1411
T540B686M006CH8710WAFL,120,100.51092,KEMET,CAP TANT POLY 68UF 6.3V 1411
T540B226M010CH8710WAFL,120,100.51092,KEMET,CAP TANT POLY 22UF 10V 1411
T540B336M010CH8710WAFL,120,100.51092,KEMET,CAP TANT POLY 33UF 10V 1411
T540B107K003DH8710,2000,100.74906,KEMET,CAP TANT POLY 100UF 3V 1411
T540B157K003DH8710,2000,100.74906,KEMET,CAP TANT POLY 150UF 3V 1411
T540B686K004DH8710,2000,100.74906,KEMET,CAP TANT POLY 68UF 4V 1411
T540B107K004DH8710,2000,100.74906,KEMET,CAP TANT POLY 100UF 4V 1411
T540B476K006DH8710,2000,100.74906,KEMET,CAP TANT POLY 47UF 6.3V 1411
T540B686K006DH8710,2000,100.74906,KEMET,CAP TANT POLY 68UF 6.3V 1411
T540B226K010DH8710,2000,100.74906,KEMET,CAP TANT POLY 22UF 10V 1411
T540B336K010DH8710,2000,100.74906,KEMET,CAP TANT POLY 33UF 10V 1411
T540B107K003DH87107280,8000,100.74906,KEMET,CAP TANT POLY 100UF 3V 1411
T540B157K003DH87107280,8000,100.74906,KEMET,CAP TANT POLY 150UF 3V 1411
T540B686K004DH87107280,8000,100.74906,KEMET,CAP TANT POLY 68UF 4V 1411
T540B107K004DH87107280,8000,100.74906,KEMET,CAP TANT POLY 100UF 4V 1411
T540B336K006DH87107280,8000,100.74906,KEMET,CAP TANT POLY 33UF 6.3V 1411
T540B476K006DH87107280,8000,100.74906,KEMET,CAP TANT POLY 47UF 6.3V 1411
T540B686K006DH87107280,8000,100.74906,KEMET,CAP TANT POLY 68UF 6.3V 1411
T540B226K010DH87107280,8000,100.74906,KEMET,CAP TANT POLY 22UF 10V 1411
T540B336K010DH87107280,8000,100.74906,KEMET,CAP TANT POLY 33UF 10V 1411
T540B107K003DH87107610,3600,100.74906,KEMET,CAP TANT POLY 100UF 3V 1411
T540B157K003DH87107610,3600,100.74906,KEMET,CAP TANT POLY 150UF 3V 1411
T540B686K004DH87107610,3600,100.74906,KEMET,CAP TANT POLY 68UF 4V 1411
T540B107K004DH87107610,3600,100.74906,KEMET,CAP TANT POLY 100UF 4V 1411
T540B336K006DH87107610,3600,100.74906,KEMET,CAP TANT POLY 33UF 6.3V 1411
T540B476K006DH87107610,3600,100.74906,KEMET,CAP TANT POLY 47UF 6.3V 1411
T540B686K006DH87107610,3600,100.74906,KEMET,CAP TANT POLY 68UF 6.3V 1411
T540B226K010DH87107610,3600,100.74906,KEMET,CAP TANT POLY 22UF 10V 1411
T540B336K010DH87107610,3600,100.74906,KEMET,CAP TANT POLY 33UF 10V 1411
T540D337K2R5AH8505,500,100.82832,KEMET,CAP TANT POLY 330UF 2.5V 2917
T540D477K2R5AH8505,500,100.82832,KEMET,CAP TANT POLY 470UF 2.5V 2917
T540D687K2R5AH8505,500,100.82832,KEMET,CAP TANT POLY 680UF 2.5V 2917
T540D337K003AH8505,500,100.82832,KEMET,CAP TANT POLY 330UF 3V 2917
T540D477K003AH8505,500,100.82832,KEMET,CAP TANT POLY 470UF 3V 2917
T540D687K003AH8505,500,100.82832,KEMET,CAP TANT POLY 680UF 3V 2917
T540D227K004AH8505,500,100.82832,KEMET,CAP TANT POLY 220UF 4V 2917
T540D337K004AH8505,500,100.82832,KEMET,CAP TANT POLY 330UF 4V 2917
T540D477K004AH8510,500,100.82832,KEMET,CAP TANT POLY 470UF 4V 2917
T540D157K006AH8505,500,100.82832,KEMET,CAP TANT POLY 150UF 6.3V 2917
T540D227K006AH8505,500,100.82832,KEMET,CAP TANT POLY 220UF 6.3V 2917
T540D337K006AH8510,500,100.82832,KEMET,CAP TANT POLY 330UF 6.3V 2917
T540D107K010AH8510,500,100.82832,KEMET,CAP TANT POLY 100UF 10V 2917
T540D157K010AH8510,500,100.82832,KEMET,CAP TANT POLY 150UF 10V 2917
T540D227K010AH8505,500,100.82832,KEMET,CAP TANT POLY 220UF 10V 2917
T540D476K016AH8510,500,100.82832,KEMET,CAP TANT POLY 47UF 16V 2917
T540D686K016AH8510,500,100.82832,KEMET,CAP TANT POLY 68UF 16V 2917
T540D107K016AH8505,500,100.82832,KEMET,CAP TANT POLY 100UF 16V 2917
T540D226K020AH8505,500,100.82832,KEMET,CAP TANT POLY 22UF 20V 2917
T540D336K020AH8505,500,100.82832,KEMET,CAP TANT POLY 33UF 20V 2917
T540D476K020AH8505,500,100.82832,KEMET,CAP TANT POLY 47UF 20V 2917
T540D156K025AH8510,500,100.82832,KEMET,CAP TANT POLY 15UF 25V 2917
T540D226K025AH8505,500,100.82832,KEMET,CAP TANT POLY 22UF 25V 2917
T540D336K025AH8505,500,100.82832,KEMET,CAP TANT POLY 33UF 25V 2917
T540D226K020AT8505,500,100.82832,KEMET,CAP TANT POLY 22UF 20V 2917
T540D336K020AT8505,500,100.82832,KEMET,CAP TANT POLY 33UF 20V 2917
T540D476K020AT8505,500,100.82832,KEMET,CAP TANT POLY 47UF 20V 2917
T540D156M035AH8510,500,101.06176,KEMET,CAP TANT POLY 15UF 35V 2917
T540D156M035AT8510,500,101.06176,KEMET,CAP TANT POLY 15UF 35V 2917
T541D227M010AH6610,500,93.00902,KEMET,CAP TANT SMD POLYMER HI-REL
T541D477M004AH6610,500,93.00902,KEMET,CAP TANT SMD POLYMER HI-REL
T540D226M030CH6510,500,93.00902,KEMET,CAP TANT SMD POLYMER HI-REL
T541D157M010AH6610,500,93.00902,KEMET,CAP TANT SMD POLYMER HI-REL
T540D156M035AH6610,500,93.00902,KEMET,CAP TANT SMD POLYMER HI-REL
T540D337M2R5CH87057610,750,101.42291,KEMET,CAP TANT POLY 330UF 2.5V 2917
T540D477M2R5CH87057610,750,101.42291,KEMET,CAP TANT POLY 470UF 2.5V 2917
T540D687M2R5CH87057610,750,101.42291,KEMET,CAP TANT POLY 680UF 2.5V 2917
T540D337M003CH87057610,750,101.42291,KEMET,CAP TANT POLY 330UF 3V 2917
T540D477M003CH87057610,750,101.42291,KEMET,CAP TANT POLY 470UF 3V 2917
T540D687M003CH87057610,750,101.42291,KEMET,CAP TANT POLY 680UF 3V 2917
T540D227M004CH87057610,750,101.42291,KEMET,CAP TANT POLY 220UF 4V 2917
T540D337M004CH87057610,750,101.42291,KEMET,CAP TANT POLY 330UF 4V 2917
T540D477M004CH87107610,750,101.42291,KEMET,CAP TANT POLY 470UF 4V 2917
T540D157M006CH87057610,750,101.42291,KEMET,CAP TANT POLY 150UF 6.3V 2917
T540D227M006CH87057610,750,101.42291,KEMET,CAP TANT POLY 220UF 6.3V 2917
T540D337M006CH87107610,750,101.42291,KEMET,CAP TANT POLY 330UF 6.3V 2917
T540D337M2R5CH87057280,2500,101.42297,KEMET,CAP TANT POLY 330UF 2.5V 2917
T540D477M2R5CH87057280,2500,101.42297,KEMET,CAP TANT POLY 470UF 2.5V 2917
T540D687M2R5CH87057280,2500,101.42297,KEMET,CAP TANT POLY 680UF 2.5V 2917
T540D337M003CH87057280,2500,101.42297,KEMET,CAP TANT POLY 330UF 3V 2917
T540D477M003CH87057280,2500,101.42297,KEMET,CAP TANT POLY 470UF 3V 2917
T540D687M003CH87057280,2500,101.42297,KEMET,CAP TANT POLY 680UF 3V 2917
T540D227M004CH87057280,2500,101.42297,KEMET,CAP TANT POLY 220UF 4V 2917
T540D337M004CH87057280,2500,101.42297,KEMET,CAP TANT POLY 330UF 4V 2917
T540D477M004CH87107280,2500,101.42297,KEMET,CAP TANT POLY 470UF 4V 2917
T540D157M006CH87057280,2500,101.42297,KEMET,CAP TANT POLY 150UF 6.3V 2917
T540D227M006CH87057280,2500,101.42297,KEMET,CAP TANT POLY 220UF 6.3V 2917
T540D337M006CH87107280,2500,101.42297,KEMET,CAP TANT POLY 330UF 6.3V 2917
T541Y227M010AH6510,500,93.65304,KEMET,CAP TANT SMD POLYMER HI-REL
T541X108M004AH6510,500,93.65304,KEMET,CAP TANT SMD POLYMER HI-REL
T541X158M003AH6510,500,93.65304,KEMET,CAP TANT SMD POLYMER HI-REL
T541X687M006AH6510,500,93.65304,KEMET,CAP TANT SMD POLYMER HI-REL
T541X157M016AT6510,500,94.2969,KEMET,CAP TANT SMD POLYMER HI-REL
T541X686M025AT6510,500,94.2969,KEMET,CAP TANT SMD POLYMER HI-REL
T541X337M010AT6510,500,94.2969,KEMET,CAP TANT SMD POLYMER HI-REL
T541X477M010AT6510,500,94.2969,KEMET,CAP TANT SMD POLYMER HI-REL
T541X107M025AT6510,500,94.2969,KEMET,CAP TANT SMD POLYMER HI-REL
T540A106M010BH6610,2500,105.82564,KEMET,10.0UF 10.0V
T540D226M020DT8605,500,102.63438,KEMET,CAP TANT POLY 22UF 20V 2917
T540D336M020DT8605,500,102.63438,KEMET,CAP TANT POLY 33UF 20V 2917
T540D476M020DT8605,500,102.63438,KEMET,CAP TANT POLY 47UF 20V 2917
T540D156M0DT8610,500,102.63438,KEMET,CAP TANT POLY 15UF 2917
T540D226M0DT8605,500,102.63438,KEMET,CAP TANT POLY 22UF 2917
T540D336M0DT8605,500,102.63438,KEMET,CAP TANT POLY 33UF 2917
T541D687M2R5BH6520,500,94.51142,KEMET,CAP TANT SMD POLYMER HI-REL
T540B107K003BH8710WAFL,120,102.97292,KEMET,CAP TANT POLY 100UF 3V 1411
T540B157K003BH8710WAFL,120,102.97292,KEMET,CAP TANT POLY 150UF 3V 1411
T540B686K004BH8710WAFL,120,102.97292,KEMET,CAP TANT POLY 68UF 4V 1411
T540B107K004BH8710WAFL,120,102.97292,KEMET,CAP TANT POLY 100UF 4V 1411
T540B336K006BH8710WAFL,120,102.97292,KEMET,CAP TANT POLY 33UF 6.3V 1411
T540B476K006BH8710WAFL,120,102.97292,KEMET,CAP TANT POLY 47UF 6.3V 1411
T540B686K006BH8710WAFL,120,102.97292,KEMET,CAP TANT POLY 68UF 6.3V 1411
T540B226K010BH8710WAFL,120,102.97292,KEMET,CAP TANT POLY 22UF 10V 1411
T540B336K010BH8710WAFL,120,102.97292,KEMET,CAP TANT POLY 33UF 10V 1411
T541X107M0AT8610,500,103.04466,KEMET,CAP TANT POLY 100UF 2917
T540D226K020DT8505,500,103.05526,KEMET,CAP TANT POLY 22UF 20V 2917
T540D336K020DT8505,500,103.05526,KEMET,CAP TANT POLY 33UF 20V 2917
T540D476K020DT8505,500,103.05526,KEMET,CAP TANT POLY 47UF 20V 2917
T540D156K0DT8510,500,103.05526,KEMET,CAP TANT POLY 15UF 2917
T540D226K0DT8505,500,103.05526,KEMET,CAP TANT POLY 22UF 2917
T540D336K0DT8505,500,103.05526,KEMET,CAP TANT POLY 33UF 2917
T540D156K0AT8710,500,103.2206,KEMET,CAP TANT POLY 15UF 2917
T540D226K0AT8705,500,103.2206,KEMET,CAP TANT POLY 22UF 2917
T540D336K0AT8705,500,103.2206,KEMET,CAP TANT POLY 33UF 2917
T540B107M003BH8710,2000,103.31373,KEMET,CAP TANT POLY 100UF 3V 1411
T540B157M003BH8710,2000,103.31373,KEMET,CAP TANT POLY 150UF 3V 1411
T540B686M004BH8710,2000,103.31373,KEMET,CAP TANT POLY 68UF 4V 1411
T540B107M004BH8710,2000,103.31373,KEMET,CAP TANT POLY 100UF 4V 1411
T540B336M006BH8710,2000,103.31373,KEMET,CAP TANT POLY 33UF 6.3V 1411
T540B476M006BH8710,2000,103.31373,KEMET,CAP TANT POLY 47UF 6.3V 1411
T540B686M006BH8710,2000,103.31373,KEMET,CAP TANT POLY 68UF 6.3V 1411
T540B226M010BH8710,2000,103.31373,KEMET,CAP TANT POLY 22UF 10V 1411
T540B336M010BH8710,2000,103.31373,KEMET,CAP TANT POLY 33UF 10V 1411
T540B107K003DH8610WAFL,120,103.44167,KEMET,CAP TANT POLY 100UF 3V 1411
T540B157K003DH8610WAFL,120,103.44167,KEMET,CAP TANT POLY 150UF 3V 1411
T540B686K004DH8610WAFL,120,103.44167,KEMET,CAP TANT POLY 68UF 4V 1411
T540B107K004DH8610WAFL,120,103.44167,KEMET,CAP TANT POLY 100UF 4V 1411
T540B336K006DH8610WAFL,120,103.44167,KEMET,CAP TANT POLY 33UF 6.3V 1411
T540B476K006DH8610WAFL,120,103.44167,KEMET,CAP TANT POLY 47UF 6.3V 1411
T540B686K006DH8610WAFL,120,103.44167,KEMET,CAP TANT POLY 68UF 6.3V 1411
T540B226K010DH8610WAFL,120,103.44167,KEMET,CAP TANT POLY 22UF 10V 1411
T540B336K010DH8610WAFL,120,103.44167,KEMET,CAP TANT POLY 33UF 10V 1411
T541X107K0AT8510,500,103.57804,KEMET,CAP TANT POLY 100UF 2917
T541D227K010AT6520,500,95.3688,KEMET,CAP TANT SMD POLYMER HI-REL
T540D226M020AH8605,500,103.743,KEMET,CAP TANT POLY 22UF 20V 2917
T540D336M020AH8605,500,103.743,KEMET,CAP TANT POLY 33UF 20V 2917
T540D476M020AH8605,500,103.743,KEMET,CAP TANT POLY 47UF 20V 2917
T540D156M025AH8610,500,103.743,KEMET,CAP TANT POLY 15UF 25V 2917
T540D226M025AH8605,500,103.743,KEMET,CAP TANT POLY 22UF 25V 2917
T540D336M025AH8605,500,103.743,KEMET,CAP TANT POLY 33UF 25V 2917
T540D226M020AT8605,500,103.743,KEMET,CAP TANT POLY 22UF 20V 2917
T540D336M020AT8605,500,103.743,KEMET,CAP TANT POLY 33UF 20V 2917
T540D476M020AT8605,500,103.743,KEMET,CAP TANT POLY 47UF 20V 2917
T540D337M2R5AH8605,500,103.85946,KEMET,CAP TANT POLY 330UF 2.5V 2917
T540D477M2R5AH8605,500,103.85946,KEMET,CAP TANT POLY 470UF 2.5V 2917
T540D687M2R5AH8605,500,103.85946,KEMET,CAP TANT POLY 680UF 2.5V 2917
T540D337M003AH8605,500,103.85946,KEMET,CAP TANT POLY 330UF 3V 2917
T540D477M003AH8605,500,103.85946,KEMET,CAP TANT POLY 470UF 3V 2917
T540D687M003AH8605,500,103.85946,KEMET,CAP TANT POLY 680UF 3V 2917
T540D227M004AH8605,500,103.85946,KEMET,CAP TANT POLY 220UF 4V 2917
T540D337M004AH8605,500,103.85946,KEMET,CAP TANT POLY 330UF 4V 2917
T540D477M004AH8610,500,103.85946,KEMET,CAP TANT POLY 470UF 4V 2917
T540D157M006AH8605,500,103.85946,KEMET,CAP TANT POLY 150UF 6.3V 2917
T540D227M006AH8605,500,103.85946,KEMET,CAP TANT POLY 220UF 6.3V 2917
T540D337M006AH8610,500,103.85946,KEMET,CAP TANT POLY 330UF 6.3V 2917
T540D107M016AH6710,500,95.5838,KEMET,CAP TANT POLY 100UF 16V 2917
T540D687M2R5AH6710,500,95.5838,KEMET,CAP TANT SMD POLYMER HI-REL
T540D336M020AH6710,500,95.5838,KEMET,CAP TANT SMD POLYMER HI-REL
T540D336M025AH6710,500,95.5838,KEMET,CAP TANT SMD POLYMER HI-REL
T540D337M006AH6710,500,95.5838,KEMET,CAP TANT SMD POLYMER HI-REL
T540D156M025AH6710,500,95.5838,KEMET,CAP TANT SMD POLYMER HI-REL
T540D477M2R5AH6710,500,95.5838,KEMET,CAP TANT SMD POLYMER HI-REL
T540D337M004AH6710,500,95.5838,KEMET,CAP TANT SMD POLYMER HI-REL
T540D227M006AH6710,500,95.5838,KEMET,CAP TANT SMD POLYMER HI-REL
T540D336M025AT6710,500,95.5838,KEMET,CAP TANT SMD POLYMER HI-REL
T540D687M003AH6710,500,95.5838,KEMET,680.UF 3.0V
T541X686M0BT8510,500,103.95092,KEMET,CAP TANT POLY 68UF 2917
T540A226M010AH6610,2000,104.10701,KEMET,CAP TANT POLY 22UF 10V 1206
T540A226M010AT6610,2000,104.10701,KEMET,CAP TANT POLY 22UF 10V 1206
T540D226K025CH6510,500,96.12,KEMET,CAP TANT SMD POLYMER HI-REL
T540D107K010CH6510,500,96.12,KEMET,CAP TANT SMD POLYMER HI-REL
T540D107K016CH6510,500,96.12,KEMET,100.UF 16.0V
T540D227K010CH6510,500,96.12,KEMET,220.UF 10.0V
T540D337K2R5BH87057280,2500,104.45555,KEMET,CAP TANT POLY 330UF 2.5V 2917
T540D477K2R5BH87057280,2500,104.45555,KEMET,CAP TANT POLY 470UF 2.5V 2917
T540D687K2R5BH87057280,2500,104.45555,KEMET,CAP TANT POLY 680UF 2.5V 2917
T540D337K003BH87057280,2500,104.45555,KEMET,CAP TANT POLY 330UF 3V 2917
T540D477K003BH87057280,2500,104.45555,KEMET,CAP TANT POLY 470UF 3V 2917
T540D687K003BH87057280,2500,104.45555,KEMET,CAP TANT POLY 680UF 3V 2917
T540D227K004BH87057280,2500,104.45555,KEMET,CAP TANT POLY 220UF 4V 2917
T540D337K004BH87057280,2500,104.45555,KEMET,CAP TANT POLY 330UF 4V 2917
T540D477K004BH87107280,2500,104.45555,KEMET,CAP TANT POLY 470UF 4V 2917
T540D157K006BH87057280,2500,104.45555,KEMET,CAP TANT POLY 150UF 6.3V 2917
T540D227K006BH87057280,2500,104.45555,KEMET,CAP TANT POLY 220UF 6.3V 2917
T540D337K006BH87107280,2500,104.45555,KEMET,CAP TANT POLY 330UF 6.3V 2917
T540D337K2R5BH87057610,750,104.45555,KEMET,CAP TANT POLY 330UF 2.5V 2917
T540D477K2R5BH87057610,750,104.45555,KEMET,CAP TANT POLY 470UF 2.5V 2917
T540D687K2R5BH87057610,750,104.45555,KEMET,CAP TANT POLY 680UF 2.5V 2917
T540D337K003BH87057610,750,104.45555,KEMET,CAP TANT POLY 330UF 3V 2917
T540D477K003BH87057610,750,104.45555,KEMET,CAP TANT POLY 470UF 3V 2917
T540D687K003BH87057610,750,104.45555,KEMET,CAP TANT POLY 680UF 3V 2917
T540D227K004BH87057610,750,104.45555,KEMET,CAP TANT POLY 220UF 4V 2917
T540D337K004BH87057610,750,104.45555,KEMET,CAP TANT POLY 330UF 4V 2917
T540D477K004BH87107610,750,104.45555,KEMET,CAP TANT POLY 470UF 4V 2917
T540D157K006BH87057610,750,104.45555,KEMET,CAP TANT POLY 150UF 6.3V 2917
T540D227K006BH87057610,750,104.45555,KEMET,CAP TANT POLY 220UF 6.3V 2917
T540D337K006BH87107610,750,104.45555,KEMET,CAP TANT POLY 330UF 6.3V 2917
T540A226M010DH6610,2000,104.68019,KEMET,CAP TANT POLY 22UF 10V 1206
T540C106K025AH6510,1000,96.38693,KEMET,CAP TANT SMD POLYMER HI-REL
T541D227M010AT6620,500,96.54884,KEMET,CAP TANT SMD POLYMER HI-REL
T541D157M010AT6620,500,96.54884,KEMET,CAP TANT SMD POLYMER HI-REL
T540D337M2R5CH8505,500,105.02432,KEMET,CAP TANT POLY 330UF 2.5V 2917
T540D477M2R5CH8505,500,105.02432,KEMET,CAP TANT POLY 470UF 2.5V 2917
T540D687M2R5CH8505,500,105.02432,KEMET,CAP TANT POLY 680UF 2.5V 2917
T540D337M003CH8505,500,105.02432,KEMET,CAP TANT POLY 330UF 3V 2917
T540D477M003CH8505,500,105.02432,KEMET,CAP TANT POLY 470UF 3V 2917
T540D687M003CH8505,500,105.02432,KEMET,CAP TANT POLY 680UF 3V 2917
T540D227M004CH8505,500,105.02432,KEMET,CAP TANT POLY 220UF 4V 2917
T540D337M004CH8505,500,105.02432,KEMET,CAP TANT POLY 330UF 4V 2917
T540D477M004CH8510,500,105.02432,KEMET,CAP TANT POLY 470UF 4V 2917
T540D157M006CH8505,500,105.02432,KEMET,CAP TANT POLY 150UF 6.3V 2917
T540D227M006CH8505,500,105.02432,KEMET,CAP TANT POLY 220UF 6.3V 2917
T540D337M006CH8510,500,105.02432,KEMET,CAP TANT POLY 330UF 6.3V 2917
T540D226M020CH8505,500,105.02432,KEMET,CAP TANT POLY 22UF 20V 2917
T540D336M020CH8505,500,105.02432,KEMET,CAP TANT POLY 33UF 20V 2917
T540D476M020CH8505,500,105.02432,KEMET,CAP TANT POLY 47UF 20V 2917
T540D156M025CH8510,500,105.02432,KEMET,CAP TANT POLY 15UF 25V 2917
T540D226M025CH8505,500,105.02432,KEMET,CAP TANT POLY 22UF 25V 2917
T540D336M025CH8505,500,105.02432,KEMET,CAP TANT POLY 33UF 25V 2917
T540D226M020CT8505,500,105.02432,KEMET,CAP TANT POLY 22UF 20V 2917
T540D336M020CT8505,500,105.02432,KEMET,CAP TANT POLY 33UF 20V 2917
T540D476M020CT8505,500,105.02432,KEMET,CAP TANT POLY 47UF 20V 2917
T540D475M063AH6520,500,96.65586,KEMET,CAP TANT SMD POLYMER HI-REL
T540D227M010CH6610,500,96.65586,KEMET,CAP TANT SMD POLYMER HI-REL
T541X107M030AH6510,500,105.37386,KEMET,CAP TANT POLY 100UF 30V 2917
T541X157M016AH6510,500,96.97754,KEMET,CAP TANT SMD POLYMER HI-REL
T541X686M025AH6510,500,96.97754,KEMET,CAP TANT SMD POLYMER HI-REL
T541X227M016AH6510,500,96.97754,KEMET,CAP TANT SMD POLYMER HI-REL
T540B476M010BH6520,2000,97.06317,KEMET,CAP TANT SMD POLYMER HI-REL
T540B107K003CH8610,2000,105.92022,KEMET,CAP TANT POLY 100UF 3V 1411
T540B157K003CH8610,2000,105.92022,KEMET,CAP TANT POLY 150UF 3V 1411
T540B686K004CH8610,2000,105.92022,KEMET,CAP TANT POLY 68UF 4V 1411
T540B107K004CH8610,2000,105.92022,KEMET,CAP TANT POLY 100UF 4V 1411
T540B336K006CH8610,2000,105.92022,KEMET,CAP TANT POLY 33UF 6.3V 1411
T540B476K006CH8610,2000,105.92022,KEMET,CAP TANT POLY 47UF 6.3V 1411
T540B686K006CH8610,2000,105.92022,KEMET,CAP TANT POLY 68UF 6.3V 1411
T540B226K010CH8610,2000,105.92022,KEMET,CAP TANT POLY 22UF 10V 1411
T540B336K010CH8610,2000,105.92022,KEMET,CAP TANT POLY 33UF 10V 1411
T540B476K006CH6710,2000,97.48036,KEMET,CAP TANT SMD POLYMER HI-REL
T540D156K0CT8610,500,105.99044,KEMET,CAP TANT POLY 15UF 2917
T540D226K0CT8605,500,105.99044,KEMET,CAP TANT POLY 22UF 2917
T540D336K0CT8605,500,105.99044,KEMET,CAP TANT POLY 33UF 2917
T540B107M003DH8710WAFL,120,106.01525,KEMET,CAP TANT POLY 100UF 3V 1411
T540B686M004DH8710WAFL,120,106.01525,KEMET,CAP TANT POLY 68UF 4V 1411
T540B336M006DH8710WAFL,120,106.01525,KEMET,CAP TANT POLY 33UF 6.3V 1411
T540B476M006DH8710WAFL,120,106.01525,KEMET,CAP TANT POLY 47UF 6.3V 1411
T540B226M010DH8710WAFL,120,106.01525,KEMET,CAP TANT POLY 22UF 10V 1411
T540B336M010DH8710WAFL,120,106.01525,KEMET,CAP TANT POLY 33UF 10V 1411
T540B107K003AH8710,2000,106.03375,KEMET,CAP TANT POLY 100UF 3V 1411
T540B157K003AH8710,2000,106.03375,KEMET,CAP TANT POLY 150UF 3V 1411
T540B686K004AH8710,2000,106.03375,KEMET,CAP TANT POLY 68UF 4V 1411
T540B107K004AH8710,2000,106.03375,KEMET,CAP TANT POLY 100UF 4V 1411
T540B336K006AH8710,2000,106.03375,KEMET,CAP TANT POLY 33UF 6.3V 1411
T540B476K006AH8710,2000,106.03375,KEMET,CAP TANT POLY 47UF 6.3V 1411
T540B686K006AH8710,2000,106.03375,KEMET,CAP TANT POLY 68UF 6.3V 1411
T540B226K010AH8710,2000,106.03375,KEMET,CAP TANT POLY 22UF 10V 1411
T540B336K010AH8710,2000,106.03375,KEMET,CAP TANT POLY 33UF 10V 1411
T540D337K2R5AH8605WAFL,64,106.20484,KEMET,CAP TANT POLY 330UF 2.5V 2917
T540D477K2R5AH8605WAFL,64,106.20484,KEMET,CAP TANT POLY 470UF 2.5V 2917
T540D687K2R5AH8605WAFL,64,106.20484,KEMET,CAP TANT POLY 680UF 2.5V 2917
T540D156M0CT8710,500,106.57592,KEMET,CAP TANT POLY 15UF 2917
T540D226M0CT8705,500,106.57592,KEMET,CAP TANT POLY 22UF 2917
T540D336M0CT8705,500,106.57592,KEMET,CAP TANT POLY 33UF 2917
T541X686M0AT8610,500,106.77218,KEMET,CAP TANT POLY 68UF 2917
T540D226M030DH8605,500,106.98548,KEMET,CAP TANT POLY 22UF 30V 2917
T540D336M030DH8610,500,106.98548,KEMET,CAP TANT POLY 33UF 30V 2917
T540D226M030BH8505,500,107.00382,KEMET,CAP TANT POLY 22UF 30V 2917
T540D336M030BH8510,500,107.00382,KEMET,CAP TANT POLY 33UF 30V 2917
T540D226M030BT8505,500,107.00382,KEMET,CAP TANT POLY 22UF 30V 2917
T540D336M030BT8510,500,107.00382,KEMET,CAP TANT POLY 33UF 30V 2917
T540D337K003AH8605WAFL,64,107.06406,KEMET,CAP TANT POLY 330UF 3V 2917
T540D477K003AH8605WAFL,64,107.06406,KEMET,CAP TANT POLY 470UF 3V 2917
T540D687K003AH8605WAFL,64,107.06406,KEMET,CAP TANT POLY 680UF 3V 2917
T540D227K004AH8605WAFL,64,107.06406,KEMET,CAP TANT POLY 220UF 4V 2917
T540D337K004AH8605WAFL,64,107.06406,KEMET,CAP TANT POLY 330UF 4V 2917
T540D477K004AH8610WAFL,64,107.06406,KEMET,CAP TANT POLY 470UF 4V 2917
T540D157K006AH8605WAFL,64,107.06406,KEMET,CAP TANT POLY 150UF 6.3V 2917
T540D227K006AH8605WAFL,64,107.06406,KEMET,CAP TANT POLY 220UF 6.3V 2917
T540D337K006AH8610WAFL,64,107.06406,KEMET,CAP TANT POLY 330UF 6.3V 2917
T541X686K0AT8510,500,107.83604,KEMET,CAP TANT POLY 68UF 2917
T541D227M010AH6620,500,99.33466,KEMET,CAP TANT POLY 220UF 10V 2917
T540D156M035AH6620,500,99.33466,KEMET,CAP TANT SMD POLYMER HI-REL
T541D157M010AH6620,500,99.33466,KEMET,CAP TANT SMD POLYMER HI-REL
T540A226M010CH6510,2000,107.95915,KEMET,CAP TANT POLY 22UF 10V 1206
T540A226M010CT6510,2000,107.95915,KEMET,CAP TANT POLY 22UF 10V 1206
T541X107M0CT8510,500,108.049,KEMET,CAP TANT POLY 100UF 2917
T540D337K2R5DH86057280,2500,108.04972,KEMET,CAP TANT POLY 330UF 2.5V 2917
T540D477K2R5DH86057280,2500,108.04972,KEMET,CAP TANT POLY 470UF 2.5V 2917
T540D687K2R5DH86057280,2500,108.04972,KEMET,CAP TANT POLY 680UF 2.5V 2917
T540D337K003DH86057280,2500,108.04972,KEMET,CAP TANT POLY 330UF 3V 2917
T540D477K003DH86057280,2500,108.04972,KEMET,CAP TANT POLY 470UF 3V 2917
T540D687K003DH86057280,2500,108.04972,KEMET,CAP TANT POLY 680UF 3V 2917
T540D227K004DH86057280,2500,108.04972,KEMET,CAP TANT POLY 220UF 4V 2917
T540D337K004DH86057280,2500,108.04972,KEMET,CAP TANT POLY 330UF 4V 2917
T540D477K004DH86107280,2500,108.04972,KEMET,CAP TANT POLY 470UF 4V 2917
T540D157K006DH86057280,2500,108.04972,KEMET,CAP TANT POLY 150UF 6.3V 2917
T540D227K006DH86057280,2500,108.04972,KEMET,CAP TANT POLY 220UF 6.3V 2917
T540D337K006DH86107280,2500,108.04972,KEMET,CAP TANT POLY 330UF 6.3V 2917
T540D337K2R5DH86057610,750,108.04972,KEMET,CAP TANT POLY 330UF 2.5V 2917
T540D477K2R5DH86057610,750,108.04972,KEMET,CAP TANT POLY 470UF 2.5V 2917
T540D687K2R5DH86057610,750,108.04972,KEMET,CAP TANT POLY 680UF 2.5V 2917
T540D337K003DH86057610,750,108.04972,KEMET,CAP TANT POLY 330UF 3V 2917
T540D477K003DH86057610,750,108.04972,KEMET,CAP TANT POLY 470UF 3V 2917
T540D687K003DH86057610,750,108.04972,KEMET,CAP TANT POLY 680UF 3V 2917
T540D227K004DH86057610,750,108.04972,KEMET,CAP TANT POLY 220UF 4V 2917
T540D337K004DH86057610,750,108.04972,KEMET,CAP TANT POLY 330UF 4V 2917
T540D477K004DH86107610,750,108.04972,KEMET,CAP TANT POLY 470UF 4V 2917
T540D157K006DH86057610,750,108.04972,KEMET,CAP TANT POLY 150UF 6.3V 2917
T540D227K006DH86057610,750,108.04972,KEMET,CAP TANT POLY 220UF 6.3V 2917
T540D337K006DH86107610,750,108.04972,KEMET,CAP TANT POLY 330UF 6.3V 2917
T540D226K030DH8505,500,108.15538,KEMET,CAP TANT POLY 22UF 30V 2917
T540D336K030DH8510,500,108.15538,KEMET,CAP TANT POLY 33UF 30V 2917
T540D337M2R5DH87057610,750,108.16197,KEMET,CAP TANT POLY 330UF 2.5V 2917
T540D477M2R5DH87057610,750,108.16197,KEMET,CAP TANT POLY 470UF 2.5V 2917
T540D337M003DH87057610,750,108.16197,KEMET,CAP TANT POLY 330UF 3V 2917
T540D477M003DH87057610,750,108.16197,KEMET,CAP TANT POLY 470UF 3V 2917
T540D227M004DH87057610,750,108.16197,KEMET,CAP TANT POLY 220UF 4V 2917
T540D337M004DH87057610,750,108.16197,KEMET,CAP TANT POLY 330UF 4V 2917
T540D157M006DH87057610,750,108.16197,KEMET,CAP TANT POLY 150UF 6.3V 2917
T540D227M006DH87057610,750,108.16197,KEMET,CAP TANT POLY 220UF 6.3V 2917
T540D687M2R5DH8705,2000,108.16204,KEMET,CAP TANT POLY 680UF 2.5V 2917
T540D687M003DH8705,2000,108.16204,KEMET,CAP TANT POLY 680UF 3V 2917
T540D477M004DH8710,2000,108.16204,KEMET,CAP TANT POLY 470UF 4V 2917
T540D337M2R5DH87057280,2500,108.16204,KEMET,CAP TANT POLY 330UF 2.5V 2917
T540D477M2R5DH87057280,2500,108.16204,KEMET,CAP TANT POLY 470UF 2.5V 2917
T540D687M2R5DH87057280,8000,108.16204,KEMET,CAP TANT POLY 680UF 2.5V 2917
T540D337M003DH87057280,2500,108.16204,KEMET,CAP TANT POLY 330UF 3V 2917
T540D477M003DH87057280,2500,108.16204,KEMET,CAP TANT POLY 470UF 3V 2917
T540D687M003DH87057280,8000,108.16204,KEMET,CAP TANT POLY 680UF 3V 2917
T540D227M004DH87057280,2500,108.16204,KEMET,CAP TANT POLY 220UF 4V 2917
T540D337M004DH87057280,2500,108.16204,KEMET,CAP TANT POLY 330UF 4V 2917
T540D477M004DH87107280,8000,108.16204,KEMET,CAP TANT POLY 470UF 4V 2917
T540D157M006DH87057280,2500,108.16204,KEMET,CAP TANT POLY 150UF 6.3V 2917
T540D227M006DH87057280,2500,108.16204,KEMET,CAP TANT POLY 220UF 6.3V 2917
T540D337M006DH87107280,8000,108.16204,KEMET,CAP TANT POLY 330UF 6.3V 2917
T540D687M2R5DH87057610,3600,108.16204,KEMET,CAP TANT POLY 680UF 2.5V 2917
T540D687M003DH87057610,3600,108.16204,KEMET,CAP TANT POLY 680UF 3V 2917
T540D477M004DH87107610,3600,108.16204,KEMET,CAP TANT POLY 470UF 4V 2917
T540D337M006DH87107610,3600,108.16204,KEMET,CAP TANT POLY 330UF 6.3V 2917
T541X477M006BT6510,500,99.76302,KEMET,CAP TANT SMD POLYMER HI-REL
T541X687M004AH6520,500,99.97704,KEMET,CAP TANT SMD POLYMER HI-REL
T540D337K2R5CH8505WAFL,64,108.65906,KEMET,CAP TANT POLY 330UF 2.5V 2917
T540D477K2R5CH8505WAFL,64,108.65906,KEMET,CAP TANT POLY 470UF 2.5V 2917
T540D687K2R5CH8505WAFL,64,108.65906,KEMET,CAP TANT POLY 680UF 2.5V 2917
T540D337K003CH8505WAFL,64,108.65906,KEMET,CAP TANT POLY 330UF 3V 2917
T540D477K003CH8505WAFL,64,108.65906,KEMET,CAP TANT POLY 470UF 3V 2917
T540D687K003CH8505WAFL,64,108.65906,KEMET,CAP TANT POLY 680UF 3V 2917
T540D227K004CH8505WAFL,64,108.65906,KEMET,CAP TANT POLY 220UF 4V 2917
T540D337K004CH8505WAFL,64,108.65906,KEMET,CAP TANT POLY 330UF 4V 2917
T540D477K004CH8510WAFL,64,108.65906,KEMET,CAP TANT POLY 470UF 4V 2917
T540D157K006CH8505WAFL,64,108.65906,KEMET,CAP TANT POLY 150UF 6.3V 2917
T540D227K006CH8505WAFL,64,108.65906,KEMET,CAP TANT POLY 220UF 6.3V 2917
T540D337K006CH8510WAFL,64,108.65906,KEMET,CAP TANT POLY 330UF 6.3V 2917
T543D337M006ATW006,1,,KEMET,CAP TANT POLY 330UF 6.3V 2917
T543C107K010AHW025D100,1,108.99,KEMET,CAP TANT POLY 100UF 10V 2312
T540D337K2R5BH8505,500,109.09886,KEMET,CAP TANT POLY 330UF 2.5V 2917
T540D477K2R5BH8505,500,109.09886,KEMET,CAP TANT POLY 470UF 2.5V 2917
T540D687K2R5BH8505,500,109.09886,KEMET,CAP TANT POLY 680UF 2.5V 2917
T540D337K003BH8505,500,109.09886,KEMET,CAP TANT POLY 330UF 3V 2917
T540D477K003BH8505,500,109.09886,KEMET,CAP TANT POLY 470UF 3V 2917
T540D687K003BH8505,500,109.09886,KEMET,CAP TANT POLY 680UF 3V 2917
T540D227K004BH8505,500,109.09886,KEMET,CAP TANT POLY 220UF 4V 2917
T540D337K004BH8505,500,109.09886,KEMET,CAP TANT POLY 330UF 4V 2917
T540D477K004BH8510,500,109.09886,KEMET,CAP TANT POLY 470UF 4V 2917
T540D157K006BH8505,500,109.09886,KEMET,CAP TANT POLY 150UF 6.3V 2917
T540D227K006BH8505,500,109.09886,KEMET,CAP TANT POLY 220UF 6.3V 2917
T540D337K006BH8510,500,109.09886,KEMET,CAP TANT POLY 330UF 6.3V 2917
T540D226K020BH8505,500,109.09886,KEMET,CAP TANT POLY 22UF 20V 2917
T540D336K020BH8505,500,109.09886,KEMET,CAP TANT POLY 33UF 20V 2917
T540D476K020BH8505,500,109.09886,KEMET,CAP TANT POLY 47UF 20V 2917
T540D156K025BH8510,500,109.09886,KEMET,CAP TANT POLY 15UF 25V 2917
T540D226K025BH8505,500,109.09886,KEMET,CAP TANT POLY 22UF 25V 2917
T540D336K025BH8505,500,109.09886,KEMET,CAP TANT POLY 33UF 25V 2917
T540D226K020BT8505,500,109.09886,KEMET,CAP TANT POLY 22UF 20V 2917
T540D336K020BT8505,500,109.09886,KEMET,CAP TANT POLY 33UF 20V 2917
T540D476K020BT8505,500,109.09886,KEMET,CAP TANT POLY 47UF 20V 2917
T540D227K010BH6610,500,100.40572,KEMET,CAP TANT SMD POLYMER HI-REL
T540D337M2R5AH8705WAFL,64,109.27125,KEMET,CAP TANT POLY 330UF 2.5V 2917
T540D477M2R5AH8705WAFL,64,109.27125,KEMET,CAP TANT POLY 470UF 2.5V 2917
T540D687M2R5AH8705WAFL,64,109.27125,KEMET,CAP TANT POLY 680UF 2.5V 2917
T540D337M003AH8705WAFL,64,109.27125,KEMET,CAP TANT POLY 330UF 3V 2917
T540D477M003AH8705WAFL,64,109.27125,KEMET,CAP TANT POLY 470UF 3V 2917
T540D687M003AH8705WAFL,64,109.27125,KEMET,CAP TANT POLY 680UF 3V 2917
T540D227M004AH8705WAFL,64,109.27125,KEMET,CAP TANT POLY 220UF 4V 2917
T540D337M004AH8705WAFL,64,109.27125,KEMET,CAP TANT POLY 330UF 4V 2917
T540D477M004AH8710WAFL,64,109.27125,KEMET,CAP TANT POLY 470UF 4V 2917
T540D157M006AH8705WAFL,64,109.27125,KEMET,CAP TANT POLY 150UF 6.3V 2917
T540D227M006AH8705WAFL,64,109.27125,KEMET,CAP TANT POLY 220UF 6.3V 2917
T540D337M006AH8710WAFL,64,109.27125,KEMET,CAP TANT POLY 330UF 6.3V 2917
T540B107M003CH8710,2000,109.43172,KEMET,CAP TANT POLY 100UF 3V 1411
T540B157M003CH8710,2000,109.43172,KEMET,CAP TANT POLY 150UF 3V 1411
T540B686M004CH8710,2000,109.43172,KEMET,CAP TANT POLY 68UF 4V 1411
T540B107M004CH8710,2000,109.43172,KEMET,CAP TANT POLY 100UF 4V 1411
T540B336M006CH8710,2000,109.43172,KEMET,CAP TANT POLY 33UF 6.3V 1411
T540B476M006CH8710,2000,109.43172,KEMET,CAP TANT POLY 47UF 6.3V 1411
T540B686M006CH8710,2000,109.43172,KEMET,CAP TANT POLY 68UF 6.3V 1411
T540B226M010CH8710,2000,109.43172,KEMET,CAP TANT POLY 22UF 10V 1411
T540B336M010CH8710,2000,109.43172,KEMET,CAP TANT POLY 33UF 10V 1411
T540D156M035BH8510,500,109.56376,KEMET,CAP TANT POLY 15UF 35V 2917
T540D156M035BT8510,500,109.56376,KEMET,CAP TANT POLY 15UF 35V 2917
T541X336M050AT6510,500,100.83358,KEMET,CAP TANT SMD POLYMER HI-REL
T541X476M035AT6510,500,100.83358,KEMET,CAP TANT SMD POLYMER HI-REL
T541X226M050AT6510,500,100.83358,KEMET,CAP TANT SMD POLYMER HI-REL
T540D156K0BT8710,500,109.58928,KEMET,CAP TANT POLY 15UF 2917
T540D226K0BT8705,500,109.58928,KEMET,CAP TANT POLY 22UF 2917
T540D336K0BT8705,500,109.58928,KEMET,CAP TANT POLY 33UF 2917
T540D337K2R5DH8605,500,109.64284,KEMET,CAP TANT POLY 330UF 2.5V 2917
T540D477K2R5DH8605,500,109.64284,KEMET,CAP TANT POLY 470UF 2.5V 2917
T540D687K2R5DH8605,500,109.64284,KEMET,CAP TANT POLY 680UF 2.5V 2917
T540D337K003DH8605,500,109.64284,KEMET,CAP TANT POLY 330UF 3V 2917
T540D477K003DH8605,500,109.64284,KEMET,CAP TANT POLY 470UF 3V 2917
T540D687K003DH8605,500,109.64284,KEMET,CAP TANT POLY 680UF 3V 2917
T540D227K004DH8605,500,109.64284,KEMET,CAP TANT POLY 220UF 4V 2917
T540D337K004DH8605,500,109.64284,KEMET,CAP TANT POLY 330UF 4V 2917
T540D477K004DH8610,500,109.64284,KEMET,CAP TANT POLY 470UF 4V 2917
T540D157K006DH8605,500,109.64284,KEMET,CAP TANT POLY 150UF 6.3V 2917
T540D227K006DH8605,500,109.64284,KEMET,CAP TANT POLY 220UF 6.3V 2917
T540D337K006DH8610,500,109.64284,KEMET,CAP TANT POLY 330UF 6.3V 2917
T540D226K020DH8605,500,109.64284,KEMET,CAP TANT POLY 22UF 20V 2917
T540D336K020DH8605,500,109.64284,KEMET,CAP TANT POLY 33UF 20V 2917
T540D476K020DH8605,500,109.64284,KEMET,CAP TANT POLY 47UF 20V 2917
T540D156K025DH8610,500,109.64284,KEMET,CAP TANT POLY 15UF 25V 2917
T540D226K025DH8605,500,109.64284,KEMET,CAP TANT POLY 22UF 25V 2917
T540D336K025DH8605,500,109.64284,KEMET,CAP TANT POLY 33UF 25V 2917
T540D337M2R5DH8705,500,109.74904,KEMET,CAP TANT POLY 330UF 2.5V 2917
T540D477M2R5DH8705,500,109.74904,KEMET,CAP TANT POLY 470UF 2.5V 2917
T540D337M003DH8705,500,109.74904,KEMET,CAP TANT POLY 330UF 3V 2917
T540D477M003DH8705,500,109.74904,KEMET,CAP TANT POLY 470UF 3V 2917
T540D227M004DH8705,500,109.74904,KEMET,CAP TANT POLY 220UF 4V 2917
T540D337M004DH8705,500,109.74904,KEMET,CAP TANT POLY 330UF 4V 2917
T540D157M006DH8705,500,109.74904,KEMET,CAP TANT POLY 150UF 6.3V 2917
T540D227M006DH8705,500,109.74904,KEMET,CAP TANT POLY 220UF 6.3V 2917
T540D226M020DH8705,500,109.74904,KEMET,CAP TANT POLY 22UF 20V 2917
T540D336M020DH8705,500,109.74904,KEMET,CAP TANT POLY 33UF 20V 2917
T540D476M020DH8705,500,109.74904,KEMET,CAP TANT POLY 47UF 20V 2917
T540D156M025DH8710,500,109.74904,KEMET,CAP TANT POLY 15UF 25V 2917
T540D226M025DH8705,500,109.74904,KEMET,CAP TANT POLY 22UF 25V 2917
T540D336M025DH8705,500,109.74904,KEMET,CAP TANT POLY 33UF 25V 2917
T540A226M010DT6610,2000,109.8468,KEMET,CAP TANT POLY 22UF 10V 1206
T540D337M2R5CH8605WAFL,64,109.88328,KEMET,CAP TANT POLY 330UF 2.5V 2917
T540D477M2R5CH8605WAFL,64,109.88328,KEMET,CAP TANT POLY 470UF 2.5V 2917
T540D687M2R5CH8605WAFL,64,109.88328,KEMET,CAP TANT POLY 680UF 2.5V 2917
T540D337M003CH8605WAFL,64,109.88328,KEMET,CAP TANT POLY 330UF 3V 2917
T540D477M003CH8605WAFL,64,109.88328,KEMET,CAP TANT POLY 470UF 3V 2917
T540D687M003CH8605WAFL,64,109.88328,KEMET,CAP TANT POLY 680UF 3V 2917
T540D227M004CH8605WAFL,64,109.88328,KEMET,CAP TANT POLY 220UF 4V 2917
T540D337M004CH8605WAFL,64,109.88328,KEMET,CAP TANT POLY 330UF 4V 2917
T540D477M004CH8610WAFL,64,109.88328,KEMET,CAP TANT POLY 470UF 4V 2917
T540D157M006CH8605WAFL,64,109.88328,KEMET,CAP TANT POLY 150UF 6.3V 2917
T540D227M006CH8605WAFL,64,109.88328,KEMET,CAP TANT POLY 220UF 6.3V 2917
T540D337M006CH8610WAFL,64,109.88328,KEMET,CAP TANT POLY 330UF 6.3V 2917
T541X107M0BT8610,500,110.49178,KEMET,CAP TANT POLY 100UF 2917
T540B336M010DH87107610,64,110.61766,KEMET,CAP TANT POLY 33UF 10V 1411
T540D157M010AH6720,500,101.90398,KEMET,150.UF 10.0V
T540D337M006AH6720,500,101.90398,KEMET,CAP TANT SMD POLYMER HI-REL
T540D107M010AH6720,500,101.90398,KEMET,CAP TANT SMD POLYMER HI-REL
T540D476M016AH6720,500,101.90398,KEMET,CAP TANT SMD POLYMER HI-REL
T540D226M030DT8605,500,110.90062,KEMET,CAP TANT POLY 22UF 30V 2917
T540D336M030DT8610,500,110.90062,KEMET,CAP TANT POLY 33UF 30V 2917
T540D337M2R5BH8605,500,110.95992,KEMET,CAP TANT POLY 330UF 2.5V 2917
T540D477M2R5BH8605,500,110.95992,KEMET,CAP TANT POLY 470UF 2.5V 2917
T540D687M2R5BH8605,500,110.95992,KEMET,CAP TANT POLY 680UF 2.5V 2917
T540D337M003BH8605,500,110.95992,KEMET,CAP TANT POLY 330UF 3V 2917
T540D477M003BH8605,500,110.95992,KEMET,CAP TANT POLY 470UF 3V 2917
T540D687M003BH8605,500,110.95992,KEMET,CAP TANT POLY 680UF 3V 2917
T540D227M004BH8605,500,110.95992,KEMET,CAP TANT POLY 220UF 4V 2917
T540D337M004BH8605,500,110.95992,KEMET,CAP TANT POLY 330UF 4V 2917
T540D477M004BH8610,500,110.95992,KEMET,CAP TANT POLY 470UF 4V 2917
T540D157M006BH8605,500,110.95992,KEMET,CAP TANT POLY 150UF 6.3V 2917
T540D227M006BH8605,500,110.95992,KEMET,CAP TANT POLY 220UF 6.3V 2917
T540D337M006BH8610,500,110.95992,KEMET,CAP TANT POLY 330UF 6.3V 2917
T540D226M020BH8605,500,110.95992,KEMET,CAP TANT POLY 22UF 20V 2917
T540D336M020BH8605,500,110.95992,KEMET,CAP TANT POLY 33UF 20V 2917
T540D476M020BH8605,500,110.95992,KEMET,CAP TANT POLY 47UF 20V 2917
T540D156M025BH8610,500,110.95992,KEMET,CAP TANT POLY 15UF 25V 2917
T540D226M025BH8605,500,110.95992,KEMET,CAP TANT POLY 22UF 25V 2917
T540D336M025BH8605,500,110.95992,KEMET,CAP TANT POLY 33UF 25V 2917
T540D226M020BT8605,500,110.95992,KEMET,CAP TANT POLY 22UF 20V 2917
T540D336M020BT8605,500,110.95992,KEMET,CAP TANT POLY 33UF 20V 2917
T540D476M020BT8605,500,110.95992,KEMET,CAP TANT POLY 47UF 20V 2917
T540D157M010BH6710,500,102.11848,KEMET,CAP TANT SMD POLYMER HI-REL
T541X687M006AH8710,500,111.02282,KEMET,CAP TANT POLY 680UF 6.3V 2917
T541X687K006AH8610,500,111.12884,KEMET,CAP TANT POLY 680UF 6.3V 2917
T540D476K016CH6520,500,102.43918,KEMET,CAP TANT SMD POLYMER HI-REL
T540D157K010CH6520,500,102.43918,KEMET,CAP TANT SMD POLYMER HI-REL
T540D337K2R5CH87057280,2500,111.53157,KEMET,CAP TANT POLY 330UF 2.5V 2917
T540D477K2R5CH87057280,2500,111.53157,KEMET,CAP TANT POLY 470UF 2.5V 2917
T540D687K2R5CH87057280,2500,111.53157,KEMET,CAP TANT POLY 680UF 2.5V 2917
T540D337K003CH87057280,2500,111.53157,KEMET,CAP TANT POLY 330UF 3V 2917
T540D477K003CH87057280,2500,111.53157,KEMET,CAP TANT POLY 470UF 3V 2917
T540D687K003CH87057280,2500,111.53157,KEMET,CAP TANT POLY 680UF 3V 2917
T540D227K004CH87057280,2500,111.53157,KEMET,CAP TANT POLY 220UF 4V 2917
T540D337K004CH87057280,2500,111.53157,KEMET,CAP TANT POLY 330UF 4V 2917
T540D477K004CH87107280,2500,111.53157,KEMET,CAP TANT POLY 470UF 4V 2917
T540D157K006CH87057280,2500,111.53157,KEMET,CAP TANT POLY 150UF 6.3V 2917
T540D227K006CH87057280,2500,111.53157,KEMET,CAP TANT POLY 220UF 6.3V 2917
T540D337K006CH87107280,2500,111.53157,KEMET,CAP TANT POLY 330UF 6.3V 2917
T540D337K2R5CH87057610,750,111.53163,KEMET,CAP TANT POLY 330UF 2.5V 2917
T540D477K2R5CH87057610,750,111.53163,KEMET,CAP TANT POLY 470UF 2.5V 2917
T540D687K2R5CH87057610,750,111.53163,KEMET,CAP TANT POLY 680UF 2.5V 2917
T540D337K003CH87057610,750,111.53163,KEMET,CAP TANT POLY 330UF 3V 2917
T540D477K003CH87057610,750,111.53163,KEMET,CAP TANT POLY 470UF 3V 2917
T540D687K003CH87057610,750,111.53163,KEMET,CAP TANT POLY 680UF 3V 2917
T540D227K004CH87057610,750,111.53163,KEMET,CAP TANT POLY 220UF 4V 2917
T540D337K004CH87057610,750,111.53163,KEMET,CAP TANT POLY 330UF 4V 2917
T540D477K004CH87107610,750,111.53163,KEMET,CAP TANT POLY 470UF 4V 2917
T540D157K006CH87057610,750,111.53163,KEMET,CAP TANT POLY 150UF 6.3V 2917
T540D227K006CH87057610,750,111.53163,KEMET,CAP TANT POLY 220UF 6.3V 2917
T540D337K006CH87107610,750,111.53163,KEMET,CAP TANT POLY 330UF 6.3V 2917
T540B157M003DH8710WAFL,64,111.84047,KEMET,CAP TANT POLY 150UF 3V 1411
T540B107M004DH8710WAFL,64,111.84047,KEMET,CAP TANT POLY 100UF 4V 1411
T540B686M006DH8710WAFL,64,111.84047,KEMET,CAP TANT POLY 68UF 6.3V 1411
T540D226K030AH8505,500,111.88954,KEMET,CAP TANT POLY 22UF 30V 2917
T540D336K030AH8510,500,111.88954,KEMET,CAP TANT POLY 33UF 30V 2917
T540D226K030AT8505,500,111.88954,KEMET,CAP TANT POLY 22UF 30V 2917
T540D336K030AT8510,500,111.88954,KEMET,CAP TANT POLY 33UF 30V 2917
T540D106M050AH6610,500,102.97404,KEMET,CAP TANT SMD POLYMER HI-REL
T540D106M050AT8510,500,102.97404,KEMET,CAP TANT SMD POLYMER HI-REL
T541X107K0BT8510,500,112.19038,KEMET,CAP TANT POLY 100UF 2917
T541X107M030AH6520,500,112.355,KEMET,CAP TANT POLY 100UF 30V 2917
T541X107M020AH8510,500,112.355,KEMET,CAP TANT POLY 100UF 20V 2917
T541X108M2R5AT8505,500,112.355,KEMET,CAP TANT POLY 1000UF 2.5V 2917
T541X158M2R5AT8505,500,112.355,KEMET,CAP TANT POLY 1500UF 2.5V 2917
T541X108M003AT8505,500,112.355,KEMET,CAP TANT POLY 1000UF 3V 2917
T541X158M003AT8505,500,112.355,KEMET,CAP TANT POLY 1500UF 3V 2917
T541X687M004AT8505,500,112.355,KEMET,CAP TANT POLY 680UF 4V 2917
T541X108M004AT8505,500,112.355,KEMET,CAP TANT POLY 1000UF 4V 2917
T541X477M006AT8505,500,112.355,KEMET,CAP TANT POLY 470UF 6.3V 2917
T541X687M006AT8510,500,112.355,KEMET,CAP TANT POLY 680UF 6.3V 2917
T541X157M016AH6520,500,103.4024,KEMET,CAP TANT SMD POLYMER HI-REL
T541X227M016AH6520,500,103.4024,KEMET,CAP TANT SMD POLYMER HI-REL
T540B107K003BH8710,2000,112.37405,KEMET,CAP TANT POLY 100UF 3V 1411
T540B157K003BH8710,2000,112.37405,KEMET,CAP TANT POLY 150UF 3V 1411
T540B686K004BH8710,2000,112.37405,KEMET,CAP TANT POLY 68UF 4V 1411
T540B107K004BH8710,2000,112.37405,KEMET,CAP TANT POLY 100UF 4V 1411
T540B336K006BH8710,2000,112.37405,KEMET,CAP TANT POLY 33UF 6.3V 1411
T540B476K006BH8710,2000,112.37405,KEMET,CAP TANT POLY 47UF 6.3V 1411
T540B686K006BH8710,2000,112.37405,KEMET,CAP TANT POLY 68UF 6.3V 1411
T540B226K010BH8710,2000,112.37405,KEMET,CAP TANT POLY 22UF 10V 1411
T540B336K010BH8710,2000,112.37405,KEMET,CAP TANT POLY 33UF 10V 1411
T541X686M0CT8510,500,112.54566,KEMET,CAP TANT POLY 68UF 2917
T540D226K030DT8505,500,112.65636,KEMET,CAP TANT POLY 22UF 30V 2917
T540D336K030DT8510,500,112.65636,KEMET,CAP TANT POLY 33UF 30V 2917
T541X337M016AH6510,500,103.72292,KEMET,CAP TANT SMD POLYMER HI-REL
T541X336M035AH6510,500,103.72292,KEMET,CAP TANT SMD POLYMER HI-REL
T540D337K2R5BH8605WAFL,64,113.18406,KEMET,CAP TANT POLY 330UF 2.5V 2917
T540D477K2R5BH8605WAFL,64,113.18406,KEMET,CAP TANT POLY 470UF 2.5V 2917
T540D687K2R5BH8605WAFL,64,113.18406,KEMET,CAP TANT POLY 680UF 2.5V 2917
T540D337K003BH8605WAFL,64,113.18406,KEMET,CAP TANT POLY 330UF 3V 2917
T540D477K003BH8605WAFL,64,113.18406,KEMET,CAP TANT POLY 470UF 3V 2917
T540D687K003BH8605WAFL,64,113.18406,KEMET,CAP TANT POLY 680UF 3V 2917
T540D227K004BH8605WAFL,64,113.18406,KEMET,CAP TANT POLY 220UF 4V 2917
T540D337K004BH8605WAFL,64,113.18406,KEMET,CAP TANT POLY 330UF 4V 2917
T540D477K004BH8610WAFL,64,113.18406,KEMET,CAP TANT POLY 470UF 4V 2917
T540D157K006BH8605WAFL,64,113.18406,KEMET,CAP TANT POLY 150UF 6.3V 2917
T540D227K006BH8605WAFL,64,113.18406,KEMET,CAP TANT POLY 220UF 6.3V 2917
T540D337K006BH8610WAFL,64,113.18406,KEMET,CAP TANT POLY 330UF 6.3V 2917
T540D226M020DT8705,500,113.26648,KEMET,CAP TANT POLY 22UF 20V 2917
T540D336M020DT8705,500,113.26648,KEMET,CAP TANT POLY 33UF 20V 2917
T540D476M020DT8705,500,113.26648,KEMET,CAP TANT POLY 47UF 20V 2917
T540D156M0DT8710,500,113.26648,KEMET,CAP TANT POLY 15UF 2917
T540D226M0DT8705,500,113.26648,KEMET,CAP TANT POLY 22UF 2917
T540D336M0DT8705,500,113.26648,KEMET,CAP TANT POLY 33UF 2917
T540D226M030AH8605,500,113.28462,KEMET,CAP TANT POLY 22UF 30V 2917
T540D336M030AH8610,500,113.28462,KEMET,CAP TANT POLY 33UF 30V 2917
T540D226M030AT8605,500,113.28462,KEMET,CAP TANT POLY 22UF 30V 2917
T540D336M030AT8610,500,113.28462,KEMET,CAP TANT POLY 33UF 30V 2917
T540D156K035AH8510,500,113.4009,KEMET,CAP TANT POLY 15UF 35V 2917
T540D156K035AT8510,500,113.4009,KEMET,CAP TANT POLY 15UF 35V 2917
T541X108M2R5DH8505,500,113.56802,KEMET,CAP TANT POLY 1000UF 2.5V 2917
T541X158M2R5DH8505,500,113.56802,KEMET,CAP TANT POLY 1500UF 2.5V 2917
T541X108M003DH8505,500,113.56802,KEMET,CAP TANT POLY 1000UF 3V 2917
T541X158M003DH8505,500,113.56802,KEMET,CAP TANT POLY 1500UF 3V 2917
T541X687M004DH8505,500,113.56802,KEMET,CAP TANT POLY 680UF 4V 2917
T541X108M004DH8505,500,113.56802,KEMET,CAP TANT POLY 1000UF 4V 2917
T541X477M006DH8505,500,113.56802,KEMET,CAP TANT POLY 470UF 6.3V 2917
T541X107M0AT8710,500,113.6746,KEMET,CAP TANT POLY 100UF 2917
T540D226K020DT8605,500,113.68502,KEMET,CAP TANT POLY 22UF 20V 2917
T540D336K020DT8605,500,113.68502,KEMET,CAP TANT POLY 33UF 20V 2917
T540D476K020DT8605,500,113.68502,KEMET,CAP TANT POLY 47UF 20V 2917
T540D156K0DT8610,500,113.68502,KEMET,CAP TANT POLY 15UF 2917
T540D226K0DT8605,500,113.68502,KEMET,CAP TANT POLY 22UF 2917
T540D336K0DT8605,500,113.68502,KEMET,CAP TANT POLY 33UF 2917
T540A226M010BH6610,2000,113.73255,KEMET,CAP TANT POLY 22UF 10V 1206
T540A226M010BT6610,2000,113.73255,KEMET,CAP TANT POLY 22UF 10V 1206
T540B685M025BH6610,2000,108.72558,KEMET,6.80UF 25.0V
T541X107K0AT8610,500,114.2042,KEMET,CAP TANT POLY 100UF 2917
T541X107M025AH8510,500,114.21426,KEMET,CAP TANT POLY 100UF 25V 2917
T540D337K2R5AH8605,500,114.44662,KEMET,CAP TANT POLY 330UF 2.5V 2917
T540D477K2R5AH8605,500,114.44662,KEMET,CAP TANT POLY 470UF 2.5V 2917
T540D687K2R5AH8605,500,114.44662,KEMET,CAP TANT POLY 680UF 2.5V 2917
T540D337K003AH8605,500,114.44662,KEMET,CAP TANT POLY 330UF 3V 2917
T540D477K003AH8605,500,114.44662,KEMET,CAP TANT POLY 470UF 3V 2917
T540D687K003AH8605,500,114.44662,KEMET,CAP TANT POLY 680UF 3V 2917
T540D227K004AH8605,500,114.44662,KEMET,CAP TANT POLY 220UF 4V 2917
T540D337K004AH8605,500,114.44662,KEMET,CAP TANT POLY 330UF 4V 2917
T540D477K004AH8610,500,114.44662,KEMET,CAP TANT POLY 470UF 4V 2917
T540D157K006AH8605,500,114.44662,KEMET,CAP TANT POLY 150UF 6.3V 2917
T540D227K006AH8605,500,114.44662,KEMET,CAP TANT POLY 220UF 6.3V 2917
T540D337K006AH8610,500,114.44662,KEMET,CAP TANT POLY 330UF 6.3V 2917
T540D226K020AH8605,500,114.44662,KEMET,CAP TANT POLY 22UF 20V 2917
T540D336K020AH8605,500,114.44662,KEMET,CAP TANT POLY 33UF 20V 2917
T540D476K020AH8605,500,114.44662,KEMET,CAP TANT POLY 47UF 20V 2917
T540D156K025AH8610,500,114.44662,KEMET,CAP TANT POLY 15UF 25V 2917
T540D226K025AH8605,500,114.44662,KEMET,CAP TANT POLY 22UF 25V 2917
T540D336K025AH8605,500,114.44662,KEMET,CAP TANT POLY 33UF 25V 2917
T540D226K020AT8605,500,114.44662,KEMET,CAP TANT POLY 22UF 20V 2917
T540D336K020AT8605,500,114.44662,KEMET,CAP TANT POLY 33UF 20V 2917
T540D476K020AT8605,500,114.44662,KEMET,CAP TANT POLY 47UF 20V 2917
T540D107K016AH6710,500,105.32736,KEMET,CAP TANT SMD POLYMER HI-REL
T540D156K025AH6710,500,105.32736,KEMET,CAP TANT SMD POLYMER HI-REL
T540D227K010AH6710,500,105.32736,KEMET,CAP TANT SMD POLYMER HI-REL
T541X686M0BT8610,500,114.57566,KEMET,CAP TANT POLY 68UF 2917
T541D477M004AH6710,500,114.79508,KEMET,CAP TANT POLY 470UF 4V 2917
T540D226M030CH8505,500,114.79508,KEMET,CAP TANT POLY 22UF 30V 2917
T540D336M030CH8510,500,114.79508,KEMET,CAP TANT POLY 33UF 30V 2917
T540D156M035AH8610,500,114.79508,KEMET,CAP TANT POLY 15UF 35V 2917
T540D226M030CT8505,500,114.79508,KEMET,CAP TANT POLY 22UF 30V 2917
T540D336M030CT8510,500,114.79508,KEMET,CAP TANT POLY 33UF 30V 2917
T540D156M035AT8610,500,114.79508,KEMET,CAP TANT POLY 15UF 35V 2917
T541D337M006AH6710,500,105.64806,KEMET,CAP TANT SMD POLYMER HI-REL
T541D687M003AH6710,500,105.64806,KEMET,CAP TANT SMD POLYMER HI-REL
T541D227M010AH6710,500,114.79508,KEMET,CAP TANT SMD POLYMER HI-REL
T540D156M035AH6710,500,105.64806,KEMET,CAP TANT SMD POLYMER HI-REL
T541D157M010AH6710,500,105.64806,KEMET,CAP TANT SMD POLYMER HI-REL
T541Y337M006AH6530,500,106.18292,KEMET,CAP TANT SMD POLYMER HI-REL
T541Y477M004AH6530,500,106.18292,KEMET,CAP TANT SMD POLYMER HI-REL
T540D337M2R5BH8705WAFL,64,115.37984,KEMET,CAP TANT POLY 330UF 2.5V 2917
T540D477M2R5BH8705WAFL,64,115.37984,KEMET,CAP TANT POLY 470UF 2.5V 2917
T540D687M2R5BH8705WAFL,64,115.37984,KEMET,CAP TANT POLY 680UF 2.5V 2917
T540D337M003BH8705WAFL,64,115.37984,KEMET,CAP TANT POLY 330UF 3V 2917
T540D477M003BH8705WAFL,64,115.37984,KEMET,CAP TANT POLY 470UF 3V 2917
T540D687M003BH8705WAFL,64,115.37984,KEMET,CAP TANT POLY 680UF 3V 2917
T540D227M004BH8705WAFL,64,115.37984,KEMET,CAP TANT POLY 220UF 4V 2917
T540D337M004BH8705WAFL,64,115.37984,KEMET,CAP TANT POLY 330UF 4V 2917
T540D477M004BH8710WAFL,64,115.37984,KEMET,CAP TANT POLY 470UF 4V 2917
T540D157M006BH8705WAFL,64,115.37984,KEMET,CAP TANT POLY 150UF 6.3V 2917
T540D227M006BH8705WAFL,64,115.37984,KEMET,CAP TANT POLY 220UF 6.3V 2917
T540D337M006BH8710WAFL,64,115.37984,KEMET,CAP TANT POLY 330UF 6.3V 2917
T540B107K003CH8710WAFL,60,115.43117,KEMET,CAP TANT POLY 100UF 3V 1411
T540B157K003CH8710WAFL,60,115.43117,KEMET,CAP TANT POLY 150UF 3V 1411
T540B686K004CH8710WAFL,60,115.43117,KEMET,CAP TANT POLY 68UF 4V 1411
T540B107K004CH8710WAFL,60,115.43117,KEMET,CAP TANT POLY 100UF 4V 1411
T540B336K006CH8710WAFL,60,115.43117,KEMET,CAP TANT POLY 33UF 6.3V 1411
T540B476K006CH8710WAFL,60,115.43117,KEMET,CAP TANT POLY 47UF 6.3V 1411
T540B686K006CH8710WAFL,60,115.43117,KEMET,CAP TANT POLY 68UF 6.3V 1411
T540B226K010CH8710WAFL,60,115.43117,KEMET,CAP TANT POLY 22UF 10V 1411
T540B336K010CH8710WAFL,60,115.43117,KEMET,CAP TANT POLY 33UF 10V 1411
T525B336M006AH4095,2000,106.3245,KEMET,33.0UF  6.0V
T525B476M006AH4095,2000,106.3245,KEMET,47.0UF  6.0V
T525B336M010AH4095,2000,106.3245,KEMET,33.0UF 10.0V
T541X108M2R5AH8505,500,115.60844,KEMET,CAP TANT POLY 1000UF 2.5V 2917
T541X158M2R5AH8505,500,115.60844,KEMET,CAP TANT POLY 1500UF 2.5V 2917
T541X108M003AH8505,500,115.60844,KEMET,CAP TANT POLY 1000UF 3V 2917
T541X158M003AH8505,500,115.60844,KEMET,CAP TANT POLY 1500UF 3V 2917
T541X687M004AH8505,500,115.60844,KEMET,CAP TANT POLY 680UF 4V 2917
T541X108M004AH8505,500,115.60844,KEMET,CAP TANT POLY 1000UF 4V 2917
T541X477M006AH8505,500,115.60844,KEMET,CAP TANT POLY 470UF 6.3V 2917
T541X107M025BH6510,500,106.3966,KEMET,CAP TANT SMD POLYMER HI-REL
T541X337M010AT8505,500,115.84044,KEMET,CAP TANT POLY 330UF 10V 2917
T541X477M010AT8510,500,115.84044,KEMET,CAP TANT POLY 470UF 10V 2917
T541X157M016AT8510,500,115.84044,KEMET,CAP TANT POLY 150UF 16V 2917
T541X227M016AT8510,500,115.84044,KEMET,CAP TANT POLY 220UF 16V 2917
T541X107M020AT8510,500,115.84044,KEMET,CAP TANT POLY 100UF 20V 2917
T541X476M030AT8510,500,115.84044,KEMET,CAP TANT POLY 47UF 30V 2917
T541X686M030AT8510,500,115.84044,KEMET,CAP TANT POLY 68UF 30V 2917
T541X107M030AT8510,500,115.84044,KEMET,CAP TANT POLY 100UF 30V 2917
T541X107M025AT6610,500,106.61012,KEMET,CAP TANT SMD POLYMER HI-REL
T525T476M006AH4095,3000,110.59495,KEMET,47.0UF  6.0V
T543D227K010AHW0107505,1,116.18,KEMET,CAP TANT POLY 220UF 10V 2917
T541D157K010BH6520,500,106.93114,KEMET,CAP TANT SMD POLYMER HI-REL
T540C685M025AH6710,13,106.99385,KEMET,CAP TANT SMD POLYMER HI-REL
T541X687K004AH6510,500,107.14466,KEMET,CAP TANT SMD POLYMER HI-REL
T541X107M030BH6510,500,116.53716,KEMET,CAP TANT POLY 100UF 30V 2917
T540D156K0CT8710,500,116.60258,KEMET,CAP TANT POLY 15UF 2917
T540D226K0CT8705,500,116.60258,KEMET,CAP TANT POLY 22UF 2917
T540D336K0CT8705,500,116.60258,KEMET,CAP TANT POLY 33UF 2917
T525T336M010AH4095,3000,107.34784,KEMET,33.0UF 10.0V
T541X686K0BT8510,500,116.88292,KEMET,CAP TANT POLY 68UF 2917
T540C106M025BH6610,500,107.57236,KEMET,CAP TANT SMD POLYMER HI-REL
T540A226M010DH6710,2000,117.03514,KEMET,CAP TANT POLY 22UF 10V 1206
T541X477M010DH8510,500,117.06282,KEMET,CAP TANT POLY 470UF 10V 2917
T541X157M016DH8510,500,117.06282,KEMET,CAP TANT POLY 150UF 16V 2917
T541X227M016DH8510,500,117.06282,KEMET,CAP TANT POLY 220UF 16V 2917
T541X107M020DH8510,500,117.06282,KEMET,CAP TANT POLY 100UF 20V 2917
T541X686M025DH8510,500,117.06282,KEMET,CAP TANT POLY 68UF 25V 2917
T541X107M025DH8510,500,117.06282,KEMET,CAP TANT POLY 100UF 25V 2917
T541X107M0DT8510,500,117.06282,KEMET,CAP TANT POLY 100UF 2917
T540D337K2R5DH8505WAFL,64,117.08563,KEMET,CAP TANT POLY 330UF 2.5V 2917
T540D477K2R5DH8505WAFL,64,117.08563,KEMET,CAP TANT POLY 470UF 2.5V 2917
T540D687K2R5DH8505WAFL,64,117.08563,KEMET,CAP TANT POLY 680UF 2.5V 2917
T540D337K003DH8505WAFL,64,117.08563,KEMET,CAP TANT POLY 330UF 3V 2917
T540D477K003DH8505WAFL,64,117.08563,KEMET,CAP TANT POLY 470UF 3V 2917
T540D687K003DH8505WAFL,64,117.08563,KEMET,CAP TANT POLY 680UF 3V 2917
T540D227K004DH8505WAFL,64,117.08563,KEMET,CAP TANT POLY 220UF 4V 2917
T540D337K004DH8505WAFL,64,117.08563,KEMET,CAP TANT POLY 330UF 4V 2917
T540D477K004DH8510WAFL,64,117.08563,KEMET,CAP TANT POLY 470UF 4V 2917
T540D157K006DH8505WAFL,64,117.08563,KEMET,CAP TANT POLY 150UF 6.3V 2917
T540D227K006DH8505WAFL,64,117.08563,KEMET,CAP TANT POLY 220UF 6.3V 2917
T540D337K006DH8510WAFL,64,117.08563,KEMET,CAP TANT POLY 330UF 6.3V 2917
T541X686K025AT6510,500,107.78572,KEMET,CAP TANT SMD POLYMER HI-REL
T541X157K016AT6510,500,107.78572,KEMET,CAP TANT SMD POLYMER HI-REL
T540D337M2R5DH8605WAFL,64,117.20781,KEMET,CAP TANT POLY 330UF 2.5V 2917
T540D477M2R5DH8605WAFL,64,117.20781,KEMET,CAP TANT POLY 470UF 2.5V 2917
T540D687M2R5DH8605WAFL,64,117.20781,KEMET,CAP TANT POLY 680UF 2.5V 2917
T540D337M003DH8605WAFL,64,117.20781,KEMET,CAP TANT POLY 330UF 3V 2917
T540D477M003DH8605WAFL,64,117.20781,KEMET,CAP TANT POLY 470UF 3V 2917
T540D687M003DH8605WAFL,64,117.20781,KEMET,CAP TANT POLY 680UF 3V 2917
T540D227M004DH8605WAFL,64,117.20781,KEMET,CAP TANT POLY 220UF 4V 2917
T540D337M004DH8605WAFL,64,117.20781,KEMET,CAP TANT POLY 330UF 4V 2917
T540D477M004DH8610WAFL,64,117.20781,KEMET,CAP TANT POLY 470UF 4V 2917
T540D157M006DH8605WAFL,64,117.20781,KEMET,CAP TANT POLY 150UF 6.3V 2917
T540D227M006DH8605WAFL,64,117.20781,KEMET,CAP TANT POLY 220UF 6.3V 2917
T540D337M006DH8610WAFL,64,117.20781,KEMET,CAP TANT POLY 330UF 6.3V 2917
T540D226M020AH8705,500,117.35034,KEMET,CAP TANT POLY 22UF 20V 2917
T540D336M020AH8705,500,117.35034,KEMET,CAP TANT POLY 33UF 20V 2917
T540D476M020AH8705,500,117.35034,KEMET,CAP TANT POLY 47UF 20V 2917
T540D156M025AH8710,500,117.35034,KEMET,CAP TANT POLY 15UF 25V 2917
T540D226M025AH8705,500,117.35034,KEMET,CAP TANT POLY 22UF 25V 2917
T540D336M025AH8705,500,117.35034,KEMET,CAP TANT POLY 33UF 25V 2917
T540D226M020AT8705,500,117.35034,KEMET,CAP TANT POLY 22UF 20V 2917
T540D336M020AT8705,500,117.35034,KEMET,CAP TANT POLY 33UF 20V 2917
T540D476M020AT8705,500,117.35034,KEMET,CAP TANT POLY 47UF 20V 2917
T541X686M0AT8710,500,117.38072,KEMET,CAP TANT POLY 68UF 2917
T540D337M2R5AH8705,500,117.46626,KEMET,CAP TANT POLY 330UF 2.5V 2917
T540D477M2R5AH8705,500,117.46626,KEMET,CAP TANT POLY 470UF 2.5V 2917
T540D687M2R5AH8705,500,117.46626,KEMET,CAP TANT POLY 680UF 2.5V 2917
T540D337M003AH8705,500,117.46626,KEMET,CAP TANT POLY 330UF 3V 2917
T540D477M003AH8705,500,117.46626,KEMET,CAP TANT POLY 470UF 3V 2917
T540D687M003AH8705,500,117.46626,KEMET,CAP TANT POLY 680UF 3V 2917
T540D227M004AH8705,500,117.46626,KEMET,CAP TANT POLY 220UF 4V 2917
T540D337M004AH8705,500,117.46626,KEMET,CAP TANT POLY 330UF 4V 2917
T540D477M004AH8710,500,117.46626,KEMET,CAP TANT POLY 470UF 4V 2917
T540D157M006AH8705,500,117.46626,KEMET,CAP TANT POLY 150UF 6.3V 2917
T540D227M006AH8705,500,117.46626,KEMET,CAP TANT POLY 220UF 6.3V 2917
T540D337M006AH8710,500,117.46626,KEMET,CAP TANT POLY 330UF 6.3V 2917
T540D226M030DH8705,500,117.5917,KEMET,CAP TANT POLY 22UF 30V 2917
T540D336M030DH8710,500,117.5917,KEMET,CAP TANT POLY 33UF 30V 2917
T543X477M006AHW010D100,1,117.62,KEMET,CAP TANT POLY 470UF 6.3V 2917
T543D227K010AHW006D100,1,118.07,KEMET,CAP TANT POLY 220UF 10V 2917
T540D337K2R5CH8505,500,118.163,KEMET,CAP TANT POLY 330UF 2.5V 2917
T540D477K2R5CH8505,500,118.163,KEMET,CAP TANT POLY 470UF 2.5V 2917
T540D687K2R5CH8505,500,118.163,KEMET,CAP TANT POLY 680UF 2.5V 2917
T540D337K003CH8505,500,118.163,KEMET,CAP TANT POLY 330UF 3V 2917
T540D477K003CH8505,500,118.163,KEMET,CAP TANT POLY 470UF 3V 2917
T540D687K003CH8505,500,118.163,KEMET,CAP TANT POLY 680UF 3V 2917
T540D227K004CH8505,500,118.163,KEMET,CAP TANT POLY 220UF 4V 2917
T540D337K004CH8505,500,118.163,KEMET,CAP TANT POLY 330UF 4V 2917
T540D477K004CH8510,500,118.163,KEMET,CAP TANT POLY 470UF 4V 2917
T540D157K006CH8505,500,118.163,KEMET,CAP TANT POLY 150UF 6.3V 2917
T540D227K006CH8505,500,118.163,KEMET,CAP TANT POLY 220UF 6.3V 2917
T540D337K006CH8510,500,118.163,KEMET,CAP TANT POLY 330UF 6.3V 2917
T540D226K020CH8505,500,118.163,KEMET,CAP TANT POLY 22UF 20V 2917
T540D336K020CH8505,500,118.163,KEMET,CAP TANT POLY 33UF 20V 2917
T540D476K020CH8505,500,118.163,KEMET,CAP TANT POLY 47UF 20V 2917
T540D156K025CH8510,500,118.163,KEMET,CAP TANT POLY 15UF 25V 2917
T540D226K025CH8505,500,118.163,KEMET,CAP TANT POLY 22UF 25V 2917
T540D336K025CH8505,500,118.163,KEMET,CAP TANT POLY 33UF 25V 2917
T540D226K020CT8505,500,118.163,KEMET,CAP TANT POLY 22UF 20V 2917
T540D336K020CT8505,500,118.163,KEMET,CAP TANT POLY 33UF 20V 2917
T540D476K020CT8505,500,118.163,KEMET,CAP TANT POLY 47UF 20V 2917
T540D226K025CH6610,500,108.74762,KEMET,CAP TANT SMD POLYMER HI-REL
T541D227M010AT6720,500,108.85428,KEMET,CAP TANT SMD POLYMER HI-REL
T541X108M2R5DT8505,500,118.32724,KEMET,CAP TANT POLY 1000UF 2.5V 2917
T541X158M2R5DT8505,500,118.32724,KEMET,CAP TANT POLY 1500UF 2.5V 2917
T541X108M003DT8505,500,118.32724,KEMET,CAP TANT POLY 1000UF 3V 2917
T541X158M003DT8505,500,118.32724,KEMET,CAP TANT POLY 1500UF 3V 2917
T541X687M004DT8505,500,118.32724,KEMET,CAP TANT POLY 680UF 4V 2917
T541X108M004DT8505,500,118.32724,KEMET,CAP TANT POLY 1000UF 4V 2917
T541X477M006DT8505,500,118.32724,KEMET,CAP TANT POLY 470UF 6.3V 2917
T540D337K2R5AH8705WAFL,64,118.425,KEMET,CAP TANT POLY 330UF 2.5V 2917
T540D477K2R5AH8705WAFL,64,118.425,KEMET,CAP TANT POLY 470UF 2.5V 2917
T540D687K2R5AH8705WAFL,64,118.425,KEMET,CAP TANT POLY 680UF 2.5V 2917
T541X686K0AT8610,500,118.43776,KEMET,CAP TANT POLY 68UF 2917
T540D156M035CH8510,500,118.51126,KEMET,CAP TANT POLY 15UF 35V 2917
T540D156M035CT8510,500,118.51126,KEMET,CAP TANT POLY 15UF 35V 2917
T541X107M0CT8610,500,118.64946,KEMET,CAP TANT POLY 100UF 2917
T540D337M2R5CH8605,500,118.74292,KEMET,CAP TANT POLY 330UF 2.5V 2917
T540D477M2R5CH8605,500,118.74292,KEMET,CAP TANT POLY 470UF 2.5V 2917
T540D687M2R5CH8605,500,118.74292,KEMET,CAP TANT POLY 680UF 2.5V 2917
T540D337M003CH8605,500,118.74292,KEMET,CAP TANT POLY 330UF 3V 2917
T540D477M003CH8605,500,118.74292,KEMET,CAP TANT POLY 470UF 3V 2917
T540D687M003CH8605,500,118.74292,KEMET,CAP TANT POLY 680UF 3V 2917
T540D227M004CH8605,500,118.74292,KEMET,CAP TANT POLY 220UF 4V 2917
T540D337M004CH8605,500,118.74292,KEMET,CAP TANT POLY 330UF 4V 2917
T540D477M004CH8610,500,118.74292,KEMET,CAP TANT POLY 470UF 4V 2917
T540D157M006CH8605,500,118.74292,KEMET,CAP TANT POLY 150UF 6.3V 2917
T540D227M006CH8605,500,118.74292,KEMET,CAP TANT POLY 220UF 6.3V 2917
T540D337M006CH8610,500,118.74292,KEMET,CAP TANT POLY 330UF 6.3V 2917
T540D226M020CH8605,500,118.74292,KEMET,CAP TANT POLY 22UF 20V 2917
T540D336M020CH8605,500,118.74292,KEMET,CAP TANT POLY 33UF 20V 2917
T540D476M020CH8605,500,118.74292,KEMET,CAP TANT POLY 47UF 20V 2917
T540D156M025CH8610,500,118.74292,KEMET,CAP TANT POLY 15UF 25V 2917
T540D226M025CH8605,500,118.74292,KEMET,CAP TANT POLY 22UF 25V 2917
T540D336M025CH8605,500,118.74292,KEMET,CAP TANT POLY 33UF 25V 2917
T540D226M020CT8605,500,118.74292,KEMET,CAP TANT POLY 22UF 20V 2917
T540D336M020CT8605,500,118.74292,KEMET,CAP TANT POLY 33UF 20V 2917
T540D476M020CT8605,500,118.74292,KEMET,CAP TANT POLY 47UF 20V 2917
T540D106M050AH6620,500,109.28132,KEMET,CAP TANT SMD POLYMER HI-REL
T540D107M016CH6710,500,109.28132,KEMET,CAP TANT SMD POLYMER HI-REL
T540D686M016CH6710,500,109.28132,KEMET,CAP TANT SMD POLYMER HI-REL
T540D336M025CT6710,500,109.28132,KEMET,CAP TANT SMD POLYMER HI-REL
T540D227M010CH6710,500,109.28132,KEMET,CAP TANT SMD POLYMER HI-REL
T540D336M025CH6710,500,109.28132,KEMET,CAP TANT SMD POLYMER HI-REL
T540D226K030DH8605,500,118.75532,KEMET,CAP TANT POLY 22UF 30V 2917
T540D336K030DH8610,500,118.75532,KEMET,CAP TANT POLY 33UF 30V 2917
T541X476M030DH8510,500,118.75532,KEMET,CAP TANT POLY 47UF 30V 2917
T541X686M030DH8510,500,118.75532,KEMET,CAP TANT POLY 68UF 30V 2917
T541X107M030DH8510,500,118.75532,KEMET,CAP TANT POLY 100UF 30V 2917
T541X337M016BH6510,2000,109.35352,KEMET,CAP TANT SMD POLYMER HI-REL
T541X107M030AH6610,500,119.20746,KEMET,CAP TANT POLY 100UF 30V 2917
T541X337M010AH8505,500,119.20746,KEMET,CAP TANT POLY 330UF 10V 2917
T541X477M010AH8510,500,119.20746,KEMET,CAP TANT POLY 470UF 10V 2917
T541X157M016AH8510,500,119.20746,KEMET,CAP TANT POLY 150UF 16V 2917
T541X227M016AH8510,500,119.20746,KEMET,CAP TANT POLY 220UF 16V 2917
T541X686M025AH8510,500,119.20746,KEMET,CAP TANT POLY 68UF 25V 2917
T541X476M030AH8510,500,119.20746,KEMET,CAP TANT POLY 47UF 30V 2917
T541X686M030AH8510,500,119.20746,KEMET,CAP TANT POLY 68UF 30V 2917
T541X107M030AH8510,500,119.20746,KEMET,CAP TANT POLY 100UF 30V 2917
T541X107M025AH6610,500,109.70886,KEMET,CAP TANT SMD POLYMER HI-REL
T541X337M010AH6610,500,109.70886,KEMET,CAP TANT SMD POLYMER HI-REL
T540B107K003CH8710,2000,119.27305,KEMET,CAP TANT POLY 100UF 3V 1411
T540B157K003CH8710,2000,119.27305,KEMET,CAP TANT POLY 150UF 3V 1411
T540B686K004CH8710,2000,119.27305,KEMET,CAP TANT POLY 68UF 4V 1411
T540B107K004CH8710,2000,119.27305,KEMET,CAP TANT POLY 100UF 4V 1411
T540B336K006CH8710,2000,119.27305,KEMET,CAP TANT POLY 33UF 6.3V 1411
T540B476K006CH8710,2000,119.27305,KEMET,CAP TANT POLY 47UF 6.3V 1411
T540B686K006CH8710,2000,119.27305,KEMET,CAP TANT POLY 68UF 6.3V 1411
T540B226K010CH8710,2000,119.27305,KEMET,CAP TANT POLY 22UF 10V 1411
T540B336K010CH8710,2000,119.27305,KEMET,CAP TANT POLY 33UF 10V 1411
T540D337K003AH8705WAFL,64,119.27594,KEMET,CAP TANT POLY 330UF 3V 2917
T540D477K003AH8705WAFL,64,119.27594,KEMET,CAP TANT POLY 470UF 3V 2917
T540D687K003AH8705WAFL,64,119.27594,KEMET,CAP TANT POLY 680UF 3V 2917
T540D227K004AH8705WAFL,64,119.27594,KEMET,CAP TANT POLY 220UF 4V 2917
T540D337K004AH8705WAFL,64,119.27594,KEMET,CAP TANT POLY 330UF 4V 2917
T540D477K004AH8710WAFL,64,119.27594,KEMET,CAP TANT POLY 470UF 4V 2917
T540D157K006AH8705WAFL,64,119.27594,KEMET,CAP TANT POLY 150UF 6.3V 2917
T540D227K006AH8705WAFL,64,119.27594,KEMET,CAP TANT POLY 220UF 6.3V 2917
T540D337K006AH8710WAFL,64,119.27594,KEMET,CAP TANT POLY 330UF 6.3V 2917
T540D337K2R5DH87057280,2500,119.2815,KEMET,CAP TANT POLY 330UF 2.5V 2917
T540D477K2R5DH87057280,2500,119.2815,KEMET,CAP TANT POLY 470UF 2.5V 2917
T540D687K2R5DH87057280,2500,119.2815,KEMET,CAP TANT POLY 680UF 2.5V 2917
T540D337K003DH87057280,2500,119.2815,KEMET,CAP TANT POLY 330UF 3V 2917
T540D477K003DH87057280,2500,119.2815,KEMET,CAP TANT POLY 470UF 3V 2917
T540D687K003DH87057280,2500,119.2815,KEMET,CAP TANT POLY 680UF 3V 2917
T540D227K004DH87057280,2500,119.2815,KEMET,CAP TANT POLY 220UF 4V 2917
T540D337K004DH87057280,2500,119.2815,KEMET,CAP TANT POLY 330UF 4V 2917
T540D477K004DH87107280,2500,119.2815,KEMET,CAP TANT POLY 470UF 4V 2917
T540D157K006DH87057280,2500,119.2815,KEMET,CAP TANT POLY 150UF 6.3V 2917
T540D227K006DH87057280,2500,119.2815,KEMET,CAP TANT POLY 220UF 6.3V 2917
T540D337K006DH87107280,2500,119.2815,KEMET,CAP TANT POLY 330UF 6.3V 2917
T540D337K2R5DH87057610,750,119.28149,KEMET,CAP TANT POLY 330UF 2.5V 2917
T540D477K2R5DH87057610,750,119.28149,KEMET,CAP TANT POLY 470UF 2.5V 2917
T540D687K2R5DH87057610,750,119.28149,KEMET,CAP TANT POLY 680UF 2.5V 2917
T540D337K003DH87057610,750,119.28149,KEMET,CAP TANT POLY 330UF 3V 2917
T540D477K003DH87057610,750,119.28149,KEMET,CAP TANT POLY 470UF 3V 2917
T540D687K003DH87057610,750,119.28149,KEMET,CAP TANT POLY 680UF 3V 2917
T540D227K004DH87057610,750,119.28149,KEMET,CAP TANT POLY 220UF 4V 2917
T540D337K004DH87057610,750,119.28149,KEMET,CAP TANT POLY 330UF 4V 2917
T540D477K004DH87107610,750,119.28149,KEMET,CAP TANT POLY 470UF 4V 2917
T540D157K006DH87057610,750,119.28149,KEMET,CAP TANT POLY 150UF 6.3V 2917
T540D227K006DH87057610,750,119.28149,KEMET,CAP TANT POLY 220UF 6.3V 2917
T540D337K006DH87107610,750,119.28149,KEMET,CAP TANT POLY 330UF 6.3V 2917
T541X337M016AH6520,500,110.02922,KEMET,CAP TANT SMD POLYMER HI-REL
T540A226M010AH6710,2000,119.61198,KEMET,CAP TANT POLY 22UF 10V 1206
T540A226M010AT6710,2000,119.61198,KEMET,CAP TANT POLY 22UF 10V 1206
T540D226K030BH8505,500,120.01902,KEMET,CAP TANT POLY 22UF 30V 2917
T540D336K030BH8510,500,120.01902,KEMET,CAP TANT POLY 33UF 30V 2917
T540D226K030BT8505,500,120.01902,KEMET,CAP TANT POLY 22UF 30V 2917
T540D336K030BT8510,500,120.01902,KEMET,CAP TANT POLY 33UF 30V 2917
T540D337K2R5DH8705,500,120.23486,KEMET,CAP TANT POLY 330UF 2.5V 2917
T540D477K2R5DH8705,500,120.23486,KEMET,CAP TANT POLY 470UF 2.5V 2917
T540D687K2R5DH8705,500,120.23486,KEMET,CAP TANT POLY 680UF 2.5V 2917
T540D337K003DH8705,500,120.23486,KEMET,CAP TANT POLY 330UF 3V 2917
T540D477K003DH8705,500,120.23486,KEMET,CAP TANT POLY 470UF 3V 2917
T540D687K003DH8705,500,120.23486,KEMET,CAP TANT POLY 680UF 3V 2917
T540D227K004DH8705,500,120.23486,KEMET,CAP TANT POLY 220UF 4V 2917
T540D337K004DH8705,500,120.23486,KEMET,CAP TANT POLY 330UF 4V 2917
T540D477K004DH8710,500,120.23486,KEMET,CAP TANT POLY 470UF 4V 2917
T540D157K006DH8705,500,120.23486,KEMET,CAP TANT POLY 150UF 6.3V 2917
T540D227K006DH8705,500,120.23486,KEMET,CAP TANT POLY 220UF 6.3V 2917
T540D337K006DH8710,500,120.23486,KEMET,CAP TANT POLY 330UF 6.3V 2917
T540D226K020DH8705,500,120.23486,KEMET,CAP TANT POLY 22UF 20V 2917
T540D336K020DH8705,500,120.23486,KEMET,CAP TANT POLY 33UF 20V 2917
T540D476K020DH8705,500,120.23486,KEMET,CAP TANT POLY 47UF 20V 2917
T540D156K025DH8710,500,120.23486,KEMET,CAP TANT POLY 15UF 25V 2917
T540D226K025DH8705,500,120.23486,KEMET,CAP TANT POLY 22UF 25V 2917
T540D336K025DH8705,500,120.23486,KEMET,CAP TANT POLY 33UF 25V 2917
T541X107K030AH6510,500,120.4832,KEMET,CAP TANT POLY 100UF 30V 2917
T540D226M030BH8605,500,120.59984,KEMET,CAP TANT POLY 22UF 30V 2917
T540D336M030BH8610,500,120.59984,KEMET,CAP TANT POLY 33UF 30V 2917
T540D226M030BT8605,500,120.59984,KEMET,CAP TANT POLY 22UF 30V 2917
T540D336M030BT8610,500,120.59984,KEMET,CAP TANT POLY 33UF 30V 2917
T540D337K2R5CH8605WAFL,64,120.85531,KEMET,CAP TANT POLY 330UF 2.5V 2917
T540D477K2R5CH8605WAFL,64,120.85531,KEMET,CAP TANT POLY 470UF 2.5V 2917
T540D687K2R5CH8605WAFL,64,120.85531,KEMET,CAP TANT POLY 680UF 2.5V 2917
T540D337K003CH8605WAFL,64,120.85531,KEMET,CAP TANT POLY 330UF 3V 2917
T540D477K003CH8605WAFL,64,120.85531,KEMET,CAP TANT POLY 470UF 3V 2917
T540D687K003CH8605WAFL,64,120.85531,KEMET,CAP TANT POLY 680UF 3V 2917
T540D227K004CH8605WAFL,64,120.85531,KEMET,CAP TANT POLY 220UF 4V 2917
T540D337K004CH8605WAFL,64,120.85531,KEMET,CAP TANT POLY 330UF 4V 2917
T540D477K004CH8610WAFL,64,120.85531,KEMET,CAP TANT POLY 470UF 4V 2917
T540D157K006CH8605WAFL,64,120.85531,KEMET,CAP TANT POLY 150UF 6.3V 2917
T540D227K006CH8605WAFL,64,120.85531,KEMET,CAP TANT POLY 220UF 6.3V 2917
T540D337K006CH8610WAFL,64,120.85531,KEMET,CAP TANT POLY 330UF 6.3V 2917
T541X107M0BT8710,500,121.08002,KEMET,CAP TANT POLY 100UF 2917
T540B476M010BH6620,2000,111.53719,KEMET,CAP TANT SMD POLYMER HI-REL
T543D477K006AHW015D100,1,121.3,KEMET,CAP TANT POLY 470UF 6.3V 2917
T543X477M006AHW0107505,1,121.48,KEMET,CAP TANT POLY 470UF 6.3V 2917
T540D226M030DT8705,500,121.48562,KEMET,CAP TANT POLY 22UF 30V 2917
T540D336M030DT8710,500,121.48562,KEMET,CAP TANT POLY 33UF 30V 2917
T541X107K0CT8510,500,121.50162,KEMET,CAP TANT POLY 100UF 2917
T541D227M010AH6720,500,111.95054,KEMET,CAP TANT POLY 220UF 10V 2917
T540D156M035AH6720,500,111.95054,KEMET,CAP TANT SMD POLYMER HI-REL
T541X687K006AH8710,500,121.7135,KEMET,CAP TANT POLY 680UF 6.3V 2917
T541X108M2R5BT8505,500,121.75968,KEMET,CAP TANT POLY 1000UF 2.5V 2917
T541X158M2R5BT8505,500,121.75968,KEMET,CAP TANT POLY 1500UF 2.5V 2917
T541X108M003BT8505,500,121.75968,KEMET,CAP TANT POLY 1000UF 3V 2917
T541X158M003BT8505,500,121.75968,KEMET,CAP TANT POLY 1500UF 3V 2917
T541X687M004BT8505,500,121.75968,KEMET,CAP TANT POLY 680UF 4V 2917
T541X108M004BT8505,500,121.75968,KEMET,CAP TANT POLY 1000UF 4V 2917
T541X477M006BT8505,500,121.75968,KEMET,CAP TANT POLY 470UF 6.3V 2917
T541X477M010DT8510,500,121.98718,KEMET,CAP TANT POLY 470UF 10V 2917
T541X157M016DT8510,500,121.98718,KEMET,CAP TANT POLY 150UF 16V 2917
T541X227M016DT8510,500,121.98718,KEMET,CAP TANT POLY 220UF 16V 2917
T541X107M020DT8510,500,121.98718,KEMET,CAP TANT POLY 100UF 20V 2917
T541X686M0DT8510,500,121.98718,KEMET,CAP TANT POLY 68UF 2917
T540B107K003DH8710WAFL,60,122.0325,KEMET,CAP TANT POLY 100UF 3V 1411
T540B157K003DH8710WAFL,60,122.0325,KEMET,CAP TANT POLY 150UF 3V 1411
T540B686K004DH8710WAFL,60,122.0325,KEMET,CAP TANT POLY 68UF 4V 1411
T540B107K004DH8710WAFL,60,122.0325,KEMET,CAP TANT POLY 100UF 4V 1411
T540B336K006DH8710WAFL,60,122.0325,KEMET,CAP TANT POLY 33UF 6.3V 1411
T540B476K006DH8710WAFL,60,122.0325,KEMET,CAP TANT POLY 47UF 6.3V 1411
T540B686K006DH8710WAFL,60,122.0325,KEMET,CAP TANT POLY 68UF 6.3V 1411
T540B226K010DH8710WAFL,60,122.0325,KEMET,CAP TANT POLY 22UF 10V 1411
T540B336K010DH8710WAFL,60,122.0325,KEMET,CAP TANT POLY 33UF 10V 1411
T540D337M2R5CH8705WAFL,64,122.06844,KEMET,CAP TANT POLY 330UF 2.5V 2917
T540D477M2R5CH8705WAFL,64,122.06844,KEMET,CAP TANT POLY 470UF 2.5V 2917
T540D687M2R5CH8705WAFL,64,122.06844,KEMET,CAP TANT POLY 680UF 2.5V 2917
T540D337M003CH8705WAFL,64,122.06844,KEMET,CAP TANT POLY 330UF 3V 2917
T540D477M003CH8705WAFL,64,122.06844,KEMET,CAP TANT POLY 470UF 3V 2917
T540D687M003CH8705WAFL,64,122.06844,KEMET,CAP TANT POLY 680UF 3V 2917
T540D227M004CH8705WAFL,64,122.06844,KEMET,CAP TANT POLY 220UF 4V 2917
T540D337M004CH8705WAFL,64,122.06844,KEMET,CAP TANT POLY 330UF 4V 2917
T540D477M004CH8710WAFL,64,122.06844,KEMET,CAP TANT POLY 470UF 4V 2917
T540D157M006CH8705WAFL,64,122.06844,KEMET,CAP TANT POLY 150UF 6.3V 2917
T540D227M006CH8705WAFL,64,122.06844,KEMET,CAP TANT POLY 220UF 6.3V 2917
T540D337M006CH8710WAFL,64,122.06844,KEMET,CAP TANT POLY 330UF 6.3V 2917
T541X477M006CH6510,500,112.48442,KEMET,CAP TANT SMD POLYMER HI-REL
T541X107M030BH6520,500,122.3396,KEMET,CAP TANT POLY 100UF 30V 2917
T541X107M020BH8510,500,122.3396,KEMET,CAP TANT POLY 100UF 20V 2917
T541X337M010BH6520,500,112.59142,KEMET,CAP TANT SMD POLYMER HI-REL
T541X687M004AH6620,500,112.59142,KEMET,CAP TANT SMD POLYMER HI-REL
T541Y227M010AH6620,500,112.59142,KEMET,CAP TANT SMD POLYMER HI-REL
T541X687M004AH6530,500,112.59142,KEMET,CAP TANT SMD POLYMER HI-REL
T541X157M016BH6520,500,112.59142,KEMET,CAP TANT SMD POLYMER HI-REL
T541X337M010AT6620,500,112.69776,KEMET,CAP TANT SMD POLYMER HI-REL
T540D337K2R5BH8605,500,122.6868,KEMET,CAP TANT POLY 330UF 2.5V 2917
T540D477K2R5BH8605,500,122.6868,KEMET,CAP TANT POLY 470UF 2.5V 2917
T540D687K2R5BH8605,500,122.6868,KEMET,CAP TANT POLY 680UF 2.5V 2917
T540D337K003BH8605,500,122.6868,KEMET,CAP TANT POLY 330UF 3V 2917
T540D477K003BH8605,500,122.6868,KEMET,CAP TANT POLY 470UF 3V 2917
T540D687K003BH8605,500,122.6868,KEMET,CAP TANT POLY 680UF 3V 2917
T540D227K004BH8605,500,122.6868,KEMET,CAP TANT POLY 220UF 4V 2917
T540D337K004BH8605,500,122.6868,KEMET,CAP TANT POLY 330UF 4V 2917
T540D477K004BH8610,500,122.6868,KEMET,CAP TANT POLY 470UF 4V 2917
T540D157K006BH8605,500,122.6868,KEMET,CAP TANT POLY 150UF 6.3V 2917
T540D227K006BH8605,500,122.6868,KEMET,CAP TANT POLY 220UF 6.3V 2917
T540D337K006BH8610,500,122.6868,KEMET,CAP TANT POLY 330UF 6.3V 2917
T540D226K020BH8605,500,122.6868,KEMET,CAP TANT POLY 22UF 20V 2917
T540D336K020BH8605,500,122.6868,KEMET,CAP TANT POLY 33UF 20V 2917
T540D476K020BH8605,500,122.6868,KEMET,CAP TANT POLY 47UF 20V 2917
T540D156K025BH8610,500,122.6868,KEMET,CAP TANT POLY 15UF 25V 2917
T540D226K025BH8605,500,122.6868,KEMET,CAP TANT POLY 22UF 25V 2917
T540D336K025BH8605,500,122.6868,KEMET,CAP TANT POLY 33UF 25V 2917
T540D226K020BT8605,500,122.6868,KEMET,CAP TANT POLY 22UF 20V 2917
T540D336K020BT8605,500,122.6868,KEMET,CAP TANT POLY 33UF 20V 2917
T540D476K020BT8605,500,122.6868,KEMET,CAP TANT POLY 47UF 20V 2917
T540D227K010BH6710,500,112.91096,KEMET,CAP TANT SMD POLYMER HI-REL
T541X107K0BT8610,500,122.76856,KEMET,CAP TANT POLY 100UF 2917
T541X337M016AT8510,500,122.80306,KEMET,CAP TANT POLY 330UF 16V 2917
T541X107M020AT8520,500,122.80306,KEMET,CAP TANT POLY 100UF 20V 2917
T541X686M030AT8520,500,122.80306,KEMET,CAP TANT POLY 68UF 30V 2917
T541X107M030AT8520,500,122.80306,KEMET,CAP TANT POLY 100UF 30V 2917
T541X336M035AT8510,500,122.80306,KEMET,CAP TANT POLY 33UF 35V 2917
T541X476M035AT8510,500,122.80306,KEMET,CAP TANT POLY 47UF 35V 2917
T540A226M010DT6710,2000,122.87567,KEMET,CAP TANT POLY 22UF 10V 1206
T540D156K035BH8510,500,123.03488,KEMET,CAP TANT POLY 15UF 35V 2917
T540D156K035BT8510,500,123.03488,KEMET,CAP TANT POLY 15UF 35V 2917
T540D475M063AT6710,1000,113.24868,KEMET,CAP TANT SMD POLYMER HI-REL
T541X686M0CT8610,500,123.12168,KEMET,CAP TANT POLY 68UF 2917
T540D226K030DT8605,500,123.23256,KEMET,CAP TANT POLY 22UF 30V 2917
T540D336K030DT8610,500,123.23256,KEMET,CAP TANT POLY 33UF 30V 2917
T540D156M035BH8610,500,123.26636,KEMET,CAP TANT POLY 15UF 35V 2917
T540D156M035BT8610,500,123.26636,KEMET,CAP TANT POLY 15UF 35V 2917
T543D477K006AHW0257505,1,123.28,KEMET,CAP TANT POLY 470UF 6.3V 2917
T540A226M010CH6610,2000,123.34107,KEMET,CAP TANT POLY 22UF 10V 1206
T540A226M010CT6610,2000,123.34107,KEMET,CAP TANT POLY 22UF 10V 1206
T541X336M050BH6510,500,113.55134,KEMET,CAP TANT SMD POLYMER HI-REL
T541X157K016AT6520,500,113.87154,KEMET,CAP TANT SMD POLYMER HI-REL
T541X476M030DT8510,500,123.76038,KEMET,CAP TANT POLY 47UF 30V 2917
T541X686M030DT8510,500,123.76038,KEMET,CAP TANT POLY 68UF 30V 2917
T541X107M030DT8510,500,123.76038,KEMET,CAP TANT POLY 100UF 30V 2917
T541X107M025BH8510,500,123.84682,KEMET,CAP TANT POLY 100UF 25V 2917
T541X108M2R5DH8605,500,124.13938,KEMET,CAP TANT POLY 1000UF 2.5V 2917
T541X158M2R5DH8605,500,124.13938,KEMET,CAP TANT POLY 1500UF 2.5V 2917
T541X108M003DH8605,500,124.13938,KEMET,CAP TANT POLY 1000UF 3V 2917
T541X158M003DH8605,500,124.13938,KEMET,CAP TANT POLY 1500UF 3V 2917
T541X687M004DH8605,500,124.13938,KEMET,CAP TANT POLY 680UF 4V 2917
T541X108M004DH8605,500,124.13938,KEMET,CAP TANT POLY 1000UF 4V 2917
T541X477M006DH8605,500,124.13938,KEMET,CAP TANT POLY 470UF 6.3V 2917
T541X337M016DH8510,500,124.13938,KEMET,CAP TANT POLY 330UF 16V 2917
T540D226K020DT8705,500,124.25564,KEMET,CAP TANT POLY 22UF 20V 2917
T540D336K020DT8705,500,124.25564,KEMET,CAP TANT POLY 33UF 20V 2917
T540D476K020DT8705,500,124.25564,KEMET,CAP TANT POLY 47UF 20V 2917
T540D156K0DT8710,500,124.25564,KEMET,CAP TANT POLY 15UF 2917
T540D226K0DT8705,500,124.25564,KEMET,CAP TANT POLY 22UF 2917
T540D336K0DT8705,500,124.25564,KEMET,CAP TANT POLY 33UF 2917
T541X686M030DH8520,500,124.56152,KEMET,CAP TANT POLY 68UF 30V 2917
T541X107M030DH8520,500,124.56152,KEMET,CAP TANT POLY 100UF 30V 2917
T541O477M016AH6510,250,114.71816,KEMET,CAP TANT SMD POLYMER HI-REL
T540D337M2R5BH8705,500,124.6573,KEMET,CAP TANT POLY 330UF 2.5V 2917
T540D477M2R5BH8705,500,124.6573,KEMET,CAP TANT POLY 470UF 2.5V 2917
T540D687M2R5BH8705,500,124.6573,KEMET,CAP TANT POLY 680UF 2.5V 2917
T540D337M003BH8705,500,124.6573,KEMET,CAP TANT POLY 330UF 3V 2917
T540D477M003BH8705,500,124.6573,KEMET,CAP TANT POLY 470UF 3V 2917
T540D687M003BH8705,500,124.6573,KEMET,CAP TANT POLY 680UF 3V 2917
T540D227M004BH8705,500,124.6573,KEMET,CAP TANT POLY 220UF 4V 2917
T540D337M004BH8705,500,124.6573,KEMET,CAP TANT POLY 330UF 4V 2917
T540D477M004BH8710,500,124.6573,KEMET,CAP TANT POLY 470UF 4V 2917
T540D157M006BH8705,500,124.6573,KEMET,CAP TANT POLY 150UF 6.3V 2917
T540D227M006BH8705,500,124.6573,KEMET,CAP TANT POLY 220UF 6.3V 2917
T540D337M006BH8710,500,124.6573,KEMET,CAP TANT POLY 330UF 6.3V 2917
T540D226M020BH8705,500,124.6573,KEMET,CAP TANT POLY 22UF 20V 2917
T540D336M020BH8705,500,124.6573,KEMET,CAP TANT POLY 33UF 20V 2917
T540D476M020BH8705,500,124.6573,KEMET,CAP TANT POLY 47UF 20V 2917
T540D156M025BH8710,500,124.6573,KEMET,CAP TANT POLY 15UF 25V 2917
T540D226M025BH8705,500,124.6573,KEMET,CAP TANT POLY 22UF 25V 2917
T540D336M025BH8705,500,124.6573,KEMET,CAP TANT POLY 33UF 25V 2917
T540D226M020BT8705,500,124.6573,KEMET,CAP TANT POLY 22UF 20V 2917
T540D336M020BT8705,500,124.6573,KEMET,CAP TANT POLY 33UF 20V 2917
T540D476M020BT8705,500,124.6573,KEMET,CAP TANT POLY 47UF 20V 2917
T541X107K0AT8710,500,124.77248,KEMET,CAP TANT POLY 100UF 2917
T543X158M003AHE008,1,,KEMET,CAP TANT POLY 1500UF 3V 2917
T541X686M0BT8710,500,125.14072,KEMET,CAP TANT POLY 68UF 2917
T541X108M2R5BH8505,500,125.23704,KEMET,CAP TANT POLY 1000UF 2.5V 2917
T541X158M2R5BH8505,500,125.23704,KEMET,CAP TANT POLY 1500UF 2.5V 2917
T541X108M003BH8505,500,125.23704,KEMET,CAP TANT POLY 1000UF 3V 2917
T541X158M003BH8505,500,125.23704,KEMET,CAP TANT POLY 1500UF 3V 2917
T541X687M004BH8505,500,125.23704,KEMET,CAP TANT POLY 680UF 4V 2917
T541X108M004BH8505,500,125.23704,KEMET,CAP TANT POLY 1000UF 4V 2917
T541X477M006BH8505,500,125.23704,KEMET,CAP TANT POLY 470UF 6.3V 2917
T541X336K050AT6510,500,115.25798,KEMET,CAP TANT SMD POLYMER HI-REL
T541X476K035AT6510,500,115.25798,KEMET,CAP TANT SMD POLYMER HI-REL
T525D107M010AH4096,500,129.23274,KEMET,100.UF 10.0V
T525D337M006AH4096,500,115.26162,KEMET,330.UF  6.0V
T540B476M010BH6710,2000,115.28015,KEMET,CAP TANT SMD POLYMER HI-REL
T540D337K2R5BH8705WAFL,64,125.34109,KEMET,CAP TANT POLY 330UF 2.5V 2917
T540D477K2R5BH8705WAFL,64,125.34109,KEMET,CAP TANT POLY 470UF 2.5V 2917
T540D687K2R5BH8705WAFL,64,125.34109,KEMET,CAP TANT POLY 680UF 2.5V 2917
T540D337K003BH8705WAFL,64,125.34109,KEMET,CAP TANT POLY 330UF 3V 2917
T540D477K003BH8705WAFL,64,125.34109,KEMET,CAP TANT POLY 470UF 3V 2917
T540D687K003BH8705WAFL,64,125.34109,KEMET,CAP TANT POLY 680UF 3V 2917
T540D227K004BH8705WAFL,64,125.34109,KEMET,CAP TANT POLY 220UF 4V 2917
T540D337K004BH8705WAFL,64,125.34109,KEMET,CAP TANT POLY 330UF 4V 2917
T540D477K004BH8710WAFL,64,125.34109,KEMET,CAP TANT POLY 470UF 4V 2917
T540D157K006BH8705WAFL,64,125.34109,KEMET,CAP TANT POLY 150UF 6.3V 2917
T540D227K006BH8705WAFL,64,125.34109,KEMET,CAP TANT POLY 220UF 6.3V 2917
T540D337K006BH8710WAFL,64,125.34109,KEMET,CAP TANT POLY 330UF 6.3V 2917
T541Y477M004AT6630,500,115.36484,KEMET,CAP TANT SMD POLYMER HI-REL
T540D156M035CH6620,500,115.36484,KEMET,CAP TANT SMD POLYMER HI-REL
T540D226K030AH8605,500,125.58442,KEMET,CAP TANT POLY 22UF 30V 2917
T540D336K030AH8610,500,125.58442,KEMET,CAP TANT POLY 33UF 30V 2917
T541X108M2R5AT8605,500,125.58442,KEMET,CAP TANT POLY 1000UF 2.5V 2917
T541X158M2R5AT8605,500,125.58442,KEMET,CAP TANT POLY 1500UF 2.5V 2917
T541X108M003AT8605,500,125.58442,KEMET,CAP TANT POLY 1000UF 3V 2917
T541X158M003AT8605,500,125.58442,KEMET,CAP TANT POLY 1500UF 3V 2917
T541X687M004AT8605,500,125.58442,KEMET,CAP TANT POLY 680UF 4V 2917
T541X108M004AT8605,500,125.58442,KEMET,CAP TANT POLY 1000UF 4V 2917
T541X477M006AT8605,500,125.58442,KEMET,CAP TANT POLY 470UF 6.3V 2917
T541X687M006AT8610,500,125.58442,KEMET,CAP TANT POLY 680UF 6.3V 2917
T541X337M010BT8505,500,125.58442,KEMET,CAP TANT POLY 330UF 10V 2917
T541X477M010BT8510,500,125.58442,KEMET,CAP TANT POLY 470UF 10V 2917
T541X157M016BT8510,500,125.58442,KEMET,CAP TANT POLY 150UF 16V 2917
T541X227M016BT8510,500,125.58442,KEMET,CAP TANT POLY 220UF 16V 2917
T541X107M020BT8510,500,125.58442,KEMET,CAP TANT POLY 100UF 20V 2917
T540D226K030AT8605,500,125.58442,KEMET,CAP TANT POLY 22UF 30V 2917
T540D336K030AT8610,500,125.58442,KEMET,CAP TANT POLY 33UF 30V 2917
T541X107M030AH6620,500,125.9325,KEMET,CAP TANT POLY 100UF 30V 2917
T541X107M020AH8610,500,125.9325,KEMET,CAP TANT POLY 100UF 20V 2917
T541X337M010AH6620,500,115.89804,KEMET,CAP TANT SMD POLYMER HI-REL
T541X157M016AH6620,500,115.89804,KEMET,CAP TANT SMD POLYMER HI-REL
T541X337M016AH8510,500,126.2797,KEMET,CAP TANT POLY 330UF 16V 2917
T541X107M020AH8520,500,126.2797,KEMET,CAP TANT POLY 100UF 20V 2917
T541X686M030AH8520,500,126.2797,KEMET,CAP TANT POLY 68UF 30V 2917
T541X107M030AH8520,500,126.2797,KEMET,CAP TANT POLY 100UF 30V 2917
T541X336M035AH8510,500,126.2797,KEMET,CAP TANT POLY 33UF 35V 2917
T541X476M035AH8510,500,126.2797,KEMET,CAP TANT POLY 47UF 35V 2917
T541X226M050AH6610,500,116.21758,KEMET,CAP TANT SMD POLYMER HI-REL
T541X336M050AH6610,500,116.21758,KEMET,CAP TANT SMD POLYMER HI-REL
T541X476M035AH6610,500,116.21758,KEMET,CAP TANT SMD POLYMER HI-REL
T541X336M035AH6610,500,116.21758,KEMET,CAP TANT SMD POLYMER HI-REL
T541X108K2R5AT8505,500,126.3958,KEMET,CAP TANT POLY 1000UF 2.5V 2917
T541X158K2R5AT8505,500,126.3958,KEMET,CAP TANT POLY 1500UF 2.5V 2917
T541X108K003AT8505,500,126.3958,KEMET,CAP TANT POLY 1000UF 3V 2917
T541X158K003AT8505,500,126.3958,KEMET,CAP TANT POLY 1500UF 3V 2917
T541X687K004AT8505,500,126.3958,KEMET,CAP TANT POLY 680UF 4V 2917
T541X108K004AT8505,500,126.3958,KEMET,CAP TANT POLY 1000UF 4V 2917
T541X477K006AT8505,500,126.3958,KEMET,CAP TANT POLY 470UF 6.3V 2917
T541X687K006AT8510,500,126.3958,KEMET,CAP TANT POLY 680UF 6.3V 2917
T540C106M025BH6510,12,116.35083,KEMET,CAP TANT SMD POLYMER HI-REL
T541X476M030BT8510,500,126.51188,KEMET,CAP TANT POLY 47UF 30V 2917
T541X686M030BT8510,500,126.51188,KEMET,CAP TANT POLY 68UF 30V 2917
T541X107M030BT8510,500,126.51188,KEMET,CAP TANT POLY 100UF 30V 2917
T541X686K0CT8510,500,126.63678,KEMET,CAP TANT POLY 68UF 2917
T540D226M030AH8705,500,126.8589,KEMET,CAP TANT POLY 22UF 30V 2917
T540D336M030AH8710,500,126.8589,KEMET,CAP TANT POLY 33UF 30V 2917
T540D226M030AT8705,500,126.8589,KEMET,CAP TANT POLY 22UF 30V 2917
T540D336M030AT8710,500,126.8589,KEMET,CAP TANT POLY 33UF 30V 2917
T540D156K035AH8610,500,126.97482,KEMET,CAP TANT POLY 15UF 35V 2917
T540D156K035AT8610,500,126.97482,KEMET,CAP TANT POLY 15UF 35V 2917
T540D156K035AH6710,500,116.8573,KEMET,CAP TANT SMD POLYMER HI-REL
T543Y477K004ATE005,1,,KEMET,CAP TANT POLY 470UF 4V 2917
T540D686M016AH6710,12,116.97167,KEMET,CAP TANT SMD POLYMER HI-REL
T540D476M020AH6710,12,116.97167,KEMET,CAP TANT SMD POLYMER HI-REL
T540D226M025AH6710,12,116.97167,KEMET,CAP TANT SMD POLYMER HI-REL
T541X686K0BT8610,500,127.4372,KEMET,CAP TANT POLY 68UF 2917
T541X107K030AH6520,500,127.43864,KEMET,CAP TANT POLY 100UF 30V 2917
T541X107K020AH8510,500,127.43864,KEMET,CAP TANT POLY 100UF 20V 2917
T541O157M030AH6510,250,117.3214,KEMET,CAP TANT SMD POLYMER HI-REL
T541X477M010DH8610,500,127.61566,KEMET,CAP TANT POLY 470UF 10V 2917
T541X157M016DH8610,500,127.61566,KEMET,CAP TANT POLY 150UF 16V 2917
T541X227M016DH8610,500,127.61566,KEMET,CAP TANT POLY 220UF 16V 2917
T541X107M020DH8610,500,127.61566,KEMET,CAP TANT POLY 100UF 20V 2917
T541X686M025DH8610,500,127.61566,KEMET,CAP TANT POLY 68UF 25V 2917
T541X107M025DH8610,500,127.61566,KEMET,CAP TANT POLY 100UF 25V 2917
T541X107M0DT8610,500,127.61566,KEMET,CAP TANT POLY 100UF 2917
T541X108K2R5DH8505,500,127.827,KEMET,CAP TANT POLY 1000UF 2.5V 2917
T541X158K2R5DH8505,500,127.827,KEMET,CAP TANT POLY 1500UF 2.5V 2917
T541X108K003DH8505,500,127.827,KEMET,CAP TANT POLY 1000UF 3V 2917
T541X158K003DH8505,500,127.827,KEMET,CAP TANT POLY 1500UF 3V 2917
T541X687K004DH8505,500,127.827,KEMET,CAP TANT POLY 680UF 4V 2917
T541X108K004DH8505,500,127.827,KEMET,CAP TANT POLY 1000UF 4V 2917
T541X477K006DH8505,500,127.827,KEMET,CAP TANT POLY 470UF 6.3V 2917
T541X107M025AH8610,500,128.0173,KEMET,CAP TANT POLY 100UF 25V 2917
T540D337K2R5AH8705,500,128.24894,KEMET,CAP TANT POLY 330UF 2.5V 2917
T540D477K2R5AH8705,500,128.24894,KEMET,CAP TANT POLY 470UF 2.5V 2917
T540D687K2R5AH8705,500,128.24894,KEMET,CAP TANT POLY 680UF 2.5V 2917
T540D337K003AH8705,500,128.24894,KEMET,CAP TANT POLY 330UF 3V 2917
T540D477K003AH8705,500,128.24894,KEMET,CAP TANT POLY 470UF 3V 2917
T540D687K003AH8705,500,128.24894,KEMET,CAP TANT POLY 680UF 3V 2917
T540D227K004AH8705,500,128.24894,KEMET,CAP TANT POLY 220UF 4V 2917
T540D337K004AH8705,500,128.24894,KEMET,CAP TANT POLY 330UF 4V 2917
T540D477K004AH8710,500,128.24894,KEMET,CAP TANT POLY 470UF 4V 2917
T540D157K006AH8705,500,128.24894,KEMET,CAP TANT POLY 150UF 6.3V 2917
T540D227K006AH8705,500,128.24894,KEMET,CAP TANT POLY 220UF 6.3V 2917
T540D337K006AH8710,500,128.24894,KEMET,CAP TANT POLY 330UF 6.3V 2917
T540D226K020AH8705,500,128.24894,KEMET,CAP TANT POLY 22UF 20V 2917
T540D336K020AH8705,500,128.24894,KEMET,CAP TANT POLY 33UF 20V 2917
T540D476K020AH8705,500,128.24894,KEMET,CAP TANT POLY 47UF 20V 2917
T540D156K025AH8710,500,128.24894,KEMET,CAP TANT POLY 15UF 25V 2917
T540D226K025AH8705,500,128.24894,KEMET,CAP TANT POLY 22UF 25V 2917
T540D336K025AH8705,500,128.24894,KEMET,CAP TANT POLY 33UF 25V 2917
T540D226K020AT8705,500,128.24894,KEMET,CAP TANT POLY 22UF 20V 2917
T540D336K020AT8705,500,128.24894,KEMET,CAP TANT POLY 33UF 20V 2917
T540D476K020AT8705,500,128.24894,KEMET,CAP TANT POLY 47UF 20V 2917
T540D157K010AH8710,500,118.0299,KEMET,CAP TANT SMD POLYMER HI-REL
T540D226M030CH8605,500,128.48078,KEMET,CAP TANT POLY 22UF 30V 2917
T540D336M030CH8610,500,128.48078,KEMET,CAP TANT POLY 33UF 30V 2917
T540D156M035AH8710,500,128.48078,KEMET,CAP TANT POLY 15UF 35V 2917
T540D226M030CT8605,500,128.48078,KEMET,CAP TANT POLY 22UF 30V 2917
T540D336M030CT8610,500,128.48078,KEMET,CAP TANT POLY 33UF 30V 2917
T540D156M035AT8710,500,128.48078,KEMET,CAP TANT POLY 15UF 35V 2917
T541X107M030CH6510,500,128.71242,KEMET,CAP TANT POLY 100UF 30V 2917
T541X107K025AH8510,500,128.71242,KEMET,CAP TANT POLY 100UF 25V 2917
T541X226K050AH6510,500,118.56312,KEMET,CAP TANT SMD POLYMER HI-REL
T541X336K050AH6510,500,118.56312,KEMET,CAP TANT SMD POLYMER HI-REL
T541X108M2R5DT8605,500,128.87344,KEMET,CAP TANT POLY 1000UF 2.5V 2917
T541X158M2R5DT8605,500,128.87344,KEMET,CAP TANT POLY 1500UF 2.5V 2917
T541X108M003DT8605,500,128.87344,KEMET,CAP TANT POLY 1000UF 3V 2917
T541X158M003DT8605,500,128.87344,KEMET,CAP TANT POLY 1500UF 3V 2917
T541X687M004DT8605,500,128.87344,KEMET,CAP TANT POLY 680UF 4V 2917
T541X108M004DT8605,500,128.87344,KEMET,CAP TANT POLY 1000UF 4V 2917
T541X477M006DT8605,500,128.87344,KEMET,CAP TANT POLY 470UF 6.3V 2917
T541X686K0AT8710,500,128.9845,KEMET,CAP TANT POLY 68UF 2917
T541X337M010AT8605,500,129.05998,KEMET,CAP TANT POLY 330UF 10V 2917
T541X477M010AT8610,500,129.05998,KEMET,CAP TANT POLY 470UF 10V 2917
T541X157M016AT8610,500,129.05998,KEMET,CAP TANT POLY 150UF 16V 2917
T541X227M016AT8610,500,129.05998,KEMET,CAP TANT POLY 220UF 16V 2917
T541X107M020AT8610,500,129.05998,KEMET,CAP TANT POLY 100UF 20V 2917
T541X476M030AT8610,500,129.05998,KEMET,CAP TANT POLY 47UF 30V 2917
T541X686M030AT8610,500,129.05998,KEMET,CAP TANT POLY 68UF 30V 2917
T541X107M030AT8610,500,129.05998,KEMET,CAP TANT POLY 100UF 30V 2917
T541X686M025AT6710,500,118.77632,KEMET,CAP TANT SMD POLYMER HI-REL
T540A226M010BH6710,2000,129.09893,KEMET,CAP TANT POLY 22UF 10V 1206
T540A226M010BT6710,2000,129.09893,KEMET,CAP TANT POLY 22UF 10V 1206
T541X107M030BH6610,500,129.1757,KEMET,CAP TANT POLY 100UF 30V 2917
T541X108M2R5AH8605,500,129.1757,KEMET,CAP TANT POLY 1000UF 2.5V 2917
T541X158M2R5AH8605,500,129.1757,KEMET,CAP TANT POLY 1500UF 2.5V 2917
T541X108M003AH8605,500,129.1757,KEMET,CAP TANT POLY 1000UF 3V 2917
T541X158M003AH8605,500,129.1757,KEMET,CAP TANT POLY 1500UF 3V 2917
T541X687M004AH8605,500,129.1757,KEMET,CAP TANT POLY 680UF 4V 2917
T541X108M004AH8605,500,129.1757,KEMET,CAP TANT POLY 1000UF 4V 2917
T541X477M006AH8605,500,129.1757,KEMET,CAP TANT POLY 470UF 6.3V 2917
T541X337M010BH8505,500,129.1757,KEMET,CAP TANT POLY 330UF 10V 2917
T541X477M010BH8510,500,129.1757,KEMET,CAP TANT POLY 470UF 10V 2917
T541X157M016BH8510,500,129.1757,KEMET,CAP TANT POLY 150UF 16V 2917
T541X227M016BH8510,500,129.1757,KEMET,CAP TANT POLY 220UF 16V 2917
T541X686M025BH8510,500,129.1757,KEMET,CAP TANT POLY 68UF 25V 2917
T541X158M003AH6710,500,118.88282,KEMET,CAP TANT SMD POLYMER HI-REL
T541X108M004AH6710,500,118.88282,KEMET,CAP TANT SMD POLYMER HI-REL
T541X158M2R5AH6710,500,118.88282,KEMET,CAP TANT SMD POLYMER HI-REL
T541X107M0CT8710,500,129.1944,KEMET,CAP TANT POLY 100UF 2917
T540D337K2R5DH8605WAFL,64,129.20906,KEMET,CAP TANT POLY 330UF 2.5V 2917
T540D477K2R5DH8605WAFL,64,129.20906,KEMET,CAP TANT POLY 470UF 2.5V 2917
T540D687K2R5DH8605WAFL,64,129.20906,KEMET,CAP TANT POLY 680UF 2.5V 2917
T540D337K003DH8605WAFL,64,129.20906,KEMET,CAP TANT POLY 330UF 3V 2917
T540D477K003DH8605WAFL,64,129.20906,KEMET,CAP TANT POLY 470UF 3V 2917
T540D687K003DH8605WAFL,64,129.20906,KEMET,CAP TANT POLY 680UF 3V 2917
T540D227K004DH8605WAFL,64,129.20906,KEMET,CAP TANT POLY 220UF 4V 2917
T540D337K004DH8605WAFL,64,129.20906,KEMET,CAP TANT POLY 330UF 4V 2917
T540D477K004DH8610WAFL,64,129.20906,KEMET,CAP TANT POLY 470UF 4V 2917
T540D157K006DH8605WAFL,64,129.20906,KEMET,CAP TANT POLY 150UF 6.3V 2917
T540D227K006DH8605WAFL,64,129.20906,KEMET,CAP TANT POLY 220UF 6.3V 2917
T540D337K006DH8610WAFL,64,129.20906,KEMET,CAP TANT POLY 330UF 6.3V 2917
T540D226K030CH8505,500,129.29144,KEMET,CAP TANT POLY 22UF 30V 2917
T540D336K030CH8510,500,129.29144,KEMET,CAP TANT POLY 33UF 30V 2917
T540D226K030CT8505,500,129.29144,KEMET,CAP TANT POLY 22UF 30V 2917
T540D336K030CT8510,500,129.29144,KEMET,CAP TANT POLY 33UF 30V 2917
T540D336K030CH6610,500,118.98934,KEMET,CAP TANT SMD POLYMER HI-REL
T540D226K030DH8705,500,129.29988,KEMET,CAP TANT POLY 22UF 30V 2917
T540D336K030DH8710,500,129.29988,KEMET,CAP TANT POLY 33UF 30V 2917
T541X476M030DH8610,500,129.29988,KEMET,CAP TANT POLY 47UF 30V 2917
T541X686M030DH8610,500,129.29988,KEMET,CAP TANT POLY 68UF 30V 2917
T541X107M030DH8610,500,129.29988,KEMET,CAP TANT POLY 100UF 30V 2917
T540D337M2R5DH8705WAFL,64,129.32828,KEMET,CAP TANT POLY 330UF 2.5V 2917
T540D477M2R5DH8705WAFL,64,129.32828,KEMET,CAP TANT POLY 470UF 2.5V 2917
T540D337M003DH8705WAFL,64,129.32828,KEMET,CAP TANT POLY 330UF 3V 2917
T540D477M003DH8705WAFL,64,129.32828,KEMET,CAP TANT POLY 470UF 3V 2917
T540D227M004DH8705WAFL,64,129.32828,KEMET,CAP TANT POLY 220UF 4V 2917
T540D337M004DH8705WAFL,64,129.32828,KEMET,CAP TANT POLY 330UF 4V 2917
T540D157M006DH8705WAFL,64,129.32828,KEMET,CAP TANT POLY 150UF 6.3V 2917
T540D227M006DH8705WAFL,64,129.32828,KEMET,CAP TANT POLY 220UF 6.3V 2917
T541X337M016DT8510,500,129.39962,KEMET,CAP TANT POLY 330UF 16V 2917
T541X337M016DH8520,500,129.4052,KEMET,CAP TANT POLY 330UF 16V 2917
T540D157K010BH6720,500,119.20252,KEMET,150.UF 10.0V
T541X337M016AT8520,500,129.63882,KEMET,CAP TANT POLY 330UF 16V 2917
T541X686M030DT8520,500,129.84152,KEMET,CAP TANT POLY 68UF 30V 2917
T541X107M030DT8520,500,129.84152,KEMET,CAP TANT POLY 100UF 30V 2917
T541X108K2R5AH8505,500,129.98602,KEMET,CAP TANT POLY 1000UF 2.5V 2917
T541X158K2R5AH8505,500,129.98602,KEMET,CAP TANT POLY 1500UF 2.5V 2917
T541X108K003AH8505,500,129.98602,KEMET,CAP TANT POLY 1000UF 3V 2917
T541X158K003AH8505,500,129.98602,KEMET,CAP TANT POLY 1500UF 3V 2917
T541X687K004AH8505,500,129.98602,KEMET,CAP TANT POLY 680UF 4V 2917
T541X108K004AH8505,500,129.98602,KEMET,CAP TANT POLY 1000UF 4V 2917
T541X477K006AH8505,500,129.98602,KEMET,CAP TANT POLY 470UF 6.3V 2917
T541D227M006BH6720,500,119.62856,KEMET,CAP TANT SMD POLYMER HI-REL
T541D157M010BH6720,500,119.62856,KEMET,CAP TANT SMD POLYMER HI-REL
T541D227M010BH6720,500,119.62856,KEMET,CAP TANT SMD POLYMER HI-REL
T540D687M2R5DH8705WAFL,60,130.0595,KEMET,CAP TANT POLY 680UF 2.5V 2917
T540D687M003DH8705WAFL,60,130.0595,KEMET,CAP TANT POLY 680UF 3V 2917
T540D477M004DH8710WAFL,60,130.0595,KEMET,CAP TANT POLY 470UF 4V 2917
T540D337M006DH8710WAFL,60,130.0595,KEMET,CAP TANT POLY 330UF 6.3V 2917
T530X477M006AT4197,13,123.84231,KEMET,470.UF  6.0V
T543X108M004AHW025D100,1,130.2,KEMET,CAP TANT POLY 1000UF 4V 2917
T541X476M030BH8510,500,130.21748,KEMET,CAP TANT POLY 47UF 30V 2917
T541X686M030BH8510,500,130.21748,KEMET,CAP TANT POLY 68UF 30V 2917
T541X107M030BH8510,500,130.21748,KEMET,CAP TANT POLY 100UF 30V 2917
T541D227K010AT6720,500,119.84158,KEMET,CAP TANT SMD POLYMER HI-REL
T541X337M016BH6520,500,119.84158,KEMET,CAP TANT SMD POLYMER HI-REL
T541X337K010AT8505,500,130.44894,KEMET,CAP TANT POLY 330UF 10V 2917
T541X477K010AT8510,500,130.44894,KEMET,CAP TANT POLY 470UF 10V 2917
T541X157K016AT8510,500,130.44894,KEMET,CAP TANT POLY 150UF 16V 2917
T541X227K016AT8510,500,130.44894,KEMET,CAP TANT POLY 220UF 16V 2917
T541X107K020AT8510,500,130.44894,KEMET,CAP TANT POLY 100UF 20V 2917
T541X476K030AT8510,500,130.44894,KEMET,CAP TANT POLY 47UF 30V 2917
T541X686K030AT8510,500,130.44894,KEMET,CAP TANT POLY 68UF 30V 2917
T541X107K030AT8510,500,130.44894,KEMET,CAP TANT POLY 100UF 30V 2917
T540C106M025BH6710,500,120.16112,KEMET,CAP TANT SMD POLYMER HI-REL
T525D157M010AH4096,500,120.4618,KEMET,150.UF 10.0V
T525D337M2R5AH4095,500,124.63362,KEMET,330.UF  2.5V
T525D476M016AH4096,500,124.63362,KEMET,47.0UF 16.0V
T525D477M2R5AH4095,500,124.63362,KEMET,470.UF  2.5V
T525D337M004AH4095,500,124.63362,KEMET,330.UF  4.0V
T525D227M010AH4095,500,125.25154,KEMET,220.UF 10.0V
T541O477M016AH6520,250,121.1144,KEMET,CAP TANT SMD POLYMER HI-REL
T540D106M050CH6610,500,121.11904,KEMET,CAP TANT SMD POLYMER HI-REL
T541X477K010DH8510,500,131.82282,KEMET,CAP TANT POLY 470UF 10V 2917
T541X157K016DH8510,500,131.82282,KEMET,CAP TANT POLY 150UF 16V 2917
T541X227K016DH8510,500,131.82282,KEMET,CAP TANT POLY 220UF 16V 2917
T541X107K020DH8510,500,131.82282,KEMET,CAP TANT POLY 100UF 20V 2917
T541X686K025DH8510,500,131.82282,KEMET,CAP TANT POLY 68UF 25V 2917
T541X107K025DH8510,500,131.82282,KEMET,CAP TANT POLY 100UF 25V 2917
T541X107K0DT8510,500,131.82282,KEMET,CAP TANT POLY 100UF 2917
T540D337K2R5CH8605,500,131.83772,KEMET,CAP TANT POLY 330UF 2.5V 2917
T540D477K2R5CH8605,500,131.83772,KEMET,CAP TANT POLY 470UF 2.5V 2917
T540D687K2R5CH8605,500,131.83772,KEMET,CAP TANT POLY 680UF 2.5V 2917
T540D337K003CH8605,500,131.83772,KEMET,CAP TANT POLY 330UF 3V 2917
T540D477K003CH8605,500,131.83772,KEMET,CAP TANT POLY 470UF 3V 2917
T540D687K003CH8605,500,131.83772,KEMET,CAP TANT POLY 680UF 3V 2917
T540D227K004CH8605,500,131.83772,KEMET,CAP TANT POLY 220UF 4V 2917
T540D337K004CH8605,500,131.83772,KEMET,CAP TANT POLY 330UF 4V 2917
T540D477K004CH8610,500,131.83772,KEMET,CAP TANT POLY 470UF 4V 2917
T540D157K006CH8605,500,131.83772,KEMET,CAP TANT POLY 150UF 6.3V 2917
T540D227K006CH8605,500,131.83772,KEMET,CAP TANT POLY 220UF 6.3V 2917
T540D337K006CH8610,500,131.83772,KEMET,CAP TANT POLY 330UF 6.3V 2917
T540D226K020CH8605,500,131.83772,KEMET,CAP TANT POLY 22UF 20V 2917
T540D336K020CH8605,500,131.83772,KEMET,CAP TANT POLY 33UF 20V 2917
T540D476K020CH8605,500,131.83772,KEMET,CAP TANT POLY 47UF 20V 2917
T540D156K025CH8610,500,131.83772,KEMET,CAP TANT POLY 15UF 25V 2917
T540D226K025CH8605,500,131.83772,KEMET,CAP TANT POLY 22UF 25V 2917
T540D336K025CH8605,500,131.83772,KEMET,CAP TANT POLY 33UF 25V 2917
T540D226K020CT8605,500,131.83772,KEMET,CAP TANT POLY 22UF 20V 2917
T540D336K020CT8605,500,131.83772,KEMET,CAP TANT POLY 33UF 20V 2917
T540D476K020CT8605,500,131.83772,KEMET,CAP TANT POLY 47UF 20V 2917
T540D157K006CT6710,500,121.33272,KEMET,CAP TANT SMD POLYMER HI-REL
T540D227K010CH6710,500,121.33272,KEMET,CAP TANT SMD POLYMER HI-REL
T540D476K016CH6710,500,121.33272,KEMET,CAP TANT SMD POLYMER HI-REL
T540D107K016CT6710,500,121.33272,KEMET,CAP TANT SMD POLYMER HI-REL
T540D476K020CH6710,500,121.33272,KEMET,CAP TANT SMD POLYMER HI-REL
T540B476M010AH6720,2000,121.51206,KEMET,CAP TANT SMD POLYMER HI-REL
T541X107K0CT8610,500,132.03308,KEMET,CAP TANT POLY 100UF 2917
T541X108M2R5CT8505,500,132.06884,KEMET,CAP TANT POLY 1000UF 2.5V 2917
T541X158M2R5CT8505,500,132.06884,KEMET,CAP TANT POLY 1500UF 2.5V 2917
T541X108M003CT8505,500,132.06884,KEMET,CAP TANT POLY 1000UF 3V 2917
T541X158M003CT8505,500,132.06884,KEMET,CAP TANT POLY 1500UF 3V 2917
T541X687M004CT8505,500,132.06884,KEMET,CAP TANT POLY 680UF 4V 2917
T541X108M004CT8505,500,132.06884,KEMET,CAP TANT POLY 1000UF 4V 2917
T541X477M006CT8505,500,132.06884,KEMET,CAP TANT POLY 470UF 6.3V 2917
T540D156M035CH8610,500,132.18438,KEMET,CAP TANT POLY 15UF 35V 2917
T540D156M035CT8610,500,132.18438,KEMET,CAP TANT POLY 15UF 35V 2917
T541X687M004AT6630,500,121.65176,KEMET,CAP TANT SMD POLYMER HI-REL
T540D337M2R5CH8705,500,132.41568,KEMET,CAP TANT POLY 330UF 2.5V 2917
T540D477M2R5CH8705,500,132.41568,KEMET,CAP TANT POLY 470UF 2.5V 2917
T540D687M2R5CH8705,500,132.41568,KEMET,CAP TANT POLY 680UF 2.5V 2917
T540D337M003CH8705,500,132.41568,KEMET,CAP TANT POLY 330UF 3V 2917
T540D477M003CH8705,500,132.41568,KEMET,CAP TANT POLY 470UF 3V 2917
T540D687M003CH8705,500,132.41568,KEMET,CAP TANT POLY 680UF 3V 2917
T540D227M004CH8705,500,132.41568,KEMET,CAP TANT POLY 220UF 4V 2917
T540D337M004CH8705,500,132.41568,KEMET,CAP TANT POLY 330UF 4V 2917
T540D477M004CH8710,500,132.41568,KEMET,CAP TANT POLY 470UF 4V 2917
T540D157M006CH8705,500,132.41568,KEMET,CAP TANT POLY 150UF 6.3V 2917
T540D227M006CH8705,500,132.41568,KEMET,CAP TANT POLY 220UF 6.3V 2917
T540D337M006CH8710,500,132.41568,KEMET,CAP TANT POLY 330UF 6.3V 2917
T540D226M020CH8705,500,132.41568,KEMET,CAP TANT POLY 22UF 20V 2917
T540D336M020CH8705,500,132.41568,KEMET,CAP TANT POLY 33UF 20V 2917
T540D476M020CH8705,500,132.41568,KEMET,CAP TANT POLY 47UF 20V 2917
T540D156M025CH8710,500,132.41568,KEMET,CAP TANT POLY 15UF 25V 2917
T540D226M025CH8705,500,132.41568,KEMET,CAP TANT POLY 22UF 25V 2917
T540D336M025CH8705,500,132.41568,KEMET,CAP TANT POLY 33UF 25V 2917
T540D226M020CT8705,500,132.41568,KEMET,CAP TANT POLY 22UF 20V 2917
T540D336M020CT8705,500,132.41568,KEMET,CAP TANT POLY 33UF 20V 2917
T540D476M020CT8705,500,132.41568,KEMET,CAP TANT POLY 47UF 20V 2917
T540D475M063AH6720,500,121.86462,KEMET,CAP TANT SMD POLYMER HI-REL
T540D106M050AH6720,500,121.86462,KEMET,CAP TANT SMD POLYMER HI-REL
T540D106M050AT6720,500,121.86462,KEMET,CAP TANT SMD POLYMER HI-REL
T541X477M010DT8610,500,132.51648,KEMET,CAP TANT POLY 470UF 10V 2917
T541X157M016DT8610,500,132.51648,KEMET,CAP TANT POLY 150UF 16V 2917
T541X227M016DT8610,500,132.51648,KEMET,CAP TANT POLY 220UF 16V 2917
T541X107M020DT8610,500,132.51648,KEMET,CAP TANT POLY 100UF 20V 2917
T541X686M0DT8610,500,132.51648,KEMET,CAP TANT POLY 68UF 2917
T541X107M030AH6710,500,132.76322,KEMET,CAP TANT POLY 100UF 30V 2917
T541X337M010AH8605,500,132.76322,KEMET,CAP TANT POLY 330UF 10V 2917
T541X477M010AH8610,500,132.76322,KEMET,CAP TANT POLY 470UF 10V 2917
T541X157M016AH8610,500,132.76322,KEMET,CAP TANT POLY 150UF 16V 2917
T541X227M016AH8610,500,132.76322,KEMET,CAP TANT POLY 220UF 16V 2917
T541X686M025AH8610,500,132.76322,KEMET,CAP TANT POLY 68UF 25V 2917
T541X476M030AH8610,500,132.76322,KEMET,CAP TANT POLY 47UF 30V 2917
T541X686M030AH8610,500,132.76322,KEMET,CAP TANT POLY 68UF 30V 2917
T541X107M030AH8610,500,132.76322,KEMET,CAP TANT POLY 100UF 30V 2917
T541X337M010AH6710,500,122.18448,KEMET,CAP TANT SMD POLYMER HI-REL
T541X686M025AH6710,500,122.18448,KEMET,CAP TANT SMD POLYMER HI-REL
T541X477M010AH6710,500,122.18448,KEMET,CAP TANT SMD POLYMER HI-REL
T540D337K2R5CH8705WAFL,64,132.94641,KEMET,CAP TANT POLY 330UF 2.5V 2917
T540D477K2R5CH8705WAFL,64,132.94641,KEMET,CAP TANT POLY 470UF 2.5V 2917
T540D687K2R5CH8705WAFL,64,132.94641,KEMET,CAP TANT POLY 680UF 2.5V 2917
T540D337K003CH8705WAFL,64,132.94641,KEMET,CAP TANT POLY 330UF 3V 2917
T540D477K003CH8705WAFL,64,132.94641,KEMET,CAP TANT POLY 470UF 3V 2917
T540D687K003CH8705WAFL,64,132.94641,KEMET,CAP TANT POLY 680UF 3V 2917
T540D227K004CH8705WAFL,64,132.94641,KEMET,CAP TANT POLY 220UF 4V 2917
T540D337K004CH8705WAFL,64,132.94641,KEMET,CAP TANT POLY 330UF 4V 2917
T540D477K004CH8710WAFL,64,132.94641,KEMET,CAP TANT POLY 470UF 4V 2917
T540D157K006CH8705WAFL,64,132.94641,KEMET,CAP TANT POLY 150UF 6.3V 2917
T540D227K006CH8705WAFL,64,132.94641,KEMET,CAP TANT POLY 220UF 6.3V 2917
T540D337K006CH8710WAFL,64,132.94641,KEMET,CAP TANT POLY 330UF 6.3V 2917
T543X336M050AHW0407505,1,133.07,KEMET,CAP TANT POLY 33UF 50V 2917
T541X337M016BT8510,500,133.22616,KEMET,CAP TANT POLY 330UF 16V 2917
T541X336M035BT8510,500,133.22616,KEMET,CAP TANT POLY 33UF 35V 2917
T541X476M035BT8510,500,133.22616,KEMET,CAP TANT POLY 47UF 35V 2917
T541X337M016AH6620,500,122.61052,KEMET,CAP TANT SMD POLYMER HI-REL
T541X106M063AH6530,500,122.61052,KEMET,CAP TANT SMD POLYMER HI-REL
T541X108K2R5DT8505,500,133.26156,KEMET,CAP TANT POLY 1000UF 2.5V 2917
T541X158K2R5DT8505,500,133.26156,KEMET,CAP TANT POLY 1500UF 2.5V 2917
T541X108K003DT8505,500,133.26156,KEMET,CAP TANT POLY 1000UF 3V 2917
T541X158K003DT8505,500,133.26156,KEMET,CAP TANT POLY 1500UF 3V 2917
T541X687K004DT8505,500,133.26156,KEMET,CAP TANT POLY 680UF 4V 2917
T541X108K004DT8505,500,133.26156,KEMET,CAP TANT POLY 1000UF 4V 2917
T541X477K006DT8505,500,133.26156,KEMET,CAP TANT POLY 470UF 6.3V 2917
T541X107K0BT8710,500,133.293,KEMET,CAP TANT POLY 100UF 2917
T541X107K030BH6510,500,133.3417,KEMET,CAP TANT POLY 100UF 30V 2917
T541X107M030CH6520,500,133.3417,KEMET,CAP TANT POLY 100UF 30V 2917
T541X107M020CH8510,500,133.3417,KEMET,CAP TANT POLY 100UF 20V 2917
T541X337M016AH8520,500,133.45708,KEMET,CAP TANT POLY 330UF 16V 2917
T540D156K035CH8510,500,133.45708,KEMET,CAP TANT POLY 15UF 35V 2917
T541X686M030BT8520,500,133.45708,KEMET,CAP TANT POLY 68UF 30V 2917
T541X107M030BT8520,500,133.45708,KEMET,CAP TANT POLY 100UF 30V 2917
T540D156K035CT8510,500,133.45708,KEMET,CAP TANT POLY 15UF 35V 2917
T540D156M035AH6510,1,133.52,KEMET,CAP TANT POLY 15UF 35V 2917
T541X686M0CT8710,500,133.64506,KEMET,CAP TANT POLY 68UF 2917
T540D226K030BH8605,500,133.688,KEMET,CAP TANT POLY 22UF 30V 2917
T540D336K030BH8610,500,133.688,KEMET,CAP TANT POLY 33UF 30V 2917
T540D226K030BT8605,500,133.688,KEMET,CAP TANT POLY 22UF 30V 2917
T540D336K030BT8610,500,133.688,KEMET,CAP TANT POLY 33UF 30V 2917
T541X476K030DH8510,500,133.71262,KEMET,CAP TANT POLY 47UF 30V 2917
T541X686K030DH8510,500,133.71262,KEMET,CAP TANT POLY 68UF 30V 2917
T541X107K030DH8510,500,133.71262,KEMET,CAP TANT POLY 100UF 30V 2917
T540D226K030DT8705,500,133.75558,KEMET,CAP TANT POLY 22UF 30V 2917
T540D336K030DT8710,500,133.75558,KEMET,CAP TANT POLY 33UF 30V 2917
T540D156K035AT6720,500,123.2491,KEMET,CAP TANT SMD POLYMER HI-REL
T541D227K006AH6720,500,123.2491,KEMET,CAP TANT SMD POLYMER HI-REL
T543X108M004AHW0257505,1,133.97,KEMET,CAP TANT POLY 1000UF 4V 2917
T541X107K030AH6610,500,134.15076,KEMET,CAP TANT POLY 100UF 30V 2917
T541X337K010AH8505,500,134.15076,KEMET,CAP TANT POLY 330UF 10V 2917
T541X477K010AH8510,500,134.15076,KEMET,CAP TANT POLY 470UF 10V 2917
T541X157K016AH8510,500,134.15076,KEMET,CAP TANT POLY 150UF 16V 2917
T541X227K016AH8510,500,134.15076,KEMET,CAP TANT POLY 220UF 16V 2917
T541X686K025AH8510,500,134.15076,KEMET,CAP TANT POLY 68UF 25V 2917
T541X476K030AH8510,500,134.15076,KEMET,CAP TANT POLY 47UF 30V 2917
T541X686K030AH8510,500,134.15076,KEMET,CAP TANT POLY 68UF 30V 2917
T541X107K030AH8510,500,134.15076,KEMET,CAP TANT POLY 100UF 30V 2917
T540D226M030BH8705,500,134.2663,KEMET,CAP TANT POLY 22UF 30V 2917
T540D336M030BH8710,500,134.2663,KEMET,CAP TANT POLY 33UF 30V 2917
T540D226M030BT8705,500,134.2663,KEMET,CAP TANT POLY 22UF 30V 2917
T540D336M030BT8710,500,134.2663,KEMET,CAP TANT POLY 33UF 30V 2917
T541X476M030DT8610,500,134.27978,KEMET,CAP TANT POLY 47UF 30V 2917
T541X686M030DT8610,500,134.27978,KEMET,CAP TANT POLY 68UF 30V 2917
T541X107M030DT8610,500,134.27978,KEMET,CAP TANT POLY 100UF 30V 2917
T541X107M025CH8510,500,134.38258,KEMET,CAP TANT POLY 100UF 25V 2917
T541X108M2R5DH8705,500,134.66904,KEMET,CAP TANT POLY 1000UF 2.5V 2917
T541X158M2R5DH8705,500,134.66904,KEMET,CAP TANT POLY 1500UF 2.5V 2917
T541X108M003DH8705,500,134.66904,KEMET,CAP TANT POLY 1000UF 3V 2917
T541X158M003DH8705,500,134.66904,KEMET,CAP TANT POLY 1500UF 3V 2917
T541X687M004DH8705,500,134.66904,KEMET,CAP TANT POLY 680UF 4V 2917
T541X108M004DH8705,500,134.66904,KEMET,CAP TANT POLY 1000UF 4V 2917
T541X337M016DH8610,500,134.66904,KEMET,CAP TANT POLY 330UF 16V 2917
T541X337M016DT8520,500,134.94416,KEMET,CAP TANT POLY 330UF 16V 2917
T541X108M2R5BT8605,500,134.96052,KEMET,CAP TANT POLY 1000UF 2.5V 2917
T541X158M2R5BT8605,500,134.96052,KEMET,CAP TANT POLY 1500UF 2.5V 2917
T541X108M003BT8605,500,134.96052,KEMET,CAP TANT POLY 1000UF 3V 2917
T541X158M003BT8605,500,134.96052,KEMET,CAP TANT POLY 1500UF 3V 2917
T541X687M004BT8605,500,134.96052,KEMET,CAP TANT POLY 680UF 4V 2917
T541X108M004BT8605,500,134.96052,KEMET,CAP TANT POLY 1000UF 4V 2917
T541X477M006BT8605,500,134.96052,KEMET,CAP TANT POLY 470UF 6.3V 2917
T541X106M063CH6510,500,124.31288,KEMET,CAP TANT SMD POLYMER HI-REL
T541X476M035CH6510,500,124.31288,KEMET,CAP TANT SMD POLYMER HI-REL
T541D227M010CT6720,500,124.31288,KEMET,CAP TANT SMD POLYMER HI-REL
T541X686M030DH8620,500,135.1183,KEMET,CAP TANT POLY 68UF 30V 2917
T541X107M030DH8620,500,135.1183,KEMET,CAP TANT POLY 100UF 30V 2917
T541X227M016CH8710,1,,KEMET,CAP TANT POLY 220UF 16V 2917
T541X337K016AH6520,500,124.84542,KEMET,CAP TANT SMD POLYMER HI-REL
T541X108M2R5CH8505,500,135.88512,KEMET,CAP TANT POLY 1000UF 2.5V 2917
T541X158M2R5CH8505,500,135.88512,KEMET,CAP TANT POLY 1500UF 2.5V 2917
T541X108M003CH8505,500,135.88512,KEMET,CAP TANT POLY 1000UF 3V 2917
T541X158M003CH8505,500,135.88512,KEMET,CAP TANT POLY 1500UF 3V 2917
T541X687M004CH8505,500,135.88512,KEMET,CAP TANT POLY 680UF 4V 2917
T541X108M004CH8505,500,135.88512,KEMET,CAP TANT POLY 1000UF 4V 2917
T541X477M006CH8505,500,135.88512,KEMET,CAP TANT POLY 470UF 6.3V 2917
T541X107M030BH6620,500,136.0014,KEMET,CAP TANT POLY 100UF 30V 2917
T541X107M020BH8610,500,136.0014,KEMET,CAP TANT POLY 100UF 20V 2917
T541X337M016AT8610,500,136.0014,KEMET,CAP TANT POLY 330UF 16V 2917
T541X107M020AT8620,500,136.0014,KEMET,CAP TANT POLY 100UF 20V 2917
T541X686M030AT8620,500,136.0014,KEMET,CAP TANT POLY 68UF 30V 2917
T541X107M030AT8620,500,136.0014,KEMET,CAP TANT POLY 100UF 30V 2917
T541X336M035AT8610,500,136.0014,KEMET,CAP TANT POLY 33UF 35V 2917
T541X476M035AT8610,500,136.0014,KEMET,CAP TANT POLY 47UF 35V 2917
T541Y227M010AH6720,500,125.16462,KEMET,CAP TANT SMD POLYMER HI-REL
T541X476M035AT6710,500,125.16462,KEMET,CAP TANT SMD POLYMER HI-REL
T541X687M004AH6720,500,125.16462,KEMET,CAP TANT SMD POLYMER HI-REL
T541X336M050AT6710,500,125.16462,KEMET,CAP TANT SMD POLYMER HI-REL
T541X108M004AH6720,500,125.16462,KEMET,CAP TANT SMD POLYMER HI-REL
T541X337M010CT8505,500,136.23196,KEMET,CAP TANT POLY 330UF 10V 2917
T541X477M010CT8510,500,136.23196,KEMET,CAP TANT POLY 470UF 10V 2917
T541X157M016CT8510,500,136.23196,KEMET,CAP TANT POLY 150UF 16V 2917
T541X227M016CT8510,500,136.23196,KEMET,CAP TANT POLY 220UF 16V 2917
T541X107M020CT8510,500,136.23196,KEMET,CAP TANT POLY 100UF 20V 2917
T540B336M010AH6710,1,136.4,KEMET,CAP TANT POLY 33UF 10V 1411
T540D337K2R5BH8705,500,136.46342,KEMET,CAP TANT POLY 330UF 2.5V 2917
T540D477K2R5BH8705,500,136.46342,KEMET,CAP TANT POLY 470UF 2.5V 2917
T540D687K2R5BH8705,500,136.46342,KEMET,CAP TANT POLY 680UF 2.5V 2917
T540D337K003BH8705,500,136.46342,KEMET,CAP TANT POLY 330UF 3V 2917
T540D477K003BH8705,500,136.46342,KEMET,CAP TANT POLY 470UF 3V 2917
T540D687K003BH8705,500,136.46342,KEMET,CAP TANT POLY 680UF 3V 2917
T540D227K004BH8705,500,136.46342,KEMET,CAP TANT POLY 220UF 4V 2917
T540D337K004BH8705,500,136.46342,KEMET,CAP TANT POLY 330UF 4V 2917
T540D477K004BH8710,500,136.46342,KEMET,CAP TANT POLY 470UF 4V 2917
T540D157K006BH8705,500,136.46342,KEMET,CAP TANT POLY 150UF 6.3V 2917
T540D227K006BH8705,500,136.46342,KEMET,CAP TANT POLY 220UF 6.3V 2917
T540D337K006BH8710,500,136.46342,KEMET,CAP TANT POLY 330UF 6.3V 2917
T540D226K020BH8705,500,136.46342,KEMET,CAP TANT POLY 22UF 20V 2917
T540D336K020BH8705,500,136.46342,KEMET,CAP TANT POLY 33UF 20V 2917
T540D476K020BH8705,500,136.46342,KEMET,CAP TANT POLY 47UF 20V 2917
T540D156K025BH8710,500,136.46342,KEMET,CAP TANT POLY 15UF 25V 2917
T540D226K025BH8705,500,136.46342,KEMET,CAP TANT POLY 22UF 25V 2917
T540D336K025BH8705,500,136.46342,KEMET,CAP TANT POLY 33UF 25V 2917
T540D226K020BT8705,500,136.46342,KEMET,CAP TANT POLY 22UF 20V 2917
T540D336K020BT8705,500,136.46342,KEMET,CAP TANT POLY 33UF 20V 2917
T540D476K020BT8705,500,136.46342,KEMET,CAP TANT POLY 47UF 20V 2917
T540D156K035BH8610,500,136.69506,KEMET,CAP TANT POLY 15UF 35V 2917
T540D156K035BT8610,500,136.69506,KEMET,CAP TANT POLY 15UF 35V 2917
T540D156M035BH8710,500,136.92654,KEMET,CAP TANT POLY 15UF 35V 2917
T540D156M035BT8710,500,136.92654,KEMET,CAP TANT POLY 15UF 35V 2917
T530D157M010AH4096,500,126.10916,KEMET,150.UF 10.0V
T530D337M004AH4096,500,126.10916,KEMET,330.UF  4.0V
T541X337M016BH8510,500,137.04172,KEMET,CAP TANT POLY 330UF 16V 2917
T541X336M035BH8510,500,137.04172,KEMET,CAP TANT POLY 33UF 35V 2917
T541X476M035BH8510,500,137.04172,KEMET,CAP TANT POLY 47UF 35V 2917
T541X337K010AT6530,500,126.12206,KEMET,CAP TANT SMD POLYMER HI-REL
T541X686M030BH8520,500,137.27302,KEMET,CAP TANT POLY 68UF 30V 2917
T541X107M030BH8520,500,137.27302,KEMET,CAP TANT POLY 100UF 30V 2917
T541X108K2R5BT8505,500,137.27302,KEMET,CAP TANT POLY 1000UF 2.5V 2917
T541X158K2R5BT8505,500,137.27302,KEMET,CAP TANT POLY 1500UF 2.5V 2917
T541X108K003BT8505,500,137.27302,KEMET,CAP TANT POLY 1000UF 3V 2917
T541X158K003BT8505,500,137.27302,KEMET,CAP TANT POLY 1500UF 3V 2917
T541X687K004BT8505,500,137.27302,KEMET,CAP TANT POLY 680UF 4V 2917
T541X108K004BT8505,500,137.27302,KEMET,CAP TANT POLY 1000UF 4V 2917
T541X477K006BT8505,500,137.27302,KEMET,CAP TANT POLY 470UF 6.3V 2917
T541X686K0CT8610,500,137.33106,KEMET,CAP TANT POLY 68UF 2917
T541X107K020AT8520,500,137.3882,KEMET,CAP TANT POLY 100UF 20V 2917
T541X686K030AT8520,500,137.3882,KEMET,CAP TANT POLY 68UF 30V 2917
T541X107K030AT8520,500,137.3882,KEMET,CAP TANT POLY 100UF 30V 2917
T541X107M025BH8610,500,137.50448,KEMET,CAP TANT POLY 100UF 25V 2917
T530D477M003AH4095,500,126.67778,KEMET,470.UF  3.0V
T530D687M2R5AH4096,500,131.06488,KEMET,680.UF  2.5V
T541X686K0BT8710,500,138.18468,KEMET,CAP TANT POLY 68UF 2917
T530Y337M006AH4095,500,127.24622,KEMET,330.UF  6.0V
T541X476M030CT8510,500,138.31244,KEMET,CAP TANT POLY 47UF 30V 2917
T541X686M030CT8510,500,138.31244,KEMET,CAP TANT POLY 68UF 30V 2917
T541X107M030CT8510,500,138.31244,KEMET,CAP TANT POLY 100UF 30V 2917
T541X477M010DH8710,500,138.37552,KEMET,CAP TANT POLY 470UF 10V 2917
T541X157M016DH8710,500,138.37552,KEMET,CAP TANT POLY 150UF 16V 2917
T541X227M016DH8710,500,138.37552,KEMET,CAP TANT POLY 220UF 16V 2917
T541X107M020DH8710,500,138.37552,KEMET,CAP TANT POLY 100UF 20V 2917
T541X686M025DH8710,500,138.37552,KEMET,CAP TANT POLY 68UF 25V 2917
T541X107M025DH8710,500,138.37552,KEMET,CAP TANT POLY 100UF 25V 2917
T541X107M0DT8710,500,138.37552,KEMET,CAP TANT POLY 100UF 2917
T541X337K016AT8510,500,138.42854,KEMET,CAP TANT POLY 330UF 16V 2917
T541X336K035AT8510,500,138.42854,KEMET,CAP TANT POLY 33UF 35V 2917
T541X476K035AT8510,500,138.42854,KEMET,CAP TANT POLY 47UF 35V 2917
T541X108K2R5DH8605,500,138.60016,KEMET,CAP TANT POLY 1000UF 2.5V 2917
T541X158K2R5DH8605,500,138.60016,KEMET,CAP TANT POLY 1500UF 2.5V 2917
T541X108K003DH8605,500,138.60016,KEMET,CAP TANT POLY 1000UF 3V 2917
T541X158K003DH8605,500,138.60016,KEMET,CAP TANT POLY 1500UF 3V 2917
T541X687K004DH8605,500,138.60016,KEMET,CAP TANT POLY 680UF 4V 2917
T541X108K004DH8605,500,138.60016,KEMET,CAP TANT POLY 1000UF 4V 2917
T541X477K006DH8605,500,138.60016,KEMET,CAP TANT POLY 470UF 6.3V 2917
T540A226M010CH6710,2000,138.6853,KEMET,CAP TANT POLY 22UF 10V 1206
T540A226M010CT6710,2000,138.6853,KEMET,CAP TANT POLY 22UF 10V 1206
T541X107K030BH6520,500,138.77484,KEMET,CAP TANT POLY 100UF 30V 2917
T541X108M2R5BH8605,500,138.77484,KEMET,CAP TANT POLY 1000UF 2.5V 2917
T541X158M2R5BH8605,500,138.77484,KEMET,CAP TANT POLY 1500UF 2.5V 2917
T541X108M003BH8605,500,138.77484,KEMET,CAP TANT POLY 1000UF 3V 2917
T541X158M003BH8605,500,138.77484,KEMET,CAP TANT POLY 1500UF 3V 2917
T541X687M004BH8605,500,138.77484,KEMET,CAP TANT POLY 680UF 4V 2917
T541X108M004BH8605,500,138.77484,KEMET,CAP TANT POLY 1000UF 4V 2917
T541X477M006BH8605,500,138.77484,KEMET,CAP TANT POLY 470UF 6.3V 2917
T541X107K020BH8510,500,138.77484,KEMET,CAP TANT POLY 100UF 20V 2917
T541X108M2R5AT8705,500,138.77484,KEMET,CAP TANT POLY 1000UF 2.5V 2917
T541X158M2R5AT8705,500,138.77484,KEMET,CAP TANT POLY 1500UF 2.5V 2917
T541X108M003AT8705,500,138.77484,KEMET,CAP TANT POLY 1000UF 3V 2917
T541X158M003AT8705,500,138.77484,KEMET,CAP TANT POLY 1500UF 3V 2917
T541X687M004AT8705,500,138.77484,KEMET,CAP TANT POLY 680UF 4V 2917
T541X108M004AT8705,500,138.77484,KEMET,CAP TANT POLY 1000UF 4V 2917
T541X477M006AT8705,500,138.77484,KEMET,CAP TANT POLY 470UF 6.3V 2917
T541X687M006AT8710,500,138.77484,KEMET,CAP TANT POLY 680UF 6.3V 2917
T541X337M010BT8605,500,138.77484,KEMET,CAP TANT POLY 330UF 10V 2917
T541X477M010BT8610,500,138.77484,KEMET,CAP TANT POLY 470UF 10V 2917
T541X157M016BT8610,500,138.77484,KEMET,CAP TANT POLY 150UF 16V 2917
T541X227M016BT8610,500,138.77484,KEMET,CAP TANT POLY 220UF 16V 2917
T541X107M020BT8610,500,138.77484,KEMET,CAP TANT POLY 100UF 20V 2917
T540D156M035CH6720,500,127.82392,KEMET,CAP TANT SMD POLYMER HI-REL
T541D157M010CH6720,500,127.82392,KEMET,CAP TANT SMD POLYMER HI-REL
T541D227M010CH6720,500,127.82392,KEMET,CAP TANT SMD POLYMER HI-REL
T540D226K030AH8705,500,139.23722,KEMET,CAP TANT POLY 22UF 30V 2917
T540D336K030AH8710,500,139.23722,KEMET,CAP TANT POLY 33UF 30V 2917
T540D226K030AT8705,500,139.23722,KEMET,CAP TANT POLY 22UF 30V 2917
T540D336K030AT8710,500,139.23722,KEMET,CAP TANT POLY 33UF 30V 2917
T530D227M010AH4096,500,139.4987,KEMET,220.UF 10.0V
T541X107M030AH6720,500,139.69926,KEMET,CAP TANT POLY 100UF 30V 2917
T541X107M020AH8710,500,139.69926,KEMET,CAP TANT POLY 100UF 20V 2917
T541X108K2R5AT8605,500,139.69926,KEMET,CAP TANT POLY 1000UF 2.5V 2917
T541X158K2R5AT8605,500,139.69926,KEMET,CAP TANT POLY 1500UF 2.5V 2917
T541X108K003AT8605,500,139.69926,KEMET,CAP TANT POLY 1000UF 3V 2917
T541X158K003AT8605,500,139.69926,KEMET,CAP TANT POLY 1500UF 3V 2917
T541X687K004AT8605,500,139.69926,KEMET,CAP TANT POLY 680UF 4V 2917
T541X108K004AT8605,500,139.69926,KEMET,CAP TANT POLY 1000UF 4V 2917
T541X477K006AT8605,500,139.69926,KEMET,CAP TANT POLY 470UF 6.3V 2917
T541X687K006AT8610,500,139.69926,KEMET,CAP TANT POLY 680UF 6.3V 2917
T541X337M010AH6720,500,128.56784,KEMET,330.UF 10.0V
T541X227M016AH6720,500,128.56784,KEMET,CAP TANT SMD POLYMER HI-REL
T541X157M016AH6720,500,128.56784,KEMET,CAP TANT SMD POLYMER HI-REL
T541X337M010AH6630,500,128.56784,KEMET,CAP TANT SMD POLYMER HI-REL
T541X107M025AH6720,500,128.56784,KEMET,CAP TANT SMD POLYMER HI-REL
T541X108M2R5DT8705,500,139.71776,KEMET,CAP TANT POLY 1000UF 2.5V 2917
T541X158M2R5DT8705,500,139.71776,KEMET,CAP TANT POLY 1500UF 2.5V 2917
T541X108M003DT8705,500,139.71776,KEMET,CAP TANT POLY 1000UF 3V 2917
T541X158M003DT8705,500,139.71776,KEMET,CAP TANT POLY 1500UF 3V 2917
T541X687M004DT8705,500,139.71776,KEMET,CAP TANT POLY 680UF 4V 2917
T541X108M004DT8705,500,139.71776,KEMET,CAP TANT POLY 1000UF 4V 2917
T541X477M006DT8705,500,139.71776,KEMET,CAP TANT POLY 470UF 6.3V 2917
T541X476K030DT8510,500,139.7794,KEMET,CAP TANT POLY 47UF 30V 2917
T541X686K030DT8510,500,139.7794,KEMET,CAP TANT POLY 68UF 30V 2917
T541X107K030DT8510,500,139.7794,KEMET,CAP TANT POLY 100UF 30V 2917
T541X107K025BH8510,500,139.81534,KEMET,CAP TANT POLY 100UF 25V 2917
T541X476M030BT8610,500,139.81534,KEMET,CAP TANT POLY 47UF 30V 2917
T541X686M030BT8610,500,139.81534,KEMET,CAP TANT POLY 68UF 30V 2917
T541X107M030BT8610,500,139.81534,KEMET,CAP TANT POLY 100UF 30V 2917
T541X686K030DH8520,500,139.83566,KEMET,CAP TANT POLY 68UF 30V 2917
T541X107K030DH8520,500,139.83566,KEMET,CAP TANT POLY 100UF 30V 2917
T541X337M016AH8610,500,140.04646,KEMET,CAP TANT POLY 330UF 16V 2917
T541X107M020AH8620,500,140.04646,KEMET,CAP TANT POLY 100UF 20V 2917
T541X686M030AH8620,500,140.04646,KEMET,CAP TANT POLY 68UF 30V 2917
T541X107M030AH8620,500,140.04646,KEMET,CAP TANT POLY 100UF 30V 2917
T541X336M035AH8610,500,140.04646,KEMET,CAP TANT POLY 33UF 35V 2917
T541X476M035AH8610,500,140.04646,KEMET,CAP TANT POLY 47UF 35V 2917
T541X336M035AH6710,500,128.88738,KEMET,CAP TANT POLY 33UF 35V 2917
T541X106M063AH6710,500,128.88738,KEMET,CAP TANT SMD POLYMER HI-REL
T541X226M050AH6710,500,128.88738,KEMET,CAP TANT SMD POLYMER HI-REL
T541X107M030CH6610,500,140.16128,KEMET,CAP TANT POLY 100UF 30V 2917
T541X337M010CH8505,500,140.16128,KEMET,CAP TANT POLY 330UF 10V 2917
T541X477M010CH8510,500,140.16128,KEMET,CAP TANT POLY 470UF 10V 2917
T541X157M016CH8510,500,140.16128,KEMET,CAP TANT POLY 150UF 16V 2917
T541X227M016CH8510,500,140.16128,KEMET,CAP TANT POLY 220UF 16V 2917
T541X686M025CH8510,500,140.16128,KEMET,CAP TANT POLY 68UF 25V 2917
T541X337M016BT8520,500,140.16128,KEMET,CAP TANT POLY 330UF 16V 2917
T541X476M030DH8710,500,140.1726,KEMET,CAP TANT POLY 47UF 30V 2917
T541X686M030DH8710,500,140.1726,KEMET,CAP TANT POLY 68UF 30V 2917
T541X107M030DH8710,500,140.1726,KEMET,CAP TANT POLY 100UF 30V 2917
T541X337M016DT8610,500,140.27936,KEMET,CAP TANT POLY 330UF 16V 2917
T541X337M016DH8620,500,140.28492,KEMET,CAP TANT POLY 330UF 16V 2917
T541X337K016DH8510,500,140.28492,KEMET,CAP TANT POLY 330UF 16V 2917
T540D156K035AH8710,500,140.73922,KEMET,CAP TANT POLY 15UF 35V 2917
T540D156K035AT8710,500,140.73922,KEMET,CAP TANT POLY 15UF 35V 2917
T541X686M030DT8620,500,140.75108,KEMET,CAP TANT POLY 68UF 30V 2917
T541X107M030DT8620,500,140.75108,KEMET,CAP TANT POLY 100UF 30V 2917
T541X107K030AH6620,500,140.97016,KEMET,CAP TANT POLY 100UF 30V 2917
T541X107K020AH8610,500,140.97016,KEMET,CAP TANT POLY 100UF 20V 2917
T541X108K2R5BH8505,500,141.2009,KEMET,CAP TANT POLY 1000UF 2.5V 2917
T541X158K2R5BH8505,500,141.2009,KEMET,CAP TANT POLY 1500UF 2.5V 2917
T541X108K003BH8505,500,141.2009,KEMET,CAP TANT POLY 1000UF 3V 2917
T541X158K003BH8505,500,141.2009,KEMET,CAP TANT POLY 1500UF 3V 2917
T541X687K004BH8505,500,141.2009,KEMET,CAP TANT POLY 680UF 4V 2917
T541X108K004BH8505,500,141.2009,KEMET,CAP TANT POLY 1000UF 4V 2917
T541X477K006BH8505,500,141.2009,KEMET,CAP TANT POLY 470UF 6.3V 2917
T540D337K2R5DH8705WAFL,64,141.23406,KEMET,CAP TANT POLY 330UF 2.5V 2917
T540D477K2R5DH8705WAFL,64,141.23406,KEMET,CAP TANT POLY 470UF 2.5V 2917
T540D687K2R5DH8705WAFL,64,141.23406,KEMET,CAP TANT POLY 680UF 2.5V 2917
T540D337K003DH8705WAFL,64,141.23406,KEMET,CAP TANT POLY 330UF 3V 2917
T540D477K003DH8705WAFL,64,141.23406,KEMET,CAP TANT POLY 470UF 3V 2917
T540D687K003DH8705WAFL,64,141.23406,KEMET,CAP TANT POLY 680UF 3V 2917
T540D227K004DH8705WAFL,64,141.23406,KEMET,CAP TANT POLY 220UF 4V 2917
T540D337K004DH8705WAFL,64,141.23406,KEMET,CAP TANT POLY 330UF 4V 2917
T540D477K004DH8710WAFL,64,141.23406,KEMET,CAP TANT POLY 470UF 4V 2917
T540D157K006DH8705WAFL,64,141.23406,KEMET,CAP TANT POLY 150UF 6.3V 2917
T540D227K006DH8705WAFL,64,141.23406,KEMET,CAP TANT POLY 220UF 6.3V 2917
T540D337K006DH8710WAFL,64,141.23406,KEMET,CAP TANT POLY 330UF 6.3V 2917
T541X107K020AH8520,500,141.317,KEMET,CAP TANT POLY 100UF 20V 2917
T541X686K030AH8520,500,141.317,KEMET,CAP TANT POLY 68UF 30V 2917
T541X107K030AH8520,500,141.317,KEMET,CAP TANT POLY 100UF 30V 2917
T530X687M004AH4095,500,130.08876,KEMET,680.UF  4.0V
T530X108M003AH4095,500,130.08876,KEMET,1000UF  3.0V
T540B476M010BH6720,2000,130.22765,KEMET,47.0UF 10.0V
T541X477K010DT8510,500,141.52042,KEMET,CAP TANT POLY 470UF 10V 2917
T541X157K016DT8510,500,141.52042,KEMET,CAP TANT POLY 150UF 16V 2917
T541X107K020DT8510,500,141.52042,KEMET,CAP TANT POLY 100UF 20V 2917
T541X686K0DT8510,500,141.52042,KEMET,CAP TANT POLY 68UF 2917
T541X107M025AH8710,500,141.54774,KEMET,CAP TANT POLY 100UF 25V 2917
T541X337K010BT8505,500,141.54774,KEMET,CAP TANT POLY 330UF 10V 2917
T541X477K010BT8510,500,141.54774,KEMET,CAP TANT POLY 470UF 10V 2917
T541X157K016BT8510,500,141.54774,KEMET,CAP TANT POLY 150UF 16V 2917
T541X227K016BT8510,500,141.54774,KEMET,CAP TANT POLY 220UF 16V 2917
T541X107K020BT8510,500,141.54774,KEMET,CAP TANT POLY 100UF 20V 2917
T540D226M030CH8705,500,142.00922,KEMET,CAP TANT POLY 22UF 30V 2917
T540D336M030CH8710,500,142.00922,KEMET,CAP TANT POLY 33UF 30V 2917
T540D226M030CT8705,500,142.00922,KEMET,CAP TANT POLY 22UF 30V 2917
T540D336M030CT8710,500,142.00922,KEMET,CAP TANT POLY 33UF 30V 2917
T541X107K025AH8610,500,142.35588,KEMET,CAP TANT POLY 100UF 25V 2917
T541X476M030CH8510,500,142.35588,KEMET,CAP TANT POLY 47UF 30V 2917
T541X686M030CH8510,500,142.35588,KEMET,CAP TANT POLY 68UF 30V 2917
T541X107M030CH8510,500,142.35588,KEMET,CAP TANT POLY 100UF 30V 2917
T541X337M010AT8705,500,142.35588,KEMET,CAP TANT POLY 330UF 10V 2917
T541X477M010AT8710,500,142.35588,KEMET,CAP TANT POLY 470UF 10V 2917
T541X157M016AT8710,500,142.35588,KEMET,CAP TANT POLY 150UF 16V 2917
T541X227M016AT8710,500,142.35588,KEMET,CAP TANT POLY 220UF 16V 2917
T541X107M020AT8710,500,142.35588,KEMET,CAP TANT POLY 100UF 20V 2917
T541X476M030AT8710,500,142.35588,KEMET,CAP TANT POLY 47UF 30V 2917
T541X686M030AT8710,500,142.35588,KEMET,CAP TANT POLY 68UF 30V 2917
T541X107M030AT8710,500,142.35588,KEMET,CAP TANT POLY 100UF 30V 2917
T541X337K016AH8510,500,142.4718,KEMET,CAP TANT POLY 330UF 16V 2917
T541X336K035AH8510,500,142.4718,KEMET,CAP TANT POLY 33UF 35V 2917
T541X476K035AH8510,500,142.4718,KEMET,CAP TANT POLY 47UF 35V 2917
T541X476K035AH6610,500,131.11946,KEMET,CAP TANT SMD POLYMER HI-REL
T541X156M063CH6510,500,131.11946,KEMET,CAP TANT SMD POLYMER HI-REL
T541X336K050AH6610,500,131.11946,KEMET,CAP TANT SMD POLYMER HI-REL
T541X477M006CH6530,500,131.33166,KEMET,CAP TANT SMD POLYMER HI-REL
T541X108M2R5CH6530,500,131.33166,KEMET,CAP TANT SMD POLYMER HI-REL
T541X107M030BH6710,500,142.8172,KEMET,CAP TANT POLY 100UF 30V 2917
T541X108M2R5AH8705,500,142.8172,KEMET,CAP TANT POLY 1000UF 2.5V 2917
T541X158M2R5AH8705,500,142.8172,KEMET,CAP TANT POLY 1500UF 2.5V 2917
T541X108M003AH8705,500,142.8172,KEMET,CAP TANT POLY 1000UF 3V 2917
T541X158M003AH8705,500,142.8172,KEMET,CAP TANT POLY 1500UF 3V 2917
T541X687M004AH8705,500,142.8172,KEMET,CAP TANT POLY 680UF 4V 2917
T541X108M004AH8705,500,142.8172,KEMET,CAP TANT POLY 1000UF 4V 2917
T541X477M006AH8705,500,142.8172,KEMET,CAP TANT POLY 470UF 6.3V 2917
T541X337M010BH8605,500,142.8172,KEMET,CAP TANT POLY 330UF 10V 2917
T541X477M010BH8610,500,142.8172,KEMET,CAP TANT POLY 470UF 10V 2917
T541X157M016BH8610,500,142.8172,KEMET,CAP TANT POLY 150UF 16V 2917
T541X227M016BH8610,500,142.8172,KEMET,CAP TANT POLY 220UF 16V 2917
T541X686M025BH8610,500,142.8172,KEMET,CAP TANT POLY 68UF 25V 2917
T541X476K030BT8510,500,142.8172,KEMET,CAP TANT POLY 47UF 30V 2917
T541X686K030BT8510,500,142.8172,KEMET,CAP TANT POLY 68UF 30V 2917
T541X107K030BT8510,500,142.8172,KEMET,CAP TANT POLY 100UF 30V 2917
T541X477K010DH8610,500,142.86824,KEMET,CAP TANT POLY 470UF 10V 2917
T541X157K016DH8610,500,142.86824,KEMET,CAP TANT POLY 150UF 16V 2917
T541X227K016DH8610,500,142.86824,KEMET,CAP TANT POLY 220UF 16V 2917
T541X107K020DH8610,500,142.86824,KEMET,CAP TANT POLY 100UF 20V 2917
T541X686K025DH8610,500,142.86824,KEMET,CAP TANT POLY 68UF 25V 2917
T541X107K025DH8610,500,142.86824,KEMET,CAP TANT POLY 100UF 25V 2917
T541X107K0DT8610,500,142.86824,KEMET,CAP TANT POLY 100UF 2917
T540D226K030CH8605,500,142.93292,KEMET,CAP TANT POLY 22UF 30V 2917
T540D336K030CH8610,500,142.93292,KEMET,CAP TANT POLY 33UF 30V 2917
T541X337M016AT8620,500,142.93292,KEMET,CAP TANT POLY 330UF 16V 2917
T540D226K030CT8605,500,142.93292,KEMET,CAP TANT POLY 22UF 30V 2917
T540D336K030CT8610,500,142.93292,KEMET,CAP TANT POLY 33UF 30V 2917
T541X107K0CT8710,500,143.09286,KEMET,CAP TANT POLY 100UF 2917
T541X477M010DT8710,500,143.60954,KEMET,CAP TANT POLY 470UF 10V 2917
T541X157M016DT8710,500,143.60954,KEMET,CAP TANT POLY 150UF 16V 2917
T541X227M016DT8710,500,143.60954,KEMET,CAP TANT POLY 220UF 16V 2917
T541X107M020DT8710,500,143.60954,KEMET,CAP TANT POLY 100UF 20V 2917
T541X686M0DT8710,500,143.60954,KEMET,CAP TANT POLY 68UF 2917
T541X337K010AT8605,500,143.6257,KEMET,CAP TANT POLY 330UF 10V 2917
T541X477K010AT8610,500,143.6257,KEMET,CAP TANT POLY 470UF 10V 2917
T541X157K016AT8610,500,143.6257,KEMET,CAP TANT POLY 150UF 16V 2917
T541X227K016AT8610,500,143.6257,KEMET,CAP TANT POLY 220UF 16V 2917
T541X107K020AT8610,500,143.6257,KEMET,CAP TANT POLY 100UF 20V 2917
T541X476K030AT8610,500,143.6257,KEMET,CAP TANT POLY 47UF 30V 2917
T541X686K030AT8610,500,143.6257,KEMET,CAP TANT POLY 68UF 30V 2917
T541X107K030AT8610,500,143.6257,KEMET,CAP TANT POLY 100UF 30V 2917
T541X108K2R5AH8605,500,143.74144,KEMET,CAP TANT POLY 1000UF 2.5V 2917
T541X158K2R5AH8605,500,143.74144,KEMET,CAP TANT POLY 1500UF 2.5V 2917
T541X108K003AH8605,500,143.74144,KEMET,CAP TANT POLY 1000UF 3V 2917
T541X158K003AH8605,500,143.74144,KEMET,CAP TANT POLY 1500UF 3V 2917
T541X687K004AH8605,500,143.74144,KEMET,CAP TANT POLY 680UF 4V 2917
T541X108K004AH8605,500,143.74144,KEMET,CAP TANT POLY 1000UF 4V 2917
T541X477K006AH8605,500,143.74144,KEMET,CAP TANT POLY 470UF 6.3V 2917
T543X158M003AHW008D100,1,143.77,KEMET,CAP TANT POLY 1500UF 3V 2917
T541X476M030BH8610,500,143.85628,KEMET,CAP TANT POLY 47UF 30V 2917
T541X686M030BH8610,500,143.85628,KEMET,CAP TANT POLY 68UF 30V 2917
T541X107M030BH8610,500,143.85628,KEMET,CAP TANT POLY 100UF 30V 2917
T543X337M010AHW0107505,1,143.86,KEMET,CAP TANT POLY 330UF 10V 2917
T530D477M2R5AH4095,500,132.46506,KEMET,470.UF  2.5V
T530D477M2R5AH4096,500,132.46506,KEMET,470.UF  2.5V
T530D157M010AH4095,500,143.9339,KEMET,150.UF 10.0V
T530D337M006AH4095,500,132.46506,KEMET,330.UF  6.0V
T530D227M006AH4095,500,132.46506,KEMET,220.UF  6.0V
T530D337M004AH4095,500,132.46506,KEMET,330.UF  4.0V
T530D227M006AH4096,500,132.46506,KEMET,220.UF  6.0V
T541X337M016BH8520,500,144.20346,KEMET,CAP TANT POLY 330UF 16V 2917
T541X108K2R5DT8605,500,144.4069,KEMET,CAP TANT POLY 1000UF 2.5V 2917
T541X158K2R5DT8605,500,144.4069,KEMET,CAP TANT POLY 1500UF 2.5V 2917
T541X108K003DT8605,500,144.4069,KEMET,CAP TANT POLY 1000UF 3V 2917
T541X158K003DT8605,500,144.4069,KEMET,CAP TANT POLY 1500UF 3V 2917
T541X687K004DT8605,500,144.4069,KEMET,CAP TANT POLY 680UF 4V 2917
T541X108K004DT8605,500,144.4069,KEMET,CAP TANT POLY 1000UF 4V 2917
T541X477K006DT8605,500,144.4069,KEMET,CAP TANT POLY 470UF 6.3V 2917
T541X337M016CT8510,500,144.54958,KEMET,CAP TANT POLY 330UF 16V 2917
T541X336M035CT8510,500,144.54958,KEMET,CAP TANT POLY 33UF 35V 2917
T541X476M035CT8510,500,144.54958,KEMET,CAP TANT POLY 47UF 35V 2917
T530D477M004AH4095,500,133.06228,KEMET,470.UF  4.0V
T530D687M2R5AH4095,500,133.06228,KEMET,680.UF  2.5V
T541X476K030DH8610,500,144.88996,KEMET,CAP TANT POLY 47UF 30V 2917
T541X686K030DH8610,500,144.88996,KEMET,CAP TANT POLY 68UF 30V 2917
T541X107K030DH8610,500,144.88996,KEMET,CAP TANT POLY 100UF 30V 2917
T530Y477M004AH4095,500,133.6595,KEMET,470.UF  4.0V
T530Y227M010AH4095,500,133.6595,KEMET,220.UF 10.0V
T530Y477M004AH4096,500,133.6595,KEMET,470.UF  4.0V
T540D106M050CH6710,500,133.6686,KEMET,CAP TANT SMD POLYMER HI-REL
T541X108M2R5CT8605,500,145.35738,KEMET,CAP TANT POLY 1000UF 2.5V 2917
T541X158M2R5CT8605,500,145.35738,KEMET,CAP TANT POLY 1500UF 2.5V 2917
T541X108M003CT8605,500,145.35738,KEMET,CAP TANT POLY 1000UF 3V 2917
T541X158M003CT8605,500,145.35738,KEMET,CAP TANT POLY 1500UF 3V 2917
T541X687M004CT8605,500,145.35738,KEMET,CAP TANT POLY 680UF 4V 2917
T541X108M004CT8605,500,145.35738,KEMET,CAP TANT POLY 1000UF 4V 2917
T541X477M006CT8605,500,145.35738,KEMET,CAP TANT POLY 470UF 6.3V 2917
T541X686M030CT8520,500,145.35738,KEMET,CAP TANT POLY 68UF 30V 2917
T541X107M030CT8520,500,145.35738,KEMET,CAP TANT POLY 100UF 30V 2917
T540C106K025BH6710,500,133.77512,KEMET,CAP TANT SMD POLYMER HI-REL
T540D337K2R5CH8705,500,145.47202,KEMET,CAP TANT POLY 330UF 2.5V 2917
T540D477K2R5CH8705,500,145.47202,KEMET,CAP TANT POLY 470UF 2.5V 2917
T540D687K2R5CH8705,500,145.47202,KEMET,CAP TANT POLY 680UF 2.5V 2917
T540D337K003CH8705,500,145.47202,KEMET,CAP TANT POLY 330UF 3V 2917
T540D477K003CH8705,500,145.47202,KEMET,CAP TANT POLY 470UF 3V 2917
T540D687K003CH8705,500,145.47202,KEMET,CAP TANT POLY 680UF 3V 2917
T540D227K004CH8705,500,145.47202,KEMET,CAP TANT POLY 220UF 4V 2917
T540D337K004CH8705,500,145.47202,KEMET,CAP TANT POLY 330UF 4V 2917
T540D477K004CH8710,500,145.47202,KEMET,CAP TANT POLY 470UF 4V 2917
T540D157K006CH8705,500,145.47202,KEMET,CAP TANT POLY 150UF 6.3V 2917
T540D227K006CH8705,500,145.47202,KEMET,CAP TANT POLY 220UF 6.3V 2917
T540D337K006CH8710,500,145.47202,KEMET,CAP TANT POLY 330UF 6.3V 2917
T540D226K020CH8705,500,145.47202,KEMET,CAP TANT POLY 22UF 20V 2917
T540D336K020CH8705,500,145.47202,KEMET,CAP TANT POLY 33UF 20V 2917
T540D476K020CH8705,500,145.47202,KEMET,CAP TANT POLY 47UF 20V 2917
T540D156K025CH8710,500,145.47202,KEMET,CAP TANT POLY 15UF 25V 2917
T540D226K025CH8705,500,145.47202,KEMET,CAP TANT POLY 22UF 25V 2917
T540D336K025CH8705,500,145.47202,KEMET,CAP TANT POLY 33UF 25V 2917
T541X337K016AT8520,500,145.47202,KEMET,CAP TANT POLY 330UF 16V 2917
T540D226K020CT8705,500,145.47202,KEMET,CAP TANT POLY 22UF 20V 2917
T540D336K020CT8705,500,145.47202,KEMET,CAP TANT POLY 33UF 20V 2917
T540D476K020CT8705,500,145.47202,KEMET,CAP TANT POLY 47UF 20V 2917
T541X476M030DT8710,500,145.49648,KEMET,CAP TANT POLY 47UF 30V 2917
T541X686M030DT8710,500,145.49648,KEMET,CAP TANT POLY 68UF 30V 2917
T541X107M030DT8710,500,145.49648,KEMET,CAP TANT POLY 100UF 30V 2917
T541X107K030BH6610,500,145.70332,KEMET,CAP TANT POLY 100UF 30V 2917
T541X337K010BH8505,500,145.70332,KEMET,CAP TANT POLY 330UF 10V 2917
T541X477K010BH8510,500,145.70332,KEMET,CAP TANT POLY 470UF 10V 2917
T541X157K016BH8510,500,145.70332,KEMET,CAP TANT POLY 150UF 16V 2917
T541X227K016BH8510,500,145.70332,KEMET,CAP TANT POLY 220UF 16V 2917
T541X686K025BH8510,500,145.70332,KEMET,CAP TANT POLY 68UF 25V 2917
T541Y227M010BH6720,500,134.09348,KEMET,CAP TANT SMD POLYMER HI-REL
T540D156M035CH8710,500,145.81904,KEMET,CAP TANT POLY 15UF 35V 2917
T540D156M035CT8710,500,145.81904,KEMET,CAP TANT POLY 15UF 35V 2917
T541X337K016DH8520,500,145.90082,KEMET,CAP TANT POLY 330UF 16V 2917
T541X337M016DH8710,500,145.90082,KEMET,CAP TANT POLY 330UF 16V 2917
T541X337M016DT8620,500,146.17594,KEMET,CAP TANT POLY 330UF 16V 2917
T541X686K030DT8520,500,146.23776,KEMET,CAP TANT POLY 68UF 30V 2917
T541X107K030DT8520,500,146.23776,KEMET,CAP TANT POLY 100UF 30V 2917
T541X686M030DH8720,500,146.35008,KEMET,CAP TANT POLY 68UF 30V 2917
T541X337M010AH8705,500,146.3961,KEMET,CAP TANT POLY 330UF 10V 2917
T541X477M010AH8710,500,146.3961,KEMET,CAP TANT POLY 470UF 10V 2917
T541X157M016AH8710,500,146.3961,KEMET,CAP TANT POLY 150UF 16V 2917
T541X227M016AH8710,500,146.3961,KEMET,CAP TANT POLY 220UF 16V 2917
T541X686M025AH8710,500,146.3961,KEMET,CAP TANT POLY 68UF 25V 2917
T541X476M030AH8710,500,146.3961,KEMET,CAP TANT POLY 47UF 30V 2917
T541X686M030AH8710,500,146.3961,KEMET,CAP TANT POLY 68UF 30V 2917
T541X107M030AH8710,500,146.3961,KEMET,CAP TANT POLY 100UF 30V 2917
T541X337M016BT8610,500,146.3961,KEMET,CAP TANT POLY 330UF 16V 2917
T541X336M035BT8610,500,146.3961,KEMET,CAP TANT POLY 33UF 35V 2917
T541X476M035BT8610,500,146.3961,KEMET,CAP TANT POLY 47UF 35V 2917
T540D475K063AT6720,500,134.73106,KEMET,CAP TANT SMD POLYMER HI-REL
T541X686M030BT8620,500,146.62612,KEMET,CAP TANT POLY 68UF 30V 2917
T541X107M030BT8620,500,146.62612,KEMET,CAP TANT POLY 100UF 30V 2917
T541X337K016DT8510,500,146.73754,KEMET,CAP TANT POLY 330UF 16V 2917
T541X106M063AH6630,500,135.0491,KEMET,CAP TANT SMD POLYMER HI-REL
T541X107M030CH6620,500,146.85722,KEMET,CAP TANT POLY 100UF 30V 2917
T541X107M020CH8610,500,146.85722,KEMET,CAP TANT POLY 100UF 20V 2917
T541X476K030BH8510,500,146.85722,KEMET,CAP TANT POLY 47UF 30V 2917
T541X686K030BH8510,500,146.85722,KEMET,CAP TANT POLY 68UF 30V 2917
T541X107K030BH8510,500,146.85722,KEMET,CAP TANT POLY 100UF 30V 2917
T541X337M016AH8620,500,146.97296,KEMET,CAP TANT POLY 330UF 16V 2917
T540D156K035CH8610,500,146.97296,KEMET,CAP TANT POLY 15UF 35V 2917
T540D156K035CT8610,500,146.97296,KEMET,CAP TANT POLY 15UF 35V 2917
T540D156K035CT6710,500,135.26196,KEMET,CAP TANT SMD POLYMER HI-REL
T541X107K030CH6510,500,147.08742,KEMET,CAP TANT POLY 100UF 30V 2917
T540D226K030BH8705,500,147.20298,KEMET,CAP TANT POLY 22UF 30V 2917
T540D336K030BH8710,500,147.20298,KEMET,CAP TANT POLY 33UF 30V 2917
T540D226K030BT8705,500,147.20298,KEMET,CAP TANT POLY 22UF 30V 2917
T540D336K030BT8710,500,147.20298,KEMET,CAP TANT POLY 33UF 30V 2917
T540D337M006BH8510,1,147.27,KEMET,CAP TANT POLY 330UF 6.3V 2917
T540C106M025AH6710,11,135.79182,KEMET,CAP TANT SMD POLYMER HI-REL
T541X107K030AH6710,500,147.77948,KEMET,CAP TANT POLY 100UF 30V 2917
T541X337K010AH8605,500,147.77948,KEMET,CAP TANT POLY 330UF 10V 2917
T541X477K010AH8610,500,147.77948,KEMET,CAP TANT POLY 470UF 10V 2917
T541X157K016AH8610,500,147.77948,KEMET,CAP TANT POLY 150UF 16V 2917
T541X227K016AH8610,500,147.77948,KEMET,CAP TANT POLY 220UF 16V 2917
T541X686K025AH8610,500,147.77948,KEMET,CAP TANT POLY 68UF 25V 2917
T541X476K030AH8610,500,147.77948,KEMET,CAP TANT POLY 47UF 30V 2917
T541X686K030AH8610,500,147.77948,KEMET,CAP TANT POLY 68UF 30V 2917
T541X107K030AH8610,500,147.77948,KEMET,CAP TANT POLY 100UF 30V 2917
T541X337K010AH6710,500,136.00422,KEMET,CAP TANT SMD POLYMER HI-REL
T541X477K010AH6710,500,136.00422,KEMET,CAP TANT SMD POLYMER HI-REL
T541X107M025CH8610,500,148.0106,KEMET,CAP TANT POLY 100UF 25V 2917
T541X107M028AH6710,500,141.04442,KEMET,100.UF 28.0V
T541X108M2R5BT8705,500,148.24152,KEMET,CAP TANT POLY 1000UF 2.5V 2917
T541X158M2R5BT8705,500,148.24152,KEMET,CAP TANT POLY 1500UF 2.5V 2917
T541X108M003BT8705,500,148.24152,KEMET,CAP TANT POLY 1000UF 3V 2917
T541X158M003BT8705,500,148.24152,KEMET,CAP TANT POLY 1500UF 3V 2917
T541X687M004BT8705,500,148.24152,KEMET,CAP TANT POLY 680UF 4V 2917
T541X108M004BT8705,500,148.24152,KEMET,CAP TANT POLY 1000UF 4V 2917
T541X477M006BT8705,500,148.24152,KEMET,CAP TANT POLY 470UF 6.3V 2917
T530X108M004AH4095,500,136.64528,KEMET,1000UF  4.0V
T530X108M2R5AH4095,500,136.64528,KEMET,1000UF  2.5V
T530X108M2R5AH4096,500,136.64528,KEMET,1000UF  2.5V
T530X687M004AH4096,500,136.64528,KEMET,680.UF  4.0V
T541X686K0CT8710,500,148.56284,KEMET,CAP TANT POLY 68UF 2917
T541X337M016CH8510,500,148.81784,KEMET,CAP TANT POLY 330UF 16V 2917
T541X336M035CH8510,500,148.81784,KEMET,CAP TANT POLY 33UF 35V 2917
T541X476M035CH8510,500,148.81784,KEMET,CAP TANT POLY 47UF 35V 2917
T541X108K2R5CT8505,500,149.16414,KEMET,CAP TANT POLY 1000UF 2.5V 2917
T541X158K2R5CT8505,500,149.16414,KEMET,CAP TANT POLY 1500UF 2.5V 2917
T541X108K003CT8505,500,149.16414,KEMET,CAP TANT POLY 1000UF 3V 2917
T541X158K003CT8505,500,149.16414,KEMET,CAP TANT POLY 1500UF 3V 2917
T541X687K004CT8505,500,149.16414,KEMET,CAP TANT POLY 680UF 4V 2917
T541X108K004CT8505,500,149.16414,KEMET,CAP TANT POLY 1000UF 4V 2917
T541X477K006CT8505,500,149.16414,KEMET,CAP TANT POLY 470UF 6.3V 2917
T541X337M016AT8710,500,149.27952,KEMET,CAP TANT POLY 330UF 16V 2917
T541X107M020AT8720,500,149.27952,KEMET,CAP TANT POLY 100UF 20V 2917
T541X686M030AT8720,500,149.27952,KEMET,CAP TANT POLY 68UF 30V 2917
T541X107M030AT8720,500,149.27952,KEMET,CAP TANT POLY 100UF 30V 2917
T541X336M035AT8710,500,149.27952,KEMET,CAP TANT POLY 33UF 35V 2917
T541X476M035AT8710,500,149.27952,KEMET,CAP TANT POLY 47UF 35V 2917
T541X337M010CT8605,500,149.39506,KEMET,CAP TANT POLY 330UF 10V 2917
T541X477M010CT8610,500,149.39506,KEMET,CAP TANT POLY 470UF 10V 2917
T541X157M016CT8610,500,149.39506,KEMET,CAP TANT POLY 150UF 16V 2917
T541X227M016CT8610,500,149.39506,KEMET,CAP TANT POLY 220UF 16V 2917
T541X107M020CT8610,500,149.39506,KEMET,CAP TANT POLY 100UF 20V 2917
T541X108M2R5CH8605,500,149.51044,KEMET,CAP TANT POLY 1000UF 2.5V 2917
T541X158M2R5CH8605,500,149.51044,KEMET,CAP TANT POLY 1500UF 2.5V 2917
T541X108M003CH8605,500,149.51044,KEMET,CAP TANT POLY 1000UF 3V 2917
T541X158M003CH8605,500,149.51044,KEMET,CAP TANT POLY 1500UF 3V 2917
T541X687M004CH8605,500,149.51044,KEMET,CAP TANT POLY 680UF 4V 2917
T541X108M004CH8605,500,149.51044,KEMET,CAP TANT POLY 1000UF 4V 2917
T541X477M006CH8605,500,149.51044,KEMET,CAP TANT POLY 470UF 6.3V 2917
T541X686M030CH8520,500,149.51044,KEMET,CAP TANT POLY 68UF 30V 2917
T541X107M030CH8520,500,149.51044,KEMET,CAP TANT POLY 100UF 30V 2917
T541X107M030BH6720,500,149.62582,KEMET,CAP TANT POLY 100UF 30V 2917
T541X337K016AH8520,500,149.62582,KEMET,CAP TANT POLY 330UF 16V 2917
T541X107M020BH8710,500,149.62582,KEMET,CAP TANT POLY 100UF 20V 2917
T541X686K030BT8520,500,149.62582,KEMET,CAP TANT POLY 68UF 30V 2917
T541X107K030BT8520,500,149.62582,KEMET,CAP TANT POLY 100UF 30V 2917
T541X108M2R5AH6730,500,137.70344,KEMET,CAP TANT SMD POLYMER HI-REL
T541X337M010BH6720,500,137.70344,KEMET,CAP TANT SMD POLYMER HI-REL
T541X108K2R5DH8705,500,149.83194,KEMET,CAP TANT POLY 1000UF 2.5V 2917
T541X158K2R5DH8705,500,149.83194,KEMET,CAP TANT POLY 1500UF 2.5V 2917
T541X108K003DH8705,500,149.83194,KEMET,CAP TANT POLY 1000UF 3V 2917
T541X158K003DH8705,500,149.83194,KEMET,CAP TANT POLY 1500UF 3V 2917
T541X687K004DH8705,500,149.83194,KEMET,CAP TANT POLY 680UF 4V 2917
T541X108K004DH8705,500,149.83194,KEMET,CAP TANT POLY 1000UF 4V 2917
T541X477K006DH8705,500,149.83194,KEMET,CAP TANT POLY 470UF 6.3V 2917
T540D156K035BH8710,500,150.2016,KEMET,CAP TANT POLY 15UF 35V 2917
T540D156K035BT8710,500,150.2016,KEMET,CAP TANT POLY 15UF 35V 2917
T541X157K016AT6720,500,138.23334,KEMET,CAP TANT SMD POLYMER HI-REL
T541X227K016AT6720,500,138.23334,KEMET,CAP TANT SMD POLYMER HI-REL
T541X337K016BT8510,500,150.31698,KEMET,CAP TANT POLY 330UF 16V 2917
T541X336K035BT8510,500,150.31698,KEMET,CAP TANT POLY 33UF 35V 2917
T541X476K035BT8510,500,150.31698,KEMET,CAP TANT POLY 47UF 35V 2917
T541X108K2R5BT8605,500,150.43234,KEMET,CAP TANT POLY 1000UF 2.5V 2917
T541X158K2R5BT8605,500,150.43234,KEMET,CAP TANT POLY 1500UF 2.5V 2917
T541X108K003BT8605,500,150.43234,KEMET,CAP TANT POLY 1000UF 3V 2917
T541X158K003BT8605,500,150.43234,KEMET,CAP TANT POLY 1500UF 3V 2917
T541X687K004BT8605,500,150.43234,KEMET,CAP TANT POLY 680UF 4V 2917
T541X108K004BT8605,500,150.43234,KEMET,CAP TANT POLY 1000UF 4V 2917
T541X477K006BT8605,500,150.43234,KEMET,CAP TANT POLY 470UF 6.3V 2917
T541Y227K010AH6720,500,138.4457,KEMET,CAP TANT SMD POLYMER HI-REL
T541X337M016BH8610,500,150.54772,KEMET,CAP TANT POLY 330UF 16V 2917
T541X336M035BH8610,500,150.54772,KEMET,CAP TANT POLY 33UF 35V 2917
T541X476M035BH8610,500,150.54772,KEMET,CAP TANT POLY 47UF 35V 2917
T541X107K020AT8620,500,150.54772,KEMET,CAP TANT POLY 100UF 20V 2917
T541X686K030AT8620,500,150.54772,KEMET,CAP TANT POLY 68UF 30V 2917
T541X107K030AT8620,500,150.54772,KEMET,CAP TANT POLY 100UF 30V 2917
T541X226M050BH6710,500,138.55188,KEMET,CAP TANT SMD POLYMER HI-REL
T541X686M030BH8620,500,150.77846,KEMET,CAP TANT POLY 68UF 30V 2917
T541X107M030BH8620,500,150.77846,KEMET,CAP TANT POLY 100UF 30V 2917
T541X107M025BH8710,500,151.00902,KEMET,CAP TANT POLY 100UF 25V 2917
T541X476K030DT8610,500,151.01118,KEMET,CAP TANT POLY 47UF 30V 2917
T541X686K030DT8610,500,151.01118,KEMET,CAP TANT POLY 68UF 30V 2917
T541X107K030DT8610,500,151.01118,KEMET,CAP TANT POLY 100UF 30V 2917
T541X686K030DH8620,500,151.06744,KEMET,CAP TANT POLY 68UF 30V 2917
T541X107K030DH8620,500,151.06744,KEMET,CAP TANT POLY 100UF 30V 2917
T541X107K030CH6520,500,151.47034,KEMET,CAP TANT POLY 100UF 30V 2917
T541X107K020CH8510,500,151.47034,KEMET,CAP TANT POLY 100UF 20V 2917
T541X337M016DT8710,500,151.51114,KEMET,CAP TANT POLY 330UF 16V 2917
T541X337M016DH8720,500,151.5167,KEMET,CAP TANT POLY 330UF 16V 2917
T541X337K016DH8610,500,151.5167,KEMET,CAP TANT POLY 330UF 16V 2917
T530X337M010AH4095,500,139.4521,KEMET,330.UF 10.0V
T541X107K025CH8510,500,151.58554,KEMET,CAP TANT POLY 100UF 25V 2917
T541X476M030CT8610,500,151.58554,KEMET,CAP TANT POLY 47UF 30V 2917
T541X686M030CT8610,500,151.58554,KEMET,CAP TANT POLY 68UF 30V 2917
T541X107M030CT8610,500,151.58554,KEMET,CAP TANT POLY 100UF 30V 2917
T541X337M016CT8520,500,151.7009,KEMET,CAP TANT POLY 330UF 16V 2917
T541X337K016AT8610,500,151.7009,KEMET,CAP TANT POLY 330UF 16V 2917
T541X336K035AT8610,500,151.7009,KEMET,CAP TANT POLY 33UF 35V 2917
T541X476K035AT8610,500,151.7009,KEMET,CAP TANT POLY 47UF 35V 2917
T541X226K050AT6710,500,139.61318,KEMET,CAP TANT SMD POLYMER HI-REL
T541X156M063CT6610,500,139.61318,KEMET,15.0UF 63.0V
T530X158M2R5AH4095,500,139.63122,KEMET,1500UF  2.5V
T530X158M003AH4095,500,139.63122,KEMET,1500UF  3.0V
T541X686M030DT8720,500,151.98286,KEMET,CAP TANT POLY 68UF 30V 2917
T541X107M030DT8720,500,151.98286,KEMET,CAP TANT POLY 100UF 30V 2917
T541X337M010BT8705,500,152.04666,KEMET,CAP TANT POLY 330UF 10V 2917
T541X477M010BT8710,500,152.04666,KEMET,CAP TANT POLY 470UF 10V 2917
T541X157M016BT8710,500,152.04666,KEMET,CAP TANT POLY 150UF 16V 2917
T541X227M016BT8710,500,152.04666,KEMET,CAP TANT POLY 220UF 16V 2917
T541X107M020BT8710,500,152.04666,KEMET,CAP TANT POLY 100UF 20V 2917
T540D106M050CT6720,500,139.9314,KEMET,CAP TANT SMD POLYMER HI-REL
T541O157M025BH6710,250,140.23768,KEMET,CAP TANT SMD POLYMER HI-REL
T541O687M010AH6710,250,140.23768,KEMET,CAP TANT SMD POLYMER HI-REL
T541O108M006AH6710,250,152.37948,KEMET,CAP TANT SMD POLYMER HI-REL
T541O477M016AH6710,250,140.23768,KEMET,CAP TANT SMD POLYMER HI-REL
T541X107K030BH6620,500,152.50762,KEMET,CAP TANT POLY 100UF 30V 2917
T541X108M2R5BH8705,500,152.50762,KEMET,CAP TANT POLY 1000UF 2.5V 2917
T541X158M2R5BH8705,500,152.50762,KEMET,CAP TANT POLY 1500UF 2.5V 2917
T541X108M003BH8705,500,152.50762,KEMET,CAP TANT POLY 1000UF 3V 2917
T541X158M003BH8705,500,152.50762,KEMET,CAP TANT POLY 1500UF 3V 2917
T541X687M004BH8705,500,152.50762,KEMET,CAP TANT POLY 680UF 4V 2917
T541X108M004BH8705,500,152.50762,KEMET,CAP TANT POLY 1000UF 4V 2917
T541X477M006BH8705,500,152.50762,KEMET,CAP TANT POLY 470UF 6.3V 2917
T541X107K020BH8610,500,152.50762,KEMET,CAP TANT POLY 100UF 20V 2917
T541X157K016BH6620,500,140.35562,KEMET,150.UF 16.0V
T541X337K016DT8520,500,152.63432,KEMET,CAP TANT POLY 330UF 16V 2917
T541X477K010DT8610,500,152.7522,KEMET,CAP TANT POLY 470UF 10V 2917
T541X157K016DT8610,500,152.7522,KEMET,CAP TANT POLY 150UF 16V 2917
T541X227K016DT8610,500,152.7522,KEMET,CAP TANT POLY 220UF 16V 2917
T541X107K020DT8610,500,152.7522,KEMET,CAP TANT POLY 100UF 20V 2917
T541X686K0DT8610,500,152.7522,KEMET,CAP TANT POLY 68UF 2917
T541X108K2R5AT8705,500,152.8532,KEMET,CAP TANT POLY 1000UF 2.5V 2917
T541X158K2R5AT8705,500,152.8532,KEMET,CAP TANT POLY 1500UF 2.5V 2917
T541X108K003AT8705,500,152.8532,KEMET,CAP TANT POLY 1000UF 3V 2917
T541X158K003AT8705,500,152.8532,KEMET,CAP TANT POLY 1500UF 3V 2917
T541X687K004AT8705,500,152.8532,KEMET,CAP TANT POLY 680UF 4V 2917
T541X108K004AT8705,500,152.8532,KEMET,CAP TANT POLY 1000UF 4V 2917
T541X477K006AT8705,500,152.8532,KEMET,CAP TANT POLY 470UF 6.3V 2917
T541X687K006AT8710,500,152.8532,KEMET,CAP TANT POLY 680UF 6.3V 2917
T541X476M030BT8710,500,152.96856,KEMET,CAP TANT POLY 47UF 30V 2917
T541X686M030BT8710,500,152.96856,KEMET,CAP TANT POLY 68UF 30V 2917
T541X107M030BT8710,500,152.96856,KEMET,CAP TANT POLY 100UF 30V 2917
T541X337M010AH6730,500,140.9917,KEMET,CAP TANT SMD POLYMER HI-REL
T540D106K050AT8710,500,140.9917,KEMET,CAP TANT SMD POLYMER HI-REL
T541X107K025BH8610,500,153.31396,KEMET,CAP TANT POLY 100UF 25V 2917
T541X337M016BT8620,500,153.31396,KEMET,CAP TANT POLY 330UF 16V 2917
T541X108K2R5CH8505,500,153.42916,KEMET,CAP TANT POLY 1000UF 2.5V 2917
T541X158K2R5CH8505,500,153.42916,KEMET,CAP TANT POLY 1500UF 2.5V 2917
T541X108K003CH8505,500,153.42916,KEMET,CAP TANT POLY 1000UF 3V 2917
T541X158K003CH8505,500,153.42916,KEMET,CAP TANT POLY 1500UF 3V 2917
T541X687K004CH8505,500,153.42916,KEMET,CAP TANT POLY 680UF 4V 2917
T541X108K004CH8505,500,153.42916,KEMET,CAP TANT POLY 1000UF 4V 2917
T541X477K006CH8505,500,153.42916,KEMET,CAP TANT POLY 470UF 6.3V 2917
T541X337M016AH8710,500,153.54436,KEMET,CAP TANT POLY 330UF 16V 2917
T541X107M020AH8720,500,153.54436,KEMET,CAP TANT POLY 100UF 20V 2917
T541X686M030AH8720,500,153.54436,KEMET,CAP TANT POLY 68UF 30V 2917
T541X107M030AH8720,500,153.54436,KEMET,CAP TANT POLY 100UF 30V 2917
T541X336M035AH8710,500,153.54436,KEMET,CAP TANT POLY 33UF 35V 2917
T541X476M035AH8710,500,153.54436,KEMET,CAP TANT POLY 47UF 35V 2917
T541X107M030DH8720,1,,KEMET,CAP TANT POLY 100UF 30V 2917
T541X107M030CH6710,500,153.65954,KEMET,CAP TANT POLY 100UF 30V 2917
T541X337M010CH8605,500,153.65954,KEMET,CAP TANT POLY 330UF 10V 2917
T541X477M010CH8610,500,153.65954,KEMET,CAP TANT POLY 470UF 10V 2917
T541X157M016CH8610,500,153.65954,KEMET,CAP TANT POLY 150UF 16V 2917
T541X227M016CH8610,500,153.65954,KEMET,CAP TANT POLY 220UF 16V 2917
T541X686M025CH8610,500,153.65954,KEMET,CAP TANT POLY 68UF 25V 2917
T541X227M016CH6710,500,141.41576,KEMET,CAP TANT SMD POLYMER HI-REL
T541X337K010CT8505,500,153.77474,KEMET,CAP TANT POLY 330UF 10V 2917
T541X477K010CT8510,500,153.77474,KEMET,CAP TANT POLY 470UF 10V 2917
T541X157K016CT8510,500,153.77474,KEMET,CAP TANT POLY 150UF 16V 2917
T541X227K016CT8510,500,153.77474,KEMET,CAP TANT POLY 220UF 16V 2917
T541X107K020CT8510,500,153.77474,KEMET,CAP TANT POLY 100UF 20V 2917
T540D156K035CT6720,500,141.52178,KEMET,CAP TANT SMD POLYMER HI-REL
T541D227K006CH6720,500,141.52178,KEMET,CAP TANT SMD POLYMER HI-REL
T541X686K030BH8520,500,153.88976,KEMET,CAP TANT POLY 68UF 30V 2917
T541X107K030BH8520,500,153.88976,KEMET,CAP TANT POLY 100UF 30V 2917
T541X477K010DH8710,500,154.10002,KEMET,CAP TANT POLY 470UF 10V 2917
T541X157K016DH8710,500,154.10002,KEMET,CAP TANT POLY 150UF 16V 2917
T541X227K016DH8710,500,154.10002,KEMET,CAP TANT POLY 220UF 16V 2917
T541X107K020DH8710,500,154.10002,KEMET,CAP TANT POLY 100UF 20V 2917
T541X686K025DH8710,500,154.10002,KEMET,CAP TANT POLY 68UF 25V 2917
T541X107K0DT8710,500,154.10002,KEMET,CAP TANT POLY 100UF 2917
T541X107K030AH6720,500,154.58164,KEMET,CAP TANT POLY 100UF 30V 2917
T541X107K020AH8710,500,154.58164,KEMET,CAP TANT POLY 100UF 20V 2917
T541X227K016AH6720,500,142.26438,KEMET,CAP TANT SMD POLYMER HI-REL
T541X337K016BH8510,500,154.69682,KEMET,CAP TANT POLY 330UF 16V 2917
T541X336K035BH8510,500,154.69682,KEMET,CAP TANT POLY 33UF 35V 2917
T541X476K035BH8510,500,154.69682,KEMET,CAP TANT POLY 47UF 35V 2917
T541X108K2R5BH8605,500,154.81184,KEMET,CAP TANT POLY 1000UF 2.5V 2917
T541X158K2R5BH8605,500,154.81184,KEMET,CAP TANT POLY 1500UF 2.5V 2917
T541X108K003BH8605,500,154.81184,KEMET,CAP TANT POLY 1000UF 3V 2917
T541X158K003BH8605,500,154.81184,KEMET,CAP TANT POLY 1500UF 3V 2917
T541X687K004BH8605,500,154.81184,KEMET,CAP TANT POLY 680UF 4V 2917
T541X108K004BH8605,500,154.81184,KEMET,CAP TANT POLY 1000UF 4V 2917
T541X477K006BH8605,500,154.81184,KEMET,CAP TANT POLY 470UF 6.3V 2917
T541X337K010BT8605,500,154.81184,KEMET,CAP TANT POLY 330UF 10V 2917
T541X477K010BT8610,500,154.81184,KEMET,CAP TANT POLY 470UF 10V 2917
T541X157K016BT8610,500,154.81184,KEMET,CAP TANT POLY 150UF 16V 2917
T541X227K016BT8610,500,154.81184,KEMET,CAP TANT POLY 220UF 16V 2917
T541X107K020BT8610,500,154.81184,KEMET,CAP TANT POLY 100UF 20V 2917
T541X107K020AH8620,500,154.92704,KEMET,CAP TANT POLY 100UF 20V 2917
T541X686K030AH8620,500,154.92704,KEMET,CAP TANT POLY 68UF 30V 2917
T541X107K030AH8620,500,154.92704,KEMET,CAP TANT POLY 100UF 30V 2917
T541O157M030AH6710,250,142.71556,KEMET,CAP TANT SMD POLYMER HI-REL
T541X108K2R5DT8705,500,155.63868,KEMET,CAP TANT POLY 1000UF 2.5V 2917
T541X158K2R5DT8705,500,155.63868,KEMET,CAP TANT POLY 1500UF 2.5V 2917
T541X108K003DT8705,500,155.63868,KEMET,CAP TANT POLY 1000UF 3V 2917
T541X158K003DT8705,500,155.63868,KEMET,CAP TANT POLY 1500UF 3V 2917
T541X687K004DT8705,500,155.63868,KEMET,CAP TANT POLY 680UF 4V 2917
T541X108K004DT8705,500,155.63868,KEMET,CAP TANT POLY 1000UF 4V 2917
T541X477K006DT8705,500,155.63868,KEMET,CAP TANT POLY 470UF 6.3V 2917
T541X107K025AH8710,500,155.84858,KEMET,CAP TANT POLY 100UF 25V 2917
T541X476M030CH8610,500,155.84858,KEMET,CAP TANT POLY 47UF 30V 2917
T541X686M030CH8610,500,155.84858,KEMET,CAP TANT POLY 68UF 30V 2917
T541X107M030CH8610,500,155.84858,KEMET,CAP TANT POLY 100UF 30V 2917
T541X476K030BT8610,500,155.96358,KEMET,CAP TANT POLY 47UF 30V 2917
T541X686K030BT8610,500,155.96358,KEMET,CAP TANT POLY 68UF 30V 2917
T541X107K030BT8610,500,155.96358,KEMET,CAP TANT POLY 100UF 30V 2917
T541X337M016CH8520,500,156.0786,KEMET,CAP TANT POLY 330UF 16V 2917
T541X337K016AH8610,500,156.0786,KEMET,CAP TANT POLY 330UF 16V 2917
T541X336K035AH8610,500,156.0786,KEMET,CAP TANT POLY 33UF 35V 2917
T541X476K035AH8610,500,156.0786,KEMET,CAP TANT POLY 47UF 35V 2917
T541X337M016AT8720,500,156.0786,KEMET,CAP TANT POLY 330UF 16V 2917
T541X476K035AH6710,500,143.64206,KEMET,CAP TANT SMD POLYMER HI-REL
T541X336K035AH6710,500,143.64206,KEMET,CAP TANT SMD POLYMER HI-REL
T541X336K050AH6710,500,143.64206,KEMET,CAP TANT SMD POLYMER HI-REL
T541X476K030DH8710,500,156.12174,KEMET,CAP TANT POLY 47UF 30V 2917
T541X686K030DH8710,500,156.12174,KEMET,CAP TANT POLY 68UF 30V 2917
T541X107K030DH8710,500,156.12174,KEMET,CAP TANT POLY 100UF 30V 2917
T541X476K030CT8510,500,156.1947,KEMET,CAP TANT POLY 47UF 30V 2917
T541X686K030CT8510,500,156.1947,KEMET,CAP TANT POLY 68UF 30V 2917
T541X107K030CT8510,500,156.1947,KEMET,CAP TANT POLY 100UF 30V 2917
T541X337M010BH8705,500,156.42472,KEMET,CAP TANT POLY 330UF 10V 2917
T541X477M010BH8710,500,156.42472,KEMET,CAP TANT POLY 470UF 10V 2917
T541X157M016BH8710,500,156.42472,KEMET,CAP TANT POLY 150UF 16V 2917
T541X227M016BH8710,500,156.42472,KEMET,CAP TANT POLY 220UF 16V 2917
T541X686M025BH8710,500,156.42472,KEMET,CAP TANT POLY 68UF 25V 2917
T540D476M016AH6710,1,156.44,KEMET,CAP TANT POLY 47UF 16V 2917
T540D226K030CH8705,500,156.53974,KEMET,CAP TANT POLY 22UF 30V 2917
T540D336K030CH8710,500,156.53974,KEMET,CAP TANT POLY 33UF 30V 2917
T540D226K030CT8705,500,156.53974,KEMET,CAP TANT POLY 22UF 30V 2917
T540D336K030CT8710,500,156.53974,KEMET,CAP TANT POLY 33UF 30V 2917
T541X337K010AT8705,500,156.76958,KEMET,CAP TANT POLY 330UF 10V 2917
T541X477K010AT8710,500,156.76958,KEMET,CAP TANT POLY 470UF 10V 2917
T541X157K016AT8710,500,156.76958,KEMET,CAP TANT POLY 150UF 16V 2917
T541X227K016AT8710,500,156.76958,KEMET,CAP TANT POLY 220UF 16V 2917
T541X107K020AT8710,500,156.76958,KEMET,CAP TANT POLY 100UF 20V 2917
T541X476K030AT8710,500,156.76958,KEMET,CAP TANT POLY 47UF 30V 2917
T541X686K030AT8710,500,156.76958,KEMET,CAP TANT POLY 68UF 30V 2917
T541X107K030AT8710,500,156.76958,KEMET,CAP TANT POLY 100UF 30V 2917
T540D106K050BH6720,500,144.38482,KEMET,CAP TANT SMD POLYMER HI-REL
T541X108K2R5AH8705,500,157.34554,KEMET,CAP TANT POLY 1000UF 2.5V 2917
T541X158K2R5AH8705,500,157.34554,KEMET,CAP TANT POLY 1500UF 2.5V 2917
T541X108K003AH8705,500,157.34554,KEMET,CAP TANT POLY 1000UF 3V 2917
T541X158K003AH8705,500,157.34554,KEMET,CAP TANT POLY 1500UF 3V 2917
T541X687K004AH8705,500,157.34554,KEMET,CAP TANT POLY 680UF 4V 2917
T541X108K004AH8705,500,157.34554,KEMET,CAP TANT POLY 1000UF 4V 2917
T541X477K006AH8705,500,157.34554,KEMET,CAP TANT POLY 470UF 6.3V 2917
T541X337K016BT8520,500,157.34554,KEMET,CAP TANT POLY 330UF 16V 2917
T541X337M016DT8720,500,157.40772,KEMET,CAP TANT POLY 330UF 16V 2917
T541X476M030BH8710,500,157.46164,KEMET,CAP TANT POLY 47UF 30V 2917
T541X686M030BH8710,500,157.46164,KEMET,CAP TANT POLY 68UF 30V 2917
T541X107M030BH8710,500,157.46164,KEMET,CAP TANT POLY 100UF 30V 2917
T541X686K030DT8620,500,157.46954,KEMET,CAP TANT POLY 68UF 30V 2917
T541X107K030DT8620,500,157.46954,KEMET,CAP TANT POLY 100UF 30V 2917
T541X337M016BH8620,500,157.80632,KEMET,CAP TANT POLY 330UF 16V 2917
T541X337M016CT8610,500,157.80632,KEMET,CAP TANT POLY 330UF 16V 2917
T541X336M035CT8610,500,157.80632,KEMET,CAP TANT POLY 33UF 35V 2917
T541X476M035CT8610,500,157.80632,KEMET,CAP TANT POLY 47UF 35V 2917
T541X156M063BH6710,500,145.23212,KEMET,CAP TANT SMD POLYMER HI-REL
T541X337K016DT8610,500,157.96932,KEMET,CAP TANT POLY 330UF 16V 2917
T541X107K030CH6610,500,158.2671,KEMET,CAP TANT POLY 100UF 30V 2917
T541X337K010CH8505,500,158.2671,KEMET,CAP TANT POLY 330UF 10V 2917
T541X477K010CH8510,500,158.2671,KEMET,CAP TANT POLY 470UF 10V 2917
T541X157K016CH8510,500,158.2671,KEMET,CAP TANT POLY 150UF 16V 2917
T541X227K016CH8510,500,158.2671,KEMET,CAP TANT POLY 220UF 16V 2917
T541X686K025CH8510,500,158.2671,KEMET,CAP TANT POLY 68UF 25V 2917
T541X227K016CH6610,500,145.65616,KEMET,CAP TANT SMD POLYMER HI-REL
T541X686K030CH6610,500,145.65616,KEMET,CAP TANT SMD POLYMER HI-REL
T541X476K030CH6610,500,145.65616,KEMET,CAP TANT SMD POLYMER HI-REL
T541X108M2R5CT8705,500,158.49802,KEMET,CAP TANT POLY 1000UF 2.5V 2917
T541X158M2R5CT8705,500,158.49802,KEMET,CAP TANT POLY 1500UF 2.5V 2917
T541X108M003CT8705,500,158.49802,KEMET,CAP TANT POLY 1000UF 3V 2917
T541X158M003CT8705,500,158.49802,KEMET,CAP TANT POLY 1500UF 3V 2917
T541X687M004CT8705,500,158.49802,KEMET,CAP TANT POLY 680UF 4V 2917
T541X108M004CT8705,500,158.49802,KEMET,CAP TANT POLY 1000UF 4V 2917
T541X477M006CT8705,500,158.49802,KEMET,CAP TANT POLY 470UF 6.3V 2917
T541X686M030CT8620,500,158.49802,KEMET,CAP TANT POLY 68UF 30V 2917
T541X107M030CT8620,500,158.49802,KEMET,CAP TANT POLY 100UF 30V 2917
T541X337K016AT8620,500,158.61286,KEMET,CAP TANT POLY 330UF 16V 2917
T543H108K006AHW055D100,1,158.86,KEMET,CAP TANT POLY 1000UF 6.3V 2924
T541O477M016AH6720,250,146.48444,KEMET,CAP TANT SMD POLYMER HI-REL
T541X107K030BH6710,500,159.18828,KEMET,CAP TANT POLY 100UF 30V 2917
T541X337K010BH8605,500,159.18828,KEMET,CAP TANT POLY 330UF 10V 2917
T541X477K010BH8610,500,159.18828,KEMET,CAP TANT POLY 470UF 10V 2917
T541X157K016BH8610,500,159.18828,KEMET,CAP TANT POLY 150UF 16V 2917
T541X227K016BH8610,500,159.18828,KEMET,CAP TANT POLY 220UF 16V 2917
T541X686K025BH8610,500,159.18828,KEMET,CAP TANT POLY 68UF 25V 2917
T541X337K010BH6710,500,146.50396,KEMET,CAP TANT SMD POLYMER HI-REL
T541X107K025BH6710,500,146.50396,KEMET,CAP TANT SMD POLYMER HI-REL
T541X477K010BH6710,500,146.50396,KEMET,CAP TANT SMD POLYMER HI-REL
T541X477M006BH6730,500,146.50396,KEMET,CAP TANT SMD POLYMER HI-REL
T541X686K025BH6710,500,146.50396,KEMET,CAP TANT SMD POLYMER HI-REL
T541X158M2R5BH6730,500,146.50396,KEMET,CAP TANT SMD POLYMER HI-REL
T541X337M016BT8710,500,159.53386,KEMET,CAP TANT POLY 330UF 16V 2917
T541X336M035BT8710,500,159.53386,KEMET,CAP TANT POLY 33UF 35V 2917
T541X476M035BT8710,500,159.53386,KEMET,CAP TANT POLY 47UF 35V 2917
T541X156K063AT6710,500,146.822,KEMET,CAP TANT SMD POLYMER HI-REL
T541X686M030BT8720,500,159.76334,KEMET,CAP TANT POLY 68UF 30V 2917
T541X107M030BT8720,500,159.76334,KEMET,CAP TANT POLY 100UF 30V 2917
T541X107M030CH6720,500,160.56916,KEMET,CAP TANT POLY 100UF 30V 2917
T541X107M020CH8710,500,160.56916,KEMET,CAP TANT POLY 100UF 20V 2917
T541X476K030BH8610,500,160.56916,KEMET,CAP TANT POLY 47UF 30V 2917
T541X686K030BH8610,500,160.56916,KEMET,CAP TANT POLY 68UF 30V 2917
T541X107K030BH8610,500,160.56916,KEMET,CAP TANT POLY 100UF 30V 2917
T541X337M010CH6720,500,147.7748,KEMET,CAP TANT SMD POLYMER HI-REL
T541X157M016CH6720,500,147.7748,KEMET,CAP TANT SMD POLYMER HI-REL
T541X107M025CH6720,500,147.7748,KEMET,CAP TANT SMD POLYMER HI-REL
T541X337M016AH8720,500,160.68508,KEMET,CAP TANT POLY 330UF 16V 2917
T540D156K035CH8710,500,160.68508,KEMET,CAP TANT POLY 15UF 35V 2917
T540D156K035CT8710,500,160.68508,KEMET,CAP TANT POLY 15UF 35V 2917
T541X476K030CH8510,500,160.79972,KEMET,CAP TANT POLY 47UF 30V 2917
T541X686K030CH8510,500,160.79972,KEMET,CAP TANT POLY 68UF 30V 2917
T541X107K030CH8510,500,160.79972,KEMET,CAP TANT POLY 100UF 30V 2917
T541X337K010AH8705,500,161.3757,KEMET,CAP TANT POLY 330UF 10V 2917
T541X477K010AH8710,500,161.3757,KEMET,CAP TANT POLY 470UF 10V 2917
T541X157K016AH8710,500,161.3757,KEMET,CAP TANT POLY 150UF 16V 2917
T541X227K016AH8710,500,161.3757,KEMET,CAP TANT POLY 220UF 16V 2917
T541X686K025AH8710,500,161.3757,KEMET,CAP TANT POLY 68UF 25V 2917
T541X476K030AH8710,500,161.3757,KEMET,CAP TANT POLY 47UF 30V 2917
T541X686K030AH8710,500,161.3757,KEMET,CAP TANT POLY 68UF 30V 2917
T541X107K030AH8710,500,161.3757,KEMET,CAP TANT POLY 100UF 30V 2917
T541X107K020AH6720,500,148.51706,KEMET,CAP TANT SMD POLYMER HI-REL
T541X337K010BT6720,500,148.51706,KEMET,CAP TANT SMD POLYMER HI-REL
T541X686K030BT6720,500,148.51706,KEMET,CAP TANT SMD POLYMER HI-REL
T541X107M025CH8710,500,161.60518,KEMET,CAP TANT POLY 100UF 25V 2917
T541X337K016BH8520,500,161.83556,KEMET,CAP TANT POLY 330UF 16V 2917
T541X107K025DH8710,1,,KEMET,CAP TANT POLY 100UF 25V 2917
T540D475K063CH6710,500,149.04582,KEMET,CAP TANT SMD POLYMER HI-REL
T541O157M030AH6720,250,149.06716,KEMET,CAP TANT SMD POLYMER HI-REL
T541X476K030DT8710,500,162.24296,KEMET,CAP TANT POLY 47UF 30V 2917
T541X686K030DT8710,500,162.24296,KEMET,CAP TANT POLY 68UF 30V 2917
T541X107K030DT8710,500,162.24296,KEMET,CAP TANT POLY 100UF 30V 2917
T541X337M016CH8610,500,162.29544,KEMET,CAP TANT POLY 330UF 16V 2917
T541X336M035CH8610,500,162.29544,KEMET,CAP TANT POLY 33UF 35V 2917
T541X476M035CH8610,500,162.29544,KEMET,CAP TANT POLY 47UF 35V 2917
T541X108K2R5CT8605,500,162.29544,KEMET,CAP TANT POLY 1000UF 2.5V 2917
T541X158K2R5CT8605,500,162.29544,KEMET,CAP TANT POLY 1500UF 2.5V 2917
T541X108K003CT8605,500,162.29544,KEMET,CAP TANT POLY 1000UF 3V 2917
T541X158K003CT8605,500,162.29544,KEMET,CAP TANT POLY 1500UF 3V 2917
T541X687K004CT8605,500,162.29544,KEMET,CAP TANT POLY 680UF 4V 2917
T541X108K004CT8605,500,162.29544,KEMET,CAP TANT POLY 1000UF 4V 2917
T541X477K006CT8605,500,162.29544,KEMET,CAP TANT POLY 470UF 6.3V 2917
T541X337M016CH6710,500,149.36354,KEMET,CAP TANT SMD POLYMER HI-REL
T541X336M050CH6710,500,149.36354,KEMET,CAP TANT SMD POLYMER HI-REL
T541X476M035CH6710,500,149.36354,KEMET,CAP TANT SMD POLYMER HI-REL
T541X226M050CH6710,500,149.36354,KEMET,CAP TANT SMD POLYMER HI-REL
T541X686K030DH8720,500,162.29922,KEMET,CAP TANT POLY 68UF 30V 2917
T541X107K030DH8720,500,162.29922,KEMET,CAP TANT POLY 100UF 30V 2917
T541X107M020AH6710,10,149.454,KEMET,CAP TANT SMD POLYMER HI-REL
T541X337M010CT8705,500,162.52582,KEMET,CAP TANT POLY 330UF 10V 2917
T541X477M010CT8710,500,162.52582,KEMET,CAP TANT POLY 470UF 10V 2917
T541X157M016CT8710,500,162.52582,KEMET,CAP TANT POLY 150UF 16V 2917
T541X227M016CT8710,500,162.52582,KEMET,CAP TANT POLY 220UF 16V 2917
T541X107M020CT8710,500,162.52582,KEMET,CAP TANT POLY 100UF 20V 2917
T541X337K016DH8710,500,162.74848,KEMET,CAP TANT POLY 330UF 16V 2917
T541X686K030BT8620,500,162.7564,KEMET,CAP TANT POLY 68UF 30V 2917
T541X107K030BT8620,500,162.7564,KEMET,CAP TANT POLY 100UF 30V 2917
T541X156K063CH6510,500,149.8931,KEMET,CAP TANT SMD POLYMER HI-REL
T541X108M2R5CH8705,500,162.98678,KEMET,CAP TANT POLY 1000UF 2.5V 2917
T541X158M2R5CH8705,500,162.98678,KEMET,CAP TANT POLY 1500UF 2.5V 2917
T541X108M003CH8705,500,162.98678,KEMET,CAP TANT POLY 1000UF 3V 2917
T541X158M003CH8705,500,162.98678,KEMET,CAP TANT POLY 1500UF 3V 2917
T541X687M004CH8705,500,162.98678,KEMET,CAP TANT POLY 680UF 4V 2917
T541X108M004CH8705,500,162.98678,KEMET,CAP TANT POLY 1000UF 4V 2917
T541X477M006CH8705,500,162.98678,KEMET,CAP TANT POLY 470UF 6.3V 2917
T541X686M030CH8620,500,162.98678,KEMET,CAP TANT POLY 68UF 30V 2917
T541X107M030CH8620,500,162.98678,KEMET,CAP TANT POLY 100UF 30V 2917
T541X686K030CT8520,500,162.98678,KEMET,CAP TANT POLY 68UF 30V 2917
T541X107K030CT8520,500,162.98678,KEMET,CAP TANT POLY 100UF 30V 2917
T541X337K016AH8620,500,163.2159,KEMET,CAP TANT POLY 330UF 16V 2917
T541X337K010AT6730,500,150.42268,KEMET,CAP TANT SMD POLYMER HI-REL
T541X337K016CT8510,500,163.56076,KEMET,CAP TANT POLY 330UF 16V 2917
T541X337K016BT8610,500,163.56076,KEMET,CAP TANT POLY 330UF 16V 2917
T541X336K035CT8510,500,163.56076,KEMET,CAP TANT POLY 33UF 35V 2917
T541X336K035BT8610,500,163.56076,KEMET,CAP TANT POLY 33UF 35V 2917
T541X476K035CT8510,500,163.56076,KEMET,CAP TANT POLY 47UF 35V 2917
T541X476K035BT8610,500,163.56076,KEMET,CAP TANT POLY 47UF 35V 2917
T541X336K035BT6710,500,150.52804,KEMET,CAP TANT SMD POLYMER HI-REL
T541X108K2R5BT8705,500,163.67668,KEMET,CAP TANT POLY 1000UF 2.5V 2917
T541X158K2R5BT8705,500,163.67668,KEMET,CAP TANT POLY 1500UF 2.5V 2917
T541X108K003BT8705,500,163.67668,KEMET,CAP TANT POLY 1000UF 3V 2917
T541X158K003BT8705,500,163.67668,KEMET,CAP TANT POLY 1500UF 3V 2917
T541X687K004BT8705,500,163.67668,KEMET,CAP TANT POLY 680UF 4V 2917
T541X108K004BT8705,500,163.67668,KEMET,CAP TANT POLY 1000UF 4V 2917
T541X477K006BT8705,500,163.67668,KEMET,CAP TANT POLY 470UF 6.3V 2917
T541X107K020AT8720,500,163.79116,KEMET,CAP TANT POLY 100UF 20V 2917
T541X686K030AT8720,500,163.79116,KEMET,CAP TANT POLY 68UF 30V 2917
T541X107K030AT8720,500,163.79116,KEMET,CAP TANT POLY 100UF 30V 2917
T541X337K016DT8620,500,163.8661,KEMET,CAP TANT POLY 330UF 16V 2917
T541X477K010DT8710,500,163.98398,KEMET,CAP TANT POLY 470UF 10V 2917
T541X157K016DT8710,500,163.98398,KEMET,CAP TANT POLY 150UF 16V 2917
T541X227K016DT8710,500,163.98398,KEMET,CAP TANT POLY 220UF 16V 2917
T541X107K020DT8710,500,163.98398,KEMET,CAP TANT POLY 100UF 20V 2917
T541X686K0DT8710,500,163.98398,KEMET,CAP TANT POLY 68UF 2917
T541X337M016BH8710,500,164.13602,KEMET,CAP TANT POLY 330UF 16V 2917
T541X336M035BH8710,500,164.13602,KEMET,CAP TANT POLY 33UF 35V 2917
T541X476M035BH8710,500,164.13602,KEMET,CAP TANT POLY 47UF 35V 2917
T541X156K063AH6710,500,151.05744,KEMET,CAP TANT SMD POLYMER HI-REL
T541X337M016CT6720,500,151.2693,KEMET,CAP TANT SMD POLYMER HI-REL
T541X686M030BH8720,500,164.48196,KEMET,CAP TANT POLY 68UF 30V 2917
T541X107M030BH8720,500,164.48196,KEMET,CAP TANT POLY 100UF 30V 2917
T541X476M030CT8710,500,164.71216,KEMET,CAP TANT POLY 47UF 30V 2917
T541X686M030CT8710,500,164.71216,KEMET,CAP TANT POLY 68UF 30V 2917
T541X107M030CT8710,500,164.71216,KEMET,CAP TANT POLY 100UF 30V 2917
T541X337M016CT8620,500,164.82664,KEMET,CAP TANT POLY 330UF 16V 2917
T541X337K016AT8710,500,164.82664,KEMET,CAP TANT POLY 330UF 16V 2917
T541X336K035AT8710,500,164.82664,KEMET,CAP TANT POLY 33UF 35V 2917
T541X476K035AT8710,500,164.82664,KEMET,CAP TANT POLY 47UF 35V 2917
T541X107K030CH6620,500,165.05684,KEMET,CAP TANT POLY 100UF 30V 2917
T541X107K020CH8610,500,165.05684,KEMET,CAP TANT POLY 100UF 20V 2917
T541X107K025CH8610,500,165.17132,KEMET,CAP TANT POLY 100UF 25V 2917
T541X107K030BH6720,500,165.9773,KEMET,CAP TANT POLY 100UF 30V 2917
T541X107K020BH8710,500,165.9773,KEMET,CAP TANT POLY 100UF 20V 2917
T541X107K025BH6720,500,152.75202,KEMET,CAP TANT SMD POLYMER HI-REL
T541X157K016BH6720,500,152.75202,KEMET,CAP TANT SMD POLYMER HI-REL
T541X337M016BT8720,500,166.55184,KEMET,CAP TANT POLY 330UF 16V 2917
T541X107K025BH8710,500,166.89616,KEMET,CAP TANT POLY 100UF 25V 2917
T541X108K2R5CH8605,500,167.01188,KEMET,CAP TANT POLY 1000UF 2.5V 2917
T541X158K2R5CH8605,500,167.01188,KEMET,CAP TANT POLY 1500UF 2.5V 2917
T541X108K003CH8605,500,167.01188,KEMET,CAP TANT POLY 1000UF 3V 2917
T541X158K003CH8605,500,167.01188,KEMET,CAP TANT POLY 1500UF 3V 2917
T541X687K004CH8605,500,167.01188,KEMET,CAP TANT POLY 680UF 4V 2917
T541X108K004CH8605,500,167.01188,KEMET,CAP TANT POLY 1000UF 4V 2917
T541X477K006CH8605,500,167.01188,KEMET,CAP TANT POLY 470UF 6.3V 2917
T541X337K010CT8605,500,167.01188,KEMET,CAP TANT POLY 330UF 10V 2917
T541X477K010CT8610,500,167.01188,KEMET,CAP TANT POLY 470UF 10V 2917
T541X157K016CT8610,500,167.01188,KEMET,CAP TANT POLY 150UF 16V 2917
T541X227K016CT8610,500,167.01188,KEMET,CAP TANT POLY 220UF 16V 2917
T541X107K020CT8610,500,167.01188,KEMET,CAP TANT POLY 100UF 20V 2917
T541X158K003CH6710,500,153.70416,KEMET,CAP TANT SMD POLYMER HI-REL
T541X687K006CH6710,500,153.70416,KEMET,CAP TANT SMD POLYMER HI-REL
T541X337M010CH8705,500,167.24174,KEMET,CAP TANT POLY 330UF 10V 2917
T541X477M010CH8710,500,167.24174,KEMET,CAP TANT POLY 470UF 10V 2917
T541X157M016CH8710,500,167.24174,KEMET,CAP TANT POLY 150UF 16V 2917
T541X686M025CH8710,500,167.24174,KEMET,CAP TANT POLY 68UF 25V 2917
T543X156K063AHW050D100,1,167.4,KEMET,CAP TANT POLY 15UF 63V 2917
T541X686K030BH8620,500,167.47176,KEMET,CAP TANT POLY 68UF 30V 2917
T541X107K030BH8620,500,167.47176,KEMET,CAP TANT POLY 100UF 30V 2917
T541X686K030CH8520,500,167.7016,KEMET,CAP TANT POLY 68UF 30V 2917
T541X107K030CH8520,500,167.7016,KEMET,CAP TANT POLY 100UF 30V 2917
T541X337K010BT8705,500,167.93146,KEMET,CAP TANT POLY 330UF 10V 2917
T541X477K010BT8710,500,167.93146,KEMET,CAP TANT POLY 470UF 10V 2917
T541X157K016BT8710,500,167.93146,KEMET,CAP TANT POLY 150UF 16V 2917
T541X227K016BT8710,500,167.93146,KEMET,CAP TANT POLY 220UF 16V 2917
T541X107K020BT8710,500,167.93146,KEMET,CAP TANT POLY 100UF 20V 2917
T541X337K016CH8510,500,168.1613,KEMET,CAP TANT POLY 330UF 16V 2917
T541X337K016BH8610,500,168.1613,KEMET,CAP TANT POLY 330UF 16V 2917
T541X336K035CH8510,500,168.1613,KEMET,CAP TANT POLY 33UF 35V 2917
T541X336K035BH8610,500,168.1613,KEMET,CAP TANT POLY 33UF 35V 2917
T541X476K035CH8510,500,168.1613,KEMET,CAP TANT POLY 47UF 35V 2917
T541X476K035BH8610,500,168.1613,KEMET,CAP TANT POLY 47UF 35V 2917
T541X476K035CH6610,500,154.762,KEMET,CAP TANT SMD POLYMER HI-REL
T541X337K016BH6710,500,154.762,KEMET,CAP TANT SMD POLYMER HI-REL
T541X336K050BH6710,500,154.762,KEMET,CAP TANT SMD POLYMER HI-REL
T541X336K035BH6710,500,154.762,KEMET,CAP TANT SMD POLYMER HI-REL
T541X337K016DH8720,500,168.36438,KEMET,CAP TANT POLY 330UF 16V 2917
T541X108K2R5BH8705,500,168.39114,KEMET,CAP TANT POLY 1000UF 2.5V 2917
T541X158K2R5BH8705,500,168.39114,KEMET,CAP TANT POLY 1500UF 2.5V 2917
T541X108K003BH8705,500,168.39114,KEMET,CAP TANT POLY 1000UF 3V 2917
T541X158K003BH8705,500,168.39114,KEMET,CAP TANT POLY 1500UF 3V 2917
T541X687K004BH8705,500,168.39114,KEMET,CAP TANT POLY 680UF 4V 2917
T541X108K004BH8705,500,168.39114,KEMET,CAP TANT POLY 1000UF 4V 2917
T541X477K006BH8705,500,168.39114,KEMET,CAP TANT POLY 470UF 6.3V 2917
T541X107K020AH8720,500,168.5067,KEMET,CAP TANT POLY 100UF 20V 2917
T541X686K030AH8720,500,168.5067,KEMET,CAP TANT POLY 68UF 30V 2917
T541X107K030AH8720,500,168.5067,KEMET,CAP TANT POLY 100UF 30V 2917
T541X686K030DT8720,500,168.70132,KEMET,CAP TANT POLY 68UF 30V 2917
T541X107K030DT8720,500,168.70132,KEMET,CAP TANT POLY 100UF 30V 2917
T540D475K063CT6720,500,155.29124,KEMET,CAP TANT SMD POLYMER HI-REL
T540D106K050CH6720,500,155.29124,KEMET,CAP TANT SMD POLYMER HI-REL
T541X687M004AH6730,1,,KEMET,CAP TANT POLY 680UF 4V 2917
T541X476K030BT8710,500,169.19588,KEMET,CAP TANT POLY 47UF 30V 2917
T541X686K030BT8710,500,169.19588,KEMET,CAP TANT POLY 68UF 30V 2917
T541X107K030BT8710,500,169.19588,KEMET,CAP TANT POLY 100UF 30V 2917
T541X106M063CH6630,500,155.71414,KEMET,CAP TANT SMD POLYMER HI-REL
T541X337M010CT6730,500,155.71414,KEMET,CAP TANT SMD POLYMER HI-REL
T541X337M016CH6720,500,155.71414,KEMET,CAP TANT SMD POLYMER HI-REL
T541X337K016DT8710,500,169.2011,KEMET,CAP TANT POLY 330UF 16V 2917
T541X476K030CT8610,500,169.42574,KEMET,CAP TANT POLY 47UF 30V 2917
T541X686K030CT8610,500,169.42574,KEMET,CAP TANT POLY 68UF 30V 2917
T541X107K030CT8610,500,169.42574,KEMET,CAP TANT POLY 100UF 30V 2917
T541X476M030CH8710,500,169.5411,KEMET,CAP TANT POLY 47UF 30V 2917
T541X686M030CH8710,500,169.5411,KEMET,CAP TANT POLY 68UF 30V 2917
T541X107M030CH8710,500,169.5411,KEMET,CAP TANT POLY 100UF 30V 2917
T541X337M016CH8620,500,169.6554,KEMET,CAP TANT POLY 330UF 16V 2917
T541X337K016AH8710,500,169.6554,KEMET,CAP TANT POLY 330UF 16V 2917
T541X336K035AH8710,500,169.6554,KEMET,CAP TANT POLY 33UF 35V 2917
T541X476K035AH8710,500,169.6554,KEMET,CAP TANT POLY 47UF 35V 2917
T541X156M063CH6710,500,156.13704,KEMET,CAP TANT SMD POLYMER HI-REL
T541X337K016CT8520,500,170.4596,KEMET,CAP TANT POLY 330UF 16V 2917
T541X337K016BT8620,500,170.4596,KEMET,CAP TANT POLY 330UF 16V 2917
T541X337M016CT8710,500,170.92,KEMET,CAP TANT POLY 330UF 16V 2917
T541X336M035CT8710,500,170.92,KEMET,CAP TANT POLY 33UF 35V 2917
T541X476M035CT8710,500,170.92,KEMET,CAP TANT POLY 47UF 35V 2917
T541X106M063BH6730,500,157.30088,KEMET,CAP TANT SMD POLYMER HI-REL
T541X337M016BH8720,500,171.26504,KEMET,CAP TANT POLY 330UF 16V 2917
T541X686M030CT8720,500,171.6099,KEMET,CAP TANT POLY 68UF 30V 2917
T541X107M030CT8720,500,171.6099,KEMET,CAP TANT POLY 100UF 30V 2917
T541X107K030CH6710,500,171.72402,KEMET,CAP TANT POLY 100UF 30V 2917
T541X337K010CH8605,500,171.72402,KEMET,CAP TANT POLY 330UF 10V 2917
T541X477K010CH8610,500,171.72402,KEMET,CAP TANT POLY 470UF 10V 2917
T541X157K016CH8610,500,171.72402,KEMET,CAP TANT POLY 150UF 16V 2917
T541X227K016CH8610,500,171.72402,KEMET,CAP TANT POLY 220UF 16V 2917
T541X686K025CH8610,500,171.72402,KEMET,CAP TANT POLY 68UF 25V 2917
T541X337K016AT8720,500,171.72402,KEMET,CAP TANT POLY 330UF 16V 2917
T541X686K025CH6710,500,158.04084,KEMET,CAP TANT SMD POLYMER HI-REL
T541X337K010CH6710,500,158.04084,KEMET,CAP TANT SMD POLYMER HI-REL
T541X107K020CH6710,500,158.04084,KEMET,CAP TANT SMD POLYMER HI-REL
T541X107K025CH6710,500,158.04084,KEMET,CAP TANT SMD POLYMER HI-REL
T541X157K016CH6710,500,158.04084,KEMET,CAP TANT SMD POLYMER HI-REL
T541X337K010BH8705,500,172.87344,KEMET,CAP TANT POLY 330UF 10V 2917
T541X477K010BH8710,500,172.87344,KEMET,CAP TANT POLY 470UF 10V 2917
T541X157K016BH8710,500,172.87344,KEMET,CAP TANT POLY 150UF 16V 2917
T541X227K016BH8710,500,172.87344,KEMET,CAP TANT POLY 220UF 16V 2917
T541X686K025BH8710,500,172.87344,KEMET,CAP TANT POLY 68UF 25V 2917
T541X157K016CT6720,500,159.73292,KEMET,CAP TANT SMD POLYMER HI-REL
T541X227K016CT6720,500,159.73292,KEMET,CAP TANT SMD POLYMER HI-REL
T541Y227K010CH6720,500,159.94396,KEMET,CAP TANT SMD POLYMER HI-REL
T541X108K004CH6720,500,159.94396,KEMET,CAP TANT SMD POLYMER HI-REL
T541X476K030BH8710,500,174.0225,KEMET,CAP TANT POLY 47UF 30V 2917
T541X686K030BH8710,500,174.0225,KEMET,CAP TANT POLY 68UF 30V 2917
T541X107K030BH8710,500,174.0225,KEMET,CAP TANT POLY 100UF 30V 2917
T541X337M010CH6730,500,160.15616,KEMET,CAP TANT SMD POLYMER HI-REL
T541X476K030CH8610,500,174.25162,KEMET,CAP TANT POLY 47UF 30V 2917
T541X686K030CH8610,500,174.25162,KEMET,CAP TANT POLY 68UF 30V 2917
T541X107K030CH8610,500,174.25162,KEMET,CAP TANT POLY 100UF 30V 2917
T541X337K016BH6720,500,161.00096,KEMET,CAP TANT SMD POLYMER HI-REL
T541X337K016DT8720,500,175.09786,KEMET,CAP TANT POLY 330UF 16V 2917
T541X337K016CH8520,500,175.39978,KEMET,CAP TANT POLY 330UF 16V 2917
T541X337K016BH8620,500,175.39978,KEMET,CAP TANT POLY 330UF 16V 2917
T541X108K2R5CT8705,500,175.51498,KEMET,CAP TANT POLY 1000UF 2.5V 2917
T541X158K2R5CT8705,500,175.51498,KEMET,CAP TANT POLY 1500UF 2.5V 2917
T541X108K003CT8705,500,175.51498,KEMET,CAP TANT POLY 1000UF 3V 2917
T541X158K003CT8705,500,175.51498,KEMET,CAP TANT POLY 1500UF 3V 2917
T541X687K004CT8705,500,175.51498,KEMET,CAP TANT POLY 680UF 4V 2917
T541X108K004CT8705,500,175.51498,KEMET,CAP TANT POLY 1000UF 4V 2917
T541X477K006CT8705,500,175.51498,KEMET,CAP TANT POLY 470UF 6.3V 2917
T541X337M016CH8710,500,175.8593,KEMET,CAP TANT POLY 330UF 16V 2917
T541X336M035CH8710,500,175.8593,KEMET,CAP TANT POLY 33UF 35V 2917
T541X476M035CH8710,500,175.8593,KEMET,CAP TANT POLY 47UF 35V 2917
T541X686K030BT8720,500,175.9743,KEMET,CAP TANT POLY 68UF 30V 2917
T541X107K030BT8720,500,175.9743,KEMET,CAP TANT POLY 100UF 30V 2917
T541X686K030CT8620,500,176.20344,KEMET,CAP TANT POLY 68UF 30V 2917
T541X107K030CT8620,500,176.20344,KEMET,CAP TANT POLY 100UF 30V 2917
T541X156K063BH6710,500,162.26918,KEMET,CAP TANT SMD POLYMER HI-REL
T541X156K063CH6610,500,162.37518,KEMET,CAP TANT SMD POLYMER HI-REL
T541X686M030CH8720,500,176.6626,KEMET,CAP TANT POLY 68UF 30V 2917
T541X107M030CH8720,500,176.6626,KEMET,CAP TANT POLY 100UF 30V 2917
T541X337K016CT8610,500,176.6626,KEMET,CAP TANT POLY 330UF 16V 2917
T541X337K016BT8710,500,176.6626,KEMET,CAP TANT POLY 330UF 16V 2917
T541X336K035CT8610,500,176.6626,KEMET,CAP TANT POLY 33UF 35V 2917
T541X336K035BT8710,500,176.6626,KEMET,CAP TANT POLY 33UF 35V 2917
T541X476K035CT8610,500,176.6626,KEMET,CAP TANT POLY 47UF 35V 2917
T541X476K035BT8710,500,176.6626,KEMET,CAP TANT POLY 47UF 35V 2917
T541X226K050CT6710,500,162.5859,KEMET,CAP TANT SMD POLYMER HI-REL
T541X337K016CT6710,500,162.5859,KEMET,CAP TANT SMD POLYMER HI-REL
T541X336K050CT6710,500,162.5859,KEMET,33.0UF 50.0V
T541X337K016AH8720,500,176.77778,KEMET,CAP TANT POLY 330UF 16V 2917
T541X337M016CT8720,500,177.92594,KEMET,CAP TANT POLY 330UF 16V 2917
T541X107K030CH6720,500,178.61494,KEMET,CAP TANT POLY 100UF 30V 2917
T541X107K020CH8710,500,178.61494,KEMET,CAP TANT POLY 100UF 20V 2917
T541X227K016CH6720,500,164.38268,KEMET,CAP TANT SMD POLYMER HI-REL
T541X337K010CH6720,500,164.38268,KEMET,CAP TANT SMD POLYMER HI-REL
T541X107K025CH6720,500,164.38268,KEMET,CAP TANT SMD POLYMER HI-REL
T541X107K025CH8710,500,178.72996,KEMET,CAP TANT POLY 100UF 25V 2917
T541O477M016CT6720,250,165.07088,KEMET,CAP TANT SMD POLYMER HI-REL
T541O686M035CH6710,250,165.39236,KEMET,CAP TANT SMD POLYMER HI-REL
T541O157M030CH6710,250,165.39236,KEMET,CAP TANT SMD POLYMER HI-REL
T541X337K010CT8705,500,180.10724,KEMET,CAP TANT POLY 330UF 10V 2917
T541X477K010CT8710,500,180.10724,KEMET,CAP TANT POLY 470UF 10V 2917
T541X157K016CT8710,500,180.10724,KEMET,CAP TANT POLY 150UF 16V 2917
T541X227K016CT8710,500,180.10724,KEMET,CAP TANT POLY 220UF 16V 2917
T541X107K020CT8710,500,180.10724,KEMET,CAP TANT POLY 100UF 20V 2917
T541X108K2R5CH8705,500,180.45066,KEMET,CAP TANT POLY 1000UF 2.5V 2917
T541X158K2R5CH8705,500,180.45066,KEMET,CAP TANT POLY 1500UF 2.5V 2917
T541X108K003CH8705,500,180.45066,KEMET,CAP TANT POLY 1000UF 3V 2917
T541X158K003CH8705,500,180.45066,KEMET,CAP TANT POLY 1500UF 3V 2917
T541X687K004CH8705,500,180.45066,KEMET,CAP TANT POLY 680UF 4V 2917
T541X108K004CH8705,500,180.45066,KEMET,CAP TANT POLY 1000UF 4V 2917
T541X477K006CH8705,500,180.45066,KEMET,CAP TANT POLY 470UF 6.3V 2917
T541X686K030BH8720,500,181.13894,KEMET,CAP TANT POLY 68UF 30V 2917
T541X107K030BH8720,500,181.13894,KEMET,CAP TANT POLY 100UF 30V 2917
T541X686K030CH8620,500,181.3688,KEMET,CAP TANT POLY 68UF 30V 2917
T541X107K030CH8620,500,181.3688,KEMET,CAP TANT POLY 100UF 30V 2917
T541X337K016CH8610,500,181.82832,KEMET,CAP TANT POLY 330UF 16V 2917
T541X337K016BH8710,500,181.82832,KEMET,CAP TANT POLY 330UF 16V 2917
T541X336K035CH8610,500,181.82832,KEMET,CAP TANT POLY 33UF 35V 2917
T541X336K035BH8710,500,181.82832,KEMET,CAP TANT POLY 33UF 35V 2917
T541X476K035CH8610,500,181.82832,KEMET,CAP TANT POLY 47UF 35V 2917
T541X476K035BH8710,500,181.82832,KEMET,CAP TANT POLY 47UF 35V 2917
T541X336K035CH6710,500,167.34,KEMET,CAP TANT SMD POLYMER HI-REL
T541X476K035CH6710,500,167.34,KEMET,CAP TANT SMD POLYMER HI-REL
T541X337K016CH6710,500,167.34,KEMET,CAP TANT SMD POLYMER HI-REL
T541X336K050CH6710,500,167.34,KEMET,CAP TANT SMD POLYMER HI-REL
T541X476K030CT8710,500,182.51606,KEMET,CAP TANT POLY 47UF 30V 2917
T541X686K030CT8710,500,182.51606,KEMET,CAP TANT POLY 68UF 30V 2917
T541X107K030CT8710,500,182.51606,KEMET,CAP TANT POLY 100UF 30V 2917
T541X337M016CH8720,500,183.09022,KEMET,CAP TANT POLY 330UF 16V 2917
T541X477M006AH6730,9,168.58667,KEMET,CAP TANT SMD POLYMER HI-REL
T541X337K016CT6720,500,168.60704,KEMET,CAP TANT SMD POLYMER HI-REL
T541X337K016CT8620,500,183.54938,KEMET,CAP TANT POLY 330UF 16V 2917
T541X337K016BT8720,500,183.54938,KEMET,CAP TANT POLY 330UF 16V 2917
T541O477M016CH6720,250,169.68024,KEMET,CAP TANT SMD POLYMER HI-REL
T541X156K063CT6710,500,169.97894,KEMET,CAP TANT SMD POLYMER HI-REL
T541X337K010CH8705,500,185.3842,KEMET,CAP TANT POLY 330UF 10V 2917
T541X477K010CH8710,500,185.3842,KEMET,CAP TANT POLY 470UF 10V 2917
T541X157K016CH8710,500,185.3842,KEMET,CAP TANT POLY 150UF 16V 2917
T541X227K016CH8710,500,185.3842,KEMET,CAP TANT POLY 220UF 16V 2917
T541X686K025CH8710,500,185.3842,KEMET,CAP TANT POLY 68UF 25V 2917
T541X687K004CH6730,500,172.40636,KEMET,CAP TANT SMD POLYMER HI-REL
T541X477K006CH6730,500,172.40636,KEMET,CAP TANT SMD POLYMER HI-REL
T541X158K2R5CH6730,500,172.40636,KEMET,CAP TANT SMD POLYMER HI-REL
T541O157M030CH6720,250,172.67876,KEMET,CAP TANT SMD POLYMER HI-REL
T541X476K030CH8710,500,187.79176,KEMET,CAP TANT POLY 47UF 30V 2917
T541X686K030CH8710,500,187.79176,KEMET,CAP TANT POLY 68UF 30V 2917
T541X107K030CH8710,500,187.79176,KEMET,CAP TANT POLY 100UF 30V 2917
T541X156M063BH6510,1,188.42,KEMET,CAP TANT POLY 15UF 63V 2917
T541X106K063CH6630,500,173.46104,KEMET,CAP TANT SMD POLYMER HI-REL
T541X337K016CH8620,500,188.93758,KEMET,CAP TANT POLY 330UF 16V 2917
T541X337K016BH8720,500,188.93758,KEMET,CAP TANT POLY 330UF 16V 2917
T541X686K030CT8720,500,189.28262,KEMET,CAP TANT POLY 68UF 30V 2917
T541X107K030CT8720,500,189.28262,KEMET,CAP TANT POLY 100UF 30V 2917
T541X337K016CT8710,500,189.7407,KEMET,CAP TANT POLY 330UF 16V 2917
T541X336K035CT8710,500,189.7407,KEMET,CAP TANT POLY 33UF 35V 2917
T541X476K035CT8710,500,189.7407,KEMET,CAP TANT POLY 47UF 35V 2917
T541X156K063CH6710,500,174.93798,KEMET,CAP TANT SMD POLYMER HI-REL
T541X686K030CH8720,500,194.78098,KEMET,CAP TANT POLY 68UF 30V 2917
T541X107K030CH8720,500,194.78098,KEMET,CAP TANT POLY 100UF 30V 2917
T541X337K016CH8710,500,195.2396,KEMET,CAP TANT POLY 330UF 16V 2917
T541X336K035CH8710,500,195.2396,KEMET,CAP TANT POLY 33UF 35V 2917
T541X476K035CH8710,500,195.2396,KEMET,CAP TANT POLY 47UF 35V 2917
T540D106M050BH6710,1,195.52,KEMET,CAP TANT POLY 10UF 50V 2917
T541X337K016CT8720,500,196.72884,KEMET,CAP TANT POLY 330UF 16V 2917
T541X337K016CH8720,500,202.45292,KEMET,CAP TANT POLY 330UF 16V 2917
T541X337K016DH8620,500,203.71034,KEMET,CAP TANT POLY 330UF 16V 2917
T550B756M075AH,1,,KEMET,CAP TANT POLY 75UF 75V AXIAL
T541X337M016BH6720,1,223.47,KEMET,CAP TANT POLY 330UF 16V 2917
T541X107K030AH67107280,1,,KEMET,CAP TANT SMD POLYMER HI-REL
T550B147M006AH,40,212.30375,KEMET,CAP TANT POLY 140UF 6V AXIAL
T550B827M006AH,40,212.30375,KEMET,CAP TANT POLY 820UF 6V AXIAL
T550B227M008AH,40,212.30375,KEMET,CAP TANT POLY 220UF 8V AXIAL
T550B687M008AH,40,212.30375,KEMET,CAP TANT POLY 680UF 8V AXIAL
T550B107M010AH,40,212.30375,KEMET,CAP TANT POLY 100UF 10V AXIAL
T550B187M010AH,40,212.30375,KEMET,CAP TANT POLY 180UF 10V AXIAL
T550B567M010AH,40,212.30375,KEMET,CAP TANT POLY 560UF 10V AXIAL
T550B127M015AH,40,212.30375,KEMET,CAP TANT POLY 120UF 15V AXIAL
T550B506M025AH,40,212.30375,KEMET,CAP TANT POLY 50UF 25V AXIAL
T550B686M030AH,40,212.30375,KEMET,CAP TANT POLY 68UF 30V AXIAL
T550B107M060AH0100,40,212.30375,KEMET,CAP TANT POLY 100UF 60V AXIAL
T550B256M100AH0100,40,212.30375,KEMET,CAP TANT POLY 25UF 100V AXIAL
T550B756M075AH0100,40,212.30375,KEMET,CAP TANT POLY 75UF 75V AXIAL
T551B147M006AH,46,240.95978,KEMET,CAP TANT POLY 140UF 6.3V AXIAL
T551B827M006AH,46,240.95978,KEMET,CAP TANT POLY 820UF 6.3V AXIAL
T551B227M008AH,46,240.95978,KEMET,CAP TANT POLY 220UF 8V AXIAL
T551B687M008AH,46,240.95978,KEMET,CAP TANT POLY 680UF 8V AXIAL
T551B107M010AH,46,240.95978,KEMET,CAP TANT POLY 100UF 10V AXIAL
T551B187M010AH,46,240.95978,KEMET,CAP TANT POLY 180UF 10V AXIAL
T551B567M010AH,46,240.95978,KEMET,CAP TANT POLY 560UF 10V AXIAL
T551B706M015AH,46,240.95978,KEMET,CAP TANT POLY 70UF 15V AXIAL
T551B127M015AH,46,240.95978,KEMET,CAP TANT POLY 120UF 15V AXIAL
T551B397M015AH,46,240.95978,KEMET,CAP TANT POLY 390UF 15V AXIAL
T551B506M025AH,46,240.95978,KEMET,CAP TANT POLY 50UF 25V AXIAL
T551B107M025AH,46,240.95978,KEMET,CAP TANT POLY 100UF 25V AXIAL
T551B406M030AH,46,240.95978,KEMET,CAP TANT POLY 40UF 30V AXIAL
T551B686M030AH,46,240.95978,KEMET,CAP TANT POLY 68UF 30V AXIAL
T551B107M040AH,46,240.95978,KEMET,CAP TANT POLY 100UF 40V AXIAL
T551B127M040AH,46,240.95978,KEMET,CAP TANT POLY 120UF 40V AXIAL
T551B256M050AH,46,240.95978,KEMET,CAP TANT POLY 25UF 50V AXIAL
T551B107M050AH,46,240.95978,KEMET,CAP TANT POLY 100UF 50V AXIAL
T551B127M050AH,46,240.95978,KEMET,CAP TANT POLY 120UF 50V AXIAL
T551B206M060AH,46,240.95978,KEMET,CAP TANT POLY 20UF 60V AXIAL
T551B396M060AH,46,240.95978,KEMET,CAP TANT POLY 39UF 60V AXIAL
T550B147K006AH,40,221.95225,KEMET,CAP TANT POLY 140UF 6V AXIAL
T550B827K006AH,40,221.95225,KEMET,CAP TANT POLY 820UF 6V AXIAL
T550B227K008AH,40,221.95225,KEMET,CAP TANT POLY 220UF 8V AXIAL
T550B687K008AH,40,221.95225,KEMET,CAP TANT POLY 680UF 8V AXIAL
T550B107K010AH,40,221.95225,KEMET,CAP TANT POLY 100UF 10V AXIAL
T550B706K015AH,40,221.95225,KEMET,CAP TANT POLY 70UF 15V AXIAL
T550B127K015AH,40,221.95225,KEMET,CAP TANT POLY 120UF 15V AXIAL
T550B406K030AH,40,221.95225,KEMET,CAP TANT POLY 40UF 30V AXIAL
T550B686K030AH,40,221.95225,KEMET,CAP TANT POLY 68UF 30V AXIAL
T550B206K060AH,40,221.95225,KEMET,CAP TANT POLY 20UF 60V AXIAL
T550B107K060AH0100,40,221.95225,KEMET,CAP TANT POLY 100UF 60V AXIAL
T550B256K100AH0100,40,221.95225,KEMET,CAP TANT POLY 25UF 100V AXIAL
T550B756K075AH0100,40,221.95225,KEMET,CAP TANT POLY 75UF 75V AXIAL
T550B107M060BH,40,224.3605,KEMET,CAP TANT POLY 100UF 60V AXIAL
T550B107M060BH0100,40,224.3605,KEMET,CAP TANT POLY 100UF 60V AXIAL
T550B256M100BH,40,224.3605,KEMET,CAP TANT POLY 25UF 100V AXIAL
T550B256M100BH0100,40,224.3605,KEMET,CAP TANT POLY 25UF 100V AXIAL
T550B756M075BH,40,224.3605,KEMET,CAP TANT POLY 75UF 75V AXIAL
T550B756M075BH0100,40,224.3605,KEMET,CAP TANT POLY 75UF 75V AXIAL
T541X337M016BH6710,1,246.2,KEMET,CAP TANT POLY 330UF 16V 2917
T550B406M030AH,1,,KEMET,CAP TANT POLY 40UF 30V AXIAL
T550B147M006AH4250,40,228.731,KEMET,CAP TANT POLY 140UF 6V AXIAL
T550B827M006AH4250,40,228.731,KEMET,CAP TANT POLY 820UF 6V AXIAL
T550B227M008AH4250,40,228.731,KEMET,CAP TANT POLY 220UF 8V AXIAL
T550B687M008AH4250,40,228.731,KEMET,CAP TANT POLY 680UF 8V AXIAL
T550B107M010AH4250,40,228.731,KEMET,CAP TANT POLY 100UF 10V AXIAL
T550B187M010AH4250,40,228.731,KEMET,CAP TANT POLY 180UF 10V AXIAL
T550B567M010AH4250,40,228.731,KEMET,CAP TANT POLY 560UF 10V AXIAL
T550B706M015AH4250,40,228.731,KEMET,CAP TANT POLY 70UF 15V AXIAL
T550B127M015AH4250,40,228.731,KEMET,CAP TANT POLY 120UF 15V AXIAL
T550B397M015AH4250,40,228.731,KEMET,CAP TANT POLY 390UF 15V AXIAL
T550B506M025AH4250,40,228.731,KEMET,CAP TANT POLY 50UF 25V AXIAL
T550B107M025AH4250,40,228.731,KEMET,CAP TANT POLY 100UF 25V AXIAL
T550B406M030AH4250,40,228.731,KEMET,CAP TANT POLY 40UF 30V AXIAL
T550B686M030AH4250,40,228.731,KEMET,CAP TANT POLY 68UF 30V AXIAL
T550B107M040AH4250,40,228.731,KEMET,CAP TANT POLY 100UF 40V AXIAL
T550B256M050AH4250,40,228.731,KEMET,CAP TANT POLY 25UF 50V AXIAL
T550B476M050AH4250,40,228.731,KEMET,CAP TANT POLY 47UF 50V AXIAL
T550B107M050AH4250,40,228.731,KEMET,CAP TANT POLY 100UF 50V AXIAL
T550B127M050AH4250,40,228.731,KEMET,CAP TANT POLY 120UF 50V AXIAL
T550B206M060AH4250,40,228.731,KEMET,CAP TANT POLY 20UF 60V AXIAL
T550B756M075AH4250,40,228.731,KEMET,CAP TANT POLY 75UF 75V AXIAL
T551B147K006AH,44,252.80705,KEMET,CAP TANT POLY 140UF 6.3V AXIAL
T551B827K006AH,44,252.80705,KEMET,CAP TANT POLY 820UF 6.3V AXIAL
T551B227K008AH,44,252.80705,KEMET,CAP TANT POLY 220UF 8V AXIAL
T551B687K008AH,44,252.80705,KEMET,CAP TANT POLY 680UF 8V AXIAL
T551B107K010AH,44,252.80705,KEMET,CAP TANT POLY 100UF 10V AXIAL
T551B187K010AH,44,252.80705,KEMET,CAP TANT POLY 180UF 10V AXIAL
T551B567K010AH,44,252.80705,KEMET,CAP TANT POLY 560UF 10V AXIAL
T551B706K015AH,44,252.80705,KEMET,CAP TANT POLY 70UF 15V AXIAL
T551B127K015AH,44,252.80705,KEMET,CAP TANT POLY 120UF 15V AXIAL
T551B397K015AH,44,252.80705,KEMET,CAP TANT POLY 390UF 15V AXIAL
T551B506K025AH,44,252.80705,KEMET,CAP TANT POLY 50UF 25V AXIAL
T551B107K025AH,44,252.80705,KEMET,CAP TANT POLY 100UF 25V AXIAL
T551B406K030AH,44,252.80705,KEMET,CAP TANT POLY 40UF 30V AXIAL
T551B686K030AH,44,252.80705,KEMET,CAP TANT POLY 68UF 30V AXIAL
T551B107K040AH,44,252.80705,KEMET,CAP TANT POLY 100UF 40V AXIAL
T551B256K050AH,44,252.80705,KEMET,CAP TANT POLY 25UF 50V AXIAL
T551B107K050AH,44,252.80705,KEMET,CAP TANT POLY 100UF 50V AXIAL
T551B206K060AH,44,252.80705,KEMET,CAP TANT POLY 20UF 60V AXIAL
T551B396K060AH,44,252.80705,KEMET,CAP TANT POLY 39UF 60V AXIAL
T550B107K060BH,40,234.51125,KEMET,CAP TANT POLY 100UF 60V AXIAL
T550B107K060BH0100,40,234.51125,KEMET,CAP TANT POLY 100UF 60V AXIAL
T550B256K100BH,40,234.51125,KEMET,CAP TANT POLY 25UF 100V AXIAL
T550B756K075BH0100,40,234.51125,KEMET,CAP TANT POLY 75UF 75V AXIAL
T550B147K006AH4250,40,238.3215,KEMET,CAP TANT POLY 140UF 6V AXIAL
T550B827K006AH4250,40,238.3215,KEMET,CAP TANT POLY 820UF 6V AXIAL
T550B227K008AH4250,40,238.3215,KEMET,CAP TANT POLY 220UF 8V AXIAL
T550B687K008AH4250,40,238.3215,KEMET,CAP TANT POLY 680UF 8V AXIAL
T550B107K010AH4250,40,238.3215,KEMET,CAP TANT POLY 100UF 10V AXIAL
T550B187K010AH4250,40,238.3215,KEMET,CAP TANT POLY 180UF 10V AXIAL
T550B567K010AH4250,40,238.3215,KEMET,CAP TANT POLY 560UF 10V AXIAL
T550B706K015AH4250,40,238.3215,KEMET,CAP TANT POLY 70UF 15V AXIAL
T550B127K015AH4250,40,238.3215,KEMET,CAP TANT POLY 120UF 15V AXIAL
T550B397K015AH4250,40,238.3215,KEMET,CAP TANT POLY 390UF 15V AXIAL
T550B506K025AH4250,40,238.3215,KEMET,CAP TANT POLY 50UF 25V AXIAL
T550B107K025AH4250,40,238.3215,KEMET,CAP TANT POLY 100UF 25V AXIAL
T550B406K030AH4250,40,238.3215,KEMET,CAP TANT POLY 40UF 30V AXIAL
T550B686K030AH4250,40,238.3215,KEMET,CAP TANT POLY 68UF 30V AXIAL
T550B107K040AH4250,40,238.3215,KEMET,CAP TANT POLY 100UF 40V AXIAL
T550B256K050AH4250,40,238.3215,KEMET,CAP TANT POLY 25UF 50V AXIAL
T550B476K050AH4250,40,238.3215,KEMET,CAP TANT POLY 47UF 50V AXIAL
T550B107K050AH4250,40,238.3215,KEMET,CAP TANT POLY 100UF 50V AXIAL
T550B127K050AH4250,40,238.3215,KEMET,CAP TANT POLY 120UF 50V AXIAL
T550B206K060AH4250,40,238.3215,KEMET,CAP TANT POLY 20UF 60V AXIAL
T550B396K060AH4250,40,238.3215,KEMET,CAP TANT POLY 39UF 60V AXIAL
T550B756K075AH4250,40,238.3215,KEMET,CAP TANT POLY 75UF 75V AXIAL
T550B506K025AH,1,,KEMET,CAP TANT POLY 50UF 25V AXIAL
T551B107M060AH,1,,KEMET,CAP TANT POLY 100UF 60V AXIAL
T550B147M006AH4251,40,245.061,KEMET,CAP TANT POLY 140UF 6V AXIAL
T550B827M006AH4251,40,245.061,KEMET,CAP TANT POLY 820UF 6V AXIAL
T550B227M008AH4251,40,245.061,KEMET,CAP TANT POLY 220UF 8V AXIAL
T550B687M008AH4251,40,245.061,KEMET,CAP TANT POLY 680UF 8V AXIAL
T550B107M010AH4251,40,245.061,KEMET,CAP TANT POLY 100UF 10V AXIAL
T550B187M010AH4251,40,245.061,KEMET,CAP TANT POLY 180UF 10V AXIAL
T550B567M010AH4251,40,245.061,KEMET,CAP TANT POLY 560UF 10V AXIAL
T550B706M015AH4251,40,245.061,KEMET,CAP TANT POLY 70UF 15V AXIAL
T550B127M015AH4251,40,245.061,KEMET,CAP TANT POLY 120UF 15V AXIAL
T550B397M015AH4251,40,245.061,KEMET,CAP TANT POLY 390UF 15V AXIAL
T550B506M025AH4251,40,245.061,KEMET,CAP TANT POLY 50UF 25V AXIAL
T550B107M025AH4251,40,245.061,KEMET,CAP TANT POLY 100UF 25V AXIAL
T550B406M030AH4251,40,245.061,KEMET,CAP TANT POLY 40UF 30V AXIAL
T550B686M030AH4251,40,245.061,KEMET,CAP TANT POLY 68UF 30V AXIAL
T550B107M040AH4251,40,245.061,KEMET,CAP TANT POLY 100UF 40V AXIAL
T550B256M050AH4251,40,245.061,KEMET,CAP TANT POLY 25UF 50V AXIAL
T550B476M050AH4251,40,245.061,KEMET,CAP TANT POLY 47UF 50V AXIAL
T550B107M050AH4251,40,245.061,KEMET,CAP TANT POLY 100UF 50V AXIAL
T550B127M050AH4251,40,245.061,KEMET,CAP TANT POLY 120UF 50V AXIAL
T550B206M060AH4251,40,245.061,KEMET,CAP TANT POLY 20UF 60V AXIAL
T550B107M060AH42510100,40,245.061,KEMET,CAP TANT POLY 100UF 60V AXIAL
T550B107M060AH4252,40,245.061,KEMET,CAP TANT POLY 100UF 60V AXIAL
T550B107M060AH42520100,40,245.061,KEMET,CAP TANT POLY 100UF 60V AXIAL
T550B256M100AH4251,40,245.061,KEMET,CAP TANT POLY 25UF 100V AXIAL
T550B256M100AH42510100,40,245.061,KEMET,CAP TANT POLY 25UF 100V AXIAL
T550B256M100AH4252,40,245.061,KEMET,CAP TANT POLY 25UF 100V AXIAL
T550B256M100AH42520100,40,245.061,KEMET,CAP TANT POLY 25UF 100V AXIAL
T550B756M075AH42510100,40,245.061,KEMET,CAP TANT POLY 75UF 75V AXIAL
T550B756M075AH4252,40,245.061,KEMET,CAP TANT POLY 75UF 75V AXIAL
T550B756M075AH42520100,40,245.061,KEMET,CAP TANT POLY 75UF 75V AXIAL
T555B147M006AH,100,270.1288,KEMET,CAP TANT POLY 140UF 6.3V SMD
T555B227M008AH,100,270.1288,KEMET,CAP TANT POLY 220UF 8V SMD
T555B687M008AH,100,270.1288,KEMET,CAP TANT POLY 680UF 8V SMD
T555B107M010AH,100,270.1288,KEMET,CAP TANT POLY 100UF 10V SMD
T555B187M010AH,100,270.1288,KEMET,CAP TANT POLY 180UF 10V SMD
T555B567M010AH,100,270.1288,KEMET,CAP TANT POLY 560UF 10V SMD
T555B706M015AH,100,270.1288,KEMET,CAP TANT POLY 70UF 15V SMD
T555B127M015AH,100,270.1288,KEMET,CAP TANT POLY 120UF 15V SMD
T555B397M015AH,100,270.1288,KEMET,CAP TANT POLY 390UF 15V SMD
T555B506M025AH,100,270.1288,KEMET,CAP TANT POLY 50UF 25V SMD
T555B107M025AH,100,270.1288,KEMET,CAP TANT POLY 100UF 25V SMD
T555B406M030AH,100,270.1288,KEMET,CAP TANT POLY 40UF 30V SMD
T555B686M030AH,100,270.1288,KEMET,CAP TANT POLY 68UF 30V SMD
T555B107M040AH,100,270.1288,KEMET,CAP TANT POLY 100UF 40V SMD
T555B127M040AH,100,270.1288,KEMET,CAP TANT POLY 120UF 40V SMD
T555B256M050AH,100,270.1288,KEMET,CAP TANT POLY 25UF 50V SMD
T555B476M050AH,100,270.1288,KEMET,CAP TANT POLY 47UF 50V SMD
T555B107M050AH,100,270.1288,KEMET,CAP TANT POLY 100UF 50V SMD
T555B206M060AH,100,270.1288,KEMET,CAP TANT POLY 20UF 60V SMD
T555B396M060AH,100,270.1288,KEMET,CAP TANT POLY 39UF 60V SMD
T555B107M060AH,100,270.1288,KEMET,CAP TANT POLY 100UF 60V SMD
T555B756M075AH,100,270.1288,KEMET,CAP TANT POLY 75UF 75V SMD
T555B256M100AH,100,270.1288,KEMET,CAP TANT POLY 25UF 100V SMD
T550B107M060AH4251,40,250.703,KEMET,CAP TANT POLY 100UF 60V AXIAL
T551B476K050AH,1,,KEMET,CAP TANT POLY 47UF 50V AXIAL
T550B756K075BH,1,,KEMET,CAP TANT POLY 75UF 75V AXIAL
T555B337M035AH,1,,KEMET,CAP TANT POLY 330UF 35V SMD
T555B127M050AH,1,,KEMET,CAP TANT POLY 120UF 50V SMD
T550B147K006AH4251,40,254.602,KEMET,CAP TANT POLY 140UF 6V AXIAL
T550B827K006AH4251,40,254.602,KEMET,CAP TANT POLY 820UF 6V AXIAL
T550B227K008AH4251,40,254.602,KEMET,CAP TANT POLY 220UF 8V AXIAL
T550B687K008AH4251,40,254.602,KEMET,CAP TANT POLY 680UF 8V AXIAL
T550B107K010AH4251,40,254.602,KEMET,CAP TANT POLY 100UF 10V AXIAL
T550B187K010AH4251,40,254.602,KEMET,CAP TANT POLY 180UF 10V AXIAL
T550B567K010AH4251,40,254.602,KEMET,CAP TANT POLY 560UF 10V AXIAL
T550B706K015AH4251,40,254.602,KEMET,CAP TANT POLY 70UF 15V AXIAL
T550B127K015AH4251,40,254.602,KEMET,CAP TANT POLY 120UF 15V AXIAL
T550B397K015AH4251,40,254.602,KEMET,CAP TANT POLY 390UF 15V AXIAL
T550B506K025AH4251,40,254.602,KEMET,CAP TANT POLY 50UF 25V AXIAL
T550B107K025AH4251,40,254.602,KEMET,CAP TANT POLY 100UF 25V AXIAL
T550B406K030AH4251,40,254.602,KEMET,CAP TANT POLY 40UF 30V AXIAL
T550B686K030AH4251,40,254.602,KEMET,CAP TANT POLY 68UF 30V AXIAL
T550B107K040AH4251,40,254.602,KEMET,CAP TANT POLY 100UF 40V AXIAL
T550B256K050AH4251,40,254.602,KEMET,CAP TANT POLY 25UF 50V AXIAL
T550B476K050AH4251,40,254.602,KEMET,CAP TANT POLY 47UF 50V AXIAL
T550B107K050AH4251,40,254.602,KEMET,CAP TANT POLY 100UF 50V AXIAL
T550B206K060AH4251,40,254.602,KEMET,CAP TANT POLY 20UF 60V AXIAL
T550B396K060AH4251,40,254.602,KEMET,CAP TANT POLY 39UF 60V AXIAL
T550B107K060AH42510100,40,254.602,KEMET,CAP TANT POLY 100UF 60V AXIAL
T550B107K060AH42520100,40,254.602,KEMET,CAP TANT POLY 100UF 60V AXIAL
T550B256K100AH42510100,40,254.602,KEMET,CAP TANT POLY 25UF 100V AXIAL
T550B256K100AH4252,40,254.602,KEMET,CAP TANT POLY 25UF 100V AXIAL
T550B256K100AH42520100,40,254.602,KEMET,CAP TANT POLY 25UF 100V AXIAL
T550B756K075AH42510100,40,254.602,KEMET,CAP TANT POLY 75UF 75V AXIAL
T550B756K075AH42520100,40,254.602,KEMET,CAP TANT POLY 75UF 75V AXIAL
T551B147M006AH4251,40,279.231,KEMET,CAP TANT POLY 140UF 6.3V AXIAL
T551B827M006AH4251,40,279.231,KEMET,CAP TANT POLY 820UF 6.3V AXIAL
T551B227M008AH4251,40,279.231,KEMET,CAP TANT POLY 220UF 8V AXIAL
T551B687M008AH4251,40,279.231,KEMET,CAP TANT POLY 680UF 8V AXIAL
T551B107M010AH4251,40,279.231,KEMET,CAP TANT POLY 100UF 10V AXIAL
T551B187M010AH4251,40,279.231,KEMET,CAP TANT POLY 180UF 10V AXIAL
T551B567M010AH4251,40,279.231,KEMET,CAP TANT POLY 560UF 10V AXIAL
T551B706M015AH4251,40,279.231,KEMET,CAP TANT POLY 70UF 15V AXIAL
T551B127M015AH4251,40,279.231,KEMET,CAP TANT POLY 120UF 15V AXIAL
T551B397M015AH4251,40,279.231,KEMET,CAP TANT POLY 390UF 15V AXIAL
T551B506M025AH4251,40,279.231,KEMET,CAP TANT POLY 50UF 25V AXIAL
T551B107M025AH4251,40,279.231,KEMET,CAP TANT POLY 100UF 25V AXIAL
T551B406M030AH4251,40,279.231,KEMET,CAP TANT POLY 40UF 30V AXIAL
T551B686M030AH4251,40,279.231,KEMET,CAP TANT POLY 68UF 30V AXIAL
T551B107M040AH4251,40,279.231,KEMET,CAP TANT POLY 100UF 40V AXIAL
T551B127M040AH4251,40,279.231,KEMET,CAP TANT POLY 120UF 40V AXIAL
T551B256M050AH4251,40,279.231,KEMET,CAP TANT POLY 25UF 50V AXIAL
T551B107M050AH4251,40,279.231,KEMET,CAP TANT POLY 100UF 50V AXIAL
T551B127M050AH4251,40,279.231,KEMET,CAP TANT POLY 120UF 50V AXIAL
T551B206M060AH4251,40,279.231,KEMET,CAP TANT POLY 20UF 60V AXIAL
T551B396M060AH4251,40,279.231,KEMET,CAP TANT POLY 39UF 60V AXIAL
T551B107M060AH4251,40,279.231,KEMET,CAP TANT POLY 100UF 60V AXIAL
T550B107M060BH4251,40,256.9815,KEMET,CAP TANT POLY 100UF 60V AXIAL
T550B107M060BH42510100,40,256.9815,KEMET,CAP TANT POLY 100UF 60V AXIAL
T550B107M060BH4252,40,256.9815,KEMET,CAP TANT POLY 100UF 60V AXIAL
T550B107M060BH42520100,40,256.9815,KEMET,CAP TANT POLY 100UF 60V AXIAL
T550B256M100BH4251,40,256.9815,KEMET,CAP TANT POLY 25UF 100V AXIAL
T550B256M100BH42510100,40,256.9815,KEMET,CAP TANT POLY 25UF 100V AXIAL
T550B256M100BH4252,40,256.9815,KEMET,CAP TANT POLY 25UF 100V AXIAL
T550B256M100BH42520100,40,256.9815,KEMET,CAP TANT POLY 25UF 100V AXIAL
T550B756M075BH4251,40,256.9815,KEMET,CAP TANT POLY 75UF 75V AXIAL
T550B756M075BH42510100,40,256.9815,KEMET,CAP TANT POLY 75UF 75V AXIAL
T550B756M075BH42520100,40,256.9815,KEMET,CAP TANT POLY 75UF 75V AXIAL
T550B107M040AH,1,,KEMET,CAP TANT POLY 100UF 40V AXIAL
T555B147K006AH,100,279.842,KEMET,CAP TANT POLY 140UF 6.3V SMD
T555B227K008AH,100,279.842,KEMET,CAP TANT POLY 220UF 8V SMD
T555B687K008AH,100,279.842,KEMET,CAP TANT POLY 680UF 8V SMD
T555B107K010AH,100,279.842,KEMET,CAP TANT POLY 100UF 10V SMD
T555B567K010AH,100,279.842,KEMET,CAP TANT POLY 560UF 10V SMD
T555B706K015AH,100,279.842,KEMET,CAP TANT POLY 70UF 15V SMD
T555B127K015AH,100,279.842,KEMET,CAP TANT POLY 120UF 15V SMD
T555B397K015AH,100,279.842,KEMET,CAP TANT POLY 390UF 15V SMD
T555B506K025AH,100,279.842,KEMET,CAP TANT POLY 50UF 25V SMD
T555B107K025AH,100,279.842,KEMET,CAP TANT POLY 100UF 25V SMD
T555B406K030AH,100,279.842,KEMET,CAP TANT POLY 40UF 30V SMD
T555B686K030AH,100,279.842,KEMET,CAP TANT POLY 68UF 30V SMD
T555B337K035AH,100,279.842,KEMET,CAP TANT POLY 330UF 35V SMD
T555B107K040AH,100,279.842,KEMET,CAP TANT POLY 100UF 40V SMD
T555B127K040AH,100,279.842,KEMET,CAP TANT POLY 120UF 40V SMD
T555B256K050AH,100,279.842,KEMET,CAP TANT POLY 25UF 50V SMD
T555B206K060AH,100,279.842,KEMET,CAP TANT POLY 20UF 60V SMD
T555B396K060AH,100,279.842,KEMET,CAP TANT POLY 39UF 60V SMD
T556B147M006AH,100,282.2672,KEMET,CAP TANT POLY 140UF 6.3V SMD
T556B227M008AH,100,282.2672,KEMET,CAP TANT POLY 220UF 8V SMD
T556B687M008AH,100,282.2672,KEMET,CAP TANT POLY 680UF 8V SMD
T556B107M010AH,100,282.2672,KEMET,CAP TANT POLY 100UF 10V SMD
T556B187M010AH,100,282.2672,KEMET,CAP TANT POLY 180UF 10V SMD
T556B567M010AH,100,282.2672,KEMET,CAP TANT POLY 560UF 10V SMD
T556B706M015AH,100,282.2672,KEMET,CAP TANT POLY 70UF 15V SMD
T556B127M015AH,100,282.2672,KEMET,CAP TANT POLY 120UF 15V SMD
T556B397M015AH,100,282.2672,KEMET,CAP TANT POLY 390UF 15V SMD
T556B506M025AH,100,282.2672,KEMET,CAP TANT POLY 50UF 25V SMD
T556B107M025AH,100,282.2672,KEMET,CAP TANT POLY 100UF 25V SMD
T556B406M030AH,100,282.2672,KEMET,CAP TANT POLY 40UF 30V SMD
T556B686M030AH,100,282.2672,KEMET,CAP TANT POLY 68UF 30V SMD
T556B107M040AH,100,282.2672,KEMET,CAP TANT POLY 100UF 40V SMD
T556B127M040AH,100,282.2672,KEMET,CAP TANT POLY 120UF 40V SMD
T556B256M050AH,100,282.2672,KEMET,CAP TANT POLY 25UF 50V SMD
T556B476M050AH,100,282.2672,KEMET,CAP TANT POLY 47UF 50V SMD
T556B107M050AH,100,282.2672,KEMET,CAP TANT POLY 100UF 50V SMD
T556B127M050AH,100,282.2672,KEMET,CAP TANT POLY 120UF 50V SMD
T556B206M060AH,100,282.2672,KEMET,CAP TANT POLY 20UF 60V SMD
T556B396M060AH,100,282.2672,KEMET,CAP TANT POLY 39UF 60V SMD
T556B107M060AH,100,282.2672,KEMET,CAP TANT POLY 100UF 60V SMD
T555B476K050AH,1,,KEMET,CAP TANT POLY 47UF 50V SMD
T555B256K100AH,1,,KEMET,CAP TANT POLY 25UF 100V SMD
T551B107K010AH4251,40,290.14375,KEMET,CAP TANT POLY 100UF 10V AXIAL
T550B107K060BH4251,40,267.02475,KEMET,CAP TANT POLY 100UF 60V AXIAL
T550B107K060BH42520100,40,267.02475,KEMET,CAP TANT POLY 100UF 60V AXIAL
T550B256K100BH4251,40,267.02475,KEMET,CAP TANT POLY 25UF 100V AXIAL
T550B256K100BH42510100,40,267.02475,KEMET,CAP TANT POLY 25UF 100V AXIAL
T550B256K100BH4252,40,267.02475,KEMET,CAP TANT POLY 25UF 100V AXIAL
T550B256K100BH42520100,40,267.02475,KEMET,CAP TANT POLY 25UF 100V AXIAL
T550B756K075BH42520100,40,267.02475,KEMET,CAP TANT POLY 75UF 75V AXIAL
T551B147K006AH4251,38,291.36895,KEMET,CAP TANT POLY 140UF 6.3V AXIAL
T551B827K006AH4251,38,291.36895,KEMET,CAP TANT POLY 820UF 6.3V AXIAL
T551B227K008AH4251,38,291.36895,KEMET,CAP TANT POLY 220UF 8V AXIAL
T551B687K008AH4251,38,291.36895,KEMET,CAP TANT POLY 680UF 8V AXIAL
T551B187K010AH4251,38,291.36895,KEMET,CAP TANT POLY 180UF 10V AXIAL
T551B567K010AH4251,38,291.36895,KEMET,CAP TANT POLY 560UF 10V AXIAL
T551B706K015AH4251,38,291.36895,KEMET,CAP TANT POLY 70UF 15V AXIAL
T551B127K015AH4251,38,291.36895,KEMET,CAP TANT POLY 120UF 15V AXIAL
T551B397K015AH4251,38,291.36895,KEMET,CAP TANT POLY 390UF 15V AXIAL
T551B506K025AH4251,38,291.36895,KEMET,CAP TANT POLY 50UF 25V AXIAL
T551B107K025AH4251,38,291.36895,KEMET,CAP TANT POLY 100UF 25V AXIAL
T551B406K030AH4251,38,291.36895,KEMET,CAP TANT POLY 40UF 30V AXIAL
T551B686K030AH4251,38,291.36895,KEMET,CAP TANT POLY 68UF 30V AXIAL
T551B107K040AH4251,38,291.36895,KEMET,CAP TANT POLY 100UF 40V AXIAL
T551B127K040AH4251,38,291.36895,KEMET,CAP TANT POLY 120UF 40V AXIAL
T551B256K050AH4251,38,291.36895,KEMET,CAP TANT POLY 25UF 50V AXIAL
T551B107K050AH4251,38,291.36895,KEMET,CAP TANT POLY 100UF 50V AXIAL
T551B396K060AH4251,38,291.36895,KEMET,CAP TANT POLY 39UF 60V AXIAL
T556B147K006AH,100,292.5007,KEMET,CAP TANT POLY 140UF 6.3V SMD
T556B227K008AH,100,292.5007,KEMET,CAP TANT POLY 220UF 8V SMD
T556B687K008AH,100,292.5007,KEMET,CAP TANT POLY 680UF 8V SMD
T556B107K010AH,100,292.5007,KEMET,CAP TANT POLY 100UF 10V SMD
T556B187K010AH,100,292.5007,KEMET,CAP TANT POLY 180UF 10V SMD
T556B567K010AH,100,292.5007,KEMET,CAP TANT POLY 560UF 10V SMD
T556B706K015AH,100,292.5007,KEMET,CAP TANT POLY 70UF 15V SMD
T556B127K015AH,100,292.5007,KEMET,CAP TANT POLY 120UF 15V SMD
T556B397K015AH,100,292.5007,KEMET,CAP TANT POLY 390UF 15V SMD
T556B506K025AH,100,292.5007,KEMET,CAP TANT POLY 50UF 25V SMD
T556B107K025AH,100,292.5007,KEMET,CAP TANT POLY 100UF 25V SMD
T556B406K030AH,100,292.5007,KEMET,CAP TANT POLY 40UF 30V SMD
T556B686K030AH,100,292.5007,KEMET,CAP TANT POLY 68UF 30V SMD
T556B127K040AH,100,292.5007,KEMET,CAP TANT POLY 120UF 40V SMD
T556B256K050AH,100,292.5007,KEMET,CAP TANT POLY 25UF 50V SMD
T556B476K050AH,100,292.5007,KEMET,CAP TANT POLY 47UF 50V SMD
T556B107K050AH,100,292.5007,KEMET,CAP TANT POLY 100UF 50V SMD
T556B206K060AH,100,292.5007,KEMET,CAP TANT POLY 20UF 60V SMD
T550B107K025AH,1,,KEMET,CAP TANT POLY 100UF 25V AXIAL
T550B396K060AH,1,,KEMET,CAP TANT POLY 39UF 60V AXIAL
13030-05KASLB,23,296.44478,KEMET,CAP TANT POLY 120UF 50V AXIAL
13030-01MASLB,1,,KEMET,CAP TANT POLY 100UF 25V AXIAL
T550B107K060BH4252,1,,KEMET,CAP TANT POLY 100UF 60V AXIAL
T550B107M060TH,20,313.5405,KEMET,CAP TANT POLY 100UF 60V AXIAL
T550B107M060TH0100,20,313.5405,KEMET,CAP TANT POLY 100UF 60V AXIAL
T550B256M100TH,20,313.5405,KEMET,CAP TANT POLY 25UF 100V AXIAL
T550B256M100TH0100,20,313.5405,KEMET,CAP TANT POLY 25UF 100V AXIAL
T550B756M075TH,20,313.5405,KEMET,CAP TANT POLY 75UF 75V AXIAL
T550B756M075TH0100,20,313.5405,KEMET,CAP TANT POLY 75UF 75V AXIAL
T555B826M075AH,1,,KEMET,CAP TANT POLY 82UF 75V SMD
T555B107K060AH,1,,KEMET,CAP TANT POLY 100UF 60V SMD
T550B107K060TH,20,325.8785,KEMET,CAP TANT POLY 100UF 60V AXIAL
T550B107K060TH0100,20,325.8785,KEMET,CAP TANT POLY 100UF 60V AXIAL
T550B256K100TH,20,325.8785,KEMET,CAP TANT POLY 25UF 100V AXIAL
T550B256K100TH0100,20,325.8785,KEMET,CAP TANT POLY 25UF 100V AXIAL
T550B756K075TH0100,20,325.8785,KEMET,CAP TANT POLY 75UF 75V AXIAL
T550B147M006AT,20,328.897,KEMET,CAP TANT POLY 140UF 6V AXIAL
T550B827M006AT,20,328.897,KEMET,CAP TANT POLY 820UF 6V AXIAL
T550B227M008AT,20,328.897,KEMET,CAP TANT POLY 220UF 8V AXIAL
T550B687M008AT,20,328.897,KEMET,CAP TANT POLY 680UF 8V AXIAL
T550B107M010AT,20,328.897,KEMET,CAP TANT POLY 100UF 10V AXIAL
T550B187M010AT,20,328.897,KEMET,CAP TANT POLY 180UF 10V AXIAL
T550B567M010AT,20,328.897,KEMET,CAP TANT POLY 560UF 10V AXIAL
T550B706M015AT,20,328.897,KEMET,CAP TANT POLY 70UF 15V AXIAL
T550B127M015AT,20,328.897,KEMET,CAP TANT POLY 120UF 15V AXIAL
T550B397M015AT,20,328.897,KEMET,CAP TANT POLY 390UF 15V AXIAL
T550B506M025AT,20,328.897,KEMET,CAP TANT POLY 50UF 25V AXIAL
T550B107M025AT,20,328.897,KEMET,CAP TANT POLY 100UF 25V AXIAL
T550B406M030AT,20,328.897,KEMET,CAP TANT POLY 40UF 30V AXIAL
T550B686M030AT,20,328.897,KEMET,CAP TANT POLY 68UF 30V AXIAL
T550B107M040AT,20,328.897,KEMET,CAP TANT POLY 100UF 40V AXIAL
T550B127M040AT,20,328.897,KEMET,CAP TANT POLY 120UF 40V AXIAL
T550B256M050AT,20,328.897,KEMET,CAP TANT POLY 25UF 50V AXIAL
T550B476M050AT,20,328.897,KEMET,CAP TANT POLY 47UF 50V AXIAL
T550B396M060AT,20,328.897,KEMET,CAP TANT POLY 39UF 60V AXIAL
T550B107M060AT0100,20,328.897,KEMET,CAP TANT POLY 100UF 60V AXIAL
T550B256M100AT0100,20,328.897,KEMET,CAP TANT POLY 25UF 100V AXIAL
T550B756M075AT0100,20,328.897,KEMET,CAP TANT POLY 75UF 75V AXIAL
13030-05KASLT,1,,KEMET,CAP TANT POLY 120UF 50V AXIAL
T551B147M006AT,23,366.26522,KEMET,CAP TANT POLY 140UF 6.3V AXIAL
T551B827M006AT,23,366.26522,KEMET,CAP TANT POLY 820UF 6.3V AXIAL
T551B227M008AT,23,366.26522,KEMET,CAP TANT POLY 220UF 8V AXIAL
T551B687M008AT,23,366.26522,KEMET,CAP TANT POLY 680UF 8V AXIAL
T551B107M010AT,23,366.26522,KEMET,CAP TANT POLY 100UF 10V AXIAL
T551B187M010AT,23,366.26522,KEMET,CAP TANT POLY 180UF 10V AXIAL
T551B567M010AT,23,366.26522,KEMET,CAP TANT POLY 560UF 10V AXIAL
T551B706M015AT,23,366.26522,KEMET,CAP TANT POLY 70UF 15V AXIAL
T551B127M015AT,23,366.26522,KEMET,CAP TANT POLY 120UF 15V AXIAL
T551B397M015AT,23,366.26522,KEMET,CAP TANT POLY 390UF 15V AXIAL
T551B506M025AT,23,366.26522,KEMET,CAP TANT POLY 50UF 25V AXIAL
T551B107M025AT,23,366.26522,KEMET,CAP TANT POLY 100UF 25V AXIAL
T551B406M030AT,23,366.26522,KEMET,CAP TANT POLY 40UF 30V AXIAL
T551B686M030AT,23,366.26522,KEMET,CAP TANT POLY 68UF 30V AXIAL
T551B107M040AT,23,366.26522,KEMET,CAP TANT POLY 100UF 40V AXIAL
T551B127M040AT,23,366.26522,KEMET,CAP TANT POLY 120UF 40V AXIAL
T551B256M050AT,23,366.26522,KEMET,CAP TANT POLY 25UF 50V AXIAL
T551B476M050AT,23,366.26522,KEMET,CAP TANT POLY 47UF 50V AXIAL
T551B107M050AT,23,366.26522,KEMET,CAP TANT POLY 100UF 50V AXIAL
T551B127M050AT,23,366.26522,KEMET,CAP TANT POLY 120UF 50V AXIAL
T551B396M060AT,23,366.26522,KEMET,CAP TANT POLY 39UF 60V AXIAL
T550B147K006AT,20,338.7335,KEMET,CAP TANT POLY 140UF 6V AXIAL
T550B827K006AT,20,338.7335,KEMET,CAP TANT POLY 820UF 6V AXIAL
T550B227K008AT,20,338.7335,KEMET,CAP TANT POLY 220UF 8V AXIAL
T550B687K008AT,20,338.7335,KEMET,CAP TANT POLY 680UF 8V AXIAL
T550B107K010AT,20,338.7335,KEMET,CAP TANT POLY 100UF 10V AXIAL
T550B187K010AT,20,338.7335,KEMET,CAP TANT POLY 180UF 10V AXIAL
T550B567K010AT,20,338.7335,KEMET,CAP TANT POLY 560UF 10V AXIAL
T550B706K015AT,20,338.7335,KEMET,CAP TANT POLY 70UF 15V AXIAL
T550B127K015AT,20,338.7335,KEMET,CAP TANT POLY 120UF 15V AXIAL
T550B397K015AT,20,338.7335,KEMET,CAP TANT POLY 390UF 15V AXIAL
T550B506K025AT,20,338.7335,KEMET,CAP TANT POLY 50UF 25V AXIAL
T550B406K030AT,20,338.7335,KEMET,CAP TANT POLY 40UF 30V AXIAL
T550B686K030AT,20,338.7335,KEMET,CAP TANT POLY 68UF 30V AXIAL
T550B127K040AT,20,338.7335,KEMET,CAP TANT POLY 120UF 40V AXIAL
T550B256K050AT,20,338.7335,KEMET,CAP TANT POLY 25UF 50V AXIAL
T550B476K050AT,20,338.7335,KEMET,CAP TANT POLY 47UF 50V AXIAL
T550B107K050AT,20,338.7335,KEMET,CAP TANT POLY 100UF 50V AXIAL
T550B206K060AT,20,338.7335,KEMET,CAP TANT POLY 20UF 60V AXIAL
T550B396K060AT,20,338.7335,KEMET,CAP TANT POLY 39UF 60V AXIAL
T550B107K060AT0100,20,338.7335,KEMET,CAP TANT POLY 100UF 60V AXIAL
T550B756K075AT0100,20,338.7335,KEMET,CAP TANT POLY 75UF 75V AXIAL
T555B147M006AT,100,369.2731,KEMET,CAP TANT POLY 140UF 6.3V SMD
T555B227M008AT,100,369.2731,KEMET,CAP TANT POLY 220UF 8V SMD
T555B687M008AT,100,369.2731,KEMET,CAP TANT POLY 680UF 8V SMD
T555B107M010AT,100,369.2731,KEMET,CAP TANT POLY 100UF 10V SMD
T555B187M010AT,100,369.2731,KEMET,CAP TANT POLY 180UF 10V SMD
T555B567M010AT,100,369.2731,KEMET,CAP TANT POLY 560UF 10V SMD
T555B706M015AT,100,369.2731,KEMET,CAP TANT POLY 70UF 15V SMD
T555B127M015AT,100,369.2731,KEMET,CAP TANT POLY 120UF 15V SMD
T555B397M015AT,100,369.2731,KEMET,CAP TANT POLY 390UF 15V SMD
T555B506M025AT,100,369.2731,KEMET,CAP TANT POLY 50UF 25V SMD
T555B107M025AT,100,369.2731,KEMET,CAP TANT POLY 100UF 25V SMD
T555B406M030AT,100,369.2731,KEMET,CAP TANT POLY 40UF 30V SMD
T555B686M030AT,100,369.2731,KEMET,CAP TANT POLY 68UF 30V SMD
T555B107M040AT,100,369.2731,KEMET,CAP TANT POLY 100UF 40V SMD
T555B127M040AT,100,369.2731,KEMET,CAP TANT POLY 120UF 40V SMD
T555B256M050AT,100,369.2731,KEMET,CAP TANT POLY 25UF 50V SMD
T555B476M050AT,100,369.2731,KEMET,CAP TANT POLY 47UF 50V SMD
T555B107M050AT,100,369.2731,KEMET,CAP TANT POLY 100UF 50V SMD
T555B127M050AT,100,369.2731,KEMET,CAP TANT POLY 120UF 50V SMD
T555B206M060AT,100,369.2731,KEMET,CAP TANT POLY 20UF 60V SMD
T555B396M060AT,100,369.2731,KEMET,CAP TANT POLY 39UF 60V SMD
T555B756M075AT,100,369.2731,KEMET,CAP TANT POLY 75UF 75V SMD
T555B256M100AT,100,369.2731,KEMET,CAP TANT POLY 25UF 100V SMD
T550B396M060AH4250,20,344.865,KEMET,CAP TANT POLY 39UF 60V AXIAL
T550B396M060AH4251,20,344.865,KEMET,CAP TANT POLY 39UF 60V AXIAL
T550B147M006AT4250,20,345.6465,KEMET,CAP TANT POLY 140UF 6V AXIAL
T550B827M006AT4250,20,345.6465,KEMET,CAP TANT POLY 820UF 6V AXIAL
T550B227M008AT4250,20,345.6465,KEMET,CAP TANT POLY 220UF 8V AXIAL
T550B687M008AT4250,20,345.6465,KEMET,CAP TANT POLY 680UF 8V AXIAL
T550B107M010AT4250,20,345.6465,KEMET,CAP TANT POLY 100UF 10V AXIAL
T550B187M010AT4250,20,345.6465,KEMET,CAP TANT POLY 180UF 10V AXIAL
T550B567M010AT4250,20,345.6465,KEMET,CAP TANT POLY 560UF 10V AXIAL
T550B706M015AT4250,20,345.6465,KEMET,CAP TANT POLY 70UF 15V AXIAL
T550B127M015AT4250,20,345.6465,KEMET,CAP TANT POLY 120UF 15V AXIAL
T550B397M015AT4250,20,345.6465,KEMET,CAP TANT POLY 390UF 15V AXIAL
T550B506M025AT4250,20,345.6465,KEMET,CAP TANT POLY 50UF 25V AXIAL
T550B107M025AT4250,20,345.6465,KEMET,CAP TANT POLY 100UF 25V AXIAL
T550B406M030AT4250,20,345.6465,KEMET,CAP TANT POLY 40UF 30V AXIAL
T550B686M030AT4250,20,345.6465,KEMET,CAP TANT POLY 68UF 30V AXIAL
T550B107M040AT4250,20,345.6465,KEMET,CAP TANT POLY 100UF 40V AXIAL
T550B127M040AT4250,20,345.6465,KEMET,CAP TANT POLY 120UF 40V AXIAL
T550B256M050AT4250,20,345.6465,KEMET,CAP TANT POLY 25UF 50V AXIAL
T550B476M050AT4250,20,345.6465,KEMET,CAP TANT POLY 47UF 50V AXIAL
T550B107M050AT4250,20,345.6465,KEMET,CAP TANT POLY 100UF 50V AXIAL
T550B127M050AT4250,20,345.6465,KEMET,CAP TANT POLY 120UF 50V AXIAL
T550B206M060AT4250,20,345.6465,KEMET,CAP TANT POLY 20UF 60V AXIAL
T550B396M060AT4250,20,345.6465,KEMET,CAP TANT POLY 39UF 60V AXIAL
T550B107M060AT4250,20,345.6465,KEMET,CAP TANT POLY 100UF 60V AXIAL
T550B756M075AT4250,20,345.6465,KEMET,CAP TANT POLY 75UF 75V AXIAL
T550B107M060TH4251,20,347.094,KEMET,CAP TANT POLY 100UF 60V AXIAL
T550B107M060TH42510100,20,347.094,KEMET,CAP TANT POLY 100UF 60V AXIAL
T550B107M060TH4252,20,347.094,KEMET,CAP TANT POLY 100UF 60V AXIAL
T550B107M060TH42520100,20,347.094,KEMET,CAP TANT POLY 100UF 60V AXIAL
T550B256M100TH4251,20,347.094,KEMET,CAP TANT POLY 25UF 100V AXIAL
T550B256M100TH42510100,20,347.094,KEMET,CAP TANT POLY 25UF 100V AXIAL
T550B256M100TH4252,20,347.094,KEMET,CAP TANT POLY 25UF 100V AXIAL
T550B256M100TH42520100,20,347.094,KEMET,CAP TANT POLY 25UF 100V AXIAL
T550B756M075TH4251,20,347.094,KEMET,CAP TANT POLY 75UF 75V AXIAL
T550B756M075TH42510100,20,347.094,KEMET,CAP TANT POLY 75UF 75V AXIAL
T550B756M075TH42520100,20,347.094,KEMET,CAP TANT POLY 75UF 75V AXIAL
T555B147K006AT,100,378.7913,KEMET,CAP TANT POLY 140UF 6.3V SMD
T555B227K008AT,100,378.7913,KEMET,CAP TANT POLY 220UF 8V SMD
T555B687K008AT,100,378.7913,KEMET,CAP TANT POLY 680UF 8V SMD
T555B107K010AT,100,378.7913,KEMET,CAP TANT POLY 100UF 10V SMD
T555B187K010AT,100,378.7913,KEMET,CAP TANT POLY 180UF 10V SMD
T555B567K010AT,100,378.7913,KEMET,CAP TANT POLY 560UF 10V SMD
T555B706K015AT,100,378.7913,KEMET,CAP TANT POLY 70UF 15V SMD
T555B127K015AT,100,378.7913,KEMET,CAP TANT POLY 120UF 15V SMD
T555B397K015AT,100,378.7913,KEMET,CAP TANT POLY 390UF 15V SMD
T555B107K025AT,100,378.7913,KEMET,CAP TANT POLY 100UF 25V SMD
T555B406K030AT,100,378.7913,KEMET,CAP TANT POLY 40UF 30V SMD
T555B686K030AT,100,378.7913,KEMET,CAP TANT POLY 68UF 30V SMD
T555B107K040AT,100,378.7913,KEMET,CAP TANT POLY 100UF 40V SMD
T555B127K040AT,100,378.7913,KEMET,CAP TANT POLY 120UF 40V SMD
T555B256K050AT,100,378.7913,KEMET,CAP TANT POLY 25UF 50V SMD
T555B476K050AT,100,378.7913,KEMET,CAP TANT POLY 47UF 50V SMD
T555B206K060AT,100,378.7913,KEMET,CAP TANT POLY 20UF 60V SMD
T555B396K060AT,100,378.7913,KEMET,CAP TANT POLY 39UF 60V SMD
T551B147K006AT,22,378.96818,KEMET,CAP TANT POLY 140UF 6.3V AXIAL
T551B827K006AT,22,378.96818,KEMET,CAP TANT POLY 820UF 6.3V AXIAL
T551B227K008AT,22,378.96818,KEMET,CAP TANT POLY 220UF 8V AXIAL
T551B687K008AT,22,378.96818,KEMET,CAP TANT POLY 680UF 8V AXIAL
T551B107K010AT,22,378.96818,KEMET,CAP TANT POLY 100UF 10V AXIAL
T551B187K010AT,22,378.96818,KEMET,CAP TANT POLY 180UF 10V AXIAL
T551B567K010AT,22,378.96818,KEMET,CAP TANT POLY 560UF 10V AXIAL
T551B706K015AT,22,378.96818,KEMET,CAP TANT POLY 70UF 15V AXIAL
T551B127K015AT,22,378.96818,KEMET,CAP TANT POLY 120UF 15V AXIAL
T551B397K015AT,22,378.96818,KEMET,CAP TANT POLY 390UF 15V AXIAL
T551B506K025AT,22,378.96818,KEMET,CAP TANT POLY 50UF 25V AXIAL
T551B107K025AT,22,378.96818,KEMET,CAP TANT POLY 100UF 25V AXIAL
T551B406K030AT,22,378.96818,KEMET,CAP TANT POLY 40UF 30V AXIAL
T551B686K030AT,22,378.96818,KEMET,CAP TANT POLY 68UF 30V AXIAL
T551B256K050AT,22,378.96818,KEMET,CAP TANT POLY 25UF 50V AXIAL
T551B107K050AT,22,378.96818,KEMET,CAP TANT POLY 100UF 50V AXIAL
T551B127K050AT,22,378.96818,KEMET,CAP TANT POLY 120UF 50V AXIAL
T551B206K060AT,22,378.96818,KEMET,CAP TANT POLY 20UF 60V AXIAL
T551B396K060AT,22,378.96818,KEMET,CAP TANT POLY 39UF 60V AXIAL
T550B756K075TH4251,1,,KEMET,CAP TANT POLY 75UF 75V AXIAL
T556B147M006AT,100,381.1698,KEMET,CAP TANT POLY 140UF 6.3V SMD
T556B227M008AT,100,381.1698,KEMET,CAP TANT POLY 220UF 8V SMD
T556B687M008AT,100,381.1698,KEMET,CAP TANT POLY 680UF 8V SMD
T556B107M010AT,100,381.1698,KEMET,CAP TANT POLY 100UF 10V SMD
T556B187M010AT,100,381.1698,KEMET,CAP TANT POLY 180UF 10V SMD
T556B567M010AT,100,381.1698,KEMET,CAP TANT POLY 560UF 10V SMD
T556B706M015AT,100,381.1698,KEMET,CAP TANT POLY 70UF 15V SMD
T556B127M015AT,100,381.1698,KEMET,CAP TANT POLY 120UF 15V SMD
T556B397M015AT,100,381.1698,KEMET,CAP TANT POLY 390UF 15V SMD
T556B506M025AT,100,381.1698,KEMET,CAP TANT POLY 50UF 25V SMD
T556B107M025AT,100,381.1698,KEMET,CAP TANT POLY 100UF 25V SMD
T556B406M030AT,100,381.1698,KEMET,CAP TANT POLY 40UF 30V SMD
T556B686M030AT,100,381.1698,KEMET,CAP TANT POLY 68UF 30V SMD
T556B107M040AT,100,381.1698,KEMET,CAP TANT POLY 100UF 40V SMD
T556B127M040AT,100,381.1698,KEMET,CAP TANT POLY 120UF 40V SMD
T556B256M050AT,100,381.1698,KEMET,CAP TANT POLY 25UF 50V SMD
T556B476M050AT,100,381.1698,KEMET,CAP TANT POLY 47UF 50V SMD
T556B107M050AT,100,381.1698,KEMET,CAP TANT POLY 100UF 50V SMD
T556B127M050AT,100,381.1698,KEMET,CAP TANT POLY 120UF 50V SMD
T556B206M060AT,100,381.1698,KEMET,CAP TANT POLY 20UF 60V SMD
T556B396M060AT,100,381.1698,KEMET,CAP TANT POLY 39UF 60V SMD
T550B147K006AT4250,20,355.4375,KEMET,CAP TANT POLY 140UF 6V AXIAL
T550B827K006AT4250,20,355.4375,KEMET,CAP TANT POLY 820UF 6V AXIAL
T550B227K008AT4250,20,355.4375,KEMET,CAP TANT POLY 220UF 8V AXIAL
T550B687K008AT4250,20,355.4375,KEMET,CAP TANT POLY 680UF 8V AXIAL
T550B107K010AT4250,20,355.4375,KEMET,CAP TANT POLY 100UF 10V AXIAL
T550B187K010AT4250,20,355.4375,KEMET,CAP TANT POLY 180UF 10V AXIAL
T550B567K010AT4250,20,355.4375,KEMET,CAP TANT POLY 560UF 10V AXIAL
T550B706K015AT4250,20,355.4375,KEMET,CAP TANT POLY 70UF 15V AXIAL
T550B127K015AT4250,20,355.4375,KEMET,CAP TANT POLY 120UF 15V AXIAL
T550B397K015AT4250,20,355.4375,KEMET,CAP TANT POLY 390UF 15V AXIAL
T550B506K025AT4250,20,355.4375,KEMET,CAP TANT POLY 50UF 25V AXIAL
T550B107K025AT4250,20,355.4375,KEMET,CAP TANT POLY 100UF 25V AXIAL
T550B406K030AT4250,20,355.4375,KEMET,CAP TANT POLY 40UF 30V AXIAL
T550B686K030AT4250,20,355.4375,KEMET,CAP TANT POLY 68UF 30V AXIAL
T550B107K040AT4250,20,355.4375,KEMET,CAP TANT POLY 100UF 40V AXIAL
T550B127K040AT4250,20,355.4375,KEMET,CAP TANT POLY 120UF 40V AXIAL
T550B256K050AT4250,20,355.4375,KEMET,CAP TANT POLY 25UF 50V AXIAL
T550B476K050AT4250,20,355.4375,KEMET,CAP TANT POLY 47UF 50V AXIAL
T550B107K050AT4250,20,355.4375,KEMET,CAP TANT POLY 100UF 50V AXIAL
T550B127K050AT4250,20,355.4375,KEMET,CAP TANT POLY 120UF 50V AXIAL
T550B206K060AT4250,20,355.4375,KEMET,CAP TANT POLY 20UF 60V AXIAL
T550B396K060AT4250,20,355.4375,KEMET,CAP TANT POLY 39UF 60V AXIAL
T550B107K060AT4250,20,355.4375,KEMET,CAP TANT POLY 100UF 60V AXIAL
T550B756K075AT4250,20,355.4375,KEMET,CAP TANT POLY 75UF 75V AXIAL
T555B337M035AT,1,,KEMET,CAP TANT POLY 330UF 35V SMD
T550B107K060TH4251,20,359.3285,KEMET,CAP TANT POLY 100UF 60V AXIAL
T550B107K060TH42520100,20,359.3285,KEMET,CAP TANT POLY 100UF 60V AXIAL
T550B256K100TH4251,20,359.3285,KEMET,CAP TANT POLY 25UF 100V AXIAL
T550B256K100TH42510100,20,359.3285,KEMET,CAP TANT POLY 25UF 100V AXIAL
T550B256K100TH42520100,20,359.3285,KEMET,CAP TANT POLY 25UF 100V AXIAL
T550B756K075TH42520100,20,359.3285,KEMET,CAP TANT POLY 75UF 75V AXIAL
T556B147K006AT,100,391.317,KEMET,CAP TANT POLY 140UF 6.3V SMD
T556B227K008AT,100,391.317,KEMET,CAP TANT POLY 220UF 8V SMD
T556B687K008AT,100,391.317,KEMET,CAP TANT POLY 680UF 8V SMD
T556B107K010AT,100,391.317,KEMET,CAP TANT POLY 100UF 10V SMD
T556B187K010AT,100,391.317,KEMET,CAP TANT POLY 180UF 10V SMD
T556B567K010AT,100,391.317,KEMET,CAP TANT POLY 560UF 10V SMD
T556B706K015AT,100,391.317,KEMET,CAP TANT POLY 70UF 15V SMD
T556B127K015AT,100,391.317,KEMET,CAP TANT POLY 120UF 15V SMD
T556B397K015AT,100,391.317,KEMET,CAP TANT POLY 390UF 15V SMD
T556B506K025AT,100,391.317,KEMET,CAP TANT POLY 50UF 25V SMD
T556B107K025AT,100,391.317,KEMET,CAP TANT POLY 100UF 25V SMD
T556B406K030AT,100,391.317,KEMET,CAP TANT POLY 40UF 30V SMD
T556B686K030AT,100,391.317,KEMET,CAP TANT POLY 68UF 30V SMD
T556B107K040AT,100,391.317,KEMET,CAP TANT POLY 100UF 40V SMD
T556B127K040AT,100,391.317,KEMET,CAP TANT POLY 120UF 40V SMD
T556B476K050AT,100,391.317,KEMET,CAP TANT POLY 47UF 50V SMD
T556B127K050AT,100,391.317,KEMET,CAP TANT POLY 120UF 50V SMD
T556B206K060AT,100,391.317,KEMET,CAP TANT POLY 20UF 60V SMD
T556B396K060AT,100,391.317,KEMET,CAP TANT POLY 39UF 60V SMD
T550B147M006AT4251,20,362.326,KEMET,CAP TANT POLY 140UF 6V AXIAL
T550B827M006AT4251,20,362.326,KEMET,CAP TANT POLY 820UF 6V AXIAL
T550B227M008AT4251,20,362.326,KEMET,CAP TANT POLY 220UF 8V AXIAL
T550B687M008AT4251,20,362.326,KEMET,CAP TANT POLY 680UF 8V AXIAL
T550B107M010AT4251,20,362.326,KEMET,CAP TANT POLY 100UF 10V AXIAL
T550B187M010AT4251,20,362.326,KEMET,CAP TANT POLY 180UF 10V AXIAL
T550B567M010AT4251,20,362.326,KEMET,CAP TANT POLY 560UF 10V AXIAL
T550B706M015AT4251,20,362.326,KEMET,CAP TANT POLY 70UF 15V AXIAL
T550B127M015AT4251,20,362.326,KEMET,CAP TANT POLY 120UF 15V AXIAL
T550B397M015AT4251,20,362.326,KEMET,CAP TANT POLY 390UF 15V AXIAL
T550B506M025AT4251,20,362.326,KEMET,CAP TANT POLY 50UF 25V AXIAL
T550B107M025AT4251,20,362.326,KEMET,CAP TANT POLY 100UF 25V AXIAL
T550B406M030AT4251,20,362.326,KEMET,CAP TANT POLY 40UF 30V AXIAL
T550B686M030AT4251,20,362.326,KEMET,CAP TANT POLY 68UF 30V AXIAL
T550B107M040AT4251,20,362.326,KEMET,CAP TANT POLY 100UF 40V AXIAL
T550B127M040AT4251,20,362.326,KEMET,CAP TANT POLY 120UF 40V AXIAL
T550B256M050AT4251,20,362.326,KEMET,CAP TANT POLY 25UF 50V AXIAL
T550B476M050AT4251,20,362.326,KEMET,CAP TANT POLY 47UF 50V AXIAL
T550B107M050AT4251,20,362.326,KEMET,CAP TANT POLY 100UF 50V AXIAL
T550B127M050AT4251,20,362.326,KEMET,CAP TANT POLY 120UF 50V AXIAL
T550B206M060AT4251,20,362.326,KEMET,CAP TANT POLY 20UF 60V AXIAL
T550B396M060AT4251,20,362.326,KEMET,CAP TANT POLY 39UF 60V AXIAL
T550B107M060AT4251,20,362.326,KEMET,CAP TANT POLY 100UF 60V AXIAL
T550B756M075AT4251,20,362.326,KEMET,CAP TANT POLY 75UF 75V AXIAL
T550B107M060AT42510100,20,362.326,KEMET,CAP TANT POLY 100UF 60V AXIAL
T550B107M060AT4252,20,362.326,KEMET,CAP TANT POLY 100UF 60V AXIAL
T550B107M060AT42520100,20,362.326,KEMET,CAP TANT POLY 100UF 60V AXIAL
T550B256M100AT4251,20,362.326,KEMET,CAP TANT POLY 25UF 100V AXIAL
T550B256M100AT42510100,20,362.326,KEMET,CAP TANT POLY 25UF 100V AXIAL
T550B256M100AT4252,20,362.326,KEMET,CAP TANT POLY 25UF 100V AXIAL
T550B256M100AT42520100,20,362.326,KEMET,CAP TANT POLY 25UF 100V AXIAL
T550B756M075AT42510100,20,362.326,KEMET,CAP TANT POLY 75UF 75V AXIAL
T550B756M075AT4252,20,362.326,KEMET,CAP TANT POLY 75UF 75V AXIAL
T550B756M075AT42520100,20,362.326,KEMET,CAP TANT POLY 75UF 75V AXIAL
T555B337K035AT,1,,KEMET,CAP TANT POLY 330UF 35V SMD
T555B107K050AT,1,,KEMET,CAP TANT POLY 100UF 50V SMD
T555B107K060AT,1,,KEMET,CAP TANT POLY 100UF 60V SMD
T555B756K075AT,1,,KEMET,CAP TANT POLY 75UF 75V SMD
T550B107M050AT,1,,KEMET,CAP TANT POLY 100UF 50V AXIAL
T550B107M060AT,1,,KEMET,CAP TANT POLY 100UF 60V AXIAL
T555B187K010AH,1,,KEMET,CAP TANT POLY 180UF 10V SMD
T550B147K006AT4251,20,372.08,KEMET,CAP TANT POLY 140UF 6V AXIAL
T550B827K006AT4251,20,372.08,KEMET,CAP TANT POLY 820UF 6V AXIAL
T550B227K008AT4251,20,372.08,KEMET,CAP TANT POLY 220UF 8V AXIAL
T550B687K008AT4251,20,372.08,KEMET,CAP TANT POLY 680UF 8V AXIAL
T550B107K010AT4251,20,372.08,KEMET,CAP TANT POLY 100UF 10V AXIAL
T550B187K010AT4251,20,372.08,KEMET,CAP TANT POLY 180UF 10V AXIAL
T550B567K010AT4251,20,372.08,KEMET,CAP TANT POLY 560UF 10V AXIAL
T550B706K015AT4251,20,372.08,KEMET,CAP TANT POLY 70UF 15V AXIAL
T550B127K015AT4251,20,372.08,KEMET,CAP TANT POLY 120UF 15V AXIAL
T550B397K015AT4251,20,372.08,KEMET,CAP TANT POLY 390UF 15V AXIAL
T550B506K025AT4251,20,372.08,KEMET,CAP TANT POLY 50UF 25V AXIAL
T550B107K025AT4251,20,372.08,KEMET,CAP TANT POLY 100UF 25V AXIAL
T550B406K030AT4251,20,372.08,KEMET,CAP TANT POLY 40UF 30V AXIAL
T550B686K030AT4251,20,372.08,KEMET,CAP TANT POLY 68UF 30V AXIAL
T550B127K040AT4251,20,372.08,KEMET,CAP TANT POLY 120UF 40V AXIAL
T550B256K050AT4251,20,372.08,KEMET,CAP TANT POLY 25UF 50V AXIAL
T550B476K050AT4251,20,372.08,KEMET,CAP TANT POLY 47UF 50V AXIAL
T550B107K050AT4251,20,372.08,KEMET,CAP TANT POLY 100UF 50V AXIAL
T550B206K060AT4251,20,372.08,KEMET,CAP TANT POLY 20UF 60V AXIAL
T550B396K060AT4251,20,372.08,KEMET,CAP TANT POLY 39UF 60V AXIAL
T550B756K075AT4251,20,372.08,KEMET,CAP TANT POLY 75UF 75V AXIAL
T550B107K060AT42510100,20,372.08,KEMET,CAP TANT POLY 100UF 60V AXIAL
T550B107K060AT4252,20,372.08,KEMET,CAP TANT POLY 100UF 60V AXIAL
T550B107K060AT42520100,20,372.08,KEMET,CAP TANT POLY 100UF 60V AXIAL
T550B756K075AT42510100,20,372.08,KEMET,CAP TANT POLY 75UF 75V AXIAL
T550B756K075AT4252,20,372.08,KEMET,CAP TANT POLY 75UF 75V AXIAL
T550B756K075AT42520100,20,372.08,KEMET,CAP TANT POLY 75UF 75V AXIAL
T551B147M006AT4251,20,406.941,KEMET,CAP TANT POLY 140UF 6.3V AXIAL
T551B827M006AT4251,20,406.941,KEMET,CAP TANT POLY 820UF 6.3V AXIAL
T551B227M008AT4251,20,406.941,KEMET,CAP TANT POLY 220UF 8V AXIAL
T551B687M008AT4251,20,406.941,KEMET,CAP TANT POLY 680UF 8V AXIAL
T551B107M010AT4251,20,406.941,KEMET,CAP TANT POLY 100UF 10V AXIAL
T551B187M010AT4251,20,406.941,KEMET,CAP TANT POLY 180UF 10V AXIAL
T551B567M010AT4251,20,406.941,KEMET,CAP TANT POLY 560UF 10V AXIAL
T551B706M015AT4251,20,406.941,KEMET,CAP TANT POLY 70UF 15V AXIAL
T551B127M015AT4251,20,406.941,KEMET,CAP TANT POLY 120UF 15V AXIAL
T551B397M015AT4251,20,406.941,KEMET,CAP TANT POLY 390UF 15V AXIAL
T551B506M025AT4251,20,406.941,KEMET,CAP TANT POLY 50UF 25V AXIAL
T551B107M025AT4251,20,406.941,KEMET,CAP TANT POLY 100UF 25V AXIAL
T551B406M030AT4251,20,406.941,KEMET,CAP TANT POLY 40UF 30V AXIAL
T551B686M030AT4251,20,406.941,KEMET,CAP TANT POLY 68UF 30V AXIAL
T551B107M040AT4251,20,406.941,KEMET,CAP TANT POLY 100UF 40V AXIAL
T551B127M040AT4251,20,406.941,KEMET,CAP TANT POLY 120UF 40V AXIAL
T551B256M050AT4251,20,406.941,KEMET,CAP TANT POLY 25UF 50V AXIAL
T551B476M050AT4251,20,406.941,KEMET,CAP TANT POLY 47UF 50V AXIAL
T551B107M050AT4251,20,406.941,KEMET,CAP TANT POLY 100UF 50V AXIAL
T551B127M050AT4251,20,406.941,KEMET,CAP TANT POLY 120UF 50V AXIAL
T551B206M060AT4251,20,406.941,KEMET,CAP TANT POLY 20UF 60V AXIAL
T551B396M060AT4251,20,406.941,KEMET,CAP TANT POLY 39UF 60V AXIAL
T551B107M060AT4251,20,406.941,KEMET,CAP TANT POLY 100UF 60V AXIAL
T556B107K060AT,1,,KEMET,CAP TANT POLY 100UF 60V SMD
T550B756K075AT,1,,KEMET,CAP TANT POLY 75UF 75V AXIAL
T551B107M060AT,1,,KEMET,CAP TANT POLY 100UF 60V AXIAL
T551B147K006AT4251,19,420.07789,KEMET,CAP TANT POLY 140UF 6.3V AXIAL
T551B827K006AT4251,19,420.07789,KEMET,CAP TANT POLY 820UF 6.3V AXIAL
T551B227K008AT4251,19,420.07789,KEMET,CAP TANT POLY 220UF 8V AXIAL
T551B687K008AT4251,19,420.07789,KEMET,CAP TANT POLY 680UF 8V AXIAL
T551B107K010AT4251,19,420.07789,KEMET,CAP TANT POLY 100UF 10V AXIAL
T551B187K010AT4251,19,420.07789,KEMET,CAP TANT POLY 180UF 10V AXIAL
T551B567K010AT4251,19,420.07789,KEMET,CAP TANT POLY 560UF 10V AXIAL
T551B706K015AT4251,19,420.07789,KEMET,CAP TANT POLY 70UF 15V AXIAL
T551B127K015AT4251,19,420.07789,KEMET,CAP TANT POLY 120UF 15V AXIAL
T551B506K025AT4251,19,420.07789,KEMET,CAP TANT POLY 50UF 25V AXIAL
T551B107K025AT4251,19,420.07789,KEMET,CAP TANT POLY 100UF 25V AXIAL
T551B406K030AT4251,19,420.07789,KEMET,CAP TANT POLY 40UF 30V AXIAL
T551B686K030AT4251,19,420.07789,KEMET,CAP TANT POLY 68UF 30V AXIAL
T551B107K040AT4251,19,420.07789,KEMET,CAP TANT POLY 100UF 40V AXIAL
T551B127K040AT4251,19,420.07789,KEMET,CAP TANT POLY 120UF 40V AXIAL
T551B256K050AT4251,19,420.07789,KEMET,CAP TANT POLY 25UF 50V AXIAL
T551B107K050AT4251,19,420.07789,KEMET,CAP TANT POLY 100UF 50V AXIAL
T551B127K050AT4251,19,420.07789,KEMET,CAP TANT POLY 120UF 50V AXIAL
T551B206K060AT4251,19,420.07789,KEMET,CAP TANT POLY 20UF 60V AXIAL
T551B396K060AT4251,19,420.07789,KEMET,CAP TANT POLY 39UF 60V AXIAL
T551B107K060AT4251,19,420.07789,KEMET,CAP TANT POLY 100UF 60V AXIAL
T550B396M060AH,1,,KEMET,CAP TANT POLY 39UF 60V AXIAL
T550B756M075TH4252,1,,KEMET,CAP TANT POLY 75UF 75V AXIAL
T556B396K060AH,1,,KEMET,CAP TANT POLY 39UF 60V SMD
T556B756M075AH,1,,KEMET,CAP TANT POLY 75UF 75V SMD
T550B127K050AT4251,1,,KEMET,CAP TANT POLY 120UF 50V AXIAL
T551B107K060AH4251,1,,KEMET,CAP TANT POLY 100UF 60V AXIAL
T551B756K075AH,1,,KEMET,CAP TANT POLY 75UF 75V AXIAL
T550B756K075TH,1,,KEMET,CAP TANT POLY 75UF 75V AXIAL
T550B256K100AT0100,20,518.962,KEMET,CAP TANT POLY 25UF 100V AXIAL
T550B256K100AT4251,20,518.962,KEMET,CAP TANT POLY 25UF 100V AXIAL
T550B256K100AT42510100,20,518.962,KEMET,CAP TANT POLY 25UF 100V AXIAL
T550B256K100AT4252,20,518.962,KEMET,CAP TANT POLY 25UF 100V AXIAL
T550B256K100AT42520100,20,518.962,KEMET,CAP TANT POLY 25UF 100V AXIAL
T550B256K100AT,1,,KEMET,CAP TANT POLY 25UF 100V AXIAL
T530D227M010AH4667,500,566.30978,KEMET,220.UF 10.0V
T555B506K025AT,1,,KEMET,CAP TANT POLY 50UF 25V SMD
T530D157M010AH4667,3,611.54333,KEMET,150.UF 10.0V
T530X477M006AH4667,2,829.66,KEMET,470.UF  6.0V
T530X337M010AH4667,2,847.07,KEMET,330.UF 10.0V
M550B377M075AA,1,,KEMET,CAP TANT POLY 370UF 75V CHAS MNT
M550B607M050AA,1,,KEMET,CAP TANT POLY 600UF 50V CHAS MNT
M550B127M100AA,1,,KEMET,CAP TANT POLY 120UF 100V CHAS MT
M550B418M006AA,3,2331.35667,KEMET,CAP TANT POLY 4100UF 6V CHAS MNT
M550B418M006AT,3,2331.35667,KEMET,CAP TANT POLY 4100UF 6V CHAS MNT
M550B418M006AH,3,2331.35667,KEMET,CAP TANT POLY 4100UF 6V CHAS MNT
M550B418M006AS,3,2331.35667,KEMET,CAP TANT POLY 4100UF 6V CHAS MNT
M550B418M006AG,3,2331.35667,KEMET,CAP TANT POLY 4100UF 6V CHAS MNT
M551B418M006AA,3,2331.35667,KEMET,CAP TANT POLY 4100UF 6V CHAS MNT
M551B418M006AT,3,2331.35667,KEMET,CAP TANT POLY 4100UF 6V CHAS MNT
M551B418M006AH,3,2331.35667,KEMET,CAP TANT POLY 4100UF 6V CHAS MNT
M551B418M006AS,3,2331.35667,KEMET,CAP TANT POLY 4100UF 6V CHAS MNT
M550B348M008AA,3,2331.35667,KEMET,CAP TANT POLY 3400UF 8V CHAS MNT
M550B348M008AT,3,2331.35667,KEMET,CAP TANT POLY 3400UF 8V CHAS MNT
M550B348M008AH,3,2331.35667,KEMET,CAP TANT POLY 3400UF 8V CHAS MNT
M550B348M008AS,3,2331.35667,KEMET,CAP TANT POLY 3400UF 8V CHAS MNT
M550B348M008AG,3,2331.35667,KEMET,CAP TANT POLY 3400UF 8V CHAS MNT
M551B348M008AA,3,2331.35667,KEMET,CAP TANT POLY 3400UF 8V CHAS MNT
M551B348M008AT,3,2331.35667,KEMET,CAP TANT POLY 3400UF 8V CHAS MNT
M551B348M008AH,3,2331.35667,KEMET,CAP TANT POLY 3400UF 8V CHAS MNT
M551B348M008AS,3,2331.35667,KEMET,CAP TANT POLY 3400UF 8V CHAS MNT
M551B348M008AG,3,2331.35667,KEMET,CAP TANT POLY 3400UF 8V CHAS MNT
M550B228M010AA,3,2331.35667,KEMET,CAP TANT POLY 2200UF 10V CHAS MT
M550B228M010AT,3,2331.35667,KEMET,CAP TANT POLY 2200UF 10V CHAS MT
M550B228M010AH,3,2331.35667,KEMET,CAP TANT POLY 2200UF 10V CHAS MT
M550B228M010AS,3,2331.35667,KEMET,CAP TANT POLY 2200UF 10V CHAS MT
M550B228M010AG,3,2331.35667,KEMET,CAP TANT POLY 2200UF 10V CHAS MT
M551B228M010AA,3,2331.35667,KEMET,CAP TANT POLY 2200UF 10V CHAS MT
M551B228M010AT,3,2331.35667,KEMET,CAP TANT POLY 2200UF 10V CHAS MT
M551B228M010AH,3,2331.35667,KEMET,CAP TANT POLY 2200UF 10V CHAS MT
M551B228M010AS,3,2331.35667,KEMET,CAP TANT POLY 2200UF 10V CHAS MT
M551B228M010AG,3,2331.35667,KEMET,CAP TANT POLY 2200UF 10V CHAS MT
M550B208M015AA,3,2331.35667,KEMET,CAP TANT POLY 2000UF 15V CHAS MT
M550B208M015AT,3,2331.35667,KEMET,CAP TANT POLY 2000UF 15V CHAS MT
M550B208M015AH,3,2331.35667,KEMET,CAP TANT POLY 2000UF 15V CHAS MT
M550B208M015AS,3,2331.35667,KEMET,CAP TANT POLY 2000UF 15V CHAS MT
M550B208M015AG,3,2331.35667,KEMET,CAP TANT POLY 2000UF 15V CHAS MT
M551B208M015AA,3,2331.35667,KEMET,CAP TANT POLY 2000UF 15V CHAS MT
M551B208M015AT,3,2331.35667,KEMET,CAP TANT POLY 2000UF 15V CHAS MT
M551B208M015AH,3,2331.35667,KEMET,CAP TANT POLY 2000UF 15V CHAS MT
M551B208M015AS,3,2331.35667,KEMET,CAP TANT POLY 2000UF 15V CHAS MT
M551B208M015AG,3,2331.35667,KEMET,CAP TANT POLY 2000UF 15V CHAS MT
M550B507M025AA,3,2331.35667,KEMET,CAP TANT POLY 500UF 25V CHAS MNT
M550B507M025AT,3,2331.35667,KEMET,CAP TANT POLY 500UF 25V CHAS MNT
M550B507M025AH,3,2331.35667,KEMET,CAP TANT POLY 500UF 25V CHAS MNT
M550B507M025AS,3,2331.35667,KEMET,CAP TANT POLY 500UF 25V CHAS MNT
M550B507M025AG,3,2331.35667,KEMET,CAP TANT POLY 500UF 25V CHAS MNT
M551B507M025AA,3,2331.35667,KEMET,CAP TANT POLY 500UF 25V CHAS MNT
M551B507M025AT,3,2331.35667,KEMET,CAP TANT POLY 500UF 25V CHAS MNT
M551B507M025AH,3,2331.35667,KEMET,CAP TANT POLY 500UF 25V CHAS MNT
M551B507M025AS,3,2331.35667,KEMET,CAP TANT POLY 500UF 25V CHAS MNT
M551B507M025AG,3,2331.35667,KEMET,CAP TANT POLY 500UF 25V CHAS MNT
M550B347M030AA,3,2331.35667,KEMET,CAP TANT POLY 340UF 30V CHAS MNT
M550B347M030AT,3,2331.35667,KEMET,CAP TANT POLY 340UF 30V CHAS MNT
M550B347M030AH,3,2331.35667,KEMET,CAP TANT POLY 340UF 30V CHAS MNT
M550B347M030AS,3,2331.35667,KEMET,CAP TANT POLY 340UF 30V CHAS MNT
M550B347M030AG,3,2331.35667,KEMET,CAP TANT POLY 340UF 30V CHAS MNT
M551B347M030AA,3,2331.35667,KEMET,CAP TANT POLY 340UF 30V CHAS MNT
M551B347M030AT,3,2331.35667,KEMET,CAP TANT POLY 340UF 30V CHAS MNT
M551B347M030AH,3,2331.35667,KEMET,CAP TANT POLY 340UF 30V CHAS MNT
M551B347M030AS,3,2331.35667,KEMET,CAP TANT POLY 340UF 30V CHAS MNT
M551B347M030AG,3,2331.35667,KEMET,CAP TANT POLY 340UF 30V CHAS MNT
M550B507M040AA,3,2331.35667,KEMET,CAP TANT POLY 500UF 40V CHAS MNT
M550B507M040AT,3,2331.35667,KEMET,CAP TANT POLY 500UF 40V CHAS MNT
M550B507M040AH,3,2331.35667,KEMET,CAP TANT POLY 500UF 40V CHAS MNT
M550B507M040AS,3,2331.35667,KEMET,CAP TANT POLY 500UF 40V CHAS MNT
M550B507M040AG,3,2331.35667,KEMET,CAP TANT POLY 500UF 40V CHAS MNT
M551B507M040AA,3,2331.35667,KEMET,CAP TANT POLY 500UF 40V CHAS MNT
M551B507M040AT,3,2331.35667,KEMET,CAP TANT POLY 500UF 40V CHAS MNT
M551B507M040AS,3,2331.35667,KEMET,CAP TANT POLY 500UF 40V CHAS MNT
M551B507M040AG,3,2331.35667,KEMET,CAP TANT POLY 500UF 40V CHAS MNT
M550B607M040AA,3,2331.35667,KEMET,CAP TANT POLY 600UF 40V CHAS MNT
M550B607M040AT,3,2331.35667,KEMET,CAP TANT POLY 600UF 40V CHAS MNT
M550B607M040AH,3,2331.35667,KEMET,CAP TANT POLY 600UF 40V CHAS MNT
M550B607M040AS,3,2331.35667,KEMET,CAP TANT POLY 600UF 40V CHAS MNT
M550B607M040AG,3,2331.35667,KEMET,CAP TANT POLY 600UF 40V CHAS MNT
M551B607M040AA,3,2331.35667,KEMET,CAP TANT POLY 600UF 40V CHAS MNT
M551B607M040AT,3,2331.35667,KEMET,CAP TANT POLY 600UF 40V CHAS MNT
M551B607M040AH,3,2331.35667,KEMET,CAP TANT POLY 600UF 40V CHAS MNT
M551B607M040AS,3,2331.35667,KEMET,CAP TANT POLY 600UF 40V CHAS MNT
M550B507M050AA,3,2331.35667,KEMET,CAP TANT POLY 500UF 50V CHAS MNT
M550B507M050AT,3,2331.35667,KEMET,CAP TANT POLY 500UF 50V CHAS MNT
M550B507M050AH,3,2331.35667,KEMET,CAP TANT POLY 500UF 50V CHAS MNT
M550B507M050AS,3,2331.35667,KEMET,CAP TANT POLY 500UF 50V CHAS MNT
M550B507M050TH,3,2331.35667,KEMET,CAP TANT POLY 500UF 50V CHAS MNT
M551B507M050AA,3,2331.35667,KEMET,CAP TANT POLY 500UF 50V CHAS MNT
M551B507M050AT,3,2331.35667,KEMET,CAP TANT POLY 500UF 50V CHAS MNT
M551B507M050AH,3,2331.35667,KEMET,CAP TANT POLY 500UF 50V CHAS MNT
M551B507M050AS,3,2331.35667,KEMET,CAP TANT POLY 500UF 50V CHAS MNT
M551B507M050AG,3,2331.35667,KEMET,CAP TANT POLY 500UF 50V CHAS MNT
M550B607M050AT,3,2331.35667,KEMET,CAP TANT POLY 600UF 50V CHAS MNT
M550B607M050AH,3,2331.35667,KEMET,CAP TANT POLY 600UF 50V CHAS MNT
M550B607M050AS,3,2331.35667,KEMET,CAP TANT POLY 600UF 50V CHAS MNT
M550B607M050AG,3,2331.35667,KEMET,CAP TANT POLY 600UF 50V CHAS MNT
M550B607M050BH,3,2331.35667,KEMET,CAP TANT POLY 600UF 50V CHAS MNT
M550B607M050TH,3,2331.35667,KEMET,CAP TANT POLY 600UF 50V CHAS MNT
M551B607M050AA,3,2331.35667,KEMET,CAP TANT POLY 600UF 50V CHAS MNT
M551B607M050AT,3,2331.35667,KEMET,CAP TANT POLY 600UF 50V CHAS MNT
M551B607M050AS,3,2331.35667,KEMET,CAP TANT POLY 600UF 50V CHAS MNT
M551B607M050AG,3,2331.35667,KEMET,CAP TANT POLY 600UF 50V CHAS MNT
M550B507M060AT,3,2331.35667,KEMET,CAP TANT POLY 500UF 60V CHAS MNT
M550B507M060AH,3,2331.35667,KEMET,CAP TANT POLY 500UF 60V CHAS MNT
M550B507M060AS,3,2331.35667,KEMET,CAP TANT POLY 500UF 60V CHAS MNT
M550B507M060AG,3,2331.35667,KEMET,CAP TANT POLY 500UF 60V CHAS MNT
M551B507M060AA,3,2331.35667,KEMET,CAP TANT POLY 500UF 60V CHAS MNT
M551B507M060AT,3,2331.35667,KEMET,CAP TANT POLY 500UF 60V CHAS MNT
M551B507M060AS,3,2331.35667,KEMET,CAP TANT POLY 500UF 60V CHAS MNT
M551B507M060AG,3,2331.35667,KEMET,CAP TANT POLY 500UF 60V CHAS MNT
M550B377M075AT,3,2331.35667,KEMET,CAP TANT POLY 370UF 75V CHAS MNT
M550B377M075AH,3,2331.35667,KEMET,CAP TANT POLY 370UF 75V CHAS MNT
M550B377M075AS,3,2331.35667,KEMET,CAP TANT POLY 370UF 75V CHAS MNT
M550B377M075AG,3,2331.35667,KEMET,CAP TANT POLY 370UF 75V CHAS MNT
M551B377M075AA,3,2331.35667,KEMET,CAP TANT POLY 370UF 75V CHAS MNT
M551B377M075AH,3,2331.35667,KEMET,CAP TANT POLY 370UF 75V CHAS MNT
M551B377M075AS,3,2331.35667,KEMET,CAP TANT POLY 370UF 75V CHAS MNT
M551B377M075AG,3,2331.35667,KEMET,CAP TANT POLY 370UF 75V CHAS MNT
M550B127M100AT,3,2331.35667,KEMET,CAP TANT POLY 120UF 100V CHAS MT
M550B127M100AH,3,2331.35667,KEMET,CAP TANT POLY 120UF 100V CHAS MT
M550B127M100AS,3,2331.35667,KEMET,CAP TANT POLY 120UF 100V CHAS MT
M550B127M100AG,3,2331.35667,KEMET,CAP TANT POLY 120UF 100V CHAS MT
M551B127M100AA,3,2331.35667,KEMET,CAP TANT POLY 120UF 100V CHAS MT
M551B127M100AT,3,2331.35667,KEMET,CAP TANT POLY 120UF 100V CHAS MT
M551B127M100AH,3,2331.35667,KEMET,CAP TANT POLY 120UF 100V CHAS MT
M551B127M100AS,3,2331.35667,KEMET,CAP TANT POLY 120UF 100V CHAS MT
M551B127M100AG,3,2331.35667,KEMET,CAP TANT POLY 120UF 100V CHAS MT
M550B418K006AA,3,2393.77667,KEMET,CAP TANT POLY 4100UF 6V CHAS MNT
M550B418K006AT,3,2393.77667,KEMET,CAP TANT POLY 4100UF 6V CHAS MNT
M550B418K006AH,3,2393.77667,KEMET,CAP TANT POLY 4100UF 6V CHAS MNT
M550B418K006AS,3,2393.77667,KEMET,CAP TANT POLY 4100UF 6V CHAS MNT
M550B418K006AG,3,2393.77667,KEMET,CAP TANT POLY 4100UF 6V CHAS MNT
M551B418K006AA,3,2393.77667,KEMET,CAP TANT POLY 4100UF 6V CHAS MNT
M551B418K006AT,3,2393.77667,KEMET,CAP TANT POLY 4100UF 6V CHAS MNT
M551B418K006AH,3,2393.77667,KEMET,CAP TANT POLY 4100UF 6V CHAS MNT
M551B418K006AS,3,2393.77667,KEMET,CAP TANT POLY 4100UF 6V CHAS MNT
M550B348K008AA,3,2393.77667,KEMET,CAP TANT POLY 3400UF 8V CHAS MNT
M550B348K008AT,3,2393.77667,KEMET,CAP TANT POLY 3400UF 8V CHAS MNT
M550B348K008AH,3,2393.77667,KEMET,CAP TANT POLY 3400UF 8V CHAS MNT
M550B348K008AS,3,2393.77667,KEMET,CAP TANT POLY 3400UF 8V CHAS MNT
M550B348K008AG,3,2393.77667,KEMET,CAP TANT POLY 3400UF 8V CHAS MNT
M551B348K008AA,3,2393.77667,KEMET,CAP TANT POLY 3400UF 8V CHAS MNT
M551B348K008AT,3,2393.77667,KEMET,CAP TANT POLY 3400UF 8V CHAS MNT
M551B348K008AH,3,2393.77667,KEMET,CAP TANT POLY 3400UF 8V CHAS MNT
M551B348K008AS,3,2393.77667,KEMET,CAP TANT POLY 3400UF 8V CHAS MNT
M551B348K008AG,3,2393.77667,KEMET,CAP TANT POLY 3400UF 8V CHAS MNT
M550B228K010AA,3,2393.77667,KEMET,CAP TANT POLY 2200UF 10V CHAS MT
M550B228K010AT,3,2393.77667,KEMET,CAP TANT POLY 2200UF 10V CHAS MT
M550B228K010AH,3,2393.77667,KEMET,CAP TANT POLY 2200UF 10V CHAS MT
M550B228K010AS,3,2393.77667,KEMET,CAP TANT POLY 2200UF 10V CHAS MT
M550B228K010AG,3,2393.77667,KEMET,CAP TANT POLY 2200UF 10V CHAS MT
M551B228K010AA,3,2393.77667,KEMET,CAP TANT POLY 2200UF 10V CHAS MT
M551B228K010AT,3,2393.77667,KEMET,CAP TANT POLY 2200UF 10V CHAS MT
M551B228K010AH,3,2393.77667,KEMET,CAP TANT POLY 2200UF 10V CHAS MT
M551B228K010AS,3,2393.77667,KEMET,CAP TANT POLY 2200UF 10V CHAS MT
M551B228K010AG,3,2393.77667,KEMET,CAP TANT POLY 2200UF 10V CHAS MT
M550B208K015AA,3,2393.77667,KEMET,CAP TANT POLY 2000UF 15V CHAS MT
M550B208K015AT,3,2393.77667,KEMET,CAP TANT POLY 2000UF 15V CHAS MT
M550B208K015AH,3,2393.77667,KEMET,CAP TANT POLY 2000UF 15V CHAS MT
M550B208K015AS,3,2393.77667,KEMET,CAP TANT POLY 2000UF 15V CHAS MT
M550B208K015AG,3,2393.77667,KEMET,CAP TANT POLY 2000UF 15V CHAS MT
M551B208K015AA,3,2393.77667,KEMET,CAP TANT POLY 2000UF 15V CHAS MT
M551B208K015AT,3,2393.77667,KEMET,CAP TANT POLY 2000UF 15V CHAS MT
M551B208K015AH,3,2393.77667,KEMET,CAP TANT POLY 2000UF 15V CHAS MT
M551B208K015AS,3,2393.77667,KEMET,CAP TANT POLY 2000UF 15V CHAS MT
M551B208K015AG,3,2393.77667,KEMET,CAP TANT POLY 2000UF 15V CHAS MT
M550B507K025AA,3,2393.77667,KEMET,CAP TANT POLY 500UF 25V CHAS MNT
M550B507K025AT,3,2393.77667,KEMET,CAP TANT POLY 500UF 25V CHAS MNT
M550B507K025AH,3,2393.77667,KEMET,CAP TANT POLY 500UF 25V CHAS MNT
M550B507K025AS,3,2393.77667,KEMET,CAP TANT POLY 500UF 25V CHAS MNT
M550B507K025AG,3,2393.77667,KEMET,CAP TANT POLY 500UF 25V CHAS MNT
M551B507K025AA,3,2393.77667,KEMET,CAP TANT POLY 500UF 25V CHAS MNT
M551B507K025AT,3,2393.77667,KEMET,CAP TANT POLY 500UF 25V CHAS MNT
M551B507K025AH,3,2393.77667,KEMET,CAP TANT POLY 500UF 25V CHAS MNT
M551B507K025AS,3,2393.77667,KEMET,CAP TANT POLY 500UF 25V CHAS MNT
M551B507K025AG,3,2393.77667,KEMET,CAP TANT POLY 500UF 25V CHAS MNT
M550B347K030AA,3,2393.77667,KEMET,CAP TANT POLY 340UF 30V CHAS MNT
M550B347K030AT,3,2393.77667,KEMET,CAP TANT POLY 340UF 30V CHAS MNT
M550B347K030AH,3,2393.77667,KEMET,CAP TANT POLY 340UF 30V CHAS MNT
M550B347K030AS,3,2393.77667,KEMET,CAP TANT POLY 340UF 30V CHAS MNT
M550B347K030AG,3,2393.77667,KEMET,CAP TANT POLY 340UF 30V CHAS MNT
M551B347K030AA,3,2393.77667,KEMET,CAP TANT POLY 340UF 30V CHAS MNT
M551B347K030AT,3,2393.77667,KEMET,CAP TANT POLY 340UF 30V CHAS MNT
M551B347K030AH,3,2393.77667,KEMET,CAP TANT POLY 340UF 30V CHAS MNT
M551B347K030AS,3,2393.77667,KEMET,CAP TANT POLY 340UF 30V CHAS MNT
M551B347K030AG,3,2393.77667,KEMET,CAP TANT POLY 340UF 30V CHAS MNT
M550B507K040AA,3,2393.77667,KEMET,CAP TANT POLY 500UF 40V CHAS MNT
M550B507K040AT,3,2393.77667,KEMET,CAP TANT POLY 500UF 40V CHAS MNT
M550B507K040AH,3,2393.77667,KEMET,CAP TANT POLY 500UF 40V CHAS MNT
M550B507K040AS,3,2393.77667,KEMET,CAP TANT POLY 500UF 40V CHAS MNT
M550B507K040AG,3,2393.77667,KEMET,CAP TANT POLY 500UF 40V CHAS MNT
M551B507K040AA,3,2393.77667,KEMET,CAP TANT POLY 500UF 40V CHAS MNT
M551B507K040AT,3,2393.77667,KEMET,CAP TANT POLY 500UF 40V CHAS MNT
M551B507K040AH,3,2393.77667,KEMET,CAP TANT POLY 500UF 40V CHAS MNT
M551B507K040AS,3,2393.77667,KEMET,CAP TANT POLY 500UF 40V CHAS MNT
M551B507K040AG,3,2393.77667,KEMET,CAP TANT POLY 500UF 40V CHAS MNT
M550B607K040AA,3,2393.77667,KEMET,CAP TANT POLY 600UF 40V CHAS MNT
M550B607K040AT,3,2393.77667,KEMET,CAP TANT POLY 600UF 40V CHAS MNT
M550B607K040AH,3,2393.77667,KEMET,CAP TANT POLY 600UF 40V CHAS MNT
M550B607K040AS,3,2393.77667,KEMET,CAP TANT POLY 600UF 40V CHAS MNT
M550B607K040AG,3,2393.77667,KEMET,CAP TANT POLY 600UF 40V CHAS MNT
M551B607K040AA,3,2393.77667,KEMET,CAP TANT POLY 600UF 40V CHAS MNT
M551B607K040AT,3,2393.77667,KEMET,CAP TANT POLY 600UF 40V CHAS MNT
M551B607K040AH,3,2393.77667,KEMET,CAP TANT POLY 600UF 40V CHAS MNT
M551B607K040AS,3,2393.77667,KEMET,CAP TANT POLY 600UF 40V CHAS MNT
M551B607K040AG,3,2393.77667,KEMET,CAP TANT POLY 600UF 40V CHAS MNT
M550B507K050AA,3,2393.77667,KEMET,CAP TANT POLY 500UF 50V CHAS MNT
M550B507K050AT,3,2393.77667,KEMET,CAP TANT POLY 500UF 50V CHAS MNT
M550B507K050AH,3,2393.77667,KEMET,CAP TANT POLY 500UF 50V CHAS MNT
M550B507K050AS,3,2393.77667,KEMET,CAP TANT POLY 500UF 50V CHAS MNT
M550B507K050AG,3,2393.77667,KEMET,CAP TANT POLY 500UF 50V CHAS MNT
M551B507K050AA,3,2393.77667,KEMET,CAP TANT POLY 500UF 50V CHAS MNT
M551B507K050AT,3,2393.77667,KEMET,CAP TANT POLY 500UF 50V CHAS MNT
M551B507K050AH,3,2393.77667,KEMET,CAP TANT POLY 500UF 50V CHAS MNT
M551B507K050AS,3,2393.77667,KEMET,CAP TANT POLY 500UF 50V CHAS MNT
M551B507K050AG,3,2393.77667,KEMET,CAP TANT POLY 500UF 50V CHAS MNT
M550B607K050AA,3,2393.77667,KEMET,CAP TANT POLY 600UF 50V CHAS MNT
M550B607K050AT,3,2393.77667,KEMET,CAP TANT POLY 600UF 50V CHAS MNT
M550B607K050AH,3,2393.77667,KEMET,CAP TANT POLY 600UF 50V CHAS MNT
M550B607K050AS,3,2393.77667,KEMET,CAP TANT POLY 600UF 50V CHAS MNT
M550B607K050AG,3,2393.77667,KEMET,CAP TANT POLY 600UF 50V CHAS MNT
M550B607K050BH,3,2393.77667,KEMET,CAP TANT POLY 600UF 50V CHAS MNT
M550B607K050TH,3,2393.77667,KEMET,CAP TANT POLY 600UF 50V CHAS MNT
M551B607K050AA,3,2393.77667,KEMET,CAP TANT POLY 600UF 50V CHAS MNT
M551B607K050AT,3,2393.77667,KEMET,CAP TANT POLY 600UF 50V CHAS MNT
M551B607K050AH,3,2393.77667,KEMET,CAP TANT POLY 600UF 50V CHAS MNT
M551B607K050AS,3,2393.77667,KEMET,CAP TANT POLY 600UF 50V CHAS MNT
M551B607K050AG,3,2393.77667,KEMET,CAP TANT POLY 600UF 50V CHAS MNT
M550B507K060AA,3,2393.77667,KEMET,CAP TANT POLY 500UF 60V CHAS MNT
M550B507K060AT,3,2393.77667,KEMET,CAP TANT POLY 500UF 60V CHAS MNT
M550B507K060AH,3,2393.77667,KEMET,CAP TANT POLY 500UF 60V CHAS MNT
M550B507K060AS,3,2393.77667,KEMET,CAP TANT POLY 500UF 60V CHAS MNT
M550B507K060AG,3,2393.77667,KEMET,CAP TANT POLY 500UF 60V CHAS MNT
M551B507K060AA,3,2393.77667,KEMET,CAP TANT POLY 500UF 60V CHAS MNT
M551B507K060AT,3,2393.77667,KEMET,CAP TANT POLY 500UF 60V CHAS MNT
M551B507K060AS,3,2393.77667,KEMET,CAP TANT POLY 500UF 60V CHAS MNT
M551B507K060AG,3,2393.77667,KEMET,CAP TANT POLY 500UF 60V CHAS MNT
M550B377K075AA,3,2393.77667,KEMET,CAP TANT POLY 370UF 75V CHAS MNT
M550B377K075AT,3,2393.77667,KEMET,CAP TANT POLY 370UF 75V CHAS MNT
M550B377K075AH,3,2393.77667,KEMET,CAP TANT POLY 370UF 75V CHAS MNT
M550B377K075AS,3,2393.77667,KEMET,CAP TANT POLY 370UF 75V CHAS MNT
M550B377K075AG,3,2393.77667,KEMET,CAP TANT POLY 370UF 75V CHAS MNT
M551B377K075AA,3,2393.77667,KEMET,CAP TANT POLY 370UF 75V CHAS MNT
M551B377K075AT,3,2393.77667,KEMET,CAP TANT POLY 370UF 75V CHAS MNT
M551B377K075AH,3,2393.77667,KEMET,CAP TANT POLY 370UF 75V CHAS MNT
M551B377K075AS,3,2393.77667,KEMET,CAP TANT POLY 370UF 75V CHAS MNT
M551B377K075AG,3,2393.77667,KEMET,CAP TANT POLY 370UF 75V CHAS MNT
M550B127K100AA,3,2393.77667,KEMET,CAP TANT POLY 120UF 100V CHAS MT
M550B127K100AT,3,2393.77667,KEMET,CAP TANT POLY 120UF 100V CHAS MT
M550B127K100AH,3,2393.77667,KEMET,CAP TANT POLY 120UF 100V CHAS MT
M550B127K100AS,3,2393.77667,KEMET,CAP TANT POLY 120UF 100V CHAS MT
M550B127K100AG,3,2393.77667,KEMET,CAP TANT POLY 120UF 100V CHAS MT
M551B127K100AA,3,2393.77667,KEMET,CAP TANT POLY 120UF 100V CHAS MT
M551B127K100AT,3,2393.77667,KEMET,CAP TANT POLY 120UF 100V CHAS MT
M551B127K100AH,3,2393.77667,KEMET,CAP TANT POLY 120UF 100V CHAS MT
M551B127K100AS,3,2393.77667,KEMET,CAP TANT POLY 120UF 100V CHAS MT
M551B127K100AG,3,2393.77667,KEMET,CAP TANT POLY 120UF 100V CHAS MT
M551B607M040AG,2,2417.305,KEMET,CAP TANT POLY 600UF 40V CHAS MNT
M551B607M050AH,2,2417.305,KEMET,CAP TANT POLY 600UF 50V CHAS MNT
M551B507M060AH,2,2417.305,KEMET,CAP TANT POLY 500UF 60V CHAS MNT
M551B377M075AT,2,2417.305,KEMET,CAP TANT POLY 370UF 75V CHAS MNT
M550B507M025BH,3,2469.85333,KEMET,CAP TANT POLY 500UF 25V CHAS MNT
M550B507M040BH,3,2469.85333,KEMET,CAP TANT POLY 500UF 40V CHAS MNT
M550B607M040BH,3,2469.85333,KEMET,CAP TANT POLY 600UF 40V CHAS MNT
M550B507M050AG,3,2469.85333,KEMET,CAP TANT POLY 500UF 50V CHAS MNT
M550B507M060BH,3,2469.85333,KEMET,CAP TANT POLY 500UF 60V CHAS MNT
M550B377M075BH,3,2469.85333,KEMET,CAP TANT POLY 370UF 75V CHAS MNT
M550B127M100BH,3,2469.85333,KEMET,CAP TANT POLY 120UF 100V CHAS MT
M550B507K025BH,3,2531.97333,KEMET,CAP TANT POLY 500UF 25V CHAS MNT
M550B507K040BH,3,2531.97333,KEMET,CAP TANT POLY 500UF 40V CHAS MNT
M550B607K040BH,3,2531.97333,KEMET,CAP TANT POLY 600UF 40V CHAS MNT
M550B507K050BH,3,2531.97333,KEMET,CAP TANT POLY 500UF 50V CHAS MNT
M550B507K060BH,3,2531.97333,KEMET,CAP TANT POLY 500UF 60V CHAS MNT
M550B377K075BH,3,2531.97333,KEMET,CAP TANT POLY 370UF 75V CHAS MNT
M550B127K100BH,3,2531.97333,KEMET,CAP TANT POLY 120UF 100V CHAS MT
M550B507M025TH,3,3153.49333,KEMET,CAP TANT POLY 500UF 25V CHAS MNT
M550B507M040TH,3,3153.49333,KEMET,CAP TANT POLY 500UF 40V CHAS MNT
M550B607M040TH,3,3153.49333,KEMET,CAP TANT POLY 600UF 40V CHAS MNT
M550B507M050BH,3,3153.49333,KEMET,CAP TANT POLY 500UF 50V CHAS MNT
M550B507M060TH,3,3153.49333,KEMET,CAP TANT POLY 500UF 60V CHAS MNT
M550B377M075TH,3,3153.49333,KEMET,CAP TANT POLY 370UF 75V CHAS MNT
M550B127M100TH,3,3153.49333,KEMET,CAP TANT POLY 120UF 100V CHAS MT
M550B507K025TH,3,3214.32667,KEMET,CAP TANT POLY 500UF 25V CHAS MNT
M550B507K040TH,3,3214.32667,KEMET,CAP TANT POLY 500UF 40V CHAS MNT
M550B607K040TH,3,3214.32667,KEMET,CAP TANT POLY 600UF 40V CHAS MNT
M550B507K050TH,3,3214.32667,KEMET,CAP TANT POLY 500UF 50V CHAS MNT
M550B507K060TH,3,3214.32667,KEMET,CAP TANT POLY 500UF 60V CHAS MNT
M550B377K075TH,3,3214.32667,KEMET,CAP TANT POLY 370UF 75V CHAS MNT
M550B127K100TH,3,3214.32667,KEMET,CAP TANT POLY 120UF 100V CHAS MT
M550B108M060AA,1,,KEMET,CAP TANT POLY 1000UF 60V CHAS MT
M550B757M075AA,1,,KEMET,CAP TANT POLY 750UF 75V CHAS MNT
M550B828M006AT,8,3589.19375,KEMET,CAP TANT POLY 8200UF 6V CHAS MNT
M550B828M006AH,8,3589.19375,KEMET,CAP TANT POLY 8200UF 6V CHAS MNT
M550B828M006AS,8,3589.19375,KEMET,CAP TANT POLY 8200UF 6V CHAS MNT
M550B828M006AG,8,3589.19375,KEMET,CAP TANT POLY 8200UF 6V CHAS MNT
M550B828M006AA,8,3589.19375,KEMET,CAP TANT POLY 8200UF 6V CHAS MNT
M550B688M008AT,8,3589.19375,KEMET,CAP TANT POLY 6800UF 8V CHAS MNT
M550B688M008AH,8,3589.19375,KEMET,CAP TANT POLY 6800UF 8V CHAS MNT
M550B688M008AS,8,3589.19375,KEMET,CAP TANT POLY 6800UF 8V CHAS MNT
M550B688M008AG,8,3589.19375,KEMET,CAP TANT POLY 6800UF 8V CHAS MNT
M550B688M008AA,8,3589.19375,KEMET,CAP TANT POLY 6800UF 8V CHAS MNT
M550B568M010AT,8,3589.19375,KEMET,CAP TANT POLY 5600UF 10V CHAS MT
M550B568M010AH,8,3589.19375,KEMET,CAP TANT POLY 5600UF 10V CHAS MT
M550B568M010AS,8,3589.19375,KEMET,CAP TANT POLY 5600UF 10V CHAS MT
M550B568M010AG,8,3589.19375,KEMET,CAP TANT POLY 5600UF 10V CHAS MT
M550B568M010AA,8,3589.19375,KEMET,CAP TANT POLY 5600UF 10V CHAS MT
M550B398M015AT,8,3589.19375,KEMET,CAP TANT POLY 3900UF 15V CHAS MT
M550B398M015AH,8,3589.19375,KEMET,CAP TANT POLY 3900UF 15V CHAS MT
M550B398M015AS,8,3589.19375,KEMET,CAP TANT POLY 3900UF 15V CHAS MT
M550B398M015AG,8,3589.19375,KEMET,CAP TANT POLY 3900UF 15V CHAS MT
M550B398M015AA,8,3589.19375,KEMET,CAP TANT POLY 3900UF 15V CHAS MT
M550B108M025AT,8,3589.19375,KEMET,CAP TANT POLY 1000UF 25V CHAS MT
M550B108M025AH,8,3589.19375,KEMET,CAP TANT POLY 1000UF 25V CHAS MT
M550B108M025AS,8,3589.19375,KEMET,CAP TANT POLY 1000UF 25V CHAS MT
M550B108M025AG,8,3589.19375,KEMET,CAP TANT POLY 1000UF 25V CHAS MT
M550B108M025AA,8,3589.19375,KEMET,CAP TANT POLY 1000UF 25V CHAS MT
M550B687M030AT,8,3589.19375,KEMET,CAP TANT POLY 680UF 30V CHAS MNT
M550B687M030AH,8,3589.19375,KEMET,CAP TANT POLY 680UF 30V CHAS MNT
M550B687M030AS,8,3589.19375,KEMET,CAP TANT POLY 680UF 30V CHAS MNT
M550B687M030AG,8,3589.19375,KEMET,CAP TANT POLY 680UF 30V CHAS MNT
M550B687M030AA,8,3589.19375,KEMET,CAP TANT POLY 680UF 30V CHAS MNT
M550B108M040AT,8,3589.19375,KEMET,CAP TANT POLY 1000UF 40V CHAS MT
M550B108M040AH,8,3589.19375,KEMET,CAP TANT POLY 1000UF 40V CHAS MT
M550B108M040AS,8,3589.19375,KEMET,CAP TANT POLY 1000UF 40V CHAS MT
M550B108M040AG,8,3589.19375,KEMET,CAP TANT POLY 1000UF 40V CHAS MT
M550B108M040AA,8,3589.19375,KEMET,CAP TANT POLY 1000UF 40V CHAS MT
M550B128M040AT,8,3589.19375,KEMET,CAP TANT POLY 1200UF 40V CHAS MT
M550B128M040AH,8,3589.19375,KEMET,CAP TANT POLY 1200UF 40V CHAS MT
M550B128M040AS,8,3589.19375,KEMET,CAP TANT POLY 1200UF 40V CHAS MT
M550B128M040AG,8,3589.19375,KEMET,CAP TANT POLY 1200UF 40V CHAS MT
M550B128M040AA,8,3589.19375,KEMET,CAP TANT POLY 1200UF 40V CHAS MT
M550B108M050AT,8,3589.19375,KEMET,CAP TANT POLY 1000UF 50V CHAS MT
M550B108M050AH,8,3589.19375,KEMET,CAP TANT POLY 1000UF 50V CHAS MT
M550B108M050AS,8,3589.19375,KEMET,CAP TANT POLY 1000UF 50V CHAS MT
M550B108M050AG,8,3589.19375,KEMET,CAP TANT POLY 1000UF 50V CHAS MT
M550B108M050AA,8,3589.19375,KEMET,CAP TANT POLY 1000UF 50V CHAS MT
M550B128M050AT,8,3589.19375,KEMET,CAP TANT POLY 1200UF 50V CHAS MT
M550B128M050AH,8,3589.19375,KEMET,CAP TANT POLY 1200UF 50V CHAS MT
M550B128M050AS,8,3589.19375,KEMET,CAP TANT POLY 1200UF 50V CHAS MT
M550B128M050AG,8,3589.19375,KEMET,CAP TANT POLY 1200UF 50V CHAS MT
M550B128M050AA,8,3589.19375,KEMET,CAP TANT POLY 1200UF 50V CHAS MT
M550B108M060AS,8,3589.19375,KEMET,CAP TANT POLY 1000UF 60V CHAS MT
M550B108M060AG,8,3589.19375,KEMET,CAP TANT POLY 1000UF 60V CHAS MT
M550B757M075AH,8,3589.19375,KEMET,CAP TANT POLY 750UF 75V CHAS MNT
M550B757M075AS,8,3589.19375,KEMET,CAP TANT POLY 750UF 75V CHAS MNT
M550B757M075AG,8,3589.19375,KEMET,CAP TANT POLY 750UF 75V CHAS MNT
M550B257M100AT,8,3589.19375,KEMET,CAP TANT POLY 250UF 100V CHAS MT
M550B257M100AH,8,3589.19375,KEMET,CAP TANT POLY 250UF 100V CHAS MT
M550B257M100AS,8,3589.19375,KEMET,CAP TANT POLY 250UF 100V CHAS MT
M550B257M100AG,8,3589.19375,KEMET,CAP TANT POLY 250UF 100V CHAS MT
M550B257M100AA,8,3589.19375,KEMET,CAP TANT POLY 250UF 100V CHAS MT
M550B108M060AH,1,,KEMET,CAP TANT POLY 1000UF 60V CHAS MT
M550B828K006AT,8,3687.25875,KEMET,CAP TANT POLY 8200UF 6V CHAS MNT
M550B828K006AH,8,3687.25875,KEMET,CAP TANT POLY 8200UF 6V CHAS MNT
M550B828K006AS,8,3687.25875,KEMET,CAP TANT POLY 8200UF 6V CHAS MNT
M550B828K006AG,8,3687.25875,KEMET,CAP TANT POLY 8200UF 6V CHAS MNT
M550B828K006AA,8,3687.25875,KEMET,CAP TANT POLY 8200UF 6V CHAS MNT
M550B688K008AT,8,3687.25875,KEMET,CAP TANT POLY 6800UF 8V CHAS MNT
M550B688K008AH,8,3687.25875,KEMET,CAP TANT POLY 6800UF 8V CHAS MNT
M550B688K008AS,8,3687.25875,KEMET,CAP TANT POLY 6800UF 8V CHAS MNT
M550B688K008AG,8,3687.25875,KEMET,CAP TANT POLY 6800UF 8V CHAS MNT
M550B688K008AA,8,3687.25875,KEMET,CAP TANT POLY 6800UF 8V CHAS MNT
M550B568K010AT,8,3687.25875,KEMET,CAP TANT POLY 5600UF 10V CHAS MT
M550B568K010AH,8,3687.25875,KEMET,CAP TANT POLY 5600UF 10V CHAS MT
M550B568K010AS,8,3687.25875,KEMET,CAP TANT POLY 5600UF 10V CHAS MT
M550B568K010AG,8,3687.25875,KEMET,CAP TANT POLY 5600UF 10V CHAS MT
M550B568K010AA,8,3687.25875,KEMET,CAP TANT POLY 5600UF 10V CHAS MT
M550B398K015AT,8,3687.25875,KEMET,CAP TANT POLY 3900UF 15V CHAS MT
M550B398K015AH,8,3687.25875,KEMET,CAP TANT POLY 3900UF 15V CHAS MT
M550B398K015AS,8,3687.25875,KEMET,CAP TANT POLY 3900UF 15V CHAS MT
M550B398K015AG,8,3687.25875,KEMET,CAP TANT POLY 3900UF 15V CHAS MT
M550B398K015AA,8,3687.25875,KEMET,CAP TANT POLY 3900UF 15V CHAS MT
M550B108K025AT,8,3687.25875,KEMET,CAP TANT POLY 1000UF 25V CHAS MT
M550B108K025AH,8,3687.25875,KEMET,CAP TANT POLY 1000UF 25V CHAS MT
M550B108K025AS,8,3687.25875,KEMET,CAP TANT POLY 1000UF 25V CHAS MT
M550B108K025AG,8,3687.25875,KEMET,CAP TANT POLY 1000UF 25V CHAS MT
M550B108K025AA,8,3687.25875,KEMET,CAP TANT POLY 1000UF 25V CHAS MT
M550B687K030AT,8,3687.25875,KEMET,CAP TANT POLY 680UF 30V CHAS MNT
M550B687K030AH,8,3687.25875,KEMET,CAP TANT POLY 680UF 30V CHAS MNT
M550B687K030AS,8,3687.25875,KEMET,CAP TANT POLY 680UF 30V CHAS MNT
M550B687K030AG,8,3687.25875,KEMET,CAP TANT POLY 680UF 30V CHAS MNT
M550B687K030AA,8,3687.25875,KEMET,CAP TANT POLY 680UF 30V CHAS MNT
M550B108K040AT,8,3687.25875,KEMET,CAP TANT POLY 1000UF 40V CHAS MT
M550B108K040AH,8,3687.25875,KEMET,CAP TANT POLY 1000UF 40V CHAS MT
M550B108K040AS,8,3687.25875,KEMET,CAP TANT POLY 1000UF 40V CHAS MT
M550B108K040AG,8,3687.25875,KEMET,CAP TANT POLY 1000UF 40V CHAS MT
M550B108K040AA,8,3687.25875,KEMET,CAP TANT POLY 1000UF 40V CHAS MT
M550B128K040AT,8,3687.25875,KEMET,CAP TANT POLY 1200UF 40V CHAS MT
M550B128K040AH,8,3687.25875,KEMET,CAP TANT POLY 1200UF 40V CHAS MT
M550B128K040AS,8,3687.25875,KEMET,CAP TANT POLY 1200UF 40V CHAS MT
M550B128K040AG,8,3687.25875,KEMET,CAP TANT POLY 1200UF 40V CHAS MT
M550B128K040AA,8,3687.25875,KEMET,CAP TANT POLY 1200UF 40V CHAS MT
M550B108K050AT,8,3687.25875,KEMET,CAP TANT POLY 1000UF 50V CHAS MT
M550B108K050AH,8,3687.25875,KEMET,CAP TANT POLY 1000UF 50V CHAS MT
M550B108K050AS,8,3687.25875,KEMET,CAP TANT POLY 1000UF 50V CHAS MT
M550B108K050AG,8,3687.25875,KEMET,CAP TANT POLY 1000UF 50V CHAS MT
M550B108K050AA,8,3687.25875,KEMET,CAP TANT POLY 1000UF 50V CHAS MT
M550B128K050AT,8,3687.25875,KEMET,CAP TANT POLY 1200UF 50V CHAS MT
M550B128K050AH,8,3687.25875,KEMET,CAP TANT POLY 1200UF 50V CHAS MT
M550B128K050AS,8,3687.25875,KEMET,CAP TANT POLY 1200UF 50V CHAS MT
M550B128K050AG,8,3687.25875,KEMET,CAP TANT POLY 1200UF 50V CHAS MT
M550B128K050AA,8,3687.25875,KEMET,CAP TANT POLY 1200UF 50V CHAS MT
M550B108K060AT,8,3687.25875,KEMET,CAP TANT POLY 1000UF 60V CHAS MT
M550B108K060AS,8,3687.25875,KEMET,CAP TANT POLY 1000UF 60V CHAS MT
M550B108K060AG,8,3687.25875,KEMET,CAP TANT POLY 1000UF 60V CHAS MT
M550B757K075AH,8,3687.25875,KEMET,CAP TANT POLY 750UF 75V CHAS MNT
M550B757K075AS,8,3687.25875,KEMET,CAP TANT POLY 750UF 75V CHAS MNT
M550B757K075AG,8,3687.25875,KEMET,CAP TANT POLY 750UF 75V CHAS MNT
M550B757K075AA,8,3687.25875,KEMET,CAP TANT POLY 750UF 75V CHAS MNT
M550B257K100AH,8,3687.25875,KEMET,CAP TANT POLY 250UF 100V CHAS MT
M550B257K100AS,8,3687.25875,KEMET,CAP TANT POLY 250UF 100V CHAS MT
M550B257K100AG,8,3687.25875,KEMET,CAP TANT POLY 250UF 100V CHAS MT
M550B257K100AA,8,3687.25875,KEMET,CAP TANT POLY 250UF 100V CHAS MT
M551B828M006AT,8,3698.15375,KEMET,CAP TANT POLY 8200UF 6V CHAS MNT
M551B828M006AH,8,3698.15375,KEMET,CAP TANT POLY 8200UF 6V CHAS MNT
M551B828M006AS,8,3698.15375,KEMET,CAP TANT POLY 8200UF 6V CHAS MNT
M551B828M006AG,8,3698.15375,KEMET,CAP TANT POLY 8200UF 6V CHAS MNT
M551B828M006AA,8,3698.15375,KEMET,CAP TANT POLY 8200UF 6V CHAS MNT
M551B688M008AT,8,3698.15375,KEMET,CAP TANT POLY 6800UF 8V CHAS MNT
M551B688M008AH,8,3698.15375,KEMET,CAP TANT POLY 6800UF 8V CHAS MNT
M551B688M008AS,8,3698.15375,KEMET,CAP TANT POLY 6800UF 8V CHAS MNT
M551B688M008AG,8,3698.15375,KEMET,CAP TANT POLY 6800UF 8V CHAS MNT
M551B688M008AA,8,3698.15375,KEMET,CAP TANT POLY 6800UF 8V CHAS MNT
M551B568M010AT,8,3698.15375,KEMET,CAP TANT POLY 5600UF 10V CHAS MT
M551B568M010AH,8,3698.15375,KEMET,CAP TANT POLY 5600UF 10V CHAS MT
M551B568M010AS,8,3698.15375,KEMET,CAP TANT POLY 5600UF 10V CHAS MT
M551B568M010AG,8,3698.15375,KEMET,CAP TANT POLY 5600UF 10V CHAS MT
M551B568M010AA,8,3698.15375,KEMET,CAP TANT POLY 5600UF 10V CHAS MT
M551B398M015AT,8,3698.15375,KEMET,CAP TANT POLY 3900UF 15V CHAS MT
M551B398M015AH,8,3698.15375,KEMET,CAP TANT POLY 3900UF 15V CHAS MT
M551B398M015AS,8,3698.15375,KEMET,CAP TANT POLY 3900UF 15V CHAS MT
M551B398M015AG,8,3698.15375,KEMET,CAP TANT POLY 3900UF 15V CHAS MT
M551B398M015AA,8,3698.15375,KEMET,CAP TANT POLY 3900UF 15V CHAS MT
M551B108M025AT,8,3698.15375,KEMET,CAP TANT POLY 1000UF 25V CHAS MT
M551B108M025AH,8,3698.15375,KEMET,CAP TANT POLY 1000UF 25V CHAS MT
M551B108M025AS,8,3698.15375,KEMET,CAP TANT POLY 1000UF 25V CHAS MT
M551B108M025AG,8,3698.15375,KEMET,CAP TANT POLY 1000UF 25V CHAS MT
M551B108M025AA,8,3698.15375,KEMET,CAP TANT POLY 1000UF 25V CHAS MT
M551B687M030AT,8,3698.15375,KEMET,CAP TANT POLY 680UF 30V CHAS MNT
M551B687M030AH,8,3698.15375,KEMET,CAP TANT POLY 680UF 30V CHAS MNT
M551B687M030AS,8,3698.15375,KEMET,CAP TANT POLY 680UF 30V CHAS MNT
M551B687M030AG,8,3698.15375,KEMET,CAP TANT POLY 680UF 30V CHAS MNT
M551B687M030AA,8,3698.15375,KEMET,CAP TANT POLY 680UF 30V CHAS MNT
M551B108M040AT,8,3698.15375,KEMET,CAP TANT POLY 1000UF 40V CHAS MT
M551B108M040AH,8,3698.15375,KEMET,CAP TANT POLY 1000UF 40V CHAS MT
M551B108M040AS,8,3698.15375,KEMET,CAP TANT POLY 1000UF 40V CHAS MT
M551B108M040AG,8,3698.15375,KEMET,CAP TANT POLY 1000UF 40V CHAS MT
M551B108M040AA,8,3698.15375,KEMET,CAP TANT POLY 1000UF 40V CHAS MT
M551B128M040AT,8,3698.15375,KEMET,CAP TANT POLY 1200UF 40V CHAS MT
M551B128M040AH,8,3698.15375,KEMET,CAP TANT POLY 1200UF 40V CHAS MT
M551B128M040AS,8,3698.15375,KEMET,CAP TANT POLY 1200UF 40V CHAS MT
M551B128M040AG,8,3698.15375,KEMET,CAP TANT POLY 1200UF 40V CHAS MT
M551B128M040AA,8,3698.15375,KEMET,CAP TANT POLY 1200UF 40V CHAS MT
M551B108M050AT,8,3698.15375,KEMET,CAP TANT POLY 1000UF 50V CHAS MT
M551B108M050AH,8,3698.15375,KEMET,CAP TANT POLY 1000UF 50V CHAS MT
M551B108M050AS,8,3698.15375,KEMET,CAP TANT POLY 1000UF 50V CHAS MT
M551B108M050AG,8,3698.15375,KEMET,CAP TANT POLY 1000UF 50V CHAS MT
M551B108M050AA,8,3698.15375,KEMET,CAP TANT POLY 1000UF 50V CHAS MT
M551B128M050AT,8,3698.15375,KEMET,CAP TANT POLY 1200UF 50V CHAS MT
M551B128M050AH,8,3698.15375,KEMET,CAP TANT POLY 1200UF 50V CHAS MT
M551B128M050AS,8,3698.15375,KEMET,CAP TANT POLY 1200UF 50V CHAS MT
M551B128M050AG,8,3698.15375,KEMET,CAP TANT POLY 1200UF 50V CHAS MT
M551B128M050AA,8,3698.15375,KEMET,CAP TANT POLY 1200UF 50V CHAS MT
M551B108M060AT,8,3698.15375,KEMET,CAP TANT POLY 1000UF 60V CHAS MT
M551B108M060AS,8,3698.15375,KEMET,CAP TANT POLY 1000UF 60V CHAS MT
M551B108M060AG,8,3698.15375,KEMET,CAP TANT POLY 1000UF 60V CHAS MT
M551B828K006AT,8,3796.01625,KEMET,CAP TANT POLY 8200UF 6V CHAS MNT
M551B828K006AH,8,3796.01625,KEMET,CAP TANT POLY 8200UF 6V CHAS MNT
M551B828K006AS,8,3796.01625,KEMET,CAP TANT POLY 8200UF 6V CHAS MNT
M551B828K006AG,8,3796.01625,KEMET,CAP TANT POLY 8200UF 6V CHAS MNT
M551B828K006AA,8,3796.01625,KEMET,CAP TANT POLY 8200UF 6V CHAS MNT
M551B688K008AT,8,3796.01625,KEMET,CAP TANT POLY 6800UF 8V CHAS MNT
M551B688K008AH,8,3796.01625,KEMET,CAP TANT POLY 6800UF 8V CHAS MNT
M551B688K008AS,8,3796.01625,KEMET,CAP TANT POLY 6800UF 8V CHAS MNT
M551B688K008AG,8,3796.01625,KEMET,CAP TANT POLY 6800UF 8V CHAS MNT
M551B688K008AA,8,3796.01625,KEMET,CAP TANT POLY 6800UF 8V CHAS MNT
M551B568K010AT,8,3796.01625,KEMET,CAP TANT POLY 5600UF 10V CHAS MT
M551B568K010AH,8,3796.01625,KEMET,CAP TANT POLY 5600UF 10V CHAS MT
M551B568K010AS,8,3796.01625,KEMET,CAP TANT POLY 5600UF 10V CHAS MT
M551B568K010AG,8,3796.01625,KEMET,CAP TANT POLY 5600UF 10V CHAS MT
M551B568K010AA,8,3796.01625,KEMET,CAP TANT POLY 5600UF 10V CHAS MT
M551B398K015AT,8,3796.01625,KEMET,CAP TANT POLY 3900UF 15V CHAS MT
M551B398K015AH,8,3796.01625,KEMET,CAP TANT POLY 3900UF 15V CHAS MT
M551B398K015AS,8,3796.01625,KEMET,CAP TANT POLY 3900UF 15V CHAS MT
M551B398K015AG,8,3796.01625,KEMET,CAP TANT POLY 3900UF 15V CHAS MT
M551B398K015AA,8,3796.01625,KEMET,CAP TANT POLY 3900UF 15V CHAS MT
M551B108K025AT,8,3796.01625,KEMET,CAP TANT POLY 1000UF 25V CHAS MT
M551B108K025AH,8,3796.01625,KEMET,CAP TANT POLY 1000UF 25V CHAS MT
M551B108K025AS,8,3796.01625,KEMET,CAP TANT POLY 1000UF 25V CHAS MT
M551B108K025AG,8,3796.01625,KEMET,CAP TANT POLY 1000UF 25V CHAS MT
M551B108K025AA,8,3796.01625,KEMET,CAP TANT POLY 1000UF 25V CHAS MT
M551B687K030AT,8,3796.01625,KEMET,CAP TANT POLY 680UF 30V CHAS MNT
M551B687K030AH,8,3796.01625,KEMET,CAP TANT POLY 680UF 30V CHAS MNT
M551B687K030AS,8,3796.01625,KEMET,CAP TANT POLY 680UF 30V CHAS MNT
M551B687K030AG,8,3796.01625,KEMET,CAP TANT POLY 680UF 30V CHAS MNT
M551B687K030AA,8,3796.01625,KEMET,CAP TANT POLY 680UF 30V CHAS MNT
M551B108K040AT,8,3796.01625,KEMET,CAP TANT POLY 1000UF 40V CHAS MT
M551B108K040AH,8,3796.01625,KEMET,CAP TANT POLY 1000UF 40V CHAS MT
M551B108K040AS,8,3796.01625,KEMET,CAP TANT POLY 1000UF 40V CHAS MT
M551B108K040AG,8,3796.01625,KEMET,CAP TANT POLY 1000UF 40V CHAS MT
M551B108K040AA,8,3796.01625,KEMET,CAP TANT POLY 1000UF 40V CHAS MT
M551B128K040AT,8,3796.01625,KEMET,CAP TANT POLY 1200UF 40V CHAS MT
M551B128K040AH,8,3796.01625,KEMET,CAP TANT POLY 1200UF 40V CHAS MT
M551B128K040AS,8,3796.01625,KEMET,CAP TANT POLY 1200UF 40V CHAS MT
M551B128K040AG,8,3796.01625,KEMET,CAP TANT POLY 1200UF 40V CHAS MT
M551B128K040AA,8,3796.01625,KEMET,CAP TANT POLY 1200UF 40V CHAS MT
M551B108K050AT,8,3796.01625,KEMET,CAP TANT POLY 1000UF 50V CHAS MT
M551B108K050AH,8,3796.01625,KEMET,CAP TANT POLY 1000UF 50V CHAS MT
M551B108K050AS,8,3796.01625,KEMET,CAP TANT POLY 1000UF 50V CHAS MT
M551B108K050AG,8,3796.01625,KEMET,CAP TANT POLY 1000UF 50V CHAS MT
M551B108K050AA,8,3796.01625,KEMET,CAP TANT POLY 1000UF 50V CHAS MT
M551B128K050AT,8,3796.01625,KEMET,CAP TANT POLY 1200UF 50V CHAS MT
M551B128K050AH,8,3796.01625,KEMET,CAP TANT POLY 1200UF 50V CHAS MT
M551B128K050AS,8,3796.01625,KEMET,CAP TANT POLY 1200UF 50V CHAS MT
M551B128K050AG,8,3796.01625,KEMET,CAP TANT POLY 1200UF 50V CHAS MT
M551B128K050AA,8,3796.01625,KEMET,CAP TANT POLY 1200UF 50V CHAS MT
M551B108K060AH,8,3796.01625,KEMET,CAP TANT POLY 1000UF 60V CHAS MT
M551B108K060AS,8,3796.01625,KEMET,CAP TANT POLY 1000UF 60V CHAS MT
M551B108K060AG,8,3796.01625,KEMET,CAP TANT POLY 1000UF 60V CHAS MT
M551B108K060AA,8,3796.01625,KEMET,CAP TANT POLY 1000UF 60V CHAS MT
M550B108M025BT,8,3806.8875,KEMET,CAP TANT POLY 1000UF 25V CHAS MT
M550B108M025BH,8,3806.8875,KEMET,CAP TANT POLY 1000UF 25V CHAS MT
M550B108M025BS,8,3806.8875,KEMET,CAP TANT POLY 1000UF 25V CHAS MT
M550B108M025BG,8,3806.8875,KEMET,CAP TANT POLY 1000UF 25V CHAS MT
M550B108M025BA,8,3806.8875,KEMET,CAP TANT POLY 1000UF 25V CHAS MT
M550B108M040BT,8,3806.8875,KEMET,CAP TANT POLY 1000UF 40V CHAS MT
M550B108M040BH,8,3806.8875,KEMET,CAP TANT POLY 1000UF 40V CHAS MT
M550B108M040BS,8,3806.8875,KEMET,CAP TANT POLY 1000UF 40V CHAS MT
M550B108M040BG,8,3806.8875,KEMET,CAP TANT POLY 1000UF 40V CHAS MT
M550B108M040BA,8,3806.8875,KEMET,CAP TANT POLY 1000UF 40V CHAS MT
M550B128M040BT,8,3806.8875,KEMET,CAP TANT POLY 1200UF 40V CHAS MT
M550B128M040BH,8,3806.8875,KEMET,CAP TANT POLY 1200UF 40V CHAS MT
M550B128M040BS,8,3806.8875,KEMET,CAP TANT POLY 1200UF 40V CHAS MT
M550B128M040BG,8,3806.8875,KEMET,CAP TANT POLY 1200UF 40V CHAS MT
M550B128M040BA,8,3806.8875,KEMET,CAP TANT POLY 1200UF 40V CHAS MT
M550B108M050BT,8,3806.8875,KEMET,CAP TANT POLY 1000UF 50V CHAS MT
M550B108M050BH,8,3806.8875,KEMET,CAP TANT POLY 1000UF 50V CHAS MT
M550B108M050BS,8,3806.8875,KEMET,CAP TANT POLY 1000UF 50V CHAS MT
M550B108M050BG,8,3806.8875,KEMET,CAP TANT POLY 1000UF 50V CHAS MT
M550B108M050BA,8,3806.8875,KEMET,CAP TANT POLY 1000UF 50V CHAS MT
M550B128M050BT,8,3806.8875,KEMET,CAP TANT POLY 1200UF 50V CHAS MT
M550B128M050BH,8,3806.8875,KEMET,CAP TANT POLY 1200UF 50V CHAS MT
M550B128M050BS,8,3806.8875,KEMET,CAP TANT POLY 1200UF 50V CHAS MT
M550B128M050BG,8,3806.8875,KEMET,CAP TANT POLY 1200UF 50V CHAS MT
M550B128M050BA,8,3806.8875,KEMET,CAP TANT POLY 1200UF 50V CHAS MT
M550B108M060BT,8,3806.8875,KEMET,CAP TANT POLY 1000UF 60V CHAS MT
M550B108M060BH,8,3806.8875,KEMET,CAP TANT POLY 1000UF 60V CHAS MT
M550B108M060BS,8,3806.8875,KEMET,CAP TANT POLY 1000UF 60V CHAS MT
M550B108M060BG,8,3806.8875,KEMET,CAP TANT POLY 1000UF 60V CHAS MT
M550B108M060BA,8,3806.8875,KEMET,CAP TANT POLY 1000UF 60V CHAS MT
M550B757M075BT,8,3806.8875,KEMET,CAP TANT POLY 750UF 75V CHAS MNT
M550B757M075BH,8,3806.8875,KEMET,CAP TANT POLY 750UF 75V CHAS MNT
M550B757M075BS,8,3806.8875,KEMET,CAP TANT POLY 750UF 75V CHAS MNT
M550B757M075BG,8,3806.8875,KEMET,CAP TANT POLY 750UF 75V CHAS MNT
M550B757M075BA,8,3806.8875,KEMET,CAP TANT POLY 750UF 75V CHAS MNT
M550B257M100BT,8,3806.8875,KEMET,CAP TANT POLY 250UF 100V CHAS MT
M550B257M100BH,8,3806.8875,KEMET,CAP TANT POLY 250UF 100V CHAS MT
M550B257M100BS,8,3806.8875,KEMET,CAP TANT POLY 250UF 100V CHAS MT
M550B257M100BG,8,3806.8875,KEMET,CAP TANT POLY 250UF 100V CHAS MT
M550B257M100BA,8,3806.8875,KEMET,CAP TANT POLY 250UF 100V CHAS MT
M550B108K025BT,7,3940.69857,KEMET,CAP TANT POLY 1000UF 25V CHAS MT
M550B108K025BH,7,3940.69857,KEMET,CAP TANT POLY 1000UF 25V CHAS MT
M550B108K025BS,7,3940.69857,KEMET,CAP TANT POLY 1000UF 25V CHAS MT
M550B108K025BG,7,3940.69857,KEMET,CAP TANT POLY 1000UF 25V CHAS MT
M550B108K025BA,7,3940.69857,KEMET,CAP TANT POLY 1000UF 25V CHAS MT
M550B108K040BT,7,3940.69857,KEMET,CAP TANT POLY 1000UF 40V CHAS MT
M550B108K040BH,7,3940.69857,KEMET,CAP TANT POLY 1000UF 40V CHAS MT
M550B108K040BS,7,3940.69857,KEMET,CAP TANT POLY 1000UF 40V CHAS MT
M550B108K040BG,7,3940.69857,KEMET,CAP TANT POLY 1000UF 40V CHAS MT
M550B108K040BA,7,3940.69857,KEMET,CAP TANT POLY 1000UF 40V CHAS MT
M550B128K040BT,7,3940.69857,KEMET,CAP TANT POLY 1200UF 40V CHAS MT
M550B128K040BH,7,3940.69857,KEMET,CAP TANT POLY 1200UF 40V CHAS MT
M550B128K040BS,7,3940.69857,KEMET,CAP TANT POLY 1200UF 40V CHAS MT
M550B128K040BG,7,3940.69857,KEMET,CAP TANT POLY 1200UF 40V CHAS MT
M550B128K040BA,7,3940.69857,KEMET,CAP TANT POLY 1200UF 40V CHAS MT
M550B108K050BT,7,3940.69857,KEMET,CAP TANT POLY 1000UF 50V CHAS MT
M550B108K050BH,7,3940.69857,KEMET,CAP TANT POLY 1000UF 50V CHAS MT
M550B108K050BS,7,3940.69857,KEMET,CAP TANT POLY 1000UF 50V CHAS MT
M550B108K050BG,7,3940.69857,KEMET,CAP TANT POLY 1000UF 50V CHAS MT
M550B108K050BA,7,3940.69857,KEMET,CAP TANT POLY 1000UF 50V CHAS MT
M550B128K050BT,7,3940.69857,KEMET,CAP TANT POLY 1200UF 50V CHAS MT
M550B128K050BH,7,3940.69857,KEMET,CAP TANT POLY 1200UF 50V CHAS MT
M550B128K050BS,7,3940.69857,KEMET,CAP TANT POLY 1200UF 50V CHAS MT
M550B128K050BG,7,3940.69857,KEMET,CAP TANT POLY 1200UF 50V CHAS MT
M550B128K050BA,7,3940.69857,KEMET,CAP TANT POLY 1200UF 50V CHAS MT
M550B108K060BT,7,3940.69857,KEMET,CAP TANT POLY 1000UF 60V CHAS MT
M550B108K060BH,7,3940.69857,KEMET,CAP TANT POLY 1000UF 60V CHAS MT
M550B108K060BS,7,3940.69857,KEMET,CAP TANT POLY 1000UF 60V CHAS MT
M550B108K060BG,7,3940.69857,KEMET,CAP TANT POLY 1000UF 60V CHAS MT
M550B108K060BA,7,3940.69857,KEMET,CAP TANT POLY 1000UF 60V CHAS MT
M550B757K075BT,7,3940.69857,KEMET,CAP TANT POLY 750UF 75V CHAS MNT
M550B757K075BH,7,3940.69857,KEMET,CAP TANT POLY 750UF 75V CHAS MNT
M550B757K075BS,7,3940.69857,KEMET,CAP TANT POLY 750UF 75V CHAS MNT
M550B757K075BG,7,3940.69857,KEMET,CAP TANT POLY 750UF 75V CHAS MNT
M550B757K075BA,7,3940.69857,KEMET,CAP TANT POLY 750UF 75V CHAS MNT
M550B257K100BT,7,3940.69857,KEMET,CAP TANT POLY 250UF 100V CHAS MT
M550B257K100BH,7,3940.69857,KEMET,CAP TANT POLY 250UF 100V CHAS MT
M550B257K100BS,7,3940.69857,KEMET,CAP TANT POLY 250UF 100V CHAS MT
M550B257K100BG,7,3940.69857,KEMET,CAP TANT POLY 250UF 100V CHAS MT
M550B257K100BA,7,3940.69857,KEMET,CAP TANT POLY 250UF 100V CHAS MT
M550B108M025TT,9,4847.13667,KEMET,CAP TANT POLY 1000UF 25V CHAS MT
M550B108M025TH,9,4847.13667,KEMET,CAP TANT POLY 1000UF 25V CHAS MT
M550B108M025TS,9,4847.13667,KEMET,CAP TANT POLY 1000UF 25V CHAS MT
M550B108M025TG,9,4847.13667,KEMET,CAP TANT POLY 1000UF 25V CHAS MT
M550B108M025TA,9,4847.13667,KEMET,CAP TANT POLY 1000UF 25V CHAS MT
M550B108M040TT,9,4847.13667,KEMET,CAP TANT POLY 1000UF 40V CHAS MT
M550B108M040TH,9,4847.13667,KEMET,CAP TANT POLY 1000UF 40V CHAS MT
M550B108M040TS,9,4847.13667,KEMET,CAP TANT POLY 1000UF 40V CHAS MT
M550B108M040TG,9,4847.13667,KEMET,CAP TANT POLY 1000UF 40V CHAS MT
M550B108M040TA,9,4847.13667,KEMET,CAP TANT POLY 1000UF 40V CHAS MT
M550B128M040TT,9,4847.13667,KEMET,CAP TANT POLY 1200UF 40V CHAS MT
M550B128M040TH,9,4847.13667,KEMET,CAP TANT POLY 1200UF 40V CHAS MT
M550B128M040TS,9,4847.13667,KEMET,CAP TANT POLY 1200UF 40V CHAS MT
M550B128M040TG,9,4847.13667,KEMET,CAP TANT POLY 1200UF 40V CHAS MT
M550B128M040TA,9,4847.13667,KEMET,CAP TANT POLY 1200UF 40V CHAS MT
M550B108M050TT,9,4847.13667,KEMET,CAP TANT POLY 1000UF 50V CHAS MT
M550B108M050TH,9,4847.13667,KEMET,CAP TANT POLY 1000UF 50V CHAS MT
M550B108M050TS,9,4847.13667,KEMET,CAP TANT POLY 1000UF 50V CHAS MT
M550B108M050TG,9,4847.13667,KEMET,CAP TANT POLY 1000UF 50V CHAS MT
M550B108M050TA,9,4847.13667,KEMET,CAP TANT POLY 1000UF 50V CHAS MT
M550B128M050TT,9,4847.13667,KEMET,CAP TANT POLY 1200UF 50V CHAS MT
M550B128M050TH,9,4847.13667,KEMET,CAP TANT POLY 1200UF 50V CHAS MT
M550B128M050TS,9,4847.13667,KEMET,CAP TANT POLY 1200UF 50V CHAS MT
M550B128M050TG,9,4847.13667,KEMET,CAP TANT POLY 1200UF 50V CHAS MT
M550B128M050TA,9,4847.13667,KEMET,CAP TANT POLY 1200UF 50V CHAS MT
M550B108M060TT,9,4847.13667,KEMET,CAP TANT POLY 1000UF 60V CHAS MT
M550B108M060TH,9,4847.13667,KEMET,CAP TANT POLY 1000UF 60V CHAS MT
M550B108M060TS,9,4847.13667,KEMET,CAP TANT POLY 1000UF 60V CHAS MT
M550B108M060TG,9,4847.13667,KEMET,CAP TANT POLY 1000UF 60V CHAS MT
M550B108M060TA,9,4847.13667,KEMET,CAP TANT POLY 1000UF 60V CHAS MT
M550B757M075TT,9,4847.13667,KEMET,CAP TANT POLY 750UF 75V CHAS MNT
M550B757M075TH,9,4847.13667,KEMET,CAP TANT POLY 750UF 75V CHAS MNT
M550B757M075TS,9,4847.13667,KEMET,CAP TANT POLY 750UF 75V CHAS MNT
M550B757M075TG,9,4847.13667,KEMET,CAP TANT POLY 750UF 75V CHAS MNT
M550B757M075TA,9,4847.13667,KEMET,CAP TANT POLY 750UF 75V CHAS MNT
M550B257M100TT,9,4847.13667,KEMET,CAP TANT POLY 250UF 100V CHAS MT
M550B257M100TH,9,4847.13667,KEMET,CAP TANT POLY 250UF 100V CHAS MT
M550B257M100TS,9,4847.13667,KEMET,CAP TANT POLY 250UF 100V CHAS MT
M550B257M100TG,9,4847.13667,KEMET,CAP TANT POLY 250UF 100V CHAS MT
M550B257M100TA,9,4847.13667,KEMET,CAP TANT POLY 250UF 100V CHAS MT
M550B108K025TT,9,4942.72222,KEMET,CAP TANT POLY 1000UF 25V CHAS MT
M550B108K025TH,9,4942.72222,KEMET,CAP TANT POLY 1000UF 25V CHAS MT
M550B108K025TS,9,4942.72222,KEMET,CAP TANT POLY 1000UF 25V CHAS MT
M550B108K025TG,9,4942.72222,KEMET,CAP TANT POLY 1000UF 25V CHAS MT
M550B108K025TA,9,4942.72222,KEMET,CAP TANT POLY 1000UF 25V CHAS MT
M550B108K040TT,9,4942.72222,KEMET,CAP TANT POLY 1000UF 40V CHAS MT
M550B108K040TH,9,4942.72222,KEMET,CAP TANT POLY 1000UF 40V CHAS MT
M550B108K040TS,9,4942.72222,KEMET,CAP TANT POLY 1000UF 40V CHAS MT
M550B108K040TG,9,4942.72222,KEMET,CAP TANT POLY 1000UF 40V CHAS MT
M550B108K040TA,9,4942.72222,KEMET,CAP TANT POLY 1000UF 40V CHAS MT
M550B128K040TT,9,4942.72222,KEMET,CAP TANT POLY 1200UF 40V CHAS MT
M550B128K040TH,9,4942.72222,KEMET,CAP TANT POLY 1200UF 40V CHAS MT
M550B128K040TS,9,4942.72222,KEMET,CAP TANT POLY 1200UF 40V CHAS MT
M550B128K040TG,9,4942.72222,KEMET,CAP TANT POLY 1200UF 40V CHAS MT
M550B128K040TA,9,4942.72222,KEMET,CAP TANT POLY 1200UF 40V CHAS MT
M550B108K050TT,9,4942.72222,KEMET,CAP TANT POLY 1000UF 50V CHAS MT
M550B108K050TH,9,4942.72222,KEMET,CAP TANT POLY 1000UF 50V CHAS MT
M550B108K050TS,9,4942.72222,KEMET,CAP TANT POLY 1000UF 50V CHAS MT
M550B108K050TG,9,4942.72222,KEMET,CAP TANT POLY 1000UF 50V CHAS MT
M550B108K050TA,9,4942.72222,KEMET,CAP TANT POLY 1000UF 50V CHAS MT
M550B128K050TT,9,4942.72222,KEMET,CAP TANT POLY 1200UF 50V CHAS MT
M550B128K050TH,9,4942.72222,KEMET,CAP TANT POLY 1200UF 50V CHAS MT
M550B128K050TS,9,4942.72222,KEMET,CAP TANT POLY 1200UF 50V CHAS MT
M550B128K050TG,9,4942.72222,KEMET,CAP TANT POLY 1200UF 50V CHAS MT
M550B128K050TA,9,4942.72222,KEMET,CAP TANT POLY 1200UF 50V CHAS MT
M550B108K060TT,9,4942.72222,KEMET,CAP TANT POLY 1000UF 60V CHAS MT
M550B108K060TH,9,4942.72222,KEMET,CAP TANT POLY 1000UF 60V CHAS MT
M550B108K060TS,9,4942.72222,KEMET,CAP TANT POLY 1000UF 60V CHAS MT
M550B108K060TG,9,4942.72222,KEMET,CAP TANT POLY 1000UF 60V CHAS MT
M550B108K060TA,9,4942.72222,KEMET,CAP TANT POLY 1000UF 60V CHAS MT
M550B757K075TT,9,4942.72222,KEMET,CAP TANT POLY 750UF 75V CHAS MNT
M550B757K075TH,9,4942.72222,KEMET,CAP TANT POLY 750UF 75V CHAS MNT
M550B757K075TS,9,4942.72222,KEMET,CAP TANT POLY 750UF 75V CHAS MNT
M550B757K075TG,9,4942.72222,KEMET,CAP TANT POLY 750UF 75V CHAS MNT
M550B757K075TA,9,4942.72222,KEMET,CAP TANT POLY 750UF 75V CHAS MNT
M550B257K100TT,9,4942.72222,KEMET,CAP TANT POLY 250UF 100V CHAS MT
M550B257K100TH,9,4942.72222,KEMET,CAP TANT POLY 250UF 100V CHAS MT
M550B257K100TS,9,4942.72222,KEMET,CAP TANT POLY 250UF 100V CHAS MT
M550B257K100TG,9,4942.72222,KEMET,CAP TANT POLY 250UF 100V CHAS MT
M550B257K100TA,9,4942.72222,KEMET,CAP TANT POLY 250UF 100V CHAS MT
T520B107M003ASE070,1,,KEMET,CAP TANT POLY 100UF 3V 1411
T520B686M004ASE070,1,,KEMET,CAP TANT POLY 68UF 4V 1411
T520B476M006ASE070,1,,KEMET,CAP TANT POLY 47UF 6.3V 1411
T520V477M002ASE040,1,,KEMET,CAP TANT POLY 470UF 2V 2917
T520B107M2R5ASE070,1,,KEMET,CAP TANT POLY 100UF 2.5V 1411
T520B157M003ASE070,1,,KEMET,CAP TANT POLY 150UF 3V 1411
T520X108M003ASE030,1,,KEMET,CAP TANT POLY 1000UF 3V 2917
T520X108M003ASE015,1,,KEMET,CAP TANT POLY 1000UF 3V 2917
T520B107M004ASE070,1,,KEMET,CAP TANT POLY 100UF 4V 1411
T520B336M006ASE070,1,,KEMET,CAP TANT POLY 33UF 6.3V 1411
T520B686M006ASE070,1,,KEMET,CAP TANT POLY 68UF 6.3V 1411
T520B107M006ASE070,1,,KEMET,CAP TANT POLY 100UF 6.3V 1411
T520B336M010ASE070,1,,KEMET,CAP TANT POLY 33UF 10V 1411
T520V227M2R5ASE015,1,,KEMET,CAP TANT POLY 220UF 2.5V 2917
T520V227M2R5ASE025,1,,KEMET,CAP TANT POLY 220UF 2.5V 2917
T520V227M2R5ASE045,1,,KEMET,CAP TANT POLY 220UF 2.5V 2917
T520V157M004ASE015,1,,KEMET,CAP TANT POLY 150UF 4V 2917
T520V157M004ASE025,1,,KEMET,CAP TANT POLY 150UF 4V 2917
T520D337M004ASE045,1,,KEMET,CAP TANT POLY 330UF 4V 2917
T520B336M008ASE070,1,,KEMET,CAP TANT POLY 33UF 8V 1411
T520D157M008ASE025,1,,KEMET,CAP TANT POLY 150UF 8V 2917
T520D157M008ASE055,1,,KEMET,CAP TANT POLY 150UF 8V 2917
T520B107M2R5ASE040,1,,KEMET,CAP TANT POLY 100UF 2.5V 1411
T520B107M003ASE040,1,,KEMET,CAP TANT POLY 100UF 3V 1411
T520B157M003ASE040,1,,KEMET,CAP TANT POLY 150UF 3V 1411
T520B686M004ASE040,1,,KEMET,CAP TANT POLY 68UF 4V 1411
T520B107M004ASE040,1,,KEMET,CAP TANT POLY 100UF 4V 1411
T520B157M004ASE070,1,,KEMET,CAP TANT POLY 150UF 4V 1411
T520B157M004ASE040,1,,KEMET,CAP TANT POLY 150UF 4V 1411
T520D227M004ASE065,1,,KEMET,CAP TANT POLY 220UF 4V 2917
T520B336M006ASE040,1,,KEMET,CAP TANT POLY 33UF 6.3V 1411
T520B476M006ASE040,1,,KEMET,CAP TANT POLY 47UF 6.3V 1411
T520B686M006ASE040,1,,KEMET,CAP TANT POLY 68UF 6.3V 1411
T520B107M006ASE040,1,,KEMET,CAP TANT POLY 100UF 6.3V 1411
T520B336M008ASE040,1,,KEMET,CAP TANT POLY 33UF 8V 1411
T520B336M010ASE040,1,,KEMET,CAP TANT POLY 33UF 10V 1411
T520V337M2R5ASE009,1,,KEMET,CAP TANT POLY 330UF 2.5V 2917
T520D477M004ASE015,1,,KEMET,CAP TANT POLY 470UF 4V 2917
T520D477M004ASE012,1,,KEMET,CAP TANT POLY 470UF 4V 2917
T520V337M006ASE040,1,,KEMET,CAP TANT POLY 330UF 6.3V 2917
T520V337M006ASE025,1,,KEMET,CAP TANT POLY 330UF 6.3V 2917
T530D567M2R5ASE005,1,,KEMET,CAP TANT POLY 560UF 2.5V 2917
T530D227M010ASE010,1,,KEMET,CAP TANT POLY 220UF 10V 2917
T520B227M2R5ASE070,1,,KEMET,CAP TANT POLY 220UF 2.5V 1411
T520D156M025ASE060,1,,KEMET,CAP TANT POLY 15UF 25V 2917
T520D227M006ASE009,1,,KEMET,CAP TANT POLY 220UF 6.3V 2917
T520D337M004ASE009,1,,KEMET,CAP TANT POLY 330UF 4V 2917
T520D477M2R5ASE009,1,,KEMET,CAP TANT POLY 470UF 2.5V 2917
T520V107M006ASE009,1,,KEMET,CAP TANT POLY 100UF 6.3V 2917
T520V107M006ASE012,1,,KEMET,CAP TANT POLY 100UF 6.3V 2917
T520V157M004ASE009,1,,KEMET,CAP TANT POLY 150UF 4V 2917
T520V157M004ASE012,1,,KEMET,CAP TANT POLY 150UF 4V 2917
T520V157M006ASE009,1,,KEMET,CAP TANT POLY 150UF 6.3V 2917
T520V157M006ASE012,1,,KEMET,CAP TANT POLY 150UF 6.3V 2917
T520V227M004ASE009,1,,KEMET,CAP TANT POLY 220UF 4V 2917
T520V227M004ASE012,1,,KEMET,CAP TANT POLY 220UF 4V 2917
T520V227M006ASE009,1,,KEMET,CAP TANT POLY 220UF 6.3V 2917
T520V227M006ASE012,1,,KEMET,CAP TANT POLY 220UF 6.3V 2917
T520V227M2R5ASE009,1,,KEMET,CAP TANT POLY 220UF 2.5V 2917
T520V227M2R5ASE012,1,,KEMET,CAP TANT POLY 220UF 2.5V 2917
T520V337M004ASE009,1,,KEMET,CAP TANT POLY 330UF 4V 2917
T520V337M004ASE012,1,,KEMET,CAP TANT POLY 330UF 4V 2917
T520V477M2R5ASE009,1,,KEMET,CAP TANT POLY 470UF 2.5V 2917
T530D157M010ASE006,1,,KEMET,CAP TANT POLY 150UF 10V 2917
T530D227M006ASE006,1,,KEMET,CAP TANT POLY 220UF 6.3V 2917
T530D337M004ASE006,1,,KEMET,CAP TANT POLY 330UF 4V 2917
T530D477M2R5ASE006,1,,KEMET,CAP TANT POLY 470UF 2.5V 2917
T530X108M2R5ASE006,1,,KEMET,CAP TANT POLY 1000UF 2.5V 2917
T530X337M010ASE006,1,,KEMET,CAP TANT POLY 330UF 10V 2917
T530X477M006ASE006,1,,KEMET,CAP TANT POLY 470UF 6.3V 2917
T530X687M004ASE006,1,,KEMET,CAP TANT POLY 680UF 4V 2917
T550B107M060AH,1,,KEMET,CAP TANT POLY 100UF 60V AXIAL
T555B107K050AH,1,,KEMET,CAP TANT POLY 100UF 50V SMD
T556B107K060AH,1,,KEMET,CAP TANT POLY 100UF 60V SMD
T543X337M016AHW025,1,,KEMET,CAP TANT POLY 330UF 16V 2917
T543X158M003AHW008,1,,KEMET,CAP TANT POLY 1500UF 3V 2917
T528W477M1R8ATE007,1,,KEMET,470.UF 1.8V
T543D107K016AHW050,1,,KEMET,100.UF 16.0V
T543X336M050AHW040,1,,KEMET,33.0UF 50.0V
T543X106K063AHW050,1,,KEMET,10.0UF 63.0V
T543D157K010AHW005,1,,KEMET,150.UF 10.0V
T543D106K050AHW100,1,,KEMET,10.0UF 50.0V
T543B337K2R5AHW035,1,,KEMET,330.UF 2.5V
T543X686K025AHW035,1,,KEMET,68.0UF 25.0V
T543D226K025AHW075,1,,KEMET,22.0UF 25.0V
T543B337K2R5AHE035,1,,KEMET,CAP TANT POLY 330UF 2.5V 1411
T543B476K010AHW035,1,,KEMET,47.0UF 10.0V
T541X337M016AH4752,1,,KEMET,330.UF 16.0V
M550B257M108AG,1,,KEMET,TANT MODULE HERMETIC
T543X186K050AHE070,1,,KEMET,CAP TANT SMD POLYMER HI-REL
T543O157M030AHW045,1,,KEMET,CAP TANT SMD POLYMER HI-REL
T543X336K050AHW075,1,,KEMET,CAP TANT SMD POLYMER HI-REL
T543D106K050AHW090,1,,KEMET,CAP TANT SMD POLYMER HI-REL
T543D107M016AHW035,1,,KEMET,CAP TANT SMD POLYMER HI-REL
T543D157M010AHW025,1,,KEMET,CAP TANT SMD POLYMER HI-REL
T541X158M2R5AH6730,1,,KEMET,CAP TANT SMD POLYMER HI-REL
T543C337K004AHW025,1,,KEMET,CAP TANT SMD POLYMER HI-REL
T543B476K010AHE035,1,,KEMET,CAP TANT SMD POLYMER HI-REL
T543X157K016AHW080,1,,KEMET,CAP TANT SMD POLYMER HI-REL
T543X336M050ATE0407280,1,,KEMET,CAP TANT SMD POLYMER HI-REL
T543D476K016AHW065,1,,KEMET,CAP TANT SMD POLYMER HI-REL
T543X477M006AHE005,1,,KEMET,CAP TANT SMD POLYMER HI-REL
T540B107M004AH6710,1,,KEMET,CAP TANT SMD POLYMER HI-REL
T543D227M010AHW006,1,,KEMET,CAP TANT SMD POLYMER HI-REL
T543A106K010ATE080,1,,KEMET,CAP TANT SMD POLYMER HI-REL
T543X156K063AHW050,1,,KEMET,CAP TANT SMD POLYMER HI-REL
T543X156K063AHE050,1,,KEMET,CAP TANT SMD POLYMER HI-REL
T543X687K004AHW005,1,,KEMET,CAP TANT SMD POLYMER HI-REL
T541X106M063CH6730,1,,KEMET,CAP TANT SMD POLYMER HI-REL
T543X157K016AHW025,1,,KEMET,CAP TANT SMD POLYMER HI-REL
T521W476K020ATE045,1,,KEMET,CAP TANT SMD POLYMER
T543B127M006AHE035,1,,KEMET,CAP TANT SMD POLYMER HI-REL
T543X477K006AHW040,1,,KEMET,CAP TANT SMD POLYMER HI-REL
T543O686M040ATE035,1,,KEMET,CAP TANT SMD POLYMER HI-REL
T543X336M050AHE075,1,,KEMET,CAP TANT SMD POLYMER HI-REL
T543V227K010AHW025,1,,KEMET,CAP TANT SMD POLYMER HI-REL
T543D227M006AHW050,1,,KEMET,CAP TANT SMD POLYMER HI-REL
T541O226M063AT6510,1,,KEMET,CAP TANT SMD POLYMER HI-REL
T543D106K050AHW120,1,,KEMET,CAP TANT SMD POLYMER HI-REL
T543X186K050AHW035,1,,KEMET,CAP TANT SMD POLYMER HI-REL
T543D107K010AHW080,1,,KEMET,CAP TANT SMD POLYMER HI-REL
T543L107K010AHW025,1,,KEMET,CAP TANT SMD POLYMER HI-REL
T543O157M025ATE045,1,,KEMET,CAP TANT SMD POLYMER HI-REL
T543B107M006AHW025,1,,KEMET,CAP TANT SMD POLYMER HI-REL
T543X476K035ATE030,1,,KEMET,CAP TANT SMD POLYMER HI-REL
T543X156M063AHW050,1,,KEMET,CAP TANT SMD POLYMER HI-REL
T540B226M010CH6710,1,,KEMET,CAP TANT SMD POLYMER HI-REL
T543X106K063AHE050,1,,KEMET,CAP TANT SMD POLYMER HI-REL
T543A226K010ATE080,1,,KEMET,CAP TANT SMD POLYMER HI-REL
T543C226M025ATE080,1,,KEMET,CAP TANT SMD POLYMER HI-REL
T543X337M010AHW006,1,,KEMET,CAP TANT SMD POLYMER HI-REL
T543X337M016ATE025,1,,KEMET,CAP TANT SMD POLYMER HI-REL
T543X107M030AHW060,1,,KEMET,CAP TANT SMD POLYMER HI-REL
T543D227K010AHE006,1,,KEMET,CAP TANT SMD POLYMER HI-REL
T543C226K025AHW080,1,,KEMET,CAP TANT SMD POLYMER HI-REL
T543O476M050AHE060,1,,KEMET,CAP TANT SMD POLYMER HI-REL
T541X337K016DH6710,1,,KEMET,CAP TANT SMD POLYMER HI-REL
T543X107M020ATE035,1,,KEMET,CAP TANT SMD POLYMER HI-REL
T541X337K016CH6720,1,,KEMET,CAP TANT SMD POLYMER HI-REL
T541X337M016DH6710,1,,KEMET,CAP TANT SMD POLYMER HI-REL
T541X107K020AH6710,1,,KEMET,CAP TANT SMD POLYMER HI-REL
T551B107K060AH0100,1,,KEMET,CAP TANT AXL 125C
T543O157M030ATW030,1,,KEMET,CAP TANT SMD POLYMER HI-REL
T543X686M025AHW035,1,,KEMET,CAP TANT SMD POLYMER HI-REL
T543C107K010AHW025,1,,KEMET,CAP TANT SMD POLYMER HI-REL
T541X337K016DH6720,1,,KEMET,CAP TANT SMD POLYMER HI-REL
T543V337M004ATW018,1,,KEMET,CAP TANT SMD POLYMER HI-REL
T543B107K006AHE025,1,,KEMET,CAP TANT SMD POLYMER HI-REL
T543D227M006AHW025,1,,KEMET,CAP TANT SMD POLYMER HI-REL
T521D107K020ATE055,1,,KEMET,CAP TANT SMD POLYMER
T543X476K035AHW060,1,,KEMET,CAP TANT SMD POLYMER HI-REL
T543D107K016AHE035,1,,KEMET,CAP TANT SMD POLYMER HI-REL
T543D156K035AHW100,1,,KEMET,CAP TANT SMD POLYMER HI-REL
T543X477M010ATE020,1,,KEMET,CAP TANT SMD POLYMER HI-REL
T543X477K006AHE005,1,,KEMET,CAP TANT SMD POLYMER HI-REL
T541O687M010CH6710,1,,KEMET,CAP TANT SMD POLYMER HI-REL
T540D106M050AH6520,1,,KEMET,CAP TANT SMD POLYMER HI-REL
T541X337M010AH6530,1,,KEMET,CAP TANT SMD POLYMER HI-REL
T543X337M010AHW040,1,,KEMET,CAP TANT SMD POLYMER HI-REL
T543B336K010AHW025,1,,KEMET,CAP TANT SMD POLYMER HI-REL
T541X106M063AH6730,1,,KEMET,CAP TANT SMD POLYMER HI-REL
T527T156M025ATE100,1,,KEMET,CAP TANT SMD POLYMER
T543D337K004AHE005,1,,KEMET,CAP TANT SMD POLYMER HI-REL
T543X107M020AHE035,1,,KEMET,CAP TANT SMD POLYMER HI-REL
T543X687K006AHE010,1,,KEMET,CAP TANT SMD POLYMER HI-REL
T543Y337M006ATE005,1,,KEMET,CAP TANT SMD POLYMER HI-REL
T543X336M050AHE0407280,1,,KEMET,CAP TANT SMD POLYMER HI-REL
T543X477K006AHW005,1,,KEMET,CAP TANT SMD POLYMER HI-REL
T543X107K025ATW060,1,,KEMET,CAP TANT SMD POLYMER HI-REL
T543X106K063ATE075,1,,KEMET,CAP TANT SMD POLYMER HI-REL
T543C157M010AHW055,1,,KEMET,CAP TANT SMD POLYMER HI-REL
T545V107M020ATE055,1,,KEMET,CAP TANT SMD POLYMER
T543X337M010ATE006,1,,KEMET,CAP TANT SMD POLYMER HI-REL
T543D156K025ATE060,1,,KEMET,CAP TANT SMD POLYMER HI-REL
T543X337M016AHW050,1,,KEMET,CAP TANT SMD POLYMER HI-REL
T543D227K010AHW040,1,,KEMET,CAP TANT SMD POLYMER HI-REL
T520Q476M011ATE040,1,,KEMET,CAP TANT SMD POLYMER
T543X186M050AHE070,1,,KEMET,CAP TANT SMD POLYMER HI-REL
T543X227K016AHW035,1,,KEMET,CAP TANT SMD POLYMER HI-REL
T548H337M016APE070,1,,KEMET,CAP TANT SMD POLYMER
T543O687M010ATE015,1,,KEMET,CAP TANT SMD POLYMER HI-REL
T543X477M006AHE040,1,,KEMET,CAP TANT SMD POLYMER HI-REL
T543D337K006AHW045,1,,KEMET,CAP TANT SMD POLYMER HI-REL
T543D107K016AHW035,1,,KEMET,CAP TANT SMD POLYMER HI-REL
T541D477K004CH6710,1,,KEMET,CAP TANT SMD POLYMER HI-REL
T598X337M010ATE025,1,,KEMET,CAP TANT SMD AUTO
T541O157M025AH6510,1,,KEMET,CAP TANT SMD POLYMER HI-REL
T548V108M006APE055,1,,KEMET,CAP TANT SMD POLYMER
T543X336K035AHW065,1,,KEMET,CAP TANT SMD POLYMER HI-REL
T548V157M016APE050,1,,KEMET,CAP TANT SMD POLYMER
T543B336M010AHE025,1,,KEMET,CAP TANT SMD POLYMER HI-REL
T543O826M040ATE055,1,,KEMET,CAP TANT SMD POLYMER HI-REL
T543X106K063ATE050,1,,KEMET,CAP TANT SMD POLYMER HI-REL
T541O477M016DH6510,1,,KEMET,CAP TANT SMD POLYMER HI-REL
T543D476K020AHW055,1,,KEMET,CAP TANT SMD POLYMER HI-REL
T529P106M016AAE150,1,,KEMET,CAP TANT SMD POLYMER
T543D687M2R5ATE006,1,,KEMET,CAP TANT SMD POLYMER HI-REL
T540D107K010AH6510,1,,KEMET,CAP TANT SMD POLYMER HI-REL
T540B476M010CH6720,1,,KEMET,CAP TANT SMD POLYMER HI-REL
T541X158M2R5AT6510,1,,KEMET,CAP TANT SMD POLYMER HI-REL
T583D476M016BHE070P100,1,,KEMET,47.0UF 16.0V
T543O157M030AHW055,1,,KEMET,150.UF 30.0V
